2026-08-25 18:08:27.2781|Info|Microsoft.AspNetCore.DataProtection.KeyManagement.XmlKeyManager|CorrelationId=|User profile is available. Using 'C:\Users\isaac\AppData\Local\ASP.NET\DataProtection-Keys' as key repository and Windows DPAPI to encrypt keys at rest. 
2026-08-25 18:08:27.3098|Info|SmartLoan.Infrastructure.BackgroundJobs.ReportWorker|CorrelationId=|Report Worker is starting... 
2026-08-25 18:08:27.4171|Info|Microsoft.Hosting.Lifetime|CorrelationId=|Now listening on: http://localhost:5176 
2026-08-25 18:08:27.4171|Info|Microsoft.Hosting.Lifetime|CorrelationId=|Application started. Press Ctrl+C to shut down. 
2026-08-25 18:08:27.4171|Info|Microsoft.Hosting.Lifetime|CorrelationId=|Hosting environment: Development 
2026-08-25 18:08:27.4171|Info|Microsoft.Hosting.Lifetime|CorrelationId=|Content root path: D:\isaac\educational purpose only\.net\kyas pro\SmartLoanTracker\SmartLoan.Api 
2026-08-25 18:10:13.6579|Info|Microsoft.AspNetCore.Hosting.Diagnostics|CorrelationId=|Request starting HTTP/1.1 GET http://localhost:5176/api/v1/Customers - - - 
2026-08-25 18:10:15.1888|Warn|Microsoft.AspNetCore.HttpsPolicy.HttpsRedirectionMiddleware|CorrelationId=|Failed to determine the https port for redirect. 
2026-08-25 18:10:15.1888|Info|Microsoft.AspNetCore.Routing.EndpointMiddleware|CorrelationId=|Executing endpoint 'SmartLoan.Api.Controllers.CustomersController.GetAll (SmartLoan.Api)' 
2026-08-25 18:10:15.2185|Info|Microsoft.AspNetCore.Mvc.Infrastructure.ControllerActionInvoker|CorrelationId=|Route matched with {action = "GetAll", controller = "Customers"}. Executing controller action with signature System.Threading.Tasks.Task`1[Microsoft.AspNetCore.Mvc.ActionResult`1[SmartLoan.Application.Common.PagedResponse`1[SmartLoan.Application.Customers.CustomerDetailsDto]]] GetAll(SmartLoan.Application.Common.PagedRequest) on controller SmartLoan.Api.Controllers.CustomersController (SmartLoan.Api). 
2026-08-25 18:10:15.2487|Warn|LuckyPennySoftware.MediatR.License|CorrelationId=|You do not have a valid license key for the Lucky Penny software MediatR. This is allowed for development and testing scenarios. If you are running in production you are required to have a licensed version. Please visit https://luckypennysoftware.com to obtain a valid license. 
2026-08-25 18:10:15.2487|Info|SmartLoan.Application.Common.Behaviors.LoggingBehavior|CorrelationId=|smartloan Request:GetCustomersQuery starting... 
2026-08-25 18:10:16.4389|Warn|Microsoft.EntityFrameworkCore.Model.Validation|CorrelationId=|Entity 'LoanApplication' has a global query filter defined and is the required end of a relationship with the entity 'Payment'. This may lead to unexpected results when the required entity is filtered out. Either configure the navigation as optional, or define matching query filters for both entities in the navigation. See https://go.microsoft.com/fwlink/?linkid=2131316 for more information. 
2026-08-25 18:10:17.0908|Info|Microsoft.EntityFrameworkCore.Database.Command|CorrelationId=|Executed DbCommand (21ms) [Parameters=[], CommandType='Text', CommandTimeout='30']
SELECT count(*)::int
FROM "Customers" AS c
WHERE NOT (c."IsDeleted") 
2026-08-25 18:10:17.2399|Info|Microsoft.EntityFrameworkCore.Database.Command|CorrelationId=|Executed DbCommand (12ms) [Parameters=[@p1='?' (DbType = Int32), @p='?' (DbType = Int32)], CommandType='Text', CommandTimeout='30']
SELECT c."Id", c."FullName", c."Phone", c."Address"
FROM "Customers" AS c
WHERE NOT (c."IsDeleted")
ORDER BY c."FullName"
LIMIT @p1 OFFSET @p 
2026-08-25 18:10:17.2399|Info|SmartLoan.Application.Common.Behaviors.LoggingBehavior|CorrelationId=|Smarloan Request:GetCustomersQuery finished in 1981ms 
2026-08-25 18:10:17.2549|Info|Microsoft.AspNetCore.Mvc.Infrastructure.ObjectResultExecutor|CorrelationId=|Executing ObjectResult, writing value of type 'SmartLoan.Application.Common.PagedResponse`1[[SmartLoan.Application.Customers.CustomerDetailsDto, SmartLoan.Application, Version=1.0.0.0, Culture=neutral, PublicKeyToken=null]]'. 
2026-08-25 18:10:17.2938|Info|Microsoft.AspNetCore.Mvc.Infrastructure.ControllerActionInvoker|CorrelationId=|Executed action SmartLoan.Api.Controllers.CustomersController.GetAll (SmartLoan.Api) in 2065.6192ms 
2026-08-25 18:10:17.2946|Info|Microsoft.AspNetCore.Routing.EndpointMiddleware|CorrelationId=|Executed endpoint 'SmartLoan.Api.Controllers.CustomersController.GetAll (SmartLoan.Api)' 
2026-08-25 18:10:17.2946|Info|Microsoft.AspNetCore.Hosting.Diagnostics|CorrelationId=|Request finished HTTP/1.1 GET http://localhost:5176/api/v1/Customers - 200 - application/json;+charset=utf-8 3656.3433ms 
2026-08-25 18:10:54.7211|Info|Microsoft.AspNetCore.Hosting.Diagnostics|CorrelationId=|Request starting HTTP/1.1 GET http://localhost:5176/.well-known/appspecific/com.chrome.devtools.json - - - 
2026-08-25 18:10:54.7211|Info|Microsoft.AspNetCore.Hosting.Diagnostics|CorrelationId=|Request finished HTTP/1.1 GET http://localhost:5176/.well-known/appspecific/com.chrome.devtools.json - 404 0 - 3.0172ms 
2026-08-25 18:10:54.7211|Info|Microsoft.AspNetCore.Hosting.Diagnostics|CorrelationId=|Request reached the end of the middleware pipeline without being handled by application code. Request path: GET http://localhost:5176/.well-known/appspecific/com.chrome.devtools.json, Response status code: 404 
2026-08-25 18:13:06.2294|Info|Microsoft.AspNetCore.Hosting.Diagnostics|CorrelationId=|Request starting HTTP/1.1 GET http://localhost:5176/scalar/ - - - 
2026-08-25 18:13:06.2331|Info|Microsoft.AspNetCore.Routing.EndpointMiddleware|CorrelationId=|Executing endpoint 'HTTP: GET /scalar/{documentName?}' 
2026-08-25 18:13:06.3740|Info|Microsoft.AspNetCore.Http.Result.ContentResult|CorrelationId=|Write content with HTTP Response ContentType of text/html 
2026-08-25 18:13:06.3740|Info|Microsoft.AspNetCore.Routing.EndpointMiddleware|CorrelationId=|Executed endpoint 'HTTP: GET /scalar/{documentName?}' 
2026-08-25 18:13:06.3740|Info|Microsoft.AspNetCore.Hosting.Diagnostics|CorrelationId=|Request finished HTTP/1.1 GET http://localhost:5176/scalar/ - 200 622 text/html 145.5296ms 
2026-08-25 18:13:06.4479|Info|Microsoft.AspNetCore.Hosting.Diagnostics|CorrelationId=|Request starting HTTP/1.1 GET http://localhost:5176/scalar/scalar.js - - - 
2026-08-25 18:13:06.4479|Info|Microsoft.AspNetCore.Routing.EndpointMiddleware|CorrelationId=|Executing endpoint 'HTTP: GET /scalar/scalar.js' 
2026-08-25 18:13:06.4479|Info|Microsoft.AspNetCore.Hosting.Diagnostics|CorrelationId=|Request starting HTTP/1.1 GET http://localhost:5176/scalar/scalar.aspnetcore.js - - - 
2026-08-25 18:13:06.4519|Info|Microsoft.AspNetCore.Cors.Infrastructure.CorsService|CorrelationId=|CORS policy execution successful. 
2026-08-25 18:13:06.4519|Info|Microsoft.AspNetCore.Routing.EndpointMiddleware|CorrelationId=|Executing endpoint 'HTTP: GET /scalar/scalar.aspnetcore.js' 
2026-08-25 18:13:06.4519|Info|Microsoft.AspNetCore.Http.Result.FileStreamResult|CorrelationId=|Sending file with download name ''. 
2026-08-25 18:13:06.4519|Info|Microsoft.AspNetCore.Http.Result.FileStreamResult|CorrelationId=|Sending file with download name ''. 
2026-08-25 18:13:06.4519|Info|Microsoft.AspNetCore.Routing.EndpointMiddleware|CorrelationId=|Executed endpoint 'HTTP: GET /scalar/scalar.js' 
2026-08-25 18:13:06.4519|Info|Microsoft.AspNetCore.Routing.EndpointMiddleware|CorrelationId=|Executed endpoint 'HTTP: GET /scalar/scalar.aspnetcore.js' 
2026-08-25 18:13:06.4519|Info|Microsoft.AspNetCore.Hosting.Diagnostics|CorrelationId=|Request finished HTTP/1.1 GET http://localhost:5176/scalar/scalar.js - 304 - - 12.8098ms 
2026-08-25 18:13:06.4695|Info|Microsoft.AspNetCore.Hosting.Diagnostics|CorrelationId=|Request starting HTTP/1.1 GET http://localhost:5176/.well-known/appspecific/com.chrome.devtools.json - - - 
2026-08-25 18:13:06.4695|Info|Microsoft.AspNetCore.Hosting.Diagnostics|CorrelationId=|Request finished HTTP/1.1 GET http://localhost:5176/.well-known/appspecific/com.chrome.devtools.json - 404 0 - 0.9216ms 
2026-08-25 18:13:06.4695|Info|Microsoft.AspNetCore.Hosting.Diagnostics|CorrelationId=|Request reached the end of the middleware pipeline without being handled by application code. Request path: GET http://localhost:5176/.well-known/appspecific/com.chrome.devtools.json, Response status code: 404 
2026-08-25 18:13:06.4695|Info|Microsoft.AspNetCore.Hosting.Diagnostics|CorrelationId=|Request finished HTTP/1.1 GET http://localhost:5176/scalar/scalar.aspnetcore.js - 304 - - 24.1072ms 
2026-08-25 18:13:06.8306|Info|Microsoft.AspNetCore.Hosting.Diagnostics|CorrelationId=|Request starting HTTP/1.1 GET http://localhost:5176/openapi/v1.json - - - 
2026-08-25 18:13:06.8306|Info|Microsoft.AspNetCore.Routing.EndpointMiddleware|CorrelationId=|Executing endpoint 'HTTP: GET /openapi/{documentName}.json' 
2026-08-25 18:13:07.0098|Info|Microsoft.AspNetCore.Routing.EndpointMiddleware|CorrelationId=|Executed endpoint 'HTTP: GET /openapi/{documentName}.json' 
2026-08-25 18:13:07.0098|Info|Microsoft.AspNetCore.Hosting.Diagnostics|CorrelationId=|Request finished HTTP/1.1 GET http://localhost:5176/openapi/v1.json - 200 - application/json;charset=utf-8 179.5462ms 
2026-08-25 18:13:07.0605|Info|Microsoft.AspNetCore.Hosting.Diagnostics|CorrelationId=|Request starting HTTP/1.1 GET http://localhost:5176/scalar/favicon.svg - - - 
2026-08-25 18:13:07.0605|Info|Microsoft.AspNetCore.Routing.EndpointMiddleware|CorrelationId=|Executing endpoint 'HTTP: GET /scalar/favicon.svg' 
2026-08-25 18:13:07.0605|Info|Microsoft.AspNetCore.Http.Result.FileStreamResult|CorrelationId=|Sending file with download name ''. 
2026-08-25 18:13:07.0605|Info|Microsoft.AspNetCore.Routing.EndpointMiddleware|CorrelationId=|Executed endpoint 'HTTP: GET /scalar/favicon.svg' 
2026-08-25 18:13:07.0605|Info|Microsoft.AspNetCore.Hosting.Diagnostics|CorrelationId=|Request finished HTTP/1.1 GET http://localhost:5176/scalar/favicon.svg - 304 - - 0.9231ms 
2026-08-25 18:13:15.2894|Info|Microsoft.AspNetCore.Hosting.Diagnostics|CorrelationId=|Request starting HTTP/1.1 GET http://localhost:5176/api/v1/Customers - - - 
2026-08-25 18:13:15.2894|Info|Microsoft.AspNetCore.Routing.EndpointMiddleware|CorrelationId=|Executing endpoint 'SmartLoan.Api.Controllers.CustomersController.GetAll (SmartLoan.Api)' 
2026-08-25 18:13:15.2894|Info|Microsoft.AspNetCore.Mvc.Infrastructure.ControllerActionInvoker|CorrelationId=|Route matched with {action = "GetAll", controller = "Customers"}. Executing controller action with signature System.Threading.Tasks.Task`1[Microsoft.AspNetCore.Mvc.ActionResult`1[SmartLoan.Application.Common.PagedResponse`1[SmartLoan.Application.Customers.CustomerDetailsDto]]] GetAll(SmartLoan.Application.Common.PagedRequest) on controller SmartLoan.Api.Controllers.CustomersController (SmartLoan.Api). 
2026-08-25 18:13:15.2894|Info|SmartLoan.Application.Common.Behaviors.LoggingBehavior|CorrelationId=|smartloan Request:GetCustomersQuery starting... 
2026-08-25 18:13:15.3669|Info|Microsoft.EntityFrameworkCore.Database.Command|CorrelationId=|Executed DbCommand (1ms) [Parameters=[], CommandType='Text', CommandTimeout='30']
SELECT count(*)::int
FROM "Customers" AS c
WHERE NOT (c."IsDeleted") 
2026-08-25 18:13:15.3669|Info|Microsoft.EntityFrameworkCore.Database.Command|CorrelationId=|Executed DbCommand (1ms) [Parameters=[@p1='?' (DbType = Int32), @p='?' (DbType = Int32)], CommandType='Text', CommandTimeout='30']
SELECT c."Id", c."FullName", c."Phone", c."Address"
FROM "Customers" AS c
WHERE NOT (c."IsDeleted")
ORDER BY c."FullName"
LIMIT @p1 OFFSET @p 
2026-08-25 18:13:15.3724|Info|SmartLoan.Application.Common.Behaviors.LoggingBehavior|CorrelationId=|Smarloan Request:GetCustomersQuery finished in 79ms 
2026-08-25 18:13:15.3724|Info|Microsoft.AspNetCore.Mvc.Infrastructure.ObjectResultExecutor|CorrelationId=|Executing ObjectResult, writing value of type 'SmartLoan.Application.Common.PagedResponse`1[[SmartLoan.Application.Customers.CustomerDetailsDto, SmartLoan.Application, Version=1.0.0.0, Culture=neutral, PublicKeyToken=null]]'. 
2026-08-25 18:13:15.3724|Info|Microsoft.AspNetCore.Mvc.Infrastructure.ControllerActionInvoker|CorrelationId=|Executed action SmartLoan.Api.Controllers.CustomersController.GetAll (SmartLoan.Api) in 81.7899ms 
2026-08-25 18:13:15.3724|Info|Microsoft.AspNetCore.Routing.EndpointMiddleware|CorrelationId=|Executed endpoint 'SmartLoan.Api.Controllers.CustomersController.GetAll (SmartLoan.Api)' 
2026-08-25 18:13:15.3724|Info|Microsoft.AspNetCore.Hosting.Diagnostics|CorrelationId=|Request finished HTTP/1.1 GET http://localhost:5176/api/v1/Customers - 200 - application/json;+charset=utf-8 84.4248ms 
2026-08-25 18:14:25.8491|Info|Microsoft.AspNetCore.Hosting.Diagnostics|CorrelationId=|Request starting HTTP/1.1 GET http://localhost:5176/api/v1/Customers - - - 
2026-08-25 18:14:25.8491|Info|Microsoft.AspNetCore.Routing.EndpointMiddleware|CorrelationId=|Executing endpoint 'SmartLoan.Api.Controllers.CustomersController.GetAll (SmartLoan.Api)' 
2026-08-25 18:14:25.8491|Info|Microsoft.AspNetCore.Mvc.Infrastructure.ControllerActionInvoker|CorrelationId=|Route matched with {action = "GetAll", controller = "Customers"}. Executing controller action with signature System.Threading.Tasks.Task`1[Microsoft.AspNetCore.Mvc.ActionResult`1[SmartLoan.Application.Common.PagedResponse`1[SmartLoan.Application.Customers.CustomerDetailsDto]]] GetAll(SmartLoan.Application.Common.PagedRequest) on controller SmartLoan.Api.Controllers.CustomersController (SmartLoan.Api). 
2026-08-25 18:14:25.8491|Info|SmartLoan.Application.Common.Behaviors.LoggingBehavior|CorrelationId=|smartloan Request:GetCustomersQuery starting... 
2026-08-25 18:14:25.8827|Info|Microsoft.EntityFrameworkCore.Database.Command|CorrelationId=|Executed DbCommand (1ms) [Parameters=[], CommandType='Text', CommandTimeout='30']
SELECT count(*)::int
FROM "Customers" AS c
WHERE NOT (c."IsDeleted") 
2026-08-25 18:14:25.8827|Info|Microsoft.EntityFrameworkCore.Database.Command|CorrelationId=|Executed DbCommand (1ms) [Parameters=[@p1='?' (DbType = Int32), @p='?' (DbType = Int32)], CommandType='Text', CommandTimeout='30']
SELECT c."Id", c."FullName", c."Phone", c."Address"
FROM "Customers" AS c
WHERE NOT (c."IsDeleted")
ORDER BY c."FullName"
LIMIT @p1 OFFSET @p 
2026-08-25 18:14:25.8827|Info|SmartLoan.Application.Common.Behaviors.LoggingBehavior|CorrelationId=|Smarloan Request:GetCustomersQuery finished in 31ms 
2026-08-25 18:14:25.8827|Info|Microsoft.AspNetCore.Mvc.Infrastructure.ObjectResultExecutor|CorrelationId=|Executing ObjectResult, writing value of type 'SmartLoan.Application.Common.PagedResponse`1[[SmartLoan.Application.Customers.CustomerDetailsDto, SmartLoan.Application, Version=1.0.0.0, Culture=neutral, PublicKeyToken=null]]'. 
2026-08-25 18:14:25.8827|Info|Microsoft.AspNetCore.Mvc.Infrastructure.ControllerActionInvoker|CorrelationId=|Executed action SmartLoan.Api.Controllers.CustomersController.GetAll (SmartLoan.Api) in 35.416ms 
2026-08-25 18:14:25.8827|Info|Microsoft.AspNetCore.Routing.EndpointMiddleware|CorrelationId=|Executed endpoint 'SmartLoan.Api.Controllers.CustomersController.GetAll (SmartLoan.Api)' 
2026-08-25 18:14:25.8827|Info|Microsoft.AspNetCore.Hosting.Diagnostics|CorrelationId=|Request finished HTTP/1.1 GET http://localhost:5176/api/v1/Customers - 200 - application/json;+charset=utf-8 37.6585ms 
2026-08-25 18:14:30.0598|Info|Microsoft.AspNetCore.Hosting.Diagnostics|CorrelationId=|Request starting HTTP/1.1 GET http://localhost:5176/scalar/ - - - 
2026-08-25 18:14:30.0606|Info|Microsoft.AspNetCore.Routing.EndpointMiddleware|CorrelationId=|Executing endpoint 'HTTP: GET /scalar/{documentName?}' 
2026-08-25 18:14:30.0606|Info|Microsoft.AspNetCore.Http.Result.ContentResult|CorrelationId=|Write content with HTTP Response ContentType of text/html 
2026-08-25 18:14:30.0606|Info|Microsoft.AspNetCore.Routing.EndpointMiddleware|CorrelationId=|Executed endpoint 'HTTP: GET /scalar/{documentName?}' 
2026-08-25 18:14:30.0606|Info|Microsoft.AspNetCore.Hosting.Diagnostics|CorrelationId=|Request finished HTTP/1.1 GET http://localhost:5176/scalar/ - 200 622 text/html 2.5026ms 
2026-08-25 18:14:30.1029|Info|Microsoft.AspNetCore.Hosting.Diagnostics|CorrelationId=|Request starting HTTP/1.1 GET http://localhost:5176/scalar/scalar.aspnetcore.js - - - 
2026-08-25 18:14:30.1029|Info|Microsoft.AspNetCore.Hosting.Diagnostics|CorrelationId=|Request starting HTTP/1.1 GET http://localhost:5176/scalar/scalar.js - - - 
2026-08-25 18:14:30.1029|Info|Microsoft.AspNetCore.Routing.EndpointMiddleware|CorrelationId=|Executing endpoint 'HTTP: GET /scalar/scalar.js' 
2026-08-25 18:14:30.1029|Info|Microsoft.AspNetCore.Http.Result.FileStreamResult|CorrelationId=|Sending file with download name ''. 
2026-08-25 18:14:30.1029|Info|Microsoft.AspNetCore.Routing.EndpointMiddleware|CorrelationId=|Executed endpoint 'HTTP: GET /scalar/scalar.js' 
2026-08-25 18:14:30.1029|Info|Microsoft.AspNetCore.Cors.Infrastructure.CorsService|CorrelationId=|CORS policy execution successful. 
2026-08-25 18:14:30.1029|Info|Microsoft.AspNetCore.Routing.EndpointMiddleware|CorrelationId=|Executing endpoint 'HTTP: GET /scalar/scalar.aspnetcore.js' 
2026-08-25 18:14:30.1029|Info|Microsoft.AspNetCore.Hosting.Diagnostics|CorrelationId=|Request finished HTTP/1.1 GET http://localhost:5176/scalar/scalar.js - 304 - - 0.9010ms 
2026-08-25 18:14:30.1029|Info|Microsoft.AspNetCore.Http.Result.FileStreamResult|CorrelationId=|Sending file with download name ''. 
2026-08-25 18:14:30.1029|Info|Microsoft.AspNetCore.Routing.EndpointMiddleware|CorrelationId=|Executed endpoint 'HTTP: GET /scalar/scalar.aspnetcore.js' 
2026-08-25 18:14:30.1029|Info|Microsoft.AspNetCore.Hosting.Diagnostics|CorrelationId=|Request finished HTTP/1.1 GET http://localhost:5176/scalar/scalar.aspnetcore.js - 304 - - 1.6342ms 
2026-08-25 18:14:30.5152|Info|Microsoft.AspNetCore.Hosting.Diagnostics|CorrelationId=|Request starting HTTP/1.1 GET http://localhost:5176/openapi/v1.json - - - 
2026-08-25 18:14:30.5152|Info|Microsoft.AspNetCore.Routing.EndpointMiddleware|CorrelationId=|Executing endpoint 'HTTP: GET /openapi/{documentName}.json' 
2026-08-25 18:14:30.5340|Info|Microsoft.AspNetCore.Routing.EndpointMiddleware|CorrelationId=|Executed endpoint 'HTTP: GET /openapi/{documentName}.json' 
2026-08-25 18:14:30.5340|Info|Microsoft.AspNetCore.Hosting.Diagnostics|CorrelationId=|Request finished HTTP/1.1 GET http://localhost:5176/openapi/v1.json - 200 - application/json;charset=utf-8 19.3225ms 
2026-08-25 18:14:31.0353|Info|Microsoft.AspNetCore.Hosting.Diagnostics|CorrelationId=|Request starting HTTP/1.1 GET http://localhost:5176/scalar/favicon.svg - - - 
2026-08-25 18:14:31.0353|Info|Microsoft.AspNetCore.Routing.EndpointMiddleware|CorrelationId=|Executing endpoint 'HTTP: GET /scalar/favicon.svg' 
2026-08-25 18:14:31.0353|Info|Microsoft.AspNetCore.Http.Result.FileStreamResult|CorrelationId=|Sending file with download name ''. 
2026-08-25 18:14:31.0353|Info|Microsoft.AspNetCore.Routing.EndpointMiddleware|CorrelationId=|Executed endpoint 'HTTP: GET /scalar/favicon.svg' 
2026-08-25 18:14:31.0353|Info|Microsoft.AspNetCore.Hosting.Diagnostics|CorrelationId=|Request finished HTTP/1.1 GET http://localhost:5176/scalar/favicon.svg - 304 - - 0.8620ms 
2026-08-25 18:14:33.5909|Info|Microsoft.AspNetCore.Hosting.Diagnostics|CorrelationId=|Request starting HTTP/1.1 GET http://localhost:5176/scalar/ - - - 
2026-08-25 18:14:33.5909|Info|Microsoft.AspNetCore.Routing.EndpointMiddleware|CorrelationId=|Executing endpoint 'HTTP: GET /scalar/{documentName?}' 
2026-08-25 18:14:33.5909|Info|Microsoft.AspNetCore.Http.Result.ContentResult|CorrelationId=|Write content with HTTP Response ContentType of text/html 
2026-08-25 18:14:33.5909|Info|Microsoft.AspNetCore.Routing.EndpointMiddleware|CorrelationId=|Executed endpoint 'HTTP: GET /scalar/{documentName?}' 
2026-08-25 18:14:33.5909|Info|Microsoft.AspNetCore.Hosting.Diagnostics|CorrelationId=|Request finished HTTP/1.1 GET http://localhost:5176/scalar/ - 200 622 text/html 2.9617ms 
2026-08-25 18:14:33.6356|Info|Microsoft.AspNetCore.Hosting.Diagnostics|CorrelationId=|Request starting HTTP/1.1 GET http://localhost:5176/scalar/scalar.js - - - 
2026-08-25 18:14:33.6356|Info|Microsoft.AspNetCore.Hosting.Diagnostics|CorrelationId=|Request starting HTTP/1.1 GET http://localhost:5176/scalar/scalar.aspnetcore.js - - - 
2026-08-25 18:14:33.6356|Info|Microsoft.AspNetCore.Cors.Infrastructure.CorsService|CorrelationId=|CORS policy execution successful. 
2026-08-25 18:14:33.6356|Info|Microsoft.AspNetCore.Routing.EndpointMiddleware|CorrelationId=|Executing endpoint 'HTTP: GET /scalar/scalar.js' 
2026-08-25 18:14:33.6356|Info|Microsoft.AspNetCore.Routing.EndpointMiddleware|CorrelationId=|Executing endpoint 'HTTP: GET /scalar/scalar.aspnetcore.js' 
2026-08-25 18:14:33.6356|Info|Microsoft.AspNetCore.Http.Result.FileStreamResult|CorrelationId=|Sending file with download name ''. 
2026-08-25 18:14:33.6356|Info|Microsoft.AspNetCore.Http.Result.FileStreamResult|CorrelationId=|Sending file with download name ''. 
2026-08-25 18:14:33.6356|Info|Microsoft.AspNetCore.Routing.EndpointMiddleware|CorrelationId=|Executed endpoint 'HTTP: GET /scalar/scalar.js' 
2026-08-25 18:14:33.6356|Info|Microsoft.AspNetCore.Routing.EndpointMiddleware|CorrelationId=|Executed endpoint 'HTTP: GET /scalar/scalar.aspnetcore.js' 
2026-08-25 18:14:33.6356|Info|Microsoft.AspNetCore.Hosting.Diagnostics|CorrelationId=|Request finished HTTP/1.1 GET http://localhost:5176/scalar/scalar.aspnetcore.js - 304 - - 0.6505ms 
2026-08-25 18:14:33.6356|Info|Microsoft.AspNetCore.Hosting.Diagnostics|CorrelationId=|Request finished HTTP/1.1 GET http://localhost:5176/scalar/scalar.js - 304 - - 0.7199ms 
2026-08-25 18:14:33.6862|Info|Microsoft.AspNetCore.Hosting.Diagnostics|CorrelationId=|Request starting HTTP/1.1 GET http://localhost:5176/openapi/v1.json - - - 
2026-08-25 18:14:33.6862|Info|Microsoft.AspNetCore.Routing.EndpointMiddleware|CorrelationId=|Executing endpoint 'HTTP: GET /openapi/{documentName}.json' 
2026-08-25 18:14:33.6862|Info|Microsoft.AspNetCore.Routing.EndpointMiddleware|CorrelationId=|Executed endpoint 'HTTP: GET /openapi/{documentName}.json' 
2026-08-25 18:14:33.6862|Info|Microsoft.AspNetCore.Hosting.Diagnostics|CorrelationId=|Request finished HTTP/1.1 GET http://localhost:5176/openapi/v1.json - 200 - application/json;charset=utf-8 12.5069ms 
2026-08-25 18:14:34.2004|Info|Microsoft.AspNetCore.Hosting.Diagnostics|CorrelationId=|Request starting HTTP/1.1 GET http://localhost:5176/scalar/favicon.svg - - - 
2026-08-25 18:14:34.2004|Info|Microsoft.AspNetCore.Routing.EndpointMiddleware|CorrelationId=|Executing endpoint 'HTTP: GET /scalar/favicon.svg' 
2026-08-25 18:14:34.2004|Info|Microsoft.AspNetCore.Http.Result.FileStreamResult|CorrelationId=|Sending file with download name ''. 
2026-08-25 18:14:34.2004|Info|Microsoft.AspNetCore.Routing.EndpointMiddleware|CorrelationId=|Executed endpoint 'HTTP: GET /scalar/favicon.svg' 
2026-08-25 18:14:34.2004|Info|Microsoft.AspNetCore.Hosting.Diagnostics|CorrelationId=|Request finished HTTP/1.1 GET http://localhost:5176/scalar/favicon.svg - 304 - - 4.4217ms 
2026-08-25 18:16:38.1718|Info|Microsoft.AspNetCore.Hosting.Diagnostics|CorrelationId=|Request starting HTTP/1.1 POST http://localhost:5176/api/v1/Auth/login - application/json 57 
2026-08-25 18:16:38.1718|Info|Microsoft.AspNetCore.Cors.Infrastructure.CorsService|CorrelationId=|CORS policy execution successful. 
2026-08-25 18:16:38.1718|Info|Microsoft.AspNetCore.Routing.EndpointMiddleware|CorrelationId=|Executing endpoint 'SmartLoan.Api.Controllers.AuthController.Login (SmartLoan.Api)' 
2026-08-25 18:16:38.1925|Info|Microsoft.AspNetCore.Mvc.Infrastructure.ControllerActionInvoker|CorrelationId=|Route matched with {action = "Login", controller = "Auth"}. Executing controller action with signature System.Threading.Tasks.Task`1[Microsoft.AspNetCore.Mvc.ActionResult`1[SmartLoan.Application.Users.LoginResponse]] Login(SmartLoan.Application.Users.LoginCommand) on controller SmartLoan.Api.Controllers.AuthController (SmartLoan.Api). 
2026-08-25 18:16:38.2056|Info|SmartLoan.Application.Common.Behaviors.LoggingBehavior|CorrelationId=|smartloan Request:LoginCommand starting... 
2026-08-25 18:16:38.3055|Info|Microsoft.EntityFrameworkCore.Database.Command|CorrelationId=|Executed DbCommand (3ms) [Parameters=[@request_Email='?', @request_Password='?'], CommandType='Text', CommandTimeout='30']
SELECT u."Id", u."Email", u."FullName", u."PasswordHash", u."Role"
FROM "Users" AS u
WHERE u."Email" = @request_Email AND u."PasswordHash" = @request_Password
LIMIT 1 
2026-08-25 18:16:38.4162|Info|SmartLoan.Application.Common.Behaviors.LoggingBehavior|CorrelationId=|Smarloan Request:LoginCommand finished in 210ms 
2026-08-25 18:16:38.4162|Info|Microsoft.AspNetCore.Mvc.Infrastructure.ObjectResultExecutor|CorrelationId=|Executing OkObjectResult, writing value of type 'SmartLoan.Application.Users.LoginResponse'. 
2026-08-25 18:16:38.4162|Info|Microsoft.AspNetCore.Mvc.Infrastructure.ControllerActionInvoker|CorrelationId=|Executed action SmartLoan.Api.Controllers.AuthController.Login (SmartLoan.Api) in 224.7704ms 
2026-08-25 18:16:38.4162|Info|Microsoft.AspNetCore.Routing.EndpointMiddleware|CorrelationId=|Executed endpoint 'SmartLoan.Api.Controllers.AuthController.Login (SmartLoan.Api)' 
2026-08-25 18:16:38.4162|Info|Microsoft.AspNetCore.Hosting.Diagnostics|CorrelationId=|Request finished HTTP/1.1 POST http://localhost:5176/api/v1/Auth/login - 200 - application/json;+charset=utf-8 246.7325ms 
2026-08-25 18:16:45.9365|Info|Microsoft.AspNetCore.Hosting.Diagnostics|CorrelationId=|Request starting HTTP/1.1 POST http://localhost:5176/api/v1/Auth/login - application/json 56 
2026-08-25 18:16:45.9365|Info|Microsoft.AspNetCore.Cors.Infrastructure.CorsService|CorrelationId=|CORS policy execution successful. 
2026-08-25 18:16:45.9365|Info|Microsoft.AspNetCore.Routing.EndpointMiddleware|CorrelationId=|Executing endpoint 'SmartLoan.Api.Controllers.AuthController.Login (SmartLoan.Api)' 
2026-08-25 18:16:45.9365|Info|Microsoft.AspNetCore.Mvc.Infrastructure.ControllerActionInvoker|CorrelationId=|Route matched with {action = "Login", controller = "Auth"}. Executing controller action with signature System.Threading.Tasks.Task`1[Microsoft.AspNetCore.Mvc.ActionResult`1[SmartLoan.Application.Users.LoginResponse]] Login(SmartLoan.Application.Users.LoginCommand) on controller SmartLoan.Api.Controllers.AuthController (SmartLoan.Api). 
2026-08-25 18:16:45.9365|Info|SmartLoan.Application.Common.Behaviors.LoggingBehavior|CorrelationId=|smartloan Request:LoginCommand starting... 
2026-08-25 18:16:45.9365|Info|Microsoft.EntityFrameworkCore.Database.Command|CorrelationId=|Executed DbCommand (1ms) [Parameters=[@request_Email='?', @request_Password='?'], CommandType='Text', CommandTimeout='30']
SELECT u."Id", u."Email", u."FullName", u."PasswordHash", u."Role"
FROM "Users" AS u
WHERE u."Email" = @request_Email AND u."PasswordHash" = @request_Password
LIMIT 1 
2026-08-25 18:16:45.9365|Info|Microsoft.AspNetCore.Mvc.Infrastructure.ControllerActionInvoker|CorrelationId=|Executed action SmartLoan.Api.Controllers.AuthController.Login (SmartLoan.Api) in 6.1862ms 
2026-08-25 18:16:45.9365|Info|Microsoft.AspNetCore.Routing.EndpointMiddleware|CorrelationId=|Executed endpoint 'SmartLoan.Api.Controllers.AuthController.Login (SmartLoan.Api)' 
2026-08-25 18:16:45.9365|Error|SmartLoan.Api.Middleware.GlobalExeptionHandle|CorrelationId=|an error occurred:Invalid email or password. SmartLoan.Application.Common.Exceptions.BusinessRuleException: Invalid email or password.
   at SmartLoan.Application.Users.LoginHandler.Handle(LoginCommand request, CancellationToken ct) in D:\isaac\educational purpose only\.net\kyas pro\SmartLoanTracker\SmartLoan.Application\Users\Commands\Login\LoginResponse.cs:line 18
   at SmartLoan.Application.Common.Behaviors.ValidationBehavior`2.Handle(TRequest request, RequestHandlerDelegate`1 next, CancellationToken cancellationToken) in D:\isaac\educational purpose only\.net\kyas pro\SmartLoanTracker\SmartLoan.Application\Common\Behaviors\ValidationBehavior.cs:line 32
   at SmartLoan.Application.Common.Behaviors.LoggingBehavior`2.Handle(TRequest request, RequestHandlerDelegate`1 next, CancellationToken cancellationToken) in D:\isaac\educational purpose only\.net\kyas pro\SmartLoanTracker\SmartLoan.Application\Common\Behaviors\LoggingBehavior.cs:line 14
   at SmartLoan.Api.Controllers.AuthController.Login(LoginCommand command) in D:\isaac\educational purpose only\.net\kyas pro\SmartLoanTracker\SmartLoan.Api\Controllers\AuthController.cs:line 18
   at lambda_method28(Closure, Object)
   at Microsoft.AspNetCore.Mvc.Infrastructure.ActionMethodExecutor.AwaitableObjectResultExecutor.Execute(ActionContext actionContext, IActionResultTypeMapper mapper, ObjectMethodExecutor executor, Object controller, Object[] arguments)
   at Microsoft.AspNetCore.Mvc.Infrastructure.ControllerActionInvoker.<InvokeActionMethodAsync>g__Awaited|12_0(ControllerActionInvoker invoker, ValueTask`1 actionResultValueTask)
   at Microsoft.AspNetCore.Mvc.Infrastructure.ControllerActionInvoker.<InvokeNextActionFilterAsync>g__Awaited|10_0(ControllerActionInvoker invoker, Task lastTask, State next, Scope scope, Object state, Boolean isCompleted)
   at Microsoft.AspNetCore.Mvc.Infrastructure.ControllerActionInvoker.Rethrow(ActionExecutedContextSealed context)
   at Microsoft.AspNetCore.Mvc.Infrastructure.ControllerActionInvoker.Next(State& next, Scope& scope, Object& state, Boolean& isCompleted)
   at Microsoft.AspNetCore.Mvc.Infrastructure.ControllerActionInvoker.<InvokeInnerFilterAsync>g__Awaited|13_0(ControllerActionInvoker invoker, Task lastTask, State next, Scope scope, Object state, Boolean isCompleted)
   at Microsoft.AspNetCore.Mvc.Infrastructure.ResourceInvoker.<InvokeFilterPipelineAsync>g__Awaited|20_0(ResourceInvoker invoker, Task lastTask, State next, Scope scope, Object state, Boolean isCompleted)
   at Microsoft.AspNetCore.Mvc.Infrastructure.ResourceInvoker.<InvokeAsync>g__Logged|17_1(ResourceInvoker invoker)
   at Microsoft.AspNetCore.Mvc.Infrastructure.ResourceInvoker.<InvokeAsync>g__Logged|17_1(ResourceInvoker invoker)
   at Microsoft.AspNetCore.Routing.EndpointMiddleware.<Invoke>g__AwaitRequestTask|7_0(Endpoint endpoint, Task requestTask, ILogger logger)
   at Microsoft.AspNetCore.Diagnostics.ExceptionHandlerMiddlewareImpl.<Invoke>g__Awaited|10_0(ExceptionHandlerMiddlewareImpl middleware, HttpContext context, Task task)
2026-08-25 18:16:46.0030|Info|Microsoft.AspNetCore.Hosting.Diagnostics|CorrelationId=|Request finished HTTP/1.1 POST http://localhost:5176/api/v1/Auth/login - 500 - application/json;+charset=utf-8 66.5484ms 
2026-08-25 18:16:49.8280|Info|Microsoft.AspNetCore.Hosting.Diagnostics|CorrelationId=|Request starting HTTP/1.1 POST http://localhost:5176/api/v1/Auth/login - application/json 56 
2026-08-25 18:16:49.8280|Info|Microsoft.AspNetCore.Cors.Infrastructure.CorsService|CorrelationId=|CORS policy execution successful. 
2026-08-25 18:16:49.8280|Info|Microsoft.AspNetCore.Routing.EndpointMiddleware|CorrelationId=|Executing endpoint 'SmartLoan.Api.Controllers.AuthController.Login (SmartLoan.Api)' 
2026-08-25 18:16:49.8280|Info|Microsoft.AspNetCore.Mvc.Infrastructure.ControllerActionInvoker|CorrelationId=|Route matched with {action = "Login", controller = "Auth"}. Executing controller action with signature System.Threading.Tasks.Task`1[Microsoft.AspNetCore.Mvc.ActionResult`1[SmartLoan.Application.Users.LoginResponse]] Login(SmartLoan.Application.Users.LoginCommand) on controller SmartLoan.Api.Controllers.AuthController (SmartLoan.Api). 
2026-08-25 18:16:49.8280|Info|SmartLoan.Application.Common.Behaviors.LoggingBehavior|CorrelationId=|smartloan Request:LoginCommand starting... 
2026-08-25 18:16:49.8280|Info|Microsoft.EntityFrameworkCore.Database.Command|CorrelationId=|Executed DbCommand (1ms) [Parameters=[@request_Email='?', @request_Password='?'], CommandType='Text', CommandTimeout='30']
SELECT u."Id", u."Email", u."FullName", u."PasswordHash", u."Role"
FROM "Users" AS u
WHERE u."Email" = @request_Email AND u."PasswordHash" = @request_Password
LIMIT 1 
2026-08-25 18:16:49.8280|Info|Microsoft.AspNetCore.Mvc.Infrastructure.ControllerActionInvoker|CorrelationId=|Executed action SmartLoan.Api.Controllers.AuthController.Login (SmartLoan.Api) in 5.2453ms 
2026-08-25 18:16:49.8280|Info|Microsoft.AspNetCore.Routing.EndpointMiddleware|CorrelationId=|Executed endpoint 'SmartLoan.Api.Controllers.AuthController.Login (SmartLoan.Api)' 
2026-08-25 18:16:49.8280|Error|SmartLoan.Api.Middleware.GlobalExeptionHandle|CorrelationId=|an error occurred:Invalid email or password. SmartLoan.Application.Common.Exceptions.BusinessRuleException: Invalid email or password.
   at SmartLoan.Application.Users.LoginHandler.Handle(LoginCommand request, CancellationToken ct) in D:\isaac\educational purpose only\.net\kyas pro\SmartLoanTracker\SmartLoan.Application\Users\Commands\Login\LoginResponse.cs:line 18
   at SmartLoan.Application.Common.Behaviors.ValidationBehavior`2.Handle(TRequest request, RequestHandlerDelegate`1 next, CancellationToken cancellationToken) in D:\isaac\educational purpose only\.net\kyas pro\SmartLoanTracker\SmartLoan.Application\Common\Behaviors\ValidationBehavior.cs:line 32
   at SmartLoan.Application.Common.Behaviors.LoggingBehavior`2.Handle(TRequest request, RequestHandlerDelegate`1 next, CancellationToken cancellationToken) in D:\isaac\educational purpose only\.net\kyas pro\SmartLoanTracker\SmartLoan.Application\Common\Behaviors\LoggingBehavior.cs:line 14
   at SmartLoan.Api.Controllers.AuthController.Login(LoginCommand command) in D:\isaac\educational purpose only\.net\kyas pro\SmartLoanTracker\SmartLoan.Api\Controllers\AuthController.cs:line 18
   at lambda_method28(Closure, Object)
   at Microsoft.AspNetCore.Mvc.Infrastructure.ActionMethodExecutor.AwaitableObjectResultExecutor.Execute(ActionContext actionContext, IActionResultTypeMapper mapper, ObjectMethodExecutor executor, Object controller, Object[] arguments)
   at Microsoft.AspNetCore.Mvc.Infrastructure.ControllerActionInvoker.<InvokeActionMethodAsync>g__Awaited|12_0(ControllerActionInvoker invoker, ValueTask`1 actionResultValueTask)
   at Microsoft.AspNetCore.Mvc.Infrastructure.ControllerActionInvoker.<InvokeNextActionFilterAsync>g__Awaited|10_0(ControllerActionInvoker invoker, Task lastTask, State next, Scope scope, Object state, Boolean isCompleted)
   at Microsoft.AspNetCore.Mvc.Infrastructure.ControllerActionInvoker.Rethrow(ActionExecutedContextSealed context)
   at Microsoft.AspNetCore.Mvc.Infrastructure.ControllerActionInvoker.Next(State& next, Scope& scope, Object& state, Boolean& isCompleted)
   at Microsoft.AspNetCore.Mvc.Infrastructure.ControllerActionInvoker.<InvokeInnerFilterAsync>g__Awaited|13_0(ControllerActionInvoker invoker, Task lastTask, State next, Scope scope, Object state, Boolean isCompleted)
   at Microsoft.AspNetCore.Mvc.Infrastructure.ResourceInvoker.<InvokeFilterPipelineAsync>g__Awaited|20_0(ResourceInvoker invoker, Task lastTask, State next, Scope scope, Object state, Boolean isCompleted)
   at Microsoft.AspNetCore.Mvc.Infrastructure.ResourceInvoker.<InvokeAsync>g__Logged|17_1(ResourceInvoker invoker)
   at Microsoft.AspNetCore.Mvc.Infrastructure.ResourceInvoker.<InvokeAsync>g__Logged|17_1(ResourceInvoker invoker)
   at Microsoft.AspNetCore.Routing.EndpointMiddleware.<Invoke>g__AwaitRequestTask|7_0(Endpoint endpoint, Task requestTask, ILogger logger)
   at Microsoft.AspNetCore.Diagnostics.ExceptionHandlerMiddlewareImpl.<Invoke>g__Awaited|10_0(ExceptionHandlerMiddlewareImpl middleware, HttpContext context, Task task)
2026-08-25 18:16:49.8280|Info|Microsoft.AspNetCore.Hosting.Diagnostics|CorrelationId=|Request finished HTTP/1.1 POST http://localhost:5176/api/v1/Auth/login - 500 - application/json;+charset=utf-8 10.9593ms 
2026-08-25 18:16:50.8695|Info|Microsoft.AspNetCore.Hosting.Diagnostics|CorrelationId=|Request starting HTTP/1.1 POST http://localhost:5176/api/v1/Auth/login - application/json 56 
2026-08-25 18:16:50.8695|Info|Microsoft.AspNetCore.Cors.Infrastructure.CorsService|CorrelationId=|CORS policy execution successful. 
2026-08-25 18:16:50.8695|Info|Microsoft.AspNetCore.Routing.EndpointMiddleware|CorrelationId=|Executing endpoint 'SmartLoan.Api.Controllers.AuthController.Login (SmartLoan.Api)' 
2026-08-25 18:16:50.8695|Info|Microsoft.AspNetCore.Mvc.Infrastructure.ControllerActionInvoker|CorrelationId=|Route matched with {action = "Login", controller = "Auth"}. Executing controller action with signature System.Threading.Tasks.Task`1[Microsoft.AspNetCore.Mvc.ActionResult`1[SmartLoan.Application.Users.LoginResponse]] Login(SmartLoan.Application.Users.LoginCommand) on controller SmartLoan.Api.Controllers.AuthController (SmartLoan.Api). 
2026-08-25 18:16:50.8695|Info|SmartLoan.Application.Common.Behaviors.LoggingBehavior|CorrelationId=|smartloan Request:LoginCommand starting... 
2026-08-25 18:16:50.8743|Info|Microsoft.EntityFrameworkCore.Database.Command|CorrelationId=|Executed DbCommand (1ms) [Parameters=[@request_Email='?', @request_Password='?'], CommandType='Text', CommandTimeout='30']
SELECT u."Id", u."Email", u."FullName", u."PasswordHash", u."Role"
FROM "Users" AS u
WHERE u."Email" = @request_Email AND u."PasswordHash" = @request_Password
LIMIT 1 
2026-08-25 18:16:50.8743|Info|Microsoft.AspNetCore.Mvc.Infrastructure.ControllerActionInvoker|CorrelationId=|Executed action SmartLoan.Api.Controllers.AuthController.Login (SmartLoan.Api) in 4.0859ms 
2026-08-25 18:16:50.8743|Info|Microsoft.AspNetCore.Routing.EndpointMiddleware|CorrelationId=|Executed endpoint 'SmartLoan.Api.Controllers.AuthController.Login (SmartLoan.Api)' 
2026-08-25 18:16:50.8743|Error|SmartLoan.Api.Middleware.GlobalExeptionHandle|CorrelationId=|an error occurred:Invalid email or password. SmartLoan.Application.Common.Exceptions.BusinessRuleException: Invalid email or password.
   at SmartLoan.Application.Users.LoginHandler.Handle(LoginCommand request, CancellationToken ct) in D:\isaac\educational purpose only\.net\kyas pro\SmartLoanTracker\SmartLoan.Application\Users\Commands\Login\LoginResponse.cs:line 18
   at SmartLoan.Application.Common.Behaviors.ValidationBehavior`2.Handle(TRequest request, RequestHandlerDelegate`1 next, CancellationToken cancellationToken) in D:\isaac\educational purpose only\.net\kyas pro\SmartLoanTracker\SmartLoan.Application\Common\Behaviors\ValidationBehavior.cs:line 32
   at SmartLoan.Application.Common.Behaviors.LoggingBehavior`2.Handle(TRequest request, RequestHandlerDelegate`1 next, CancellationToken cancellationToken) in D:\isaac\educational purpose only\.net\kyas pro\SmartLoanTracker\SmartLoan.Application\Common\Behaviors\LoggingBehavior.cs:line 14
   at SmartLoan.Api.Controllers.AuthController.Login(LoginCommand command) in D:\isaac\educational purpose only\.net\kyas pro\SmartLoanTracker\SmartLoan.Api\Controllers\AuthController.cs:line 18
   at lambda_method28(Closure, Object)
   at Microsoft.AspNetCore.Mvc.Infrastructure.ActionMethodExecutor.AwaitableObjectResultExecutor.Execute(ActionContext actionContext, IActionResultTypeMapper mapper, ObjectMethodExecutor executor, Object controller, Object[] arguments)
   at Microsoft.AspNetCore.Mvc.Infrastructure.ControllerActionInvoker.<InvokeActionMethodAsync>g__Awaited|12_0(ControllerActionInvoker invoker, ValueTask`1 actionResultValueTask)
   at Microsoft.AspNetCore.Mvc.Infrastructure.ControllerActionInvoker.<InvokeNextActionFilterAsync>g__Awaited|10_0(ControllerActionInvoker invoker, Task lastTask, State next, Scope scope, Object state, Boolean isCompleted)
   at Microsoft.AspNetCore.Mvc.Infrastructure.ControllerActionInvoker.Rethrow(ActionExecutedContextSealed context)
   at Microsoft.AspNetCore.Mvc.Infrastructure.ControllerActionInvoker.Next(State& next, Scope& scope, Object& state, Boolean& isCompleted)
   at Microsoft.AspNetCore.Mvc.Infrastructure.ControllerActionInvoker.<InvokeInnerFilterAsync>g__Awaited|13_0(ControllerActionInvoker invoker, Task lastTask, State next, Scope scope, Object state, Boolean isCompleted)
   at Microsoft.AspNetCore.Mvc.Infrastructure.ResourceInvoker.<InvokeFilterPipelineAsync>g__Awaited|20_0(ResourceInvoker invoker, Task lastTask, State next, Scope scope, Object state, Boolean isCompleted)
   at Microsoft.AspNetCore.Mvc.Infrastructure.ResourceInvoker.<InvokeAsync>g__Logged|17_1(ResourceInvoker invoker)
   at Microsoft.AspNetCore.Mvc.Infrastructure.ResourceInvoker.<InvokeAsync>g__Logged|17_1(ResourceInvoker invoker)
   at Microsoft.AspNetCore.Routing.EndpointMiddleware.<Invoke>g__AwaitRequestTask|7_0(Endpoint endpoint, Task requestTask, ILogger logger)
   at Microsoft.AspNetCore.Diagnostics.ExceptionHandlerMiddlewareImpl.<Invoke>g__Awaited|10_0(ExceptionHandlerMiddlewareImpl middleware, HttpContext context, Task task)
2026-08-25 18:16:50.8743|Info|Microsoft.AspNetCore.Hosting.Diagnostics|CorrelationId=|Request finished HTTP/1.1 POST http://localhost:5176/api/v1/Auth/login - 500 - application/json;+charset=utf-8 9.7107ms 
2026-08-25 18:16:51.6460|Info|Microsoft.AspNetCore.Hosting.Diagnostics|CorrelationId=|Request starting HTTP/1.1 POST http://localhost:5176/api/v1/Auth/login - application/json 56 
2026-08-25 18:16:51.6460|Info|Microsoft.AspNetCore.Cors.Infrastructure.CorsService|CorrelationId=|CORS policy execution successful. 
2026-08-25 18:16:51.6460|Info|Microsoft.AspNetCore.Routing.EndpointMiddleware|CorrelationId=|Executing endpoint 'SmartLoan.Api.Controllers.AuthController.Login (SmartLoan.Api)' 
2026-08-25 18:16:51.6460|Info|Microsoft.AspNetCore.Mvc.Infrastructure.ControllerActionInvoker|CorrelationId=|Route matched with {action = "Login", controller = "Auth"}. Executing controller action with signature System.Threading.Tasks.Task`1[Microsoft.AspNetCore.Mvc.ActionResult`1[SmartLoan.Application.Users.LoginResponse]] Login(SmartLoan.Application.Users.LoginCommand) on controller SmartLoan.Api.Controllers.AuthController (SmartLoan.Api). 
2026-08-25 18:16:51.6460|Info|SmartLoan.Application.Common.Behaviors.LoggingBehavior|CorrelationId=|smartloan Request:LoginCommand starting... 
2026-08-25 18:16:51.6460|Info|Microsoft.EntityFrameworkCore.Database.Command|CorrelationId=|Executed DbCommand (1ms) [Parameters=[@request_Email='?', @request_Password='?'], CommandType='Text', CommandTimeout='30']
SELECT u."Id", u."Email", u."FullName", u."PasswordHash", u."Role"
FROM "Users" AS u
WHERE u."Email" = @request_Email AND u."PasswordHash" = @request_Password
LIMIT 1 
2026-08-25 18:16:51.6460|Info|Microsoft.AspNetCore.Mvc.Infrastructure.ControllerActionInvoker|CorrelationId=|Executed action SmartLoan.Api.Controllers.AuthController.Login (SmartLoan.Api) in 2.0771ms 
2026-08-25 18:16:51.6460|Info|Microsoft.AspNetCore.Routing.EndpointMiddleware|CorrelationId=|Executed endpoint 'SmartLoan.Api.Controllers.AuthController.Login (SmartLoan.Api)' 
2026-08-25 18:16:51.6460|Error|SmartLoan.Api.Middleware.GlobalExeptionHandle|CorrelationId=|an error occurred:Invalid email or password. SmartLoan.Application.Common.Exceptions.BusinessRuleException: Invalid email or password.
   at SmartLoan.Application.Users.LoginHandler.Handle(LoginCommand request, CancellationToken ct) in D:\isaac\educational purpose only\.net\kyas pro\SmartLoanTracker\SmartLoan.Application\Users\Commands\Login\LoginResponse.cs:line 18
   at SmartLoan.Application.Common.Behaviors.ValidationBehavior`2.Handle(TRequest request, RequestHandlerDelegate`1 next, CancellationToken cancellationToken) in D:\isaac\educational purpose only\.net\kyas pro\SmartLoanTracker\SmartLoan.Application\Common\Behaviors\ValidationBehavior.cs:line 32
   at SmartLoan.Application.Common.Behaviors.LoggingBehavior`2.Handle(TRequest request, RequestHandlerDelegate`1 next, CancellationToken cancellationToken) in D:\isaac\educational purpose only\.net\kyas pro\SmartLoanTracker\SmartLoan.Application\Common\Behaviors\LoggingBehavior.cs:line 14
   at SmartLoan.Api.Controllers.AuthController.Login(LoginCommand command) in D:\isaac\educational purpose only\.net\kyas pro\SmartLoanTracker\SmartLoan.Api\Controllers\AuthController.cs:line 18
   at lambda_method28(Closure, Object)
   at Microsoft.AspNetCore.Mvc.Infrastructure.ActionMethodExecutor.AwaitableObjectResultExecutor.Execute(ActionContext actionContext, IActionResultTypeMapper mapper, ObjectMethodExecutor executor, Object controller, Object[] arguments)
   at Microsoft.AspNetCore.Mvc.Infrastructure.ControllerActionInvoker.<InvokeActionMethodAsync>g__Awaited|12_0(ControllerActionInvoker invoker, ValueTask`1 actionResultValueTask)
   at Microsoft.AspNetCore.Mvc.Infrastructure.ControllerActionInvoker.<InvokeNextActionFilterAsync>g__Awaited|10_0(ControllerActionInvoker invoker, Task lastTask, State next, Scope scope, Object state, Boolean isCompleted)
   at Microsoft.AspNetCore.Mvc.Infrastructure.ControllerActionInvoker.Rethrow(ActionExecutedContextSealed context)
   at Microsoft.AspNetCore.Mvc.Infrastructure.ControllerActionInvoker.Next(State& next, Scope& scope, Object& state, Boolean& isCompleted)
   at Microsoft.AspNetCore.Mvc.Infrastructure.ControllerActionInvoker.<InvokeInnerFilterAsync>g__Awaited|13_0(ControllerActionInvoker invoker, Task lastTask, State next, Scope scope, Object state, Boolean isCompleted)
   at Microsoft.AspNetCore.Mvc.Infrastructure.ResourceInvoker.<InvokeFilterPipelineAsync>g__Awaited|20_0(ResourceInvoker invoker, Task lastTask, State next, Scope scope, Object state, Boolean isCompleted)
   at Microsoft.AspNetCore.Mvc.Infrastructure.ResourceInvoker.<InvokeAsync>g__Logged|17_1(ResourceInvoker invoker)
   at Microsoft.AspNetCore.Mvc.Infrastructure.ResourceInvoker.<InvokeAsync>g__Logged|17_1(ResourceInvoker invoker)
   at Microsoft.AspNetCore.Routing.EndpointMiddleware.<Invoke>g__AwaitRequestTask|7_0(Endpoint endpoint, Task requestTask, ILogger logger)
   at Microsoft.AspNetCore.Diagnostics.ExceptionHandlerMiddlewareImpl.<Invoke>g__Awaited|10_0(ExceptionHandlerMiddlewareImpl middleware, HttpContext context, Task task)
2026-08-25 18:16:51.6460|Info|Microsoft.AspNetCore.Hosting.Diagnostics|CorrelationId=|Request finished HTTP/1.1 POST http://localhost:5176/api/v1/Auth/login - 500 - application/json;+charset=utf-8 4.5803ms 
2026-08-25 18:16:52.6299|Info|Microsoft.AspNetCore.Hosting.Diagnostics|CorrelationId=|Request starting HTTP/1.1 POST http://localhost:5176/api/v1/Auth/login - application/json 56 
2026-08-25 18:16:52.6299|Info|Microsoft.AspNetCore.Hosting.Diagnostics|CorrelationId=|Request finished HTTP/1.1 POST http://localhost:5176/api/v1/Auth/login - 429 0 - 1.1653ms 
2026-08-25 18:16:52.8036|Info|Microsoft.AspNetCore.Hosting.Diagnostics|CorrelationId=|Request starting HTTP/1.1 POST http://localhost:5176/api/v1/Auth/login - application/json 56 
2026-08-25 18:16:52.8036|Info|Microsoft.AspNetCore.Hosting.Diagnostics|CorrelationId=|Request finished HTTP/1.1 POST http://localhost:5176/api/v1/Auth/login - 429 0 - 0.2739ms 
2026-08-25 18:16:54.6856|Info|Microsoft.AspNetCore.Hosting.Diagnostics|CorrelationId=|Request starting HTTP/1.1 POST http://localhost:5176/api/v1/Auth/login - application/json 56 
2026-08-25 18:16:54.6856|Info|Microsoft.AspNetCore.Hosting.Diagnostics|CorrelationId=|Request finished HTTP/1.1 POST http://localhost:5176/api/v1/Auth/login - 429 0 - 0.3092ms 
2026-08-25 18:17:29.8773|Info|Microsoft.AspNetCore.Hosting.Diagnostics|CorrelationId=|Request starting HTTP/1.1 POST http://localhost:5176/api/v1/Auth/login - application/json 57 
2026-08-25 18:17:29.8773|Info|Microsoft.AspNetCore.Cors.Infrastructure.CorsService|CorrelationId=|CORS policy execution successful. 
2026-08-25 18:17:29.8773|Info|Microsoft.AspNetCore.Routing.EndpointMiddleware|CorrelationId=|Executing endpoint 'SmartLoan.Api.Controllers.AuthController.Login (SmartLoan.Api)' 
2026-08-25 18:17:29.8773|Info|Microsoft.AspNetCore.Mvc.Infrastructure.ControllerActionInvoker|CorrelationId=|Route matched with {action = "Login", controller = "Auth"}. Executing controller action with signature System.Threading.Tasks.Task`1[Microsoft.AspNetCore.Mvc.ActionResult`1[SmartLoan.Application.Users.LoginResponse]] Login(SmartLoan.Application.Users.LoginCommand) on controller SmartLoan.Api.Controllers.AuthController (SmartLoan.Api). 
2026-08-25 18:17:29.8773|Info|SmartLoan.Application.Common.Behaviors.LoggingBehavior|CorrelationId=|smartloan Request:LoginCommand starting... 
2026-08-25 18:17:29.8773|Info|Microsoft.EntityFrameworkCore.Database.Command|CorrelationId=|Executed DbCommand (1ms) [Parameters=[@request_Email='?', @request_Password='?'], CommandType='Text', CommandTimeout='30']
SELECT u."Id", u."Email", u."FullName", u."PasswordHash", u."Role"
FROM "Users" AS u
WHERE u."Email" = @request_Email AND u."PasswordHash" = @request_Password
LIMIT 1 
2026-08-25 18:17:29.8773|Info|SmartLoan.Application.Common.Behaviors.LoggingBehavior|CorrelationId=|Smarloan Request:LoginCommand finished in 2ms 
2026-08-25 18:17:29.8773|Info|Microsoft.AspNetCore.Mvc.Infrastructure.ObjectResultExecutor|CorrelationId=|Executing OkObjectResult, writing value of type 'SmartLoan.Application.Users.LoginResponse'. 
2026-08-25 18:17:29.8773|Info|Microsoft.AspNetCore.Mvc.Infrastructure.ControllerActionInvoker|CorrelationId=|Executed action SmartLoan.Api.Controllers.AuthController.Login (SmartLoan.Api) in 3.6938ms 
2026-08-25 18:17:29.8773|Info|Microsoft.AspNetCore.Routing.EndpointMiddleware|CorrelationId=|Executed endpoint 'SmartLoan.Api.Controllers.AuthController.Login (SmartLoan.Api)' 
2026-08-25 18:17:29.8773|Info|Microsoft.AspNetCore.Hosting.Diagnostics|CorrelationId=|Request finished HTTP/1.1 POST http://localhost:5176/api/v1/Auth/login - 200 - application/json;+charset=utf-8 4.9694ms 
2026-08-25 18:17:41.1854|Info|Microsoft.AspNetCore.Hosting.Diagnostics|CorrelationId=|Request starting HTTP/1.1 POST http://localhost:5176/api/v1/Auth/login - application/json 58 
2026-08-25 18:17:41.1854|Info|Microsoft.AspNetCore.Cors.Infrastructure.CorsService|CorrelationId=|CORS policy execution successful. 
2026-08-25 18:17:41.1854|Info|Microsoft.AspNetCore.Routing.EndpointMiddleware|CorrelationId=|Executing endpoint 'SmartLoan.Api.Controllers.AuthController.Login (SmartLoan.Api)' 
2026-08-25 18:17:41.1854|Info|Microsoft.AspNetCore.Mvc.Infrastructure.ControllerActionInvoker|CorrelationId=|Route matched with {action = "Login", controller = "Auth"}. Executing controller action with signature System.Threading.Tasks.Task`1[Microsoft.AspNetCore.Mvc.ActionResult`1[SmartLoan.Application.Users.LoginResponse]] Login(SmartLoan.Application.Users.LoginCommand) on controller SmartLoan.Api.Controllers.AuthController (SmartLoan.Api). 
2026-08-25 18:17:41.1854|Info|SmartLoan.Application.Common.Behaviors.LoggingBehavior|CorrelationId=|smartloan Request:LoginCommand starting... 
2026-08-25 18:17:41.1854|Info|Microsoft.EntityFrameworkCore.Database.Command|CorrelationId=|Executed DbCommand (1ms) [Parameters=[@request_Email='?', @request_Password='?'], CommandType='Text', CommandTimeout='30']
SELECT u."Id", u."Email", u."FullName", u."PasswordHash", u."Role"
FROM "Users" AS u
WHERE u."Email" = @request_Email AND u."PasswordHash" = @request_Password
LIMIT 1 
2026-08-25 18:17:41.1854|Info|Microsoft.AspNetCore.Mvc.Infrastructure.ControllerActionInvoker|CorrelationId=|Executed action SmartLoan.Api.Controllers.AuthController.Login (SmartLoan.Api) in 3.3692ms 
2026-08-25 18:17:41.1854|Info|Microsoft.AspNetCore.Routing.EndpointMiddleware|CorrelationId=|Executed endpoint 'SmartLoan.Api.Controllers.AuthController.Login (SmartLoan.Api)' 
2026-08-25 18:17:41.1854|Error|SmartLoan.Api.Middleware.GlobalExeptionHandle|CorrelationId=|an error occurred:Invalid email or password. SmartLoan.Application.Common.Exceptions.BusinessRuleException: Invalid email or password.
   at SmartLoan.Application.Users.LoginHandler.Handle(LoginCommand request, CancellationToken ct) in D:\isaac\educational purpose only\.net\kyas pro\SmartLoanTracker\SmartLoan.Application\Users\Commands\Login\LoginResponse.cs:line 18
   at SmartLoan.Application.Common.Behaviors.ValidationBehavior`2.Handle(TRequest request, RequestHandlerDelegate`1 next, CancellationToken cancellationToken) in D:\isaac\educational purpose only\.net\kyas pro\SmartLoanTracker\SmartLoan.Application\Common\Behaviors\ValidationBehavior.cs:line 32
   at SmartLoan.Application.Common.Behaviors.LoggingBehavior`2.Handle(TRequest request, RequestHandlerDelegate`1 next, CancellationToken cancellationToken) in D:\isaac\educational purpose only\.net\kyas pro\SmartLoanTracker\SmartLoan.Application\Common\Behaviors\LoggingBehavior.cs:line 14
   at SmartLoan.Api.Controllers.AuthController.Login(LoginCommand command) in D:\isaac\educational purpose only\.net\kyas pro\SmartLoanTracker\SmartLoan.Api\Controllers\AuthController.cs:line 18
   at lambda_method28(Closure, Object)
   at Microsoft.AspNetCore.Mvc.Infrastructure.ActionMethodExecutor.AwaitableObjectResultExecutor.Execute(ActionContext actionContext, IActionResultTypeMapper mapper, ObjectMethodExecutor executor, Object controller, Object[] arguments)
   at Microsoft.AspNetCore.Mvc.Infrastructure.ControllerActionInvoker.<InvokeActionMethodAsync>g__Awaited|12_0(ControllerActionInvoker invoker, ValueTask`1 actionResultValueTask)
   at Microsoft.AspNetCore.Mvc.Infrastructure.ControllerActionInvoker.<InvokeNextActionFilterAsync>g__Awaited|10_0(ControllerActionInvoker invoker, Task lastTask, State next, Scope scope, Object state, Boolean isCompleted)
   at Microsoft.AspNetCore.Mvc.Infrastructure.ControllerActionInvoker.Rethrow(ActionExecutedContextSealed context)
   at Microsoft.AspNetCore.Mvc.Infrastructure.ControllerActionInvoker.Next(State& next, Scope& scope, Object& state, Boolean& isCompleted)
   at Microsoft.AspNetCore.Mvc.Infrastructure.ControllerActionInvoker.<InvokeInnerFilterAsync>g__Awaited|13_0(ControllerActionInvoker invoker, Task lastTask, State next, Scope scope, Object state, Boolean isCompleted)
   at Microsoft.AspNetCore.Mvc.Infrastructure.ResourceInvoker.<InvokeFilterPipelineAsync>g__Awaited|20_0(ResourceInvoker invoker, Task lastTask, State next, Scope scope, Object state, Boolean isCompleted)
   at Microsoft.AspNetCore.Mvc.Infrastructure.ResourceInvoker.<InvokeAsync>g__Logged|17_1(ResourceInvoker invoker)
   at Microsoft.AspNetCore.Mvc.Infrastructure.ResourceInvoker.<InvokeAsync>g__Logged|17_1(ResourceInvoker invoker)
   at Microsoft.AspNetCore.Routing.EndpointMiddleware.<Invoke>g__AwaitRequestTask|7_0(Endpoint endpoint, Task requestTask, ILogger logger)
   at Microsoft.AspNetCore.Diagnostics.ExceptionHandlerMiddlewareImpl.<Invoke>g__Awaited|10_0(ExceptionHandlerMiddlewareImpl middleware, HttpContext context, Task task)
2026-08-25 18:17:41.1854|Info|Microsoft.AspNetCore.Hosting.Diagnostics|CorrelationId=|Request finished HTTP/1.1 POST http://localhost:5176/api/v1/Auth/login - 500 - application/json;+charset=utf-8 7.9226ms 
2026-08-25 18:17:41.3419|Info|Microsoft.AspNetCore.Hosting.Diagnostics|CorrelationId=|Request starting HTTP/1.1 POST http://localhost:5176/api/v1/Auth/login - application/json 58 
2026-08-25 18:17:41.3419|Info|Microsoft.AspNetCore.Hosting.Diagnostics|CorrelationId=|Request finished HTTP/1.1 POST http://localhost:5176/api/v1/Auth/login - 429 0 - 0.3099ms 
2026-08-25 18:17:41.5116|Info|Microsoft.AspNetCore.Hosting.Diagnostics|CorrelationId=|Request starting HTTP/1.1 POST http://localhost:5176/api/v1/Auth/login - application/json 58 
2026-08-25 18:17:41.5116|Info|Microsoft.AspNetCore.Hosting.Diagnostics|CorrelationId=|Request finished HTTP/1.1 POST http://localhost:5176/api/v1/Auth/login - 429 0 - 0.2181ms 
2026-08-25 18:17:41.6695|Info|Microsoft.AspNetCore.Hosting.Diagnostics|CorrelationId=|Request starting HTTP/1.1 POST http://localhost:5176/api/v1/Auth/login - application/json 58 
2026-08-25 18:17:41.6695|Info|Microsoft.AspNetCore.Hosting.Diagnostics|CorrelationId=|Request finished HTTP/1.1 POST http://localhost:5176/api/v1/Auth/login - 429 0 - 0.2718ms 
2026-08-25 18:17:41.8315|Info|Microsoft.AspNetCore.Hosting.Diagnostics|CorrelationId=|Request starting HTTP/1.1 POST http://localhost:5176/api/v1/Auth/login - application/json 58 
2026-08-25 18:17:41.8315|Info|Microsoft.AspNetCore.Hosting.Diagnostics|CorrelationId=|Request finished HTTP/1.1 POST http://localhost:5176/api/v1/Auth/login - 429 0 - 0.3971ms 
2026-08-25 18:17:41.9840|Info|Microsoft.AspNetCore.Hosting.Diagnostics|CorrelationId=|Request starting HTTP/1.1 POST http://localhost:5176/api/v1/Auth/login - application/json 58 
2026-08-25 18:17:41.9840|Info|Microsoft.AspNetCore.Hosting.Diagnostics|CorrelationId=|Request finished HTTP/1.1 POST http://localhost:5176/api/v1/Auth/login - 429 0 - 0.2101ms 
2026-08-25 18:17:42.2079|Info|Microsoft.AspNetCore.Hosting.Diagnostics|CorrelationId=|Request starting HTTP/1.1 POST http://localhost:5176/api/v1/Auth/login - application/json 58 
2026-08-25 18:17:42.2079|Info|Microsoft.AspNetCore.Hosting.Diagnostics|CorrelationId=|Request finished HTTP/1.1 POST http://localhost:5176/api/v1/Auth/login - 429 0 - 0.2673ms 
2026-08-25 18:17:49.4645|Info|Microsoft.AspNetCore.Hosting.Diagnostics|CorrelationId=|Request starting HTTP/1.1 POST http://localhost:5176/api/v1/Auth/login - application/json 57 
2026-08-25 18:17:49.4645|Info|Microsoft.AspNetCore.Hosting.Diagnostics|CorrelationId=|Request finished HTTP/1.1 POST http://localhost:5176/api/v1/Auth/login - 429 0 - 0.4359ms 
2026-08-25 18:17:52.5327|Info|Microsoft.AspNetCore.Hosting.Diagnostics|CorrelationId=|Request starting HTTP/1.1 POST http://localhost:5176/api/v1/Auth/login - application/json 57 
2026-08-25 18:17:52.5327|Info|Microsoft.AspNetCore.Hosting.Diagnostics|CorrelationId=|Request finished HTTP/1.1 POST http://localhost:5176/api/v1/Auth/login - 429 0 - 0.5785ms 
2026-08-25 18:17:53.5415|Info|Microsoft.AspNetCore.Hosting.Diagnostics|CorrelationId=|Request starting HTTP/1.1 POST http://localhost:5176/api/v1/Auth/login - application/json 57 
2026-08-25 18:17:53.5415|Info|Microsoft.AspNetCore.Hosting.Diagnostics|CorrelationId=|Request finished HTTP/1.1 POST http://localhost:5176/api/v1/Auth/login - 429 0 - 0.4999ms 
2026-08-25 18:17:54.2703|Info|Microsoft.AspNetCore.Hosting.Diagnostics|CorrelationId=|Request starting HTTP/1.1 POST http://localhost:5176/api/v1/Auth/login - application/json 57 
2026-08-25 18:17:54.2703|Info|Microsoft.AspNetCore.Hosting.Diagnostics|CorrelationId=|Request finished HTTP/1.1 POST http://localhost:5176/api/v1/Auth/login - 429 0 - 0.3324ms 
2026-08-25 18:17:54.7067|Info|Microsoft.AspNetCore.Hosting.Diagnostics|CorrelationId=|Request starting HTTP/1.1 POST http://localhost:5176/api/v1/Auth/login - application/json 57 
2026-08-25 18:17:54.7067|Info|Microsoft.AspNetCore.Hosting.Diagnostics|CorrelationId=|Request finished HTTP/1.1 POST http://localhost:5176/api/v1/Auth/login - 429 0 - 0.4445ms 
2026-08-25 18:17:54.9585|Info|Microsoft.AspNetCore.Hosting.Diagnostics|CorrelationId=|Request starting HTTP/1.1 POST http://localhost:5176/api/v1/Auth/login - application/json 57 
2026-08-25 18:17:54.9585|Info|Microsoft.AspNetCore.Hosting.Diagnostics|CorrelationId=|Request finished HTTP/1.1 POST http://localhost:5176/api/v1/Auth/login - 429 0 - 0.2944ms 
2026-08-25 18:17:55.1865|Info|Microsoft.AspNetCore.Hosting.Diagnostics|CorrelationId=|Request starting HTTP/1.1 POST http://localhost:5176/api/v1/Auth/login - application/json 57 
2026-08-25 18:17:55.1865|Info|Microsoft.AspNetCore.Hosting.Diagnostics|CorrelationId=|Request finished HTTP/1.1 POST http://localhost:5176/api/v1/Auth/login - 429 0 - 0.2564ms 
2026-08-25 18:17:55.4152|Info|Microsoft.AspNetCore.Hosting.Diagnostics|CorrelationId=|Request starting HTTP/1.1 POST http://localhost:5176/api/v1/Auth/login - application/json 57 
2026-08-25 18:17:55.4152|Info|Microsoft.AspNetCore.Hosting.Diagnostics|CorrelationId=|Request finished HTTP/1.1 POST http://localhost:5176/api/v1/Auth/login - 429 0 - 0.2175ms 
2026-08-25 18:17:55.6132|Info|Microsoft.AspNetCore.Hosting.Diagnostics|CorrelationId=|Request starting HTTP/1.1 POST http://localhost:5176/api/v1/Auth/login - application/json 57 
2026-08-25 18:17:55.6132|Info|Microsoft.AspNetCore.Hosting.Diagnostics|CorrelationId=|Request finished HTTP/1.1 POST http://localhost:5176/api/v1/Auth/login - 429 0 - 0.3610ms 
2026-08-25 18:17:55.8210|Info|Microsoft.AspNetCore.Hosting.Diagnostics|CorrelationId=|Request starting HTTP/1.1 POST http://localhost:5176/api/v1/Auth/login - application/json 57 
2026-08-25 18:17:55.8210|Info|Microsoft.AspNetCore.Hosting.Diagnostics|CorrelationId=|Request finished HTTP/1.1 POST http://localhost:5176/api/v1/Auth/login - 429 0 - 0.5016ms 
2026-08-25 18:17:56.0301|Info|Microsoft.AspNetCore.Hosting.Diagnostics|CorrelationId=|Request starting HTTP/1.1 POST http://localhost:5176/api/v1/Auth/login - application/json 57 
2026-08-25 18:17:56.0301|Info|Microsoft.AspNetCore.Hosting.Diagnostics|CorrelationId=|Request finished HTTP/1.1 POST http://localhost:5176/api/v1/Auth/login - 429 0 - 0.1767ms 
2026-08-25 18:17:56.2477|Info|Microsoft.AspNetCore.Hosting.Diagnostics|CorrelationId=|Request starting HTTP/1.1 POST http://localhost:5176/api/v1/Auth/login - application/json 57 
2026-08-25 18:17:56.2477|Info|Microsoft.AspNetCore.Hosting.Diagnostics|CorrelationId=|Request finished HTTP/1.1 POST http://localhost:5176/api/v1/Auth/login - 429 0 - 0.3443ms 
2026-08-25 18:17:56.5950|Info|Microsoft.AspNetCore.Hosting.Diagnostics|CorrelationId=|Request starting HTTP/1.1 POST http://localhost:5176/api/v1/Auth/login - application/json 57 
2026-08-25 18:17:56.5950|Info|Microsoft.AspNetCore.Hosting.Diagnostics|CorrelationId=|Request finished HTTP/1.1 POST http://localhost:5176/api/v1/Auth/login - 429 0 - 0.3121ms 
2026-08-25 18:17:56.8039|Info|Microsoft.AspNetCore.Hosting.Diagnostics|CorrelationId=|Request starting HTTP/1.1 POST http://localhost:5176/api/v1/Auth/login - application/json 57 
2026-08-25 18:17:56.8039|Info|Microsoft.AspNetCore.Hosting.Diagnostics|CorrelationId=|Request finished HTTP/1.1 POST http://localhost:5176/api/v1/Auth/login - 429 0 - 0.2749ms 
2026-08-25 18:17:57.0060|Info|Microsoft.AspNetCore.Hosting.Diagnostics|CorrelationId=|Request starting HTTP/1.1 POST http://localhost:5176/api/v1/Auth/login - application/json 57 
2026-08-25 18:17:57.0060|Info|Microsoft.AspNetCore.Hosting.Diagnostics|CorrelationId=|Request finished HTTP/1.1 POST http://localhost:5176/api/v1/Auth/login - 429 0 - 0.3742ms 
2026-08-25 18:17:57.1948|Info|Microsoft.AspNetCore.Hosting.Diagnostics|CorrelationId=|Request starting HTTP/1.1 POST http://localhost:5176/api/v1/Auth/login - application/json 57 
2026-08-25 18:17:57.1948|Info|Microsoft.AspNetCore.Hosting.Diagnostics|CorrelationId=|Request finished HTTP/1.1 POST http://localhost:5176/api/v1/Auth/login - 429 0 - 0.2199ms 
2026-08-25 18:17:57.3899|Info|Microsoft.AspNetCore.Hosting.Diagnostics|CorrelationId=|Request starting HTTP/1.1 POST http://localhost:5176/api/v1/Auth/login - application/json 57 
2026-08-25 18:17:57.3899|Info|Microsoft.AspNetCore.Hosting.Diagnostics|CorrelationId=|Request finished HTTP/1.1 POST http://localhost:5176/api/v1/Auth/login - 429 0 - 0.2234ms 
2026-08-25 18:17:57.5841|Info|Microsoft.AspNetCore.Hosting.Diagnostics|CorrelationId=|Request starting HTTP/1.1 POST http://localhost:5176/api/v1/Auth/login - application/json 57 
2026-08-25 18:17:57.5841|Info|Microsoft.AspNetCore.Hosting.Diagnostics|CorrelationId=|Request finished HTTP/1.1 POST http://localhost:5176/api/v1/Auth/login - 429 0 - 0.2753ms 
2026-08-25 18:17:57.7744|Info|Microsoft.AspNetCore.Hosting.Diagnostics|CorrelationId=|Request starting HTTP/1.1 POST http://localhost:5176/api/v1/Auth/login - application/json 57 
2026-08-25 18:17:57.7744|Info|Microsoft.AspNetCore.Hosting.Diagnostics|CorrelationId=|Request finished HTTP/1.1 POST http://localhost:5176/api/v1/Auth/login - 429 0 - 0.2487ms 
2026-08-25 18:17:57.9607|Info|Microsoft.AspNetCore.Hosting.Diagnostics|CorrelationId=|Request starting HTTP/1.1 POST http://localhost:5176/api/v1/Auth/login - application/json 57 
2026-08-25 18:17:57.9607|Info|Microsoft.AspNetCore.Hosting.Diagnostics|CorrelationId=|Request finished HTTP/1.1 POST http://localhost:5176/api/v1/Auth/login - 429 0 - 0.2589ms 
2026-08-25 18:17:58.1410|Info|Microsoft.AspNetCore.Hosting.Diagnostics|CorrelationId=|Request starting HTTP/1.1 POST http://localhost:5176/api/v1/Auth/login - application/json 57 
2026-08-25 18:17:58.1410|Info|Microsoft.AspNetCore.Hosting.Diagnostics|CorrelationId=|Request finished HTTP/1.1 POST http://localhost:5176/api/v1/Auth/login - 429 0 - 0.2745ms 
2026-08-25 18:17:58.3328|Info|Microsoft.AspNetCore.Hosting.Diagnostics|CorrelationId=|Request starting HTTP/1.1 POST http://localhost:5176/api/v1/Auth/login - application/json 57 
2026-08-25 18:17:58.3328|Info|Microsoft.AspNetCore.Hosting.Diagnostics|CorrelationId=|Request finished HTTP/1.1 POST http://localhost:5176/api/v1/Auth/login - 429 0 - 0.2511ms 
2026-08-25 18:17:58.5247|Info|Microsoft.AspNetCore.Hosting.Diagnostics|CorrelationId=|Request starting HTTP/1.1 POST http://localhost:5176/api/v1/Auth/login - application/json 57 
2026-08-25 18:17:58.5247|Info|Microsoft.AspNetCore.Hosting.Diagnostics|CorrelationId=|Request finished HTTP/1.1 POST http://localhost:5176/api/v1/Auth/login - 429 0 - 0.2296ms 
2026-08-25 18:17:58.7058|Info|Microsoft.AspNetCore.Hosting.Diagnostics|CorrelationId=|Request starting HTTP/1.1 POST http://localhost:5176/api/v1/Auth/login - application/json 57 
2026-08-25 18:17:58.7058|Info|Microsoft.AspNetCore.Hosting.Diagnostics|CorrelationId=|Request finished HTTP/1.1 POST http://localhost:5176/api/v1/Auth/login - 429 0 - 0.1721ms 
2026-08-25 18:17:58.8951|Info|Microsoft.AspNetCore.Hosting.Diagnostics|CorrelationId=|Request starting HTTP/1.1 POST http://localhost:5176/api/v1/Auth/login - application/json 57 
2026-08-25 18:17:58.8951|Info|Microsoft.AspNetCore.Hosting.Diagnostics|CorrelationId=|Request finished HTTP/1.1 POST http://localhost:5176/api/v1/Auth/login - 429 0 - 0.2417ms 
2026-08-25 18:17:59.0964|Info|Microsoft.AspNetCore.Hosting.Diagnostics|CorrelationId=|Request starting HTTP/1.1 POST http://localhost:5176/api/v1/Auth/login - application/json 57 
2026-08-25 18:17:59.0964|Info|Microsoft.AspNetCore.Hosting.Diagnostics|CorrelationId=|Request finished HTTP/1.1 POST http://localhost:5176/api/v1/Auth/login - 429 0 - 0.1886ms 
2026-08-25 18:17:59.2848|Info|Microsoft.AspNetCore.Hosting.Diagnostics|CorrelationId=|Request starting HTTP/1.1 POST http://localhost:5176/api/v1/Auth/login - application/json 57 
2026-08-25 18:17:59.2848|Info|Microsoft.AspNetCore.Hosting.Diagnostics|CorrelationId=|Request finished HTTP/1.1 POST http://localhost:5176/api/v1/Auth/login - 429 0 - 0.2843ms 
2026-08-25 18:17:59.4807|Info|Microsoft.AspNetCore.Hosting.Diagnostics|CorrelationId=|Request starting HTTP/1.1 POST http://localhost:5176/api/v1/Auth/login - application/json 57 
2026-08-25 18:17:59.4807|Info|Microsoft.AspNetCore.Hosting.Diagnostics|CorrelationId=|Request finished HTTP/1.1 POST http://localhost:5176/api/v1/Auth/login - 429 0 - 0.2317ms 
2026-08-25 18:17:59.6811|Info|Microsoft.AspNetCore.Hosting.Diagnostics|CorrelationId=|Request starting HTTP/1.1 POST http://localhost:5176/api/v1/Auth/login - application/json 57 
2026-08-25 18:17:59.6811|Info|Microsoft.AspNetCore.Hosting.Diagnostics|CorrelationId=|Request finished HTTP/1.1 POST http://localhost:5176/api/v1/Auth/login - 429 0 - 0.2786ms 
2026-08-25 18:17:59.8712|Info|Microsoft.AspNetCore.Hosting.Diagnostics|CorrelationId=|Request starting HTTP/1.1 POST http://localhost:5176/api/v1/Auth/login - application/json 57 
2026-08-25 18:17:59.8712|Info|Microsoft.AspNetCore.Hosting.Diagnostics|CorrelationId=|Request finished HTTP/1.1 POST http://localhost:5176/api/v1/Auth/login - 429 0 - 0.1803ms 
2026-08-25 18:18:00.0786|Info|Microsoft.AspNetCore.Hosting.Diagnostics|CorrelationId=|Request starting HTTP/1.1 POST http://localhost:5176/api/v1/Auth/login - application/json 57 
2026-08-25 18:18:00.0786|Info|Microsoft.AspNetCore.Hosting.Diagnostics|CorrelationId=|Request finished HTTP/1.1 POST http://localhost:5176/api/v1/Auth/login - 429 0 - 0.1530ms 
2026-08-25 18:18:00.3722|Info|Microsoft.AspNetCore.Hosting.Diagnostics|CorrelationId=|Request starting HTTP/1.1 POST http://localhost:5176/api/v1/Auth/login - application/json 57 
2026-08-25 18:18:00.3724|Info|Microsoft.AspNetCore.Hosting.Diagnostics|CorrelationId=|Request finished HTTP/1.1 POST http://localhost:5176/api/v1/Auth/login - 429 0 - 0.3578ms 
2026-08-25 18:18:00.6093|Info|Microsoft.AspNetCore.Hosting.Diagnostics|CorrelationId=|Request starting HTTP/1.1 POST http://localhost:5176/api/v1/Auth/login - application/json 57 
2026-08-25 18:18:00.6093|Info|Microsoft.AspNetCore.Hosting.Diagnostics|CorrelationId=|Request finished HTTP/1.1 POST http://localhost:5176/api/v1/Auth/login - 429 0 - 0.1902ms 
2026-08-25 18:18:00.8298|Info|Microsoft.AspNetCore.Hosting.Diagnostics|CorrelationId=|Request starting HTTP/1.1 POST http://localhost:5176/api/v1/Auth/login - application/json 57 
2026-08-25 18:18:00.8298|Info|Microsoft.AspNetCore.Hosting.Diagnostics|CorrelationId=|Request finished HTTP/1.1 POST http://localhost:5176/api/v1/Auth/login - 429 0 - 0.3661ms 
2026-08-25 18:18:01.6065|Info|Microsoft.AspNetCore.Hosting.Diagnostics|CorrelationId=|Request starting HTTP/1.1 POST http://localhost:5176/api/v1/Auth/login - application/json 57 
2026-08-25 18:18:01.6070|Info|Microsoft.AspNetCore.Hosting.Diagnostics|CorrelationId=|Request finished HTTP/1.1 POST http://localhost:5176/api/v1/Auth/login - 429 0 - 0.4787ms 
2026-08-25 18:18:02.0724|Info|Microsoft.AspNetCore.Hosting.Diagnostics|CorrelationId=|Request starting HTTP/1.1 POST http://localhost:5176/api/v1/Auth/login - application/json 57 
2026-08-25 18:18:02.0724|Info|Microsoft.AspNetCore.Hosting.Diagnostics|CorrelationId=|Request finished HTTP/1.1 POST http://localhost:5176/api/v1/Auth/login - 429 0 - 0.2035ms 
2026-08-25 18:18:03.4521|Info|Microsoft.AspNetCore.Hosting.Diagnostics|CorrelationId=|Request starting HTTP/1.1 POST http://localhost:5176/api/v1/Auth/login - application/json 57 
2026-08-25 18:18:03.4521|Info|Microsoft.AspNetCore.Hosting.Diagnostics|CorrelationId=|Request finished HTTP/1.1 POST http://localhost:5176/api/v1/Auth/login - 429 0 - 0.2538ms 
2026-08-25 18:18:24.1384|Info|Microsoft.AspNetCore.Hosting.Diagnostics|CorrelationId=|Request starting HTTP/1.1 POST http://localhost:5176/api/v1/Auth/login - application/json 57 
2026-08-25 18:18:24.1384|Info|Microsoft.AspNetCore.Cors.Infrastructure.CorsService|CorrelationId=|CORS policy execution successful. 
2026-08-25 18:18:24.1384|Info|Microsoft.AspNetCore.Routing.EndpointMiddleware|CorrelationId=|Executing endpoint 'SmartLoan.Api.Controllers.AuthController.Login (SmartLoan.Api)' 
2026-08-25 18:18:24.1384|Info|Microsoft.AspNetCore.Mvc.Infrastructure.ControllerActionInvoker|CorrelationId=|Route matched with {action = "Login", controller = "Auth"}. Executing controller action with signature System.Threading.Tasks.Task`1[Microsoft.AspNetCore.Mvc.ActionResult`1[SmartLoan.Application.Users.LoginResponse]] Login(SmartLoan.Application.Users.LoginCommand) on controller SmartLoan.Api.Controllers.AuthController (SmartLoan.Api). 
2026-08-25 18:18:24.1384|Info|SmartLoan.Application.Common.Behaviors.LoggingBehavior|CorrelationId=|smartloan Request:LoginCommand starting... 
2026-08-25 18:18:24.1384|Info|Microsoft.EntityFrameworkCore.Database.Command|CorrelationId=|Executed DbCommand (1ms) [Parameters=[@request_Email='?', @request_Password='?'], CommandType='Text', CommandTimeout='30']
SELECT u."Id", u."Email", u."FullName", u."PasswordHash", u."Role"
FROM "Users" AS u
WHERE u."Email" = @request_Email AND u."PasswordHash" = @request_Password
LIMIT 1 
2026-08-25 18:18:24.1384|Info|SmartLoan.Application.Common.Behaviors.LoggingBehavior|CorrelationId=|Smarloan Request:LoginCommand finished in 2ms 
2026-08-25 18:18:24.1384|Info|Microsoft.AspNetCore.Mvc.Infrastructure.ObjectResultExecutor|CorrelationId=|Executing OkObjectResult, writing value of type 'SmartLoan.Application.Users.LoginResponse'. 
2026-08-25 18:18:24.1384|Info|Microsoft.AspNetCore.Mvc.Infrastructure.ControllerActionInvoker|CorrelationId=|Executed action SmartLoan.Api.Controllers.AuthController.Login (SmartLoan.Api) in 3.3493ms 
2026-08-25 18:18:24.1384|Info|Microsoft.AspNetCore.Routing.EndpointMiddleware|CorrelationId=|Executed endpoint 'SmartLoan.Api.Controllers.AuthController.Login (SmartLoan.Api)' 
2026-08-25 18:18:24.1384|Info|Microsoft.AspNetCore.Hosting.Diagnostics|CorrelationId=|Request finished HTTP/1.1 POST http://localhost:5176/api/v1/Auth/login - 200 - application/json;+charset=utf-8 4.7251ms 
2026-08-25 18:18:35.9376|Info|Microsoft.AspNetCore.Hosting.Diagnostics|CorrelationId=|Request starting HTTP/1.1 POST http://localhost:5176/api/v1/Auth/login - application/json 58 
2026-08-25 18:18:35.9376|Info|Microsoft.AspNetCore.Hosting.Diagnostics|CorrelationId=|Request finished HTTP/1.1 POST http://localhost:5176/api/v1/Auth/login - 429 0 - 0.3035ms 
2026-08-25 18:18:36.8213|Info|Microsoft.AspNetCore.Hosting.Diagnostics|CorrelationId=|Request starting HTTP/1.1 POST http://localhost:5176/api/v1/Auth/login - application/json 58 
2026-08-25 18:18:36.8213|Info|Microsoft.AspNetCore.Hosting.Diagnostics|CorrelationId=|Request finished HTTP/1.1 POST http://localhost:5176/api/v1/Auth/login - 429 0 - 0.2235ms 
2026-08-25 18:18:37.0169|Info|Microsoft.AspNetCore.Hosting.Diagnostics|CorrelationId=|Request starting HTTP/1.1 POST http://localhost:5176/api/v1/Auth/login - application/json 58 
2026-08-25 18:18:37.0169|Info|Microsoft.AspNetCore.Hosting.Diagnostics|CorrelationId=|Request finished HTTP/1.1 POST http://localhost:5176/api/v1/Auth/login - 429 0 - 1.6982ms 
2026-08-25 18:18:37.2112|Info|Microsoft.AspNetCore.Hosting.Diagnostics|CorrelationId=|Request starting HTTP/1.1 POST http://localhost:5176/api/v1/Auth/login - application/json 58 
2026-08-25 18:18:37.2112|Info|Microsoft.AspNetCore.Hosting.Diagnostics|CorrelationId=|Request finished HTTP/1.1 POST http://localhost:5176/api/v1/Auth/login - 429 0 - 0.1946ms 
2026-08-25 18:18:37.4415|Info|Microsoft.AspNetCore.Hosting.Diagnostics|CorrelationId=|Request starting HTTP/1.1 POST http://localhost:5176/api/v1/Auth/login - application/json 58 
2026-08-25 18:18:37.4415|Info|Microsoft.AspNetCore.Hosting.Diagnostics|CorrelationId=|Request finished HTTP/1.1 POST http://localhost:5176/api/v1/Auth/login - 429 0 - 2.1981ms 
2026-08-25 18:18:37.7037|Info|Microsoft.AspNetCore.Hosting.Diagnostics|CorrelationId=|Request starting HTTP/1.1 POST http://localhost:5176/api/v1/Auth/login - application/json 58 
2026-08-25 18:18:37.7037|Info|Microsoft.AspNetCore.Hosting.Diagnostics|CorrelationId=|Request finished HTTP/1.1 POST http://localhost:5176/api/v1/Auth/login - 429 0 - 0.2092ms 
2026-08-25 18:18:37.9297|Info|Microsoft.AspNetCore.Hosting.Diagnostics|CorrelationId=|Request starting HTTP/1.1 POST http://localhost:5176/api/v1/Auth/login - application/json 58 
2026-08-25 18:18:37.9297|Info|Microsoft.AspNetCore.Hosting.Diagnostics|CorrelationId=|Request finished HTTP/1.1 POST http://localhost:5176/api/v1/Auth/login - 429 0 - 0.1637ms 
2026-08-25 18:18:38.5770|Info|Microsoft.AspNetCore.Hosting.Diagnostics|CorrelationId=|Request starting HTTP/1.1 POST http://localhost:5176/api/v1/Auth/login - application/json 58 
2026-08-25 18:18:38.5770|Info|Microsoft.AspNetCore.Cors.Infrastructure.CorsService|CorrelationId=|CORS policy execution successful. 
2026-08-25 18:18:38.5770|Info|Microsoft.AspNetCore.Routing.EndpointMiddleware|CorrelationId=|Executing endpoint 'SmartLoan.Api.Controllers.AuthController.Login (SmartLoan.Api)' 
2026-08-25 18:18:38.5770|Info|Microsoft.AspNetCore.Mvc.Infrastructure.ControllerActionInvoker|CorrelationId=|Route matched with {action = "Login", controller = "Auth"}. Executing controller action with signature System.Threading.Tasks.Task`1[Microsoft.AspNetCore.Mvc.ActionResult`1[SmartLoan.Application.Users.LoginResponse]] Login(SmartLoan.Application.Users.LoginCommand) on controller SmartLoan.Api.Controllers.AuthController (SmartLoan.Api). 
2026-08-25 18:18:38.5770|Info|SmartLoan.Application.Common.Behaviors.LoggingBehavior|CorrelationId=|smartloan Request:LoginCommand starting... 
2026-08-25 18:18:38.5770|Info|Microsoft.EntityFrameworkCore.Database.Command|CorrelationId=|Executed DbCommand (1ms) [Parameters=[@request_Email='?', @request_Password='?'], CommandType='Text', CommandTimeout='30']
SELECT u."Id", u."Email", u."FullName", u."PasswordHash", u."Role"
FROM "Users" AS u
WHERE u."Email" = @request_Email AND u."PasswordHash" = @request_Password
LIMIT 1 
2026-08-25 18:18:38.5770|Info|Microsoft.AspNetCore.Mvc.Infrastructure.ControllerActionInvoker|CorrelationId=|Executed action SmartLoan.Api.Controllers.AuthController.Login (SmartLoan.Api) in 2.9456ms 
2026-08-25 18:18:38.5770|Info|Microsoft.AspNetCore.Routing.EndpointMiddleware|CorrelationId=|Executed endpoint 'SmartLoan.Api.Controllers.AuthController.Login (SmartLoan.Api)' 
2026-08-25 18:18:38.5770|Error|SmartLoan.Api.Middleware.GlobalExeptionHandle|CorrelationId=|an error occurred:Invalid email or password. SmartLoan.Application.Common.Exceptions.BusinessRuleException: Invalid email or password.
   at SmartLoan.Application.Users.LoginHandler.Handle(LoginCommand request, CancellationToken ct) in D:\isaac\educational purpose only\.net\kyas pro\SmartLoanTracker\SmartLoan.Application\Users\Commands\Login\LoginResponse.cs:line 18
   at SmartLoan.Application.Common.Behaviors.ValidationBehavior`2.Handle(TRequest request, RequestHandlerDelegate`1 next, CancellationToken cancellationToken) in D:\isaac\educational purpose only\.net\kyas pro\SmartLoanTracker\SmartLoan.Application\Common\Behaviors\ValidationBehavior.cs:line 32
   at SmartLoan.Application.Common.Behaviors.LoggingBehavior`2.Handle(TRequest request, RequestHandlerDelegate`1 next, CancellationToken cancellationToken) in D:\isaac\educational purpose only\.net\kyas pro\SmartLoanTracker\SmartLoan.Application\Common\Behaviors\LoggingBehavior.cs:line 14
   at SmartLoan.Api.Controllers.AuthController.Login(LoginCommand command) in D:\isaac\educational purpose only\.net\kyas pro\SmartLoanTracker\SmartLoan.Api\Controllers\AuthController.cs:line 18
   at lambda_method28(Closure, Object)
   at Microsoft.AspNetCore.Mvc.Infrastructure.ActionMethodExecutor.AwaitableObjectResultExecutor.Execute(ActionContext actionContext, IActionResultTypeMapper mapper, ObjectMethodExecutor executor, Object controller, Object[] arguments)
   at Microsoft.AspNetCore.Mvc.Infrastructure.ControllerActionInvoker.<InvokeActionMethodAsync>g__Awaited|12_0(ControllerActionInvoker invoker, ValueTask`1 actionResultValueTask)
   at Microsoft.AspNetCore.Mvc.Infrastructure.ControllerActionInvoker.<InvokeNextActionFilterAsync>g__Awaited|10_0(ControllerActionInvoker invoker, Task lastTask, State next, Scope scope, Object state, Boolean isCompleted)
   at Microsoft.AspNetCore.Mvc.Infrastructure.ControllerActionInvoker.Rethrow(ActionExecutedContextSealed context)
   at Microsoft.AspNetCore.Mvc.Infrastructure.ControllerActionInvoker.Next(State& next, Scope& scope, Object& state, Boolean& isCompleted)
   at Microsoft.AspNetCore.Mvc.Infrastructure.ControllerActionInvoker.<InvokeInnerFilterAsync>g__Awaited|13_0(ControllerActionInvoker invoker, Task lastTask, State next, Scope scope, Object state, Boolean isCompleted)
   at Microsoft.AspNetCore.Mvc.Infrastructure.ResourceInvoker.<InvokeFilterPipelineAsync>g__Awaited|20_0(ResourceInvoker invoker, Task lastTask, State next, Scope scope, Object state, Boolean isCompleted)
   at Microsoft.AspNetCore.Mvc.Infrastructure.ResourceInvoker.<InvokeAsync>g__Logged|17_1(ResourceInvoker invoker)
   at Microsoft.AspNetCore.Mvc.Infrastructure.ResourceInvoker.<InvokeAsync>g__Logged|17_1(ResourceInvoker invoker)
   at Microsoft.AspNetCore.Routing.EndpointMiddleware.<Invoke>g__AwaitRequestTask|7_0(Endpoint endpoint, Task requestTask, ILogger logger)
   at Microsoft.AspNetCore.Diagnostics.ExceptionHandlerMiddlewareImpl.<Invoke>g__Awaited|10_0(ExceptionHandlerMiddlewareImpl middleware, HttpContext context, Task task)
2026-08-25 18:18:38.5770|Info|Microsoft.AspNetCore.Hosting.Diagnostics|CorrelationId=|Request finished HTTP/1.1 POST http://localhost:5176/api/v1/Auth/login - 500 - application/json;+charset=utf-8 6.2486ms 
2026-08-25 18:18:38.7856|Info|Microsoft.AspNetCore.Hosting.Diagnostics|CorrelationId=|Request starting HTTP/1.1 POST http://localhost:5176/api/v1/Auth/login - application/json 58 
2026-08-25 18:18:38.7856|Info|Microsoft.AspNetCore.Hosting.Diagnostics|CorrelationId=|Request finished HTTP/1.1 POST http://localhost:5176/api/v1/Auth/login - 429 0 - 0.1550ms 
2026-08-25 18:18:38.9742|Info|Microsoft.AspNetCore.Hosting.Diagnostics|CorrelationId=|Request starting HTTP/1.1 POST http://localhost:5176/api/v1/Auth/login - application/json 58 
2026-08-25 18:18:38.9742|Info|Microsoft.AspNetCore.Hosting.Diagnostics|CorrelationId=|Request finished HTTP/1.1 POST http://localhost:5176/api/v1/Auth/login - 429 0 - 0.1483ms 
2026-08-25 21:22:38.2247|Info|Microsoft.AspNetCore.Hosting.Diagnostics|CorrelationId=|Request starting HTTP/1.1 GET http://localhost:5176/api/v1/Customers - - - 
2026-08-25 21:22:38.2247|Info|Microsoft.AspNetCore.Routing.EndpointMiddleware|CorrelationId=|Executing endpoint 'SmartLoan.Api.Controllers.CustomersController.GetAll (SmartLoan.Api)' 
2026-08-25 21:22:38.2247|Info|Microsoft.AspNetCore.Mvc.Infrastructure.ControllerActionInvoker|CorrelationId=|Route matched with {action = "GetAll", controller = "Customers"}. Executing controller action with signature System.Threading.Tasks.Task`1[Microsoft.AspNetCore.Mvc.ActionResult`1[SmartLoan.Application.Common.PagedResponse`1[SmartLoan.Application.Customers.CustomerDetailsDto]]] GetAll(SmartLoan.Application.Common.PagedRequest) on controller SmartLoan.Api.Controllers.CustomersController (SmartLoan.Api). 
2026-08-25 21:22:38.2247|Info|SmartLoan.Application.Common.Behaviors.LoggingBehavior|CorrelationId=|smartloan Request:GetCustomersQuery starting... 
2026-08-25 21:22:38.2867|Info|Microsoft.EntityFrameworkCore.Database.Command|CorrelationId=|Executed DbCommand (2ms) [Parameters=[], CommandType='Text', CommandTimeout='30']
SELECT count(*)::int
FROM "Customers" AS c
WHERE NOT (c."IsDeleted") 
2026-08-25 21:22:38.2867|Info|Microsoft.EntityFrameworkCore.Database.Command|CorrelationId=|Executed DbCommand (1ms) [Parameters=[@p1='?' (DbType = Int32), @p='?' (DbType = Int32)], CommandType='Text', CommandTimeout='30']
SELECT c."Id", c."FullName", c."Phone", c."Address"
FROM "Customers" AS c
WHERE NOT (c."IsDeleted")
ORDER BY c."FullName"
LIMIT @p1 OFFSET @p 
2026-08-25 21:22:38.2867|Info|SmartLoan.Application.Common.Behaviors.LoggingBehavior|CorrelationId=|Smarloan Request:GetCustomersQuery finished in 60ms 
2026-08-25 21:22:38.2867|Info|Microsoft.AspNetCore.Mvc.Infrastructure.ObjectResultExecutor|CorrelationId=|Executing ObjectResult, writing value of type 'SmartLoan.Application.Common.PagedResponse`1[[SmartLoan.Application.Customers.CustomerDetailsDto, SmartLoan.Application, Version=1.0.0.0, Culture=neutral, PublicKeyToken=null]]'. 
2026-08-25 21:22:38.2867|Info|Microsoft.AspNetCore.Mvc.Infrastructure.ControllerActionInvoker|CorrelationId=|Executed action SmartLoan.Api.Controllers.CustomersController.GetAll (SmartLoan.Api) in 61.9273ms 
2026-08-25 21:22:38.2867|Info|Microsoft.AspNetCore.Routing.EndpointMiddleware|CorrelationId=|Executed endpoint 'SmartLoan.Api.Controllers.CustomersController.GetAll (SmartLoan.Api)' 
2026-08-25 21:22:38.2867|Info|Microsoft.AspNetCore.Hosting.Diagnostics|CorrelationId=|Request finished HTTP/1.1 GET http://localhost:5176/api/v1/Customers - 200 - application/json;+charset=utf-8 64.3667ms 
2026-08-25 21:22:43.6797|Info|Microsoft.AspNetCore.Hosting.Diagnostics|CorrelationId=|Request starting HTTP/1.1 GET http://localhost:5176/.well-known/appspecific/com.chrome.devtools.json - - - 
2026-08-25 21:22:43.6797|Info|Microsoft.AspNetCore.Hosting.Diagnostics|CorrelationId=|Request finished HTTP/1.1 GET http://localhost:5176/.well-known/appspecific/com.chrome.devtools.json - 404 0 - 0.4010ms 
2026-08-25 21:22:43.6797|Info|Microsoft.AspNetCore.Hosting.Diagnostics|CorrelationId=|Request reached the end of the middleware pipeline without being handled by application code. Request path: GET http://localhost:5176/.well-known/appspecific/com.chrome.devtools.json, Response status code: 404 
2026-08-25 21:23:13.6286|Info|Microsoft.AspNetCore.Hosting.Diagnostics|CorrelationId=|Request starting HTTP/1.1 GET http://localhost:5176/scalar/ - - - 
2026-08-25 21:23:13.6286|Info|Microsoft.AspNetCore.Routing.EndpointMiddleware|CorrelationId=|Executing endpoint 'HTTP: GET /scalar/{documentName?}' 
2026-08-25 21:23:13.6286|Info|Microsoft.AspNetCore.Http.Result.ContentResult|CorrelationId=|Write content with HTTP Response ContentType of text/html 
2026-08-25 21:23:13.6286|Info|Microsoft.AspNetCore.Routing.EndpointMiddleware|CorrelationId=|Executed endpoint 'HTTP: GET /scalar/{documentName?}' 
2026-08-25 21:23:13.6286|Info|Microsoft.AspNetCore.Hosting.Diagnostics|CorrelationId=|Request finished HTTP/1.1 GET http://localhost:5176/scalar/ - 200 622 text/html 1.5783ms 
2026-08-25 21:23:13.6636|Info|Microsoft.AspNetCore.Hosting.Diagnostics|CorrelationId=|Request starting HTTP/1.1 GET http://localhost:5176/scalar/scalar.js - - - 
2026-08-25 21:23:13.6636|Info|Microsoft.AspNetCore.Routing.EndpointMiddleware|CorrelationId=|Executing endpoint 'HTTP: GET /scalar/scalar.js' 
2026-08-25 21:23:13.6636|Info|Microsoft.AspNetCore.Http.Result.FileStreamResult|CorrelationId=|Sending file with download name ''. 
2026-08-25 21:23:13.6636|Info|Microsoft.AspNetCore.Routing.EndpointMiddleware|CorrelationId=|Executed endpoint 'HTTP: GET /scalar/scalar.js' 
2026-08-25 21:23:13.6636|Info|Microsoft.AspNetCore.Hosting.Diagnostics|CorrelationId=|Request finished HTTP/1.1 GET http://localhost:5176/scalar/scalar.js - 304 - - 0.5177ms 
2026-08-25 21:23:13.6716|Info|Microsoft.AspNetCore.Hosting.Diagnostics|CorrelationId=|Request starting HTTP/1.1 GET http://localhost:5176/scalar/scalar.aspnetcore.js - - - 
2026-08-25 21:23:13.6716|Info|Microsoft.AspNetCore.Cors.Infrastructure.CorsService|CorrelationId=|CORS policy execution successful. 
2026-08-25 21:23:13.6716|Info|Microsoft.AspNetCore.Routing.EndpointMiddleware|CorrelationId=|Executing endpoint 'HTTP: GET /scalar/scalar.aspnetcore.js' 
2026-08-25 21:23:13.6716|Info|Microsoft.AspNetCore.Http.Result.FileStreamResult|CorrelationId=|Sending file with download name ''. 
2026-08-25 21:23:13.6716|Info|Microsoft.AspNetCore.Routing.EndpointMiddleware|CorrelationId=|Executed endpoint 'HTTP: GET /scalar/scalar.aspnetcore.js' 
2026-08-25 21:23:13.6716|Info|Microsoft.AspNetCore.Hosting.Diagnostics|CorrelationId=|Request finished HTTP/1.1 GET http://localhost:5176/scalar/scalar.aspnetcore.js - 304 - - 5.7569ms 
2026-08-25 21:23:14.0295|Info|Microsoft.AspNetCore.Hosting.Diagnostics|CorrelationId=|Request starting HTTP/1.1 GET http://localhost:5176/openapi/v1.json - - - 
2026-08-25 21:23:14.0295|Info|Microsoft.AspNetCore.Routing.EndpointMiddleware|CorrelationId=|Executing endpoint 'HTTP: GET /openapi/{documentName}.json' 
2026-08-25 21:23:14.0295|Info|Microsoft.AspNetCore.Routing.EndpointMiddleware|CorrelationId=|Executed endpoint 'HTTP: GET /openapi/{documentName}.json' 
2026-08-25 21:23:14.0295|Info|Microsoft.AspNetCore.Hosting.Diagnostics|CorrelationId=|Request finished HTTP/1.1 GET http://localhost:5176/openapi/v1.json - 200 - application/json;charset=utf-8 7.4798ms 
2026-08-25 21:23:18.4359|Info|Microsoft.AspNetCore.Hosting.Diagnostics|CorrelationId=|Request starting HTTP/1.1 GET http://localhost:5176/api/v1/Customers - - - 
2026-08-25 21:23:18.4359|Info|Microsoft.AspNetCore.Routing.EndpointMiddleware|CorrelationId=|Executing endpoint 'SmartLoan.Api.Controllers.CustomersController.GetAll (SmartLoan.Api)' 
2026-08-25 21:23:18.4359|Info|Microsoft.AspNetCore.Mvc.Infrastructure.ControllerActionInvoker|CorrelationId=|Route matched with {action = "GetAll", controller = "Customers"}. Executing controller action with signature System.Threading.Tasks.Task`1[Microsoft.AspNetCore.Mvc.ActionResult`1[SmartLoan.Application.Common.PagedResponse`1[SmartLoan.Application.Customers.CustomerDetailsDto]]] GetAll(SmartLoan.Application.Common.PagedRequest) on controller SmartLoan.Api.Controllers.CustomersController (SmartLoan.Api). 
2026-08-25 21:23:18.4359|Info|SmartLoan.Application.Common.Behaviors.LoggingBehavior|CorrelationId=|smartloan Request:GetCustomersQuery starting... 
2026-08-25 21:23:18.4359|Info|Microsoft.EntityFrameworkCore.Database.Command|CorrelationId=|Executed DbCommand (1ms) [Parameters=[], CommandType='Text', CommandTimeout='30']
SELECT count(*)::int
FROM "Customers" AS c
WHERE NOT (c."IsDeleted") 
2026-08-25 21:23:18.4359|Info|Microsoft.EntityFrameworkCore.Database.Command|CorrelationId=|Executed DbCommand (1ms) [Parameters=[@p1='?' (DbType = Int32), @p='?' (DbType = Int32)], CommandType='Text', CommandTimeout='30']
SELECT c."Id", c."FullName", c."Phone", c."Address"
FROM "Customers" AS c
WHERE NOT (c."IsDeleted")
ORDER BY c."FullName"
LIMIT @p1 OFFSET @p 
2026-08-25 21:23:18.4359|Info|SmartLoan.Application.Common.Behaviors.LoggingBehavior|CorrelationId=|Smarloan Request:GetCustomersQuery finished in 3ms 
2026-08-25 21:23:18.4359|Info|Microsoft.AspNetCore.Mvc.Infrastructure.ObjectResultExecutor|CorrelationId=|Executing ObjectResult, writing value of type 'SmartLoan.Application.Common.PagedResponse`1[[SmartLoan.Application.Customers.CustomerDetailsDto, SmartLoan.Application, Version=1.0.0.0, Culture=neutral, PublicKeyToken=null]]'. 
2026-08-25 21:23:18.4359|Info|Microsoft.AspNetCore.Mvc.Infrastructure.ControllerActionInvoker|CorrelationId=|Executed action SmartLoan.Api.Controllers.CustomersController.GetAll (SmartLoan.Api) in 3.7071ms 
2026-08-25 21:23:18.4359|Info|Microsoft.AspNetCore.Routing.EndpointMiddleware|CorrelationId=|Executed endpoint 'SmartLoan.Api.Controllers.CustomersController.GetAll (SmartLoan.Api)' 
2026-08-25 21:23:18.4359|Info|Microsoft.AspNetCore.Hosting.Diagnostics|CorrelationId=|Request finished HTTP/1.1 GET http://localhost:5176/api/v1/Customers - 200 - application/json;+charset=utf-8 4.6391ms 
2026-08-25 21:23:23.0188|Info|Microsoft.AspNetCore.Hosting.Diagnostics|CorrelationId=|Request starting HTTP/1.1 GET http://localhost:5176/.well-known/appspecific/com.chrome.devtools.json - - - 
2026-08-25 21:23:23.0188|Info|Microsoft.AspNetCore.Hosting.Diagnostics|CorrelationId=|Request finished HTTP/1.1 GET http://localhost:5176/.well-known/appspecific/com.chrome.devtools.json - 404 0 - 0.5018ms 
2026-08-25 21:23:23.0188|Info|Microsoft.AspNetCore.Hosting.Diagnostics|CorrelationId=|Request reached the end of the middleware pipeline without being handled by application code. Request path: GET http://localhost:5176/.well-known/appspecific/com.chrome.devtools.json, Response status code: 404 
2026-08-25 21:42:26.4923|Info|Microsoft.AspNetCore.Hosting.Diagnostics|CorrelationId=|Request starting HTTP/1.1 GET http://localhost:5176/api/v1/Customers - - - 
2026-08-25 21:42:26.4923|Info|Microsoft.AspNetCore.Routing.EndpointMiddleware|CorrelationId=|Executing endpoint 'SmartLoan.Api.Controllers.CustomersController.GetAll (SmartLoan.Api)' 
2026-08-25 21:42:26.4923|Info|Microsoft.AspNetCore.Mvc.Infrastructure.ControllerActionInvoker|CorrelationId=|Route matched with {action = "GetAll", controller = "Customers"}. Executing controller action with signature System.Threading.Tasks.Task`1[Microsoft.AspNetCore.Mvc.ActionResult`1[SmartLoan.Application.Common.PagedResponse`1[SmartLoan.Application.Customers.CustomerDetailsDto]]] GetAll(SmartLoan.Application.Common.PagedRequest) on controller SmartLoan.Api.Controllers.CustomersController (SmartLoan.Api). 
2026-08-25 21:42:26.4923|Info|SmartLoan.Application.Common.Behaviors.LoggingBehavior|CorrelationId=|smartloan Request:GetCustomersQuery starting... 
2026-08-25 21:42:26.5513|Info|Microsoft.EntityFrameworkCore.Database.Command|CorrelationId=|Executed DbCommand (3ms) [Parameters=[], CommandType='Text', CommandTimeout='30']
SELECT count(*)::int
FROM "Customers" AS c
WHERE NOT (c."IsDeleted") 
2026-08-25 21:42:26.5513|Info|Microsoft.EntityFrameworkCore.Database.Command|CorrelationId=|Executed DbCommand (1ms) [Parameters=[@p1='?' (DbType = Int32), @p='?' (DbType = Int32)], CommandType='Text', CommandTimeout='30']
SELECT c."Id", c."FullName", c."Phone", c."Address"
FROM "Customers" AS c
WHERE NOT (c."IsDeleted")
ORDER BY c."FullName"
LIMIT @p1 OFFSET @p 
2026-08-25 21:42:26.5513|Info|SmartLoan.Application.Common.Behaviors.LoggingBehavior|CorrelationId=|Smarloan Request:GetCustomersQuery finished in 59ms 
2026-08-25 21:42:26.5513|Info|Microsoft.AspNetCore.Mvc.Infrastructure.ObjectResultExecutor|CorrelationId=|Executing ObjectResult, writing value of type 'SmartLoan.Application.Common.PagedResponse`1[[SmartLoan.Application.Customers.CustomerDetailsDto, SmartLoan.Application, Version=1.0.0.0, Culture=neutral, PublicKeyToken=null]]'. 
2026-08-25 21:42:26.5513|Info|Microsoft.AspNetCore.Mvc.Infrastructure.ControllerActionInvoker|CorrelationId=|Executed action SmartLoan.Api.Controllers.CustomersController.GetAll (SmartLoan.Api) in 60.577ms 
2026-08-25 21:42:26.5513|Info|Microsoft.AspNetCore.Routing.EndpointMiddleware|CorrelationId=|Executed endpoint 'SmartLoan.Api.Controllers.CustomersController.GetAll (SmartLoan.Api)' 
2026-08-25 21:42:26.5513|Info|Microsoft.AspNetCore.Hosting.Diagnostics|CorrelationId=|Request finished HTTP/1.1 GET http://localhost:5176/api/v1/Customers - 200 - application/json;+charset=utf-8 61.9801ms 
2026-08-25 21:44:06.3582|Info|Microsoft.AspNetCore.Hosting.Diagnostics|CorrelationId=|Request starting HTTP/1.1 GET http://localhost:5176/api/v1/Customers - - - 
2026-08-25 21:44:06.3582|Info|Microsoft.AspNetCore.Routing.EndpointMiddleware|CorrelationId=|Executing endpoint 'SmartLoan.Api.Controllers.CustomersController.GetAll (SmartLoan.Api)' 
2026-08-25 21:44:06.3582|Info|Microsoft.AspNetCore.Mvc.Infrastructure.ControllerActionInvoker|CorrelationId=|Route matched with {action = "GetAll", controller = "Customers"}. Executing controller action with signature System.Threading.Tasks.Task`1[Microsoft.AspNetCore.Mvc.ActionResult`1[SmartLoan.Application.Common.PagedResponse`1[SmartLoan.Application.Customers.CustomerDetailsDto]]] GetAll(SmartLoan.Application.Common.PagedRequest) on controller SmartLoan.Api.Controllers.CustomersController (SmartLoan.Api). 
2026-08-25 21:44:06.3582|Info|SmartLoan.Application.Common.Behaviors.LoggingBehavior|CorrelationId=|smartloan Request:GetCustomersQuery starting... 
2026-08-25 21:44:06.3582|Info|Microsoft.EntityFrameworkCore.Database.Command|CorrelationId=|Executed DbCommand (1ms) [Parameters=[], CommandType='Text', CommandTimeout='30']
SELECT count(*)::int
FROM "Customers" AS c
WHERE NOT (c."IsDeleted") 
2026-08-25 21:44:06.3582|Info|Microsoft.EntityFrameworkCore.Database.Command|CorrelationId=|Executed DbCommand (0ms) [Parameters=[@p1='?' (DbType = Int32), @p='?' (DbType = Int32)], CommandType='Text', CommandTimeout='30']
SELECT c."Id", c."FullName", c."Phone", c."Address"
FROM "Customers" AS c
WHERE NOT (c."IsDeleted")
ORDER BY c."FullName"
LIMIT @p1 OFFSET @p 
2026-08-25 21:44:06.3582|Info|SmartLoan.Application.Common.Behaviors.LoggingBehavior|CorrelationId=|Smarloan Request:GetCustomersQuery finished in 2ms 
2026-08-25 21:44:06.3582|Info|Microsoft.AspNetCore.Mvc.Infrastructure.ObjectResultExecutor|CorrelationId=|Executing ObjectResult, writing value of type 'SmartLoan.Application.Common.PagedResponse`1[[SmartLoan.Application.Customers.CustomerDetailsDto, SmartLoan.Application, Version=1.0.0.0, Culture=neutral, PublicKeyToken=null]]'. 
2026-08-25 21:44:06.3582|Info|Microsoft.AspNetCore.Mvc.Infrastructure.ControllerActionInvoker|CorrelationId=|Executed action SmartLoan.Api.Controllers.CustomersController.GetAll (SmartLoan.Api) in 3.2883ms 
2026-08-25 21:44:06.3582|Info|Microsoft.AspNetCore.Routing.EndpointMiddleware|CorrelationId=|Executed endpoint 'SmartLoan.Api.Controllers.CustomersController.GetAll (SmartLoan.Api)' 
2026-08-25 21:44:06.3582|Info|Microsoft.AspNetCore.Hosting.Diagnostics|CorrelationId=|Request finished HTTP/1.1 GET http://localhost:5176/api/v1/Customers - 200 - application/json;+charset=utf-8 4.2500ms 
2026-08-25 21:44:57.1761|Info|Microsoft.AspNetCore.Hosting.Diagnostics|CorrelationId=|Request starting HTTP/1.1 GET http://localhost:5176/scalar/ - - - 
2026-08-25 21:44:57.1761|Info|Microsoft.AspNetCore.Routing.EndpointMiddleware|CorrelationId=|Executing endpoint 'HTTP: GET /scalar/{documentName?}' 
2026-08-25 21:44:57.1761|Info|Microsoft.AspNetCore.Http.Result.ContentResult|CorrelationId=|Write content with HTTP Response ContentType of text/html 
2026-08-25 21:44:57.1761|Info|Microsoft.AspNetCore.Routing.EndpointMiddleware|CorrelationId=|Executed endpoint 'HTTP: GET /scalar/{documentName?}' 
2026-08-25 21:44:57.1761|Info|Microsoft.AspNetCore.Hosting.Diagnostics|CorrelationId=|Request finished HTTP/1.1 GET http://localhost:5176/scalar/ - 200 622 text/html 1.4162ms 
2026-08-25 21:44:57.2154|Info|Microsoft.AspNetCore.Hosting.Diagnostics|CorrelationId=|Request starting HTTP/1.1 GET http://localhost:5176/scalar/scalar.js - - - 
2026-08-25 21:44:57.2154|Info|Microsoft.AspNetCore.Routing.EndpointMiddleware|CorrelationId=|Executing endpoint 'HTTP: GET /scalar/scalar.js' 
2026-08-25 21:44:57.2154|Info|Microsoft.AspNetCore.Http.Result.FileStreamResult|CorrelationId=|Sending file with download name ''. 
2026-08-25 21:44:57.2154|Info|Microsoft.AspNetCore.Hosting.Diagnostics|CorrelationId=|Request starting HTTP/1.1 GET http://localhost:5176/scalar/scalar.aspnetcore.js - - - 
2026-08-25 21:44:57.2154|Info|Microsoft.AspNetCore.Routing.EndpointMiddleware|CorrelationId=|Executed endpoint 'HTTP: GET /scalar/scalar.js' 
2026-08-25 21:44:57.2164|Info|Microsoft.AspNetCore.Hosting.Diagnostics|CorrelationId=|Request finished HTTP/1.1 GET http://localhost:5176/scalar/scalar.js - 304 - - 0.9984ms 
2026-08-25 21:44:57.2164|Info|Microsoft.AspNetCore.Cors.Infrastructure.CorsService|CorrelationId=|CORS policy execution successful. 
2026-08-25 21:44:57.2164|Info|Microsoft.AspNetCore.Routing.EndpointMiddleware|CorrelationId=|Executing endpoint 'HTTP: GET /scalar/scalar.aspnetcore.js' 
2026-08-25 21:44:57.2164|Info|Microsoft.AspNetCore.Http.Result.FileStreamResult|CorrelationId=|Sending file with download name ''. 
2026-08-25 21:44:57.2164|Info|Microsoft.AspNetCore.Routing.EndpointMiddleware|CorrelationId=|Executed endpoint 'HTTP: GET /scalar/scalar.aspnetcore.js' 
2026-08-25 21:44:57.2164|Info|Microsoft.AspNetCore.Hosting.Diagnostics|CorrelationId=|Request finished HTTP/1.1 GET http://localhost:5176/scalar/scalar.aspnetcore.js - 304 - - 0.9476ms 
2026-08-25 21:44:57.5696|Info|Microsoft.AspNetCore.Hosting.Diagnostics|CorrelationId=|Request starting HTTP/1.1 GET http://localhost:5176/openapi/v1.json - - - 
2026-08-25 21:44:57.5696|Info|Microsoft.AspNetCore.Routing.EndpointMiddleware|CorrelationId=|Executing endpoint 'HTTP: GET /openapi/{documentName}.json' 
2026-08-25 21:44:57.5801|Info|Microsoft.AspNetCore.Routing.EndpointMiddleware|CorrelationId=|Executed endpoint 'HTTP: GET /openapi/{documentName}.json' 
2026-08-25 21:44:57.5801|Info|Microsoft.AspNetCore.Hosting.Diagnostics|CorrelationId=|Request finished HTTP/1.1 GET http://localhost:5176/openapi/v1.json - 200 - application/json;charset=utf-8 11.0988ms 
2026-08-25 21:44:58.2409|Info|Microsoft.AspNetCore.Hosting.Diagnostics|CorrelationId=|Request starting HTTP/1.1 GET http://localhost:5176/scalar/favicon.svg - - - 
2026-08-25 21:44:58.2409|Info|Microsoft.AspNetCore.Routing.EndpointMiddleware|CorrelationId=|Executing endpoint 'HTTP: GET /scalar/favicon.svg' 
2026-08-25 21:44:58.2409|Info|Microsoft.AspNetCore.Http.Result.FileStreamResult|CorrelationId=|Sending file with download name ''. 
2026-08-25 21:44:58.2409|Info|Microsoft.AspNetCore.Routing.EndpointMiddleware|CorrelationId=|Executed endpoint 'HTTP: GET /scalar/favicon.svg' 
2026-08-25 21:44:58.2409|Info|Microsoft.AspNetCore.Hosting.Diagnostics|CorrelationId=|Request finished HTTP/1.1 GET http://localhost:5176/scalar/favicon.svg - 304 - - 0.5714ms 
2026-08-25 21:45:08.4019|Info|Microsoft.AspNetCore.Hosting.Diagnostics|CorrelationId=|Request starting HTTP/1.1 GET http://localhost:5176/api/v1/Customers - - - 
2026-08-25 21:45:08.4019|Info|Microsoft.AspNetCore.Routing.EndpointMiddleware|CorrelationId=|Executing endpoint 'SmartLoan.Api.Controllers.CustomersController.GetAll (SmartLoan.Api)' 
2026-08-25 21:45:08.4019|Info|Microsoft.AspNetCore.Mvc.Infrastructure.ControllerActionInvoker|CorrelationId=|Route matched with {action = "GetAll", controller = "Customers"}. Executing controller action with signature System.Threading.Tasks.Task`1[Microsoft.AspNetCore.Mvc.ActionResult`1[SmartLoan.Application.Common.PagedResponse`1[SmartLoan.Application.Customers.CustomerDetailsDto]]] GetAll(SmartLoan.Application.Common.PagedRequest) on controller SmartLoan.Api.Controllers.CustomersController (SmartLoan.Api). 
2026-08-25 21:45:08.4034|Info|SmartLoan.Application.Common.Behaviors.LoggingBehavior|CorrelationId=|smartloan Request:GetCustomersQuery starting... 
2026-08-25 21:45:08.4034|Info|Microsoft.EntityFrameworkCore.Database.Command|CorrelationId=|Executed DbCommand (1ms) [Parameters=[], CommandType='Text', CommandTimeout='30']
SELECT count(*)::int
FROM "Customers" AS c
WHERE NOT (c."IsDeleted") 
2026-08-25 21:45:08.4034|Info|Microsoft.EntityFrameworkCore.Database.Command|CorrelationId=|Executed DbCommand (1ms) [Parameters=[@p1='?' (DbType = Int32), @p='?' (DbType = Int32)], CommandType='Text', CommandTimeout='30']
SELECT c."Id", c."FullName", c."Phone", c."Address"
FROM "Customers" AS c
WHERE NOT (c."IsDeleted")
ORDER BY c."FullName"
LIMIT @p1 OFFSET @p 
2026-08-25 21:45:08.4034|Info|SmartLoan.Application.Common.Behaviors.LoggingBehavior|CorrelationId=|Smarloan Request:GetCustomersQuery finished in 5ms 
2026-08-25 21:45:08.4034|Info|Microsoft.AspNetCore.Mvc.Infrastructure.ObjectResultExecutor|CorrelationId=|Executing ObjectResult, writing value of type 'SmartLoan.Application.Common.PagedResponse`1[[SmartLoan.Application.Customers.CustomerDetailsDto, SmartLoan.Application, Version=1.0.0.0, Culture=neutral, PublicKeyToken=null]]'. 
2026-08-25 21:45:08.4034|Info|Microsoft.AspNetCore.Mvc.Infrastructure.ControllerActionInvoker|CorrelationId=|Executed action SmartLoan.Api.Controllers.CustomersController.GetAll (SmartLoan.Api) in 5.9965ms 
2026-08-25 21:45:08.4034|Info|Microsoft.AspNetCore.Routing.EndpointMiddleware|CorrelationId=|Executed endpoint 'SmartLoan.Api.Controllers.CustomersController.GetAll (SmartLoan.Api)' 
2026-08-25 21:45:08.4034|Info|Microsoft.AspNetCore.Hosting.Diagnostics|CorrelationId=|Request finished HTTP/1.1 GET http://localhost:5176/api/v1/Customers - 200 - application/json;+charset=utf-8 7.6147ms 
2026-08-25 23:18:55.7240|Info|Microsoft.AspNetCore.Hosting.Diagnostics|CorrelationId=|Request starting HTTP/1.1 GET http://localhost:5176/api/v1/Customers - - - 
2026-08-25 23:18:55.7240|Info|Microsoft.AspNetCore.Routing.EndpointMiddleware|CorrelationId=|Executing endpoint 'SmartLoan.Api.Controllers.CustomersController.GetAll (SmartLoan.Api)' 
2026-08-25 23:18:55.7240|Info|Microsoft.AspNetCore.Mvc.Infrastructure.ControllerActionInvoker|CorrelationId=|Route matched with {action = "GetAll", controller = "Customers"}. Executing controller action with signature System.Threading.Tasks.Task`1[Microsoft.AspNetCore.Mvc.ActionResult`1[SmartLoan.Application.Common.PagedResponse`1[SmartLoan.Application.Customers.CustomerDetailsDto]]] GetAll(SmartLoan.Application.Common.PagedRequest) on controller SmartLoan.Api.Controllers.CustomersController (SmartLoan.Api). 
2026-08-25 23:18:55.7240|Info|SmartLoan.Application.Common.Behaviors.LoggingBehavior|CorrelationId=|smartloan Request:GetCustomersQuery starting... 
2026-08-25 23:18:55.7784|Info|Microsoft.EntityFrameworkCore.Database.Command|CorrelationId=|Executed DbCommand (3ms) [Parameters=[], CommandType='Text', CommandTimeout='30']
SELECT count(*)::int
FROM "Customers" AS c
WHERE NOT (c."IsDeleted") 
2026-08-25 23:18:55.7807|Info|Microsoft.EntityFrameworkCore.Database.Command|CorrelationId=|Executed DbCommand (2ms) [Parameters=[@p1='?' (DbType = Int32), @p='?' (DbType = Int32)], CommandType='Text', CommandTimeout='30']
SELECT c."Id", c."FullName", c."Phone", c."Address"
FROM "Customers" AS c
WHERE NOT (c."IsDeleted")
ORDER BY c."FullName"
LIMIT @p1 OFFSET @p 
2026-08-25 23:18:55.7807|Info|SmartLoan.Application.Common.Behaviors.LoggingBehavior|CorrelationId=|Smarloan Request:GetCustomersQuery finished in 55ms 
2026-08-25 23:18:55.7807|Info|Microsoft.AspNetCore.Mvc.Infrastructure.ObjectResultExecutor|CorrelationId=|Executing ObjectResult, writing value of type 'SmartLoan.Application.Common.PagedResponse`1[[SmartLoan.Application.Customers.CustomerDetailsDto, SmartLoan.Application, Version=1.0.0.0, Culture=neutral, PublicKeyToken=null]]'. 
2026-08-25 23:18:55.7807|Info|Microsoft.AspNetCore.Mvc.Infrastructure.ControllerActionInvoker|CorrelationId=|Executed action SmartLoan.Api.Controllers.CustomersController.GetAll (SmartLoan.Api) in 56.5094ms 
2026-08-25 23:18:55.7807|Info|Microsoft.AspNetCore.Routing.EndpointMiddleware|CorrelationId=|Executed endpoint 'SmartLoan.Api.Controllers.CustomersController.GetAll (SmartLoan.Api)' 
2026-08-25 23:18:55.7807|Info|Microsoft.AspNetCore.Hosting.Diagnostics|CorrelationId=|Request finished HTTP/1.1 GET http://localhost:5176/api/v1/Customers - 200 - application/json;+charset=utf-8 57.7391ms 
2026-08-25 23:24:15.7608|Info|Microsoft.Hosting.Lifetime|CorrelationId=|Application is shutting down... 
2026-08-25 23:24:28.0870|Info|Microsoft.AspNetCore.DataProtection.KeyManagement.XmlKeyManager|CorrelationId=|User profile is available. Using 'C:\Users\isaac\AppData\Local\ASP.NET\DataProtection-Keys' as key repository and Windows DPAPI to encrypt keys at rest. 
2026-08-25 23:24:28.1174|Info|SmartLoan.Infrastructure.BackgroundJobs.ReportWorker|CorrelationId=|Report Worker is starting... 
2026-08-25 23:24:28.1953|Info|Microsoft.Hosting.Lifetime|CorrelationId=|Now listening on: http://localhost:5176 
2026-08-25 23:24:28.1953|Info|Microsoft.Hosting.Lifetime|CorrelationId=|Application started. Press Ctrl+C to shut down. 
2026-08-25 23:24:28.1953|Info|Microsoft.Hosting.Lifetime|CorrelationId=|Hosting environment: Development 
2026-08-25 23:24:28.1953|Info|Microsoft.Hosting.Lifetime|CorrelationId=|Content root path: D:\isaac\educational purpose only\.net\kyas pro\SmartLoanTracker\SmartLoan.Api 
2026-08-25 23:24:48.5592|Info|Microsoft.AspNetCore.Hosting.Diagnostics|CorrelationId=|Request starting HTTP/1.1 GET http://localhost:5176/scalar/ - - - 
2026-08-25 23:24:48.6109|Warn|Microsoft.AspNetCore.HttpsPolicy.HttpsRedirectionMiddleware|CorrelationId=88460024-61d2-4257-98c9-cd2098eb37f6|Failed to determine the https port for redirect. 
2026-08-25 23:24:48.6109|Info|Microsoft.AspNetCore.Routing.EndpointMiddleware|CorrelationId=88460024-61d2-4257-98c9-cd2098eb37f6|Executing endpoint 'HTTP: GET /scalar/{documentName?}' 
2026-08-25 23:24:48.7479|Info|Microsoft.AspNetCore.Http.Result.ContentResult|CorrelationId=88460024-61d2-4257-98c9-cd2098eb37f6|Write content with HTTP Response ContentType of text/html 
2026-08-25 23:24:48.7529|Info|Microsoft.AspNetCore.Routing.EndpointMiddleware|CorrelationId=88460024-61d2-4257-98c9-cd2098eb37f6|Executed endpoint 'HTTP: GET /scalar/{documentName?}' 
2026-08-25 23:24:48.7529|Info|Microsoft.AspNetCore.Hosting.Diagnostics|CorrelationId=|Request finished HTTP/1.1 GET http://localhost:5176/scalar/ - 200 622 text/html 198.7101ms 
2026-08-25 23:24:48.7945|Info|Microsoft.AspNetCore.Hosting.Diagnostics|CorrelationId=|Request starting HTTP/1.1 GET http://localhost:5176/scalar/scalar.aspnetcore.js - - - 
2026-08-25 23:24:48.7945|Info|Microsoft.AspNetCore.Hosting.Diagnostics|CorrelationId=|Request starting HTTP/1.1 GET http://localhost:5176/scalar/scalar.js - - - 
2026-08-25 23:24:48.7979|Info|Microsoft.AspNetCore.Routing.EndpointMiddleware|CorrelationId=0f64009e-7d94-43fb-9163-94b94ddd7d14|Executing endpoint 'HTTP: GET /scalar/scalar.js' 
2026-08-25 23:24:48.7979|Info|Microsoft.AspNetCore.Cors.Infrastructure.CorsService|CorrelationId=57102797-20fe-4ad1-bec9-dfc00595fdb3|CORS policy execution successful. 
2026-08-25 23:24:48.7979|Info|Microsoft.AspNetCore.Routing.EndpointMiddleware|CorrelationId=57102797-20fe-4ad1-bec9-dfc00595fdb3|Executing endpoint 'HTTP: GET /scalar/scalar.aspnetcore.js' 
2026-08-25 23:24:48.7979|Info|Microsoft.AspNetCore.Http.Result.FileStreamResult|CorrelationId=57102797-20fe-4ad1-bec9-dfc00595fdb3|Sending file with download name ''. 
2026-08-25 23:24:48.7979|Info|Microsoft.AspNetCore.Routing.EndpointMiddleware|CorrelationId=57102797-20fe-4ad1-bec9-dfc00595fdb3|Executed endpoint 'HTTP: GET /scalar/scalar.aspnetcore.js' 
2026-08-25 23:24:48.7979|Info|Microsoft.AspNetCore.Http.Result.FileStreamResult|CorrelationId=0f64009e-7d94-43fb-9163-94b94ddd7d14|Sending file with download name ''. 
2026-08-25 23:24:48.7979|Info|Microsoft.AspNetCore.Hosting.Diagnostics|CorrelationId=|Request finished HTTP/1.1 GET http://localhost:5176/scalar/scalar.aspnetcore.js - 304 - - 12.3406ms 
2026-08-25 23:24:48.7979|Info|Microsoft.AspNetCore.Routing.EndpointMiddleware|CorrelationId=0f64009e-7d94-43fb-9163-94b94ddd7d14|Executed endpoint 'HTTP: GET /scalar/scalar.js' 
2026-08-25 23:24:48.7979|Info|Microsoft.AspNetCore.Hosting.Diagnostics|CorrelationId=|Request finished HTTP/1.1 GET http://localhost:5176/scalar/scalar.js - 304 - - 12.7459ms 
2026-08-25 23:24:49.2168|Info|Microsoft.AspNetCore.Hosting.Diagnostics|CorrelationId=|Request starting HTTP/1.1 GET http://localhost:5176/openapi/v1.json - - - 
2026-08-25 23:24:49.2213|Info|Microsoft.AspNetCore.Routing.EndpointMiddleware|CorrelationId=3aa71d7d-f5d0-4641-aba5-47c8c23c6e49|Executing endpoint 'HTTP: GET /openapi/{documentName}.json' 
2026-08-25 23:24:49.3922|Info|Microsoft.AspNetCore.Hosting.Diagnostics|CorrelationId=|Request starting HTTP/1.1 GET http://localhost:5176/scalar/favicon.svg - - - 
2026-08-25 23:24:49.3922|Info|Microsoft.AspNetCore.Routing.EndpointMiddleware|CorrelationId=8ff9d413-d836-4547-9eca-c326850c572b|Executing endpoint 'HTTP: GET /scalar/favicon.svg' 
2026-08-25 23:24:49.3922|Info|Microsoft.AspNetCore.Http.Result.FileStreamResult|CorrelationId=8ff9d413-d836-4547-9eca-c326850c572b|Sending file with download name ''. 
2026-08-25 23:24:49.3922|Info|Microsoft.AspNetCore.Routing.EndpointMiddleware|CorrelationId=8ff9d413-d836-4547-9eca-c326850c572b|Executed endpoint 'HTTP: GET /scalar/favicon.svg' 
2026-08-25 23:24:49.3922|Info|Microsoft.AspNetCore.Hosting.Diagnostics|CorrelationId=|Request finished HTTP/1.1 GET http://localhost:5176/scalar/favicon.svg - 304 - - 2.1737ms 
2026-08-25 23:24:49.4759|Info|Microsoft.AspNetCore.Routing.EndpointMiddleware|CorrelationId=3aa71d7d-f5d0-4641-aba5-47c8c23c6e49|Executed endpoint 'HTTP: GET /openapi/{documentName}.json' 
2026-08-25 23:24:49.4759|Info|Microsoft.AspNetCore.Hosting.Diagnostics|CorrelationId=|Request finished HTTP/1.1 GET http://localhost:5176/openapi/v1.json - 200 - application/json;charset=utf-8 262.3353ms 
2026-08-25 23:24:54.9557|Info|Microsoft.AspNetCore.Hosting.Diagnostics|CorrelationId=|Request starting HTTP/1.1 GET http://localhost:5176/api/v1/Customers - - - 
2026-08-25 23:24:54.9557|Info|Microsoft.AspNetCore.Routing.EndpointMiddleware|CorrelationId=365d41c6-b2c0-436c-b18b-70a9767bc88c|Executing endpoint 'SmartLoan.Api.Controllers.CustomersController.GetAll (SmartLoan.Api)' 
2026-08-25 23:24:54.9908|Info|Microsoft.AspNetCore.Mvc.Infrastructure.ControllerActionInvoker|CorrelationId=365d41c6-b2c0-436c-b18b-70a9767bc88c|Route matched with {action = "GetAll", controller = "Customers"}. Executing controller action with signature System.Threading.Tasks.Task`1[Microsoft.AspNetCore.Mvc.ActionResult`1[SmartLoan.Application.Common.PagedResponse`1[SmartLoan.Application.Customers.CustomerDetailsDto]]] GetAll(SmartLoan.Application.Common.PagedRequest) on controller SmartLoan.Api.Controllers.CustomersController (SmartLoan.Api). 
2026-08-25 23:24:55.0021|Warn|LuckyPennySoftware.MediatR.License|CorrelationId=365d41c6-b2c0-436c-b18b-70a9767bc88c|You do not have a valid license key for the Lucky Penny software MediatR. This is allowed for development and testing scenarios. If you are running in production you are required to have a licensed version. Please visit https://luckypennysoftware.com to obtain a valid license. 
2026-08-25 23:24:55.0021|Info|SmartLoan.Application.Common.Behaviors.LoggingBehavior|CorrelationId=365d41c6-b2c0-436c-b18b-70a9767bc88c|smartloan Request:GetCustomersQuery starting... 
2026-08-25 23:24:55.5808|Warn|Microsoft.EntityFrameworkCore.Model.Validation|CorrelationId=365d41c6-b2c0-436c-b18b-70a9767bc88c|Entity 'LoanApplication' has a global query filter defined and is the required end of a relationship with the entity 'Payment'. This may lead to unexpected results when the required entity is filtered out. Either configure the navigation as optional, or define matching query filters for both entities in the navigation. See https://go.microsoft.com/fwlink/?linkid=2131316 for more information. 
2026-08-25 23:24:56.2070|Info|Microsoft.EntityFrameworkCore.Database.Command|CorrelationId=365d41c6-b2c0-436c-b18b-70a9767bc88c|Executed DbCommand (21ms) [Parameters=[], CommandType='Text', CommandTimeout='30']
SELECT count(*)::int
FROM "Customers" AS c
WHERE NOT (c."IsDeleted") 
2026-08-25 23:24:56.3590|Info|Microsoft.EntityFrameworkCore.Database.Command|CorrelationId=365d41c6-b2c0-436c-b18b-70a9767bc88c|Executed DbCommand (12ms) [Parameters=[@p1='?' (DbType = Int32), @p='?' (DbType = Int32)], CommandType='Text', CommandTimeout='30']
SELECT c."Id", c."FullName", c."Phone", c."Address"
FROM "Customers" AS c
WHERE NOT (c."IsDeleted")
ORDER BY c."FullName"
LIMIT @p1 OFFSET @p 
2026-08-25 23:24:56.3590|Info|SmartLoan.Application.Common.Behaviors.LoggingBehavior|CorrelationId=365d41c6-b2c0-436c-b18b-70a9767bc88c|Smarloan Request:GetCustomersQuery finished in 1352ms 
2026-08-25 23:24:56.3590|Info|Microsoft.AspNetCore.Mvc.Infrastructure.ObjectResultExecutor|CorrelationId=365d41c6-b2c0-436c-b18b-70a9767bc88c|Executing ObjectResult, writing value of type 'SmartLoan.Application.Common.PagedResponse`1[[SmartLoan.Application.Customers.CustomerDetailsDto, SmartLoan.Application, Version=1.0.0.0, Culture=neutral, PublicKeyToken=null]]'. 
2026-08-25 23:24:56.3886|Info|Microsoft.AspNetCore.Mvc.Infrastructure.ControllerActionInvoker|CorrelationId=365d41c6-b2c0-436c-b18b-70a9767bc88c|Executed action SmartLoan.Api.Controllers.CustomersController.GetAll (SmartLoan.Api) in 1389.0881ms 
2026-08-25 23:24:56.3886|Info|Microsoft.AspNetCore.Routing.EndpointMiddleware|CorrelationId=365d41c6-b2c0-436c-b18b-70a9767bc88c|Executed endpoint 'SmartLoan.Api.Controllers.CustomersController.GetAll (SmartLoan.Api)' 
2026-08-25 23:24:56.3965|Info|Microsoft.AspNetCore.Hosting.Diagnostics|CorrelationId=|Request finished HTTP/1.1 GET http://localhost:5176/api/v1/Customers - 200 - application/json;+charset=utf-8 1440.6643ms 
2026-08-25 23:58:33.4086|Warn|Microsoft.EntityFrameworkCore.Model.Validation|CorrelationId=|Entity 'LoanApplication' has a global query filter defined and is the required end of a relationship with the entity 'Payment'. This may lead to unexpected results when the required entity is filtered out. Either configure the navigation as optional, or define matching query filters for both entities in the navigation. See https://go.microsoft.com/fwlink/?linkid=2131316 for more information. 
2026-08-25 23:58:33.8750|Info|Microsoft.EntityFrameworkCore.Database.Command|CorrelationId=|Executed DbCommand (26ms) [Parameters=[], CommandType='Text', CommandTimeout='30']
SELECT "MigrationId", "ProductVersion"
FROM "__EFMigrationsHistory"
ORDER BY "MigrationId"; 
2026-08-25 23:58:34.0678|Warn|Microsoft.EntityFrameworkCore.Model.Validation|CorrelationId=|Entity 'LoanApplication' has a global query filter defined and is the required end of a relationship with the entity 'Payment'. This may lead to unexpected results when the required entity is filtered out. Either configure the navigation as optional, or define matching query filters for both entities in the navigation. See https://go.microsoft.com/fwlink/?linkid=2131316 for more information. 
2026-08-25 23:59:25.5777|Warn|Microsoft.EntityFrameworkCore.Model.Validation|CorrelationId=|Entity 'LoanApplication' has a global query filter defined and is the required end of a relationship with the entity 'Payment'. This may lead to unexpected results when the required entity is filtered out. Either configure the navigation as optional, or define matching query filters for both entities in the navigation. See https://go.microsoft.com/fwlink/?linkid=2131316 for more information. 
2026-08-25 23:59:26.0341|Info|Microsoft.EntityFrameworkCore.Database.Command|CorrelationId=|Executed DbCommand (20ms) [Parameters=[], CommandType='Text', CommandTimeout='30']
SELECT "MigrationId", "ProductVersion"
FROM "__EFMigrationsHistory"
ORDER BY "MigrationId"; 
2026-08-25 23:59:26.1701|Warn|Microsoft.EntityFrameworkCore.Model.Validation|CorrelationId=|Entity 'LoanApplication' has a global query filter defined and is the required end of a relationship with the entity 'Payment'. This may lead to unexpected results when the required entity is filtered out. Either configure the navigation as optional, or define matching query filters for both entities in the navigation. See https://go.microsoft.com/fwlink/?linkid=2131316 for more information. 
