2026-08-27 03:31:25.7451|Info|Microsoft.AspNetCore.Hosting.Diagnostics|CorrelationId=|Request starting HTTP/1.1 POST http://localhost:5176/api/v1/auth/login - application/json 49 
2026-08-27 03:31:27.8102|Info|Microsoft.AspNetCore.Cors.Infrastructure.CorsService|CorrelationId=559073f6-1e20-4c53-8979-2d65b0b6bc60|CORS policy execution failed. 
2026-08-27 03:31:27.8102|Info|Microsoft.AspNetCore.Cors.Infrastructure.CorsService|CorrelationId=559073f6-1e20-4c53-8979-2d65b0b6bc60|Request origin http://localhost:4200 does not have permission to access the resource. 
2026-08-27 03:31:27.8102|Warn|Microsoft.AspNetCore.HttpsPolicy.HttpsRedirectionMiddleware|CorrelationId=559073f6-1e20-4c53-8979-2d65b0b6bc60|Failed to determine the https port for redirect. 
2026-08-27 03:31:27.8145|Info|Microsoft.AspNetCore.Routing.EndpointMiddleware|CorrelationId=559073f6-1e20-4c53-8979-2d65b0b6bc60|Executing endpoint 'SmartLoan.Api.Controllers.AuthController.Login (SmartLoan.Api)' 
2026-08-27 03:31:27.8425|Info|Microsoft.AspNetCore.Mvc.Infrastructure.ControllerActionInvoker|CorrelationId=559073f6-1e20-4c53-8979-2d65b0b6bc60|Route matched with {action = "Login", controller = "Auth"}. Executing controller action with signature System.Threading.Tasks.Task`1[Microsoft.AspNetCore.Mvc.ActionResult`1[SmartLoan.Application.Users.LoginResponse]] Login(SmartLoan.Application.Users.LoginCommand) on controller SmartLoan.Api.Controllers.AuthController (SmartLoan.Api). 
2026-08-27 03:31:27.8685|Warn|LuckyPennySoftware.MediatR.License|CorrelationId=559073f6-1e20-4c53-8979-2d65b0b6bc60|You do not have a valid license key for the Lucky Penny software MediatR. This is allowed for development and testing scenarios. If you are running in production you are required to have a licensed version. Please visit https://luckypennysoftware.com to obtain a valid license. 
2026-08-27 03:31:27.9132|Info|Microsoft.AspNetCore.Mvc.Infrastructure.ObjectResultExecutor|CorrelationId=559073f6-1e20-4c53-8979-2d65b0b6bc60|Executing BadRequestObjectResult, writing value of type 'Microsoft.AspNetCore.Mvc.ValidationProblemDetails'. 
2026-08-27 03:31:27.9499|Info|Microsoft.AspNetCore.Mvc.Infrastructure.ControllerActionInvoker|CorrelationId=559073f6-1e20-4c53-8979-2d65b0b6bc60|Executed action SmartLoan.Api.Controllers.AuthController.Login (SmartLoan.Api) in 97.673ms 
2026-08-27 03:31:27.9499|Info|Microsoft.AspNetCore.Routing.EndpointMiddleware|CorrelationId=559073f6-1e20-4c53-8979-2d65b0b6bc60|Executed endpoint 'SmartLoan.Api.Controllers.AuthController.Login (SmartLoan.Api)' 
2026-08-27 03:31:27.9499|Info|Microsoft.AspNetCore.Hosting.Diagnostics|CorrelationId=|Request finished HTTP/1.1 POST http://localhost:5176/api/v1/auth/login - 400 - application/problem+json;+charset=utf-8 2212.5800ms 
2026-08-27 03:36:07.9125|Info|Microsoft.Hosting.Lifetime|CorrelationId=|Application is shutting down... 
2026-08-27 03:36:20.5830|Info|Microsoft.AspNetCore.DataProtection.KeyManagement.XmlKeyManager|CorrelationId=|User profile is available. Using 'C:\Users\isaac\AppData\Local\ASP.NET\DataProtection-Keys' as key repository and Windows DPAPI to encrypt keys at rest. 
2026-08-27 03:36:20.6112|Info|SmartLoan.Infrastructure.BackgroundJobs.ReportWorker|CorrelationId=|Report Worker is starting... 
2026-08-27 03:36:20.7009|Info|Microsoft.Hosting.Lifetime|CorrelationId=|Now listening on: http://localhost:5176 
2026-08-27 03:36:20.7009|Info|Microsoft.Hosting.Lifetime|CorrelationId=|Application started. Press Ctrl+C to shut down. 
2026-08-27 03:36:20.7009|Info|Microsoft.Hosting.Lifetime|CorrelationId=|Hosting environment: Development 
2026-08-27 03:36:20.7009|Info|Microsoft.Hosting.Lifetime|CorrelationId=|Content root path: D:\isaac\educational purpose only\.net\kyas pro\SmartLoanTracker\SmartLoan.Api 
2026-08-27 03:36:59.3106|Info|Microsoft.AspNetCore.Hosting.Diagnostics|CorrelationId=|Request starting HTTP/1.1 POST http://localhost:5176/api/v1/auth/login - application/json 49 
2026-08-27 03:36:59.3971|Info|Microsoft.AspNetCore.Cors.Infrastructure.CorsService|CorrelationId=d1f79897-0c1c-419c-8bfe-1ee6f29bb6f0|CORS policy execution failed. 
2026-08-27 03:36:59.3971|Info|Microsoft.AspNetCore.Cors.Infrastructure.CorsService|CorrelationId=d1f79897-0c1c-419c-8bfe-1ee6f29bb6f0|Request origin http://localhost:4200 does not have permission to access the resource. 
2026-08-27 03:36:59.3971|Warn|Microsoft.AspNetCore.HttpsPolicy.HttpsRedirectionMiddleware|CorrelationId=d1f79897-0c1c-419c-8bfe-1ee6f29bb6f0|Failed to determine the https port for redirect. 
2026-08-27 03:36:59.3971|Info|Microsoft.AspNetCore.Routing.EndpointMiddleware|CorrelationId=d1f79897-0c1c-419c-8bfe-1ee6f29bb6f0|Executing endpoint 'SmartLoan.Api.Controllers.AuthController.Login (SmartLoan.Api)' 
2026-08-27 03:36:59.4182|Info|Microsoft.AspNetCore.Mvc.Infrastructure.ControllerActionInvoker|CorrelationId=d1f79897-0c1c-419c-8bfe-1ee6f29bb6f0|Route matched with {action = "Login", controller = "Auth"}. Executing controller action with signature System.Threading.Tasks.Task`1[Microsoft.AspNetCore.Mvc.ActionResult`1[SmartLoan.Application.Users.LoginResponse]] Login(SmartLoan.Application.Users.LoginCommand) on controller SmartLoan.Api.Controllers.AuthController (SmartLoan.Api). 
2026-08-27 03:36:59.4398|Warn|LuckyPennySoftware.MediatR.License|CorrelationId=d1f79897-0c1c-419c-8bfe-1ee6f29bb6f0|You do not have a valid license key for the Lucky Penny software MediatR. This is allowed for development and testing scenarios. If you are running in production you are required to have a licensed version. Please visit https://luckypennysoftware.com to obtain a valid license. 
2026-08-27 03:36:59.4751|Info|Microsoft.AspNetCore.Mvc.Infrastructure.ObjectResultExecutor|CorrelationId=d1f79897-0c1c-419c-8bfe-1ee6f29bb6f0|Executing BadRequestObjectResult, writing value of type 'Microsoft.AspNetCore.Mvc.ValidationProblemDetails'. 
2026-08-27 03:36:59.5142|Info|Microsoft.AspNetCore.Mvc.Infrastructure.ControllerActionInvoker|CorrelationId=d1f79897-0c1c-419c-8bfe-1ee6f29bb6f0|Executed action SmartLoan.Api.Controllers.AuthController.Login (SmartLoan.Api) in 86.8222ms 
2026-08-27 03:36:59.5142|Info|Microsoft.AspNetCore.Routing.EndpointMiddleware|CorrelationId=d1f79897-0c1c-419c-8bfe-1ee6f29bb6f0|Executed endpoint 'SmartLoan.Api.Controllers.AuthController.Login (SmartLoan.Api)' 
2026-08-27 03:36:59.5142|Info|Microsoft.AspNetCore.Hosting.Diagnostics|CorrelationId=|Request finished HTTP/1.1 POST http://localhost:5176/api/v1/auth/login - 400 - application/problem+json;+charset=utf-8 210.1151ms 
2026-08-27 03:38:47.3759|Info|Microsoft.AspNetCore.Hosting.Diagnostics|CorrelationId=|Request starting HTTP/1.1 POST http://localhost:5176/api/v1/auth/login - application/json 49 
2026-08-27 03:38:47.3762|Info|Microsoft.AspNetCore.Cors.Infrastructure.CorsService|CorrelationId=9cec06d2-ce8d-4895-8be0-23bc41ad2fa2|CORS policy execution failed. 
2026-08-27 03:38:47.3762|Info|Microsoft.AspNetCore.Cors.Infrastructure.CorsService|CorrelationId=9cec06d2-ce8d-4895-8be0-23bc41ad2fa2|Request origin http://localhost:4200 does not have permission to access the resource. 
2026-08-27 03:38:47.3762|Info|Microsoft.AspNetCore.Routing.EndpointMiddleware|CorrelationId=9cec06d2-ce8d-4895-8be0-23bc41ad2fa2|Executing endpoint 'SmartLoan.Api.Controllers.AuthController.Login (SmartLoan.Api)' 
2026-08-27 03:38:47.3762|Info|Microsoft.AspNetCore.Mvc.Infrastructure.ControllerActionInvoker|CorrelationId=9cec06d2-ce8d-4895-8be0-23bc41ad2fa2|Route matched with {action = "Login", controller = "Auth"}. Executing controller action with signature System.Threading.Tasks.Task`1[Microsoft.AspNetCore.Mvc.ActionResult`1[SmartLoan.Application.Users.LoginResponse]] Login(SmartLoan.Application.Users.LoginCommand) on controller SmartLoan.Api.Controllers.AuthController (SmartLoan.Api). 
2026-08-27 03:38:47.3762|Info|Microsoft.AspNetCore.Mvc.Infrastructure.ObjectResultExecutor|CorrelationId=9cec06d2-ce8d-4895-8be0-23bc41ad2fa2|Executing BadRequestObjectResult, writing value of type 'Microsoft.AspNetCore.Mvc.ValidationProblemDetails'. 
2026-08-27 03:38:47.3762|Info|Microsoft.AspNetCore.Mvc.Infrastructure.ControllerActionInvoker|CorrelationId=9cec06d2-ce8d-4895-8be0-23bc41ad2fa2|Executed action SmartLoan.Api.Controllers.AuthController.Login (SmartLoan.Api) in 2.8846ms 
2026-08-27 03:38:47.3762|Info|Microsoft.AspNetCore.Routing.EndpointMiddleware|CorrelationId=9cec06d2-ce8d-4895-8be0-23bc41ad2fa2|Executed endpoint 'SmartLoan.Api.Controllers.AuthController.Login (SmartLoan.Api)' 
2026-08-27 03:38:47.3762|Info|Microsoft.AspNetCore.Hosting.Diagnostics|CorrelationId=|Request finished HTTP/1.1 POST http://localhost:5176/api/v1/auth/login - 400 - application/problem+json;+charset=utf-8 11.7129ms 
2026-08-27 03:38:50.2276|Info|Microsoft.AspNetCore.Hosting.Diagnostics|CorrelationId=|Request starting HTTP/1.1 POST http://localhost:5176/api/v1/auth/login - application/json 49 
2026-08-27 03:38:50.2392|Info|Microsoft.AspNetCore.Cors.Infrastructure.CorsService|CorrelationId=c7cf3266-cc94-47f9-ba04-3c6ca8b7c08b|CORS policy execution failed. 
2026-08-27 03:38:50.2392|Info|Microsoft.AspNetCore.Cors.Infrastructure.CorsService|CorrelationId=c7cf3266-cc94-47f9-ba04-3c6ca8b7c08b|Request origin http://localhost:4200 does not have permission to access the resource. 
2026-08-27 03:38:50.2392|Info|Microsoft.AspNetCore.Routing.EndpointMiddleware|CorrelationId=c7cf3266-cc94-47f9-ba04-3c6ca8b7c08b|Executing endpoint 'SmartLoan.Api.Controllers.AuthController.Login (SmartLoan.Api)' 
2026-08-27 03:38:50.2392|Info|Microsoft.AspNetCore.Mvc.Infrastructure.ControllerActionInvoker|CorrelationId=c7cf3266-cc94-47f9-ba04-3c6ca8b7c08b|Route matched with {action = "Login", controller = "Auth"}. Executing controller action with signature System.Threading.Tasks.Task`1[Microsoft.AspNetCore.Mvc.ActionResult`1[SmartLoan.Application.Users.LoginResponse]] Login(SmartLoan.Application.Users.LoginCommand) on controller SmartLoan.Api.Controllers.AuthController (SmartLoan.Api). 
2026-08-27 03:38:50.2392|Info|Microsoft.AspNetCore.Mvc.Infrastructure.ObjectResultExecutor|CorrelationId=c7cf3266-cc94-47f9-ba04-3c6ca8b7c08b|Executing BadRequestObjectResult, writing value of type 'Microsoft.AspNetCore.Mvc.ValidationProblemDetails'. 
2026-08-27 03:38:50.2392|Info|Microsoft.AspNetCore.Mvc.Infrastructure.ControllerActionInvoker|CorrelationId=c7cf3266-cc94-47f9-ba04-3c6ca8b7c08b|Executed action SmartLoan.Api.Controllers.AuthController.Login (SmartLoan.Api) in 3.491ms 
2026-08-27 03:38:50.2392|Info|Microsoft.AspNetCore.Routing.EndpointMiddleware|CorrelationId=c7cf3266-cc94-47f9-ba04-3c6ca8b7c08b|Executed endpoint 'SmartLoan.Api.Controllers.AuthController.Login (SmartLoan.Api)' 
2026-08-27 03:38:50.2392|Info|Microsoft.AspNetCore.Hosting.Diagnostics|CorrelationId=|Request finished HTTP/1.1 POST http://localhost:5176/api/v1/auth/login - 400 - application/problem+json;+charset=utf-8 16.6300ms 
2026-08-27 03:38:51.1192|Info|Microsoft.AspNetCore.Hosting.Diagnostics|CorrelationId=|Request starting HTTP/1.1 POST http://localhost:5176/api/v1/auth/login - application/json 49 
2026-08-27 03:38:51.1192|Info|Microsoft.AspNetCore.Cors.Infrastructure.CorsService|CorrelationId=2842e87d-efc7-4876-a662-e1aa50172cb1|CORS policy execution failed. 
2026-08-27 03:38:51.1192|Info|Microsoft.AspNetCore.Cors.Infrastructure.CorsService|CorrelationId=2842e87d-efc7-4876-a662-e1aa50172cb1|Request origin http://localhost:4200 does not have permission to access the resource. 
2026-08-27 03:38:51.1192|Info|Microsoft.AspNetCore.Routing.EndpointMiddleware|CorrelationId=2842e87d-efc7-4876-a662-e1aa50172cb1|Executing endpoint 'SmartLoan.Api.Controllers.AuthController.Login (SmartLoan.Api)' 
2026-08-27 03:38:51.1192|Info|Microsoft.AspNetCore.Mvc.Infrastructure.ControllerActionInvoker|CorrelationId=2842e87d-efc7-4876-a662-e1aa50172cb1|Route matched with {action = "Login", controller = "Auth"}. Executing controller action with signature System.Threading.Tasks.Task`1[Microsoft.AspNetCore.Mvc.ActionResult`1[SmartLoan.Application.Users.LoginResponse]] Login(SmartLoan.Application.Users.LoginCommand) on controller SmartLoan.Api.Controllers.AuthController (SmartLoan.Api). 
2026-08-27 03:38:51.1192|Info|Microsoft.AspNetCore.Mvc.Infrastructure.ObjectResultExecutor|CorrelationId=2842e87d-efc7-4876-a662-e1aa50172cb1|Executing BadRequestObjectResult, writing value of type 'Microsoft.AspNetCore.Mvc.ValidationProblemDetails'. 
2026-08-27 03:38:51.1192|Info|Microsoft.AspNetCore.Mvc.Infrastructure.ControllerActionInvoker|CorrelationId=2842e87d-efc7-4876-a662-e1aa50172cb1|Executed action SmartLoan.Api.Controllers.AuthController.Login (SmartLoan.Api) in 0.6299ms 
2026-08-27 03:38:51.1192|Info|Microsoft.AspNetCore.Routing.EndpointMiddleware|CorrelationId=2842e87d-efc7-4876-a662-e1aa50172cb1|Executed endpoint 'SmartLoan.Api.Controllers.AuthController.Login (SmartLoan.Api)' 
2026-08-27 03:38:51.1192|Info|Microsoft.AspNetCore.Hosting.Diagnostics|CorrelationId=|Request finished HTTP/1.1 POST http://localhost:5176/api/v1/auth/login - 400 - application/problem+json;+charset=utf-8 2.0234ms 
2026-08-27 03:38:52.1149|Info|Microsoft.AspNetCore.Hosting.Diagnostics|CorrelationId=|Request starting HTTP/1.1 POST http://localhost:5176/api/v1/auth/login - application/json 49 
2026-08-27 03:38:52.1149|Info|Microsoft.AspNetCore.Cors.Infrastructure.CorsService|CorrelationId=20e355be-7cce-43ac-a252-7b865e656dbb|CORS policy execution failed. 
2026-08-27 03:38:52.1149|Info|Microsoft.AspNetCore.Cors.Infrastructure.CorsService|CorrelationId=20e355be-7cce-43ac-a252-7b865e656dbb|Request origin http://localhost:4200 does not have permission to access the resource. 
2026-08-27 03:38:52.1149|Info|Microsoft.AspNetCore.Routing.EndpointMiddleware|CorrelationId=20e355be-7cce-43ac-a252-7b865e656dbb|Executing endpoint 'SmartLoan.Api.Controllers.AuthController.Login (SmartLoan.Api)' 
2026-08-27 03:38:52.1149|Info|Microsoft.AspNetCore.Mvc.Infrastructure.ControllerActionInvoker|CorrelationId=20e355be-7cce-43ac-a252-7b865e656dbb|Route matched with {action = "Login", controller = "Auth"}. Executing controller action with signature System.Threading.Tasks.Task`1[Microsoft.AspNetCore.Mvc.ActionResult`1[SmartLoan.Application.Users.LoginResponse]] Login(SmartLoan.Application.Users.LoginCommand) on controller SmartLoan.Api.Controllers.AuthController (SmartLoan.Api). 
2026-08-27 03:38:52.1149|Info|Microsoft.AspNetCore.Mvc.Infrastructure.ObjectResultExecutor|CorrelationId=20e355be-7cce-43ac-a252-7b865e656dbb|Executing BadRequestObjectResult, writing value of type 'Microsoft.AspNetCore.Mvc.ValidationProblemDetails'. 
2026-08-27 03:38:52.1149|Info|Microsoft.AspNetCore.Mvc.Infrastructure.ControllerActionInvoker|CorrelationId=20e355be-7cce-43ac-a252-7b865e656dbb|Executed action SmartLoan.Api.Controllers.AuthController.Login (SmartLoan.Api) in 1.1771ms 
2026-08-27 03:38:52.1149|Info|Microsoft.AspNetCore.Routing.EndpointMiddleware|CorrelationId=20e355be-7cce-43ac-a252-7b865e656dbb|Executed endpoint 'SmartLoan.Api.Controllers.AuthController.Login (SmartLoan.Api)' 
2026-08-27 03:38:52.1149|Info|Microsoft.AspNetCore.Hosting.Diagnostics|CorrelationId=|Request finished HTTP/1.1 POST http://localhost:5176/api/v1/auth/login - 400 - application/problem+json;+charset=utf-8 4.5692ms 
2026-08-27 03:40:08.2771|Info|Microsoft.AspNetCore.Hosting.Diagnostics|CorrelationId=|Request starting HTTP/1.1 POST http://localhost:5176/api/v1/auth/login - application/json 49 
2026-08-27 03:40:08.2771|Info|Microsoft.AspNetCore.Cors.Infrastructure.CorsService|CorrelationId=69acfa92-7f3f-4f5c-b013-0dc25f3c6452|CORS policy execution failed. 
2026-08-27 03:40:08.2771|Info|Microsoft.AspNetCore.Cors.Infrastructure.CorsService|CorrelationId=69acfa92-7f3f-4f5c-b013-0dc25f3c6452|Request origin http://localhost:4200 does not have permission to access the resource. 
2026-08-27 03:40:08.2771|Info|Microsoft.AspNetCore.Routing.EndpointMiddleware|CorrelationId=69acfa92-7f3f-4f5c-b013-0dc25f3c6452|Executing endpoint 'SmartLoan.Api.Controllers.AuthController.Login (SmartLoan.Api)' 
2026-08-27 03:40:08.2771|Info|Microsoft.AspNetCore.Mvc.Infrastructure.ControllerActionInvoker|CorrelationId=69acfa92-7f3f-4f5c-b013-0dc25f3c6452|Route matched with {action = "Login", controller = "Auth"}. Executing controller action with signature System.Threading.Tasks.Task`1[Microsoft.AspNetCore.Mvc.ActionResult`1[SmartLoan.Application.Users.LoginResponse]] Login(SmartLoan.Application.Users.LoginCommand) on controller SmartLoan.Api.Controllers.AuthController (SmartLoan.Api). 
2026-08-27 03:40:08.2771|Info|Microsoft.AspNetCore.Mvc.Infrastructure.ObjectResultExecutor|CorrelationId=69acfa92-7f3f-4f5c-b013-0dc25f3c6452|Executing BadRequestObjectResult, writing value of type 'Microsoft.AspNetCore.Mvc.ValidationProblemDetails'. 
2026-08-27 03:40:08.2771|Info|Microsoft.AspNetCore.Mvc.Infrastructure.ControllerActionInvoker|CorrelationId=69acfa92-7f3f-4f5c-b013-0dc25f3c6452|Executed action SmartLoan.Api.Controllers.AuthController.Login (SmartLoan.Api) in 0.5681ms 
2026-08-27 03:40:08.2771|Info|Microsoft.AspNetCore.Routing.EndpointMiddleware|CorrelationId=69acfa92-7f3f-4f5c-b013-0dc25f3c6452|Executed endpoint 'SmartLoan.Api.Controllers.AuthController.Login (SmartLoan.Api)' 
2026-08-27 03:40:08.2771|Info|Microsoft.AspNetCore.Hosting.Diagnostics|CorrelationId=|Request finished HTTP/1.1 POST http://localhost:5176/api/v1/auth/login - 400 - application/problem+json;+charset=utf-8 2.7367ms 
2026-08-27 03:40:28.1761|Info|Microsoft.AspNetCore.Hosting.Diagnostics|CorrelationId=|Request starting HTTP/1.1 POST http://localhost:5176/api/v1/auth/login - application/json 49 
2026-08-27 03:40:28.1761|Info|Microsoft.AspNetCore.Cors.Infrastructure.CorsService|CorrelationId=16077beb-5331-4aa9-87e5-d3b57b5f1e7f|CORS policy execution failed. 
2026-08-27 03:40:28.1761|Info|Microsoft.AspNetCore.Cors.Infrastructure.CorsService|CorrelationId=16077beb-5331-4aa9-87e5-d3b57b5f1e7f|Request origin http://localhost:4200 does not have permission to access the resource. 
2026-08-27 03:40:28.1761|Info|Microsoft.AspNetCore.Routing.EndpointMiddleware|CorrelationId=16077beb-5331-4aa9-87e5-d3b57b5f1e7f|Executing endpoint 'SmartLoan.Api.Controllers.AuthController.Login (SmartLoan.Api)' 
2026-08-27 03:40:28.1761|Info|Microsoft.AspNetCore.Mvc.Infrastructure.ControllerActionInvoker|CorrelationId=16077beb-5331-4aa9-87e5-d3b57b5f1e7f|Route matched with {action = "Login", controller = "Auth"}. Executing controller action with signature System.Threading.Tasks.Task`1[Microsoft.AspNetCore.Mvc.ActionResult`1[SmartLoan.Application.Users.LoginResponse]] Login(SmartLoan.Application.Users.LoginCommand) on controller SmartLoan.Api.Controllers.AuthController (SmartLoan.Api). 
2026-08-27 03:40:28.1761|Info|Microsoft.AspNetCore.Mvc.Infrastructure.ObjectResultExecutor|CorrelationId=16077beb-5331-4aa9-87e5-d3b57b5f1e7f|Executing BadRequestObjectResult, writing value of type 'Microsoft.AspNetCore.Mvc.ValidationProblemDetails'. 
2026-08-27 03:40:28.1761|Info|Microsoft.AspNetCore.Mvc.Infrastructure.ControllerActionInvoker|CorrelationId=16077beb-5331-4aa9-87e5-d3b57b5f1e7f|Executed action SmartLoan.Api.Controllers.AuthController.Login (SmartLoan.Api) in 0.6455ms 
2026-08-27 03:40:28.1761|Info|Microsoft.AspNetCore.Routing.EndpointMiddleware|CorrelationId=16077beb-5331-4aa9-87e5-d3b57b5f1e7f|Executed endpoint 'SmartLoan.Api.Controllers.AuthController.Login (SmartLoan.Api)' 
2026-08-27 03:40:28.1761|Info|Microsoft.AspNetCore.Hosting.Diagnostics|CorrelationId=|Request finished HTTP/1.1 POST http://localhost:5176/api/v1/auth/login - 400 - application/problem+json;+charset=utf-8 2.1166ms 
2026-08-27 03:42:17.4077|Info|Microsoft.AspNetCore.Hosting.Diagnostics|CorrelationId=|Request starting HTTP/1.1 POST http://localhost:5176/api/v1/auth/login - application/json 48 
2026-08-27 03:42:17.4077|Info|Microsoft.AspNetCore.Cors.Infrastructure.CorsService|CorrelationId=02311fbc-0da1-4f79-9c5b-4b872c8ff13f|CORS policy execution failed. 
2026-08-27 03:42:17.4077|Info|Microsoft.AspNetCore.Cors.Infrastructure.CorsService|CorrelationId=02311fbc-0da1-4f79-9c5b-4b872c8ff13f|Request origin http://localhost:4200 does not have permission to access the resource. 
2026-08-27 03:42:17.4077|Info|Microsoft.AspNetCore.Routing.EndpointMiddleware|CorrelationId=02311fbc-0da1-4f79-9c5b-4b872c8ff13f|Executing endpoint 'SmartLoan.Api.Controllers.AuthController.Login (SmartLoan.Api)' 
2026-08-27 03:42:17.4077|Info|Microsoft.AspNetCore.Mvc.Infrastructure.ControllerActionInvoker|CorrelationId=02311fbc-0da1-4f79-9c5b-4b872c8ff13f|Route matched with {action = "Login", controller = "Auth"}. Executing controller action with signature System.Threading.Tasks.Task`1[Microsoft.AspNetCore.Mvc.ActionResult`1[SmartLoan.Application.Users.LoginResponse]] Login(SmartLoan.Application.Users.LoginCommand) on controller SmartLoan.Api.Controllers.AuthController (SmartLoan.Api). 
2026-08-27 03:42:17.4077|Info|SmartLoan.Application.Common.Behaviors.LoggingBehavior|CorrelationId=02311fbc-0da1-4f79-9c5b-4b872c8ff13f|smartloan Request:LoginCommand starting... 
2026-08-27 03:42:18.6952|Warn|Microsoft.EntityFrameworkCore.Model.Validation|CorrelationId=02311fbc-0da1-4f79-9c5b-4b872c8ff13f|Entity 'LoanApplication' has a global query filter defined and is the required end of a relationship with the entity 'Payment'. This may lead to unexpected results when the required entity is filtered out. Either configure the navigation as optional, or define matching query filters for both entities in the navigation. See https://go.microsoft.com/fwlink/?linkid=2131316 for more information. 
2026-08-27 03:42:19.3503|Info|Microsoft.EntityFrameworkCore.Database.Command|CorrelationId=02311fbc-0da1-4f79-9c5b-4b872c8ff13f|Executed DbCommand (51ms) [Parameters=[@request_Email='?'], CommandType='Text', CommandTimeout='30']
SELECT u."Id", u."Email", u."FullName", u."PasswordHash", u."RefreshToken", u."RefreshTokenExpiryTime", u."Role"
FROM "Users" AS u
WHERE u."Email" = @request_Email
LIMIT 1 
2026-08-27 03:42:19.4960|Info|Microsoft.AspNetCore.Mvc.Infrastructure.ControllerActionInvoker|CorrelationId=02311fbc-0da1-4f79-9c5b-4b872c8ff13f|Executed action SmartLoan.Api.Controllers.AuthController.Login (SmartLoan.Api) in 2086.3159ms 
2026-08-27 03:42:19.4960|Info|Microsoft.AspNetCore.Routing.EndpointMiddleware|CorrelationId=02311fbc-0da1-4f79-9c5b-4b872c8ff13f|Executed endpoint 'SmartLoan.Api.Controllers.AuthController.Login (SmartLoan.Api)' 
2026-08-27 03:42:19.5018|Error|SmartLoan.Api.Middleware.GlobalExeptionHandle|CorrelationId=02311fbc-0da1-4f79-9c5b-4b872c8ff13f|an error occurred:Invalid salt version BCrypt.Net.SaltParseException: Invalid salt version
   at BCrypt.Net.BCrypt.HashPassword(String inputKey, String salt, Boolean enhancedEntropy, HashType hashType)
   at BCrypt.Net.BCrypt.Verify(String text, String hash, Boolean enhancedEntropy, HashType hashType)
   at SmartLoan.Infrastructure.Identity.IdentityService.VerifyPassword(String password, String hash) in D:\isaac\educational purpose only\.net\kyas pro\SmartLoanTracker\SmartLoan.Infrastructure\Identity\IdentityService.cs:line 44
   at SmartLoan.Application.Users.LoginHandler.Handle(LoginCommand request, CancellationToken ct) in D:\isaac\educational purpose only\.net\kyas pro\SmartLoanTracker\SmartLoan.Application\Users\Commands\Login\LoginResponse.cs:line 16
   at SmartLoan.Application.Common.Behaviors.ValidationBehavior`2.Handle(TRequest request, RequestHandlerDelegate`1 next, CancellationToken cancellationToken) in D:\isaac\educational purpose only\.net\kyas pro\SmartLoanTracker\SmartLoan.Application\Common\Behaviors\ValidationBehavior.cs:line 32
   at SmartLoan.Application.Common.Behaviors.LoggingBehavior`2.Handle(TRequest request, RequestHandlerDelegate`1 next, CancellationToken cancellationToken) in D:\isaac\educational purpose only\.net\kyas pro\SmartLoanTracker\SmartLoan.Application\Common\Behaviors\LoggingBehavior.cs:line 14
   at SmartLoan.Api.Controllers.AuthController.Login(LoginCommand command) in D:\isaac\educational purpose only\.net\kyas pro\SmartLoanTracker\SmartLoan.Api\Controllers\AuthController.cs:line 20
   at lambda_method12(Closure, Object)
   at Microsoft.AspNetCore.Mvc.Infrastructure.ActionMethodExecutor.AwaitableObjectResultExecutor.Execute(ActionContext actionContext, IActionResultTypeMapper mapper, ObjectMethodExecutor executor, Object controller, Object[] arguments)
   at Microsoft.AspNetCore.Mvc.Infrastructure.ControllerActionInvoker.<InvokeActionMethodAsync>g__Awaited|12_0(ControllerActionInvoker invoker, ValueTask`1 actionResultValueTask)
   at Microsoft.AspNetCore.Mvc.Infrastructure.ControllerActionInvoker.<InvokeNextActionFilterAsync>g__Awaited|10_0(ControllerActionInvoker invoker, Task lastTask, State next, Scope scope, Object state, Boolean isCompleted)
   at Microsoft.AspNetCore.Mvc.Infrastructure.ControllerActionInvoker.Rethrow(ActionExecutedContextSealed context)
   at Microsoft.AspNetCore.Mvc.Infrastructure.ControllerActionInvoker.Next(State& next, Scope& scope, Object& state, Boolean& isCompleted)
   at Microsoft.AspNetCore.Mvc.Infrastructure.ControllerActionInvoker.<InvokeInnerFilterAsync>g__Awaited|13_0(ControllerActionInvoker invoker, Task lastTask, State next, Scope scope, Object state, Boolean isCompleted)
   at Microsoft.AspNetCore.Mvc.Infrastructure.ResourceInvoker.<InvokeFilterPipelineAsync>g__Awaited|20_0(ResourceInvoker invoker, Task lastTask, State next, Scope scope, Object state, Boolean isCompleted)
   at Microsoft.AspNetCore.Mvc.Infrastructure.ResourceInvoker.<InvokeAsync>g__Logged|17_1(ResourceInvoker invoker)
   at Microsoft.AspNetCore.Mvc.Infrastructure.ResourceInvoker.<InvokeAsync>g__Logged|17_1(ResourceInvoker invoker)
   at Microsoft.AspNetCore.Routing.EndpointMiddleware.<Invoke>g__AwaitRequestTask|7_0(Endpoint endpoint, Task requestTask, ILogger logger)
   at Microsoft.AspNetCore.Diagnostics.ExceptionHandlerMiddlewareImpl.<Invoke>g__Awaited|10_0(ExceptionHandlerMiddlewareImpl middleware, HttpContext context, Task task)
2026-08-27 03:42:19.5475|Error|Microsoft.AspNetCore.Diagnostics.ExceptionHandlerMiddleware|CorrelationId=02311fbc-0da1-4f79-9c5b-4b872c8ff13f|An exception was thrown attempting to execute the error handler. System.Runtime.CompilerServices.SwitchExpressionException: Non-exhaustive switch expression failed to match its input.
Unmatched value was BCrypt.Net.SaltParseException: Invalid salt version
   at BCrypt.Net.BCrypt.HashPassword(String inputKey, String salt, Boolean enhancedEntropy, HashType hashType)
   at BCrypt.Net.BCrypt.Verify(String text, String hash, Boolean enhancedEntropy, HashType hashType)
   at SmartLoan.Infrastructure.Identity.IdentityService.VerifyPassword(String password, String hash) in D:\isaac\educational purpose only\.net\kyas pro\SmartLoanTracker\SmartLoan.Infrastructure\Identity\IdentityService.cs:line 44
   at SmartLoan.Application.Users.LoginHandler.Handle(LoginCommand request, CancellationToken ct) in D:\isaac\educational purpose only\.net\kyas pro\SmartLoanTracker\SmartLoan.Application\Users\Commands\Login\LoginResponse.cs:line 16
   at SmartLoan.Application.Common.Behaviors.ValidationBehavior`2.Handle(TRequest request, RequestHandlerDelegate`1 next, CancellationToken cancellationToken) in D:\isaac\educational purpose only\.net\kyas pro\SmartLoanTracker\SmartLoan.Application\Common\Behaviors\ValidationBehavior.cs:line 32
   at SmartLoan.Application.Common.Behaviors.LoggingBehavior`2.Handle(TRequest request, RequestHandlerDelegate`1 next, CancellationToken cancellationToken) in D:\isaac\educational purpose only\.net\kyas pro\SmartLoanTracker\SmartLoan.Application\Common\Behaviors\LoggingBehavior.cs:line 14
   at SmartLoan.Api.Controllers.AuthController.Login(LoginCommand command) in D:\isaac\educational purpose only\.net\kyas pro\SmartLoanTracker\SmartLoan.Api\Controllers\AuthController.cs:line 20
   at lambda_method12(Closure, Object)
   at Microsoft.AspNetCore.Mvc.Infrastructure.ActionMethodExecutor.AwaitableObjectResultExecutor.Execute(ActionContext actionContext, IActionResultTypeMapper mapper, ObjectMethodExecutor executor, Object controller, Object[] arguments)
   at Microsoft.AspNetCore.Mvc.Infrastructure.ControllerActionInvoker.<InvokeActionMethodAsync>g__Awaited|12_0(ControllerActionInvoker invoker, ValueTask`1 actionResultValueTask)
   at Microsoft.AspNetCore.Mvc.Infrastructure.ControllerActionInvoker.<InvokeNextActionFilterAsync>g__Awaited|10_0(ControllerActionInvoker invoker, Task lastTask, State next, Scope scope, Object state, Boolean isCompleted)
   at Microsoft.AspNetCore.Mvc.Infrastructure.ControllerActionInvoker.Rethrow(ActionExecutedContextSealed context)
   at Microsoft.AspNetCore.Mvc.Infrastructure.ControllerActionInvoker.Next(State& next, Scope& scope, Object& state, Boolean& isCompleted)
   at Microsoft.AspNetCore.Mvc.Infrastructure.ControllerActionInvoker.<InvokeInnerFilterAsync>g__Awaited|13_0(ControllerActionInvoker invoker, Task lastTask, State next, Scope scope, Object state, Boolean isCompleted)
   at Microsoft.AspNetCore.Mvc.Infrastructure.ResourceInvoker.<InvokeFilterPipelineAsync>g__Awaited|20_0(ResourceInvoker invoker, Task lastTask, State next, Scope scope, Object state, Boolean isCompleted)
   at Microsoft.AspNetCore.Mvc.Infrastructure.ResourceInvoker.<InvokeAsync>g__Logged|17_1(ResourceInvoker invoker)
   at Microsoft.AspNetCore.Mvc.Infrastructure.ResourceInvoker.<InvokeAsync>g__Logged|17_1(ResourceInvoker invoker)
   at Microsoft.AspNetCore.Routing.EndpointMiddleware.<Invoke>g__AwaitRequestTask|7_0(Endpoint endpoint, Task requestTask, ILogger logger)
   at Microsoft.AspNetCore.Diagnostics.ExceptionHandlerMiddlewareImpl.<Invoke>g__Awaited|10_0(ExceptionHandlerMiddlewareImpl middleware, HttpContext context, Task task).
   at <PrivateImplementationDetails>.ThrowSwitchExpressionException(Object unmatchedValue)
   at SmartLoan.Api.Middleware.GlobalExeptionHandle.TryHandleAsync(HttpContext httpContext, Exception exception, CancellationToken cancellationToken) in D:\isaac\educational purpose only\.net\kyas pro\SmartLoanTracker\SmartLoan.Api\Middleware\GlobalExeptionHandle.cs:line 13
   at Microsoft.AspNetCore.Diagnostics.ExceptionHandlerMiddlewareImpl.HandleException(HttpContext context, ExceptionDispatchInfo edi)
2026-08-27 03:42:19.5507|Error|Microsoft.AspNetCore.Diagnostics.ExceptionHandlerMiddleware|CorrelationId=02311fbc-0da1-4f79-9c5b-4b872c8ff13f|An unhandled exception has occurred while executing the request. BCrypt.Net.SaltParseException: Invalid salt version
   at BCrypt.Net.BCrypt.HashPassword(String inputKey, String salt, Boolean enhancedEntropy, HashType hashType)
   at BCrypt.Net.BCrypt.Verify(String text, String hash, Boolean enhancedEntropy, HashType hashType)
   at SmartLoan.Infrastructure.Identity.IdentityService.VerifyPassword(String password, String hash) in D:\isaac\educational purpose only\.net\kyas pro\SmartLoanTracker\SmartLoan.Infrastructure\Identity\IdentityService.cs:line 44
   at SmartLoan.Application.Users.LoginHandler.Handle(LoginCommand request, CancellationToken ct) in D:\isaac\educational purpose only\.net\kyas pro\SmartLoanTracker\SmartLoan.Application\Users\Commands\Login\LoginResponse.cs:line 16
   at SmartLoan.Application.Common.Behaviors.ValidationBehavior`2.Handle(TRequest request, RequestHandlerDelegate`1 next, CancellationToken cancellationToken) in D:\isaac\educational purpose only\.net\kyas pro\SmartLoanTracker\SmartLoan.Application\Common\Behaviors\ValidationBehavior.cs:line 32
   at SmartLoan.Application.Common.Behaviors.LoggingBehavior`2.Handle(TRequest request, RequestHandlerDelegate`1 next, CancellationToken cancellationToken) in D:\isaac\educational purpose only\.net\kyas pro\SmartLoanTracker\SmartLoan.Application\Common\Behaviors\LoggingBehavior.cs:line 14
   at SmartLoan.Api.Controllers.AuthController.Login(LoginCommand command) in D:\isaac\educational purpose only\.net\kyas pro\SmartLoanTracker\SmartLoan.Api\Controllers\AuthController.cs:line 20
   at lambda_method12(Closure, Object)
   at Microsoft.AspNetCore.Mvc.Infrastructure.ActionMethodExecutor.AwaitableObjectResultExecutor.Execute(ActionContext actionContext, IActionResultTypeMapper mapper, ObjectMethodExecutor executor, Object controller, Object[] arguments)
   at Microsoft.AspNetCore.Mvc.Infrastructure.ControllerActionInvoker.<InvokeActionMethodAsync>g__Awaited|12_0(ControllerActionInvoker invoker, ValueTask`1 actionResultValueTask)
   at Microsoft.AspNetCore.Mvc.Infrastructure.ControllerActionInvoker.<InvokeNextActionFilterAsync>g__Awaited|10_0(ControllerActionInvoker invoker, Task lastTask, State next, Scope scope, Object state, Boolean isCompleted)
   at Microsoft.AspNetCore.Mvc.Infrastructure.ControllerActionInvoker.Rethrow(ActionExecutedContextSealed context)
   at Microsoft.AspNetCore.Mvc.Infrastructure.ControllerActionInvoker.Next(State& next, Scope& scope, Object& state, Boolean& isCompleted)
   at Microsoft.AspNetCore.Mvc.Infrastructure.ControllerActionInvoker.<InvokeInnerFilterAsync>g__Awaited|13_0(ControllerActionInvoker invoker, Task lastTask, State next, Scope scope, Object state, Boolean isCompleted)
   at Microsoft.AspNetCore.Mvc.Infrastructure.ResourceInvoker.<InvokeFilterPipelineAsync>g__Awaited|20_0(ResourceInvoker invoker, Task lastTask, State next, Scope scope, Object state, Boolean isCompleted)
   at Microsoft.AspNetCore.Mvc.Infrastructure.ResourceInvoker.<InvokeAsync>g__Logged|17_1(ResourceInvoker invoker)
   at Microsoft.AspNetCore.Mvc.Infrastructure.ResourceInvoker.<InvokeAsync>g__Logged|17_1(ResourceInvoker invoker)
   at Microsoft.AspNetCore.Routing.EndpointMiddleware.<Invoke>g__AwaitRequestTask|7_0(Endpoint endpoint, Task requestTask, ILogger logger)
   at Microsoft.AspNetCore.Diagnostics.ExceptionHandlerMiddlewareImpl.<Invoke>g__Awaited|10_0(ExceptionHandlerMiddlewareImpl middleware, HttpContext context, Task task)
2026-08-27 03:42:19.5507|Error|Microsoft.AspNetCore.Diagnostics.DeveloperExceptionPageMiddleware|CorrelationId=|An unhandled exception has occurred while executing the request. BCrypt.Net.SaltParseException: Invalid salt version
   at BCrypt.Net.BCrypt.HashPassword(String inputKey, String salt, Boolean enhancedEntropy, HashType hashType)
   at BCrypt.Net.BCrypt.Verify(String text, String hash, Boolean enhancedEntropy, HashType hashType)
   at SmartLoan.Infrastructure.Identity.IdentityService.VerifyPassword(String password, String hash) in D:\isaac\educational purpose only\.net\kyas pro\SmartLoanTracker\SmartLoan.Infrastructure\Identity\IdentityService.cs:line 44
   at SmartLoan.Application.Users.LoginHandler.Handle(LoginCommand request, CancellationToken ct) in D:\isaac\educational purpose only\.net\kyas pro\SmartLoanTracker\SmartLoan.Application\Users\Commands\Login\LoginResponse.cs:line 16
   at SmartLoan.Application.Common.Behaviors.ValidationBehavior`2.Handle(TRequest request, RequestHandlerDelegate`1 next, CancellationToken cancellationToken) in D:\isaac\educational purpose only\.net\kyas pro\SmartLoanTracker\SmartLoan.Application\Common\Behaviors\ValidationBehavior.cs:line 32
   at SmartLoan.Application.Common.Behaviors.LoggingBehavior`2.Handle(TRequest request, RequestHandlerDelegate`1 next, CancellationToken cancellationToken) in D:\isaac\educational purpose only\.net\kyas pro\SmartLoanTracker\SmartLoan.Application\Common\Behaviors\LoggingBehavior.cs:line 14
   at SmartLoan.Api.Controllers.AuthController.Login(LoginCommand command) in D:\isaac\educational purpose only\.net\kyas pro\SmartLoanTracker\SmartLoan.Api\Controllers\AuthController.cs:line 20
   at lambda_method12(Closure, Object)
   at Microsoft.AspNetCore.Mvc.Infrastructure.ActionMethodExecutor.AwaitableObjectResultExecutor.Execute(ActionContext actionContext, IActionResultTypeMapper mapper, ObjectMethodExecutor executor, Object controller, Object[] arguments)
   at Microsoft.AspNetCore.Mvc.Infrastructure.ControllerActionInvoker.<InvokeActionMethodAsync>g__Awaited|12_0(ControllerActionInvoker invoker, ValueTask`1 actionResultValueTask)
   at Microsoft.AspNetCore.Mvc.Infrastructure.ControllerActionInvoker.<InvokeNextActionFilterAsync>g__Awaited|10_0(ControllerActionInvoker invoker, Task lastTask, State next, Scope scope, Object state, Boolean isCompleted)
   at Microsoft.AspNetCore.Mvc.Infrastructure.ControllerActionInvoker.Rethrow(ActionExecutedContextSealed context)
   at Microsoft.AspNetCore.Mvc.Infrastructure.ControllerActionInvoker.Next(State& next, Scope& scope, Object& state, Boolean& isCompleted)
   at Microsoft.AspNetCore.Mvc.Infrastructure.ControllerActionInvoker.<InvokeInnerFilterAsync>g__Awaited|13_0(ControllerActionInvoker invoker, Task lastTask, State next, Scope scope, Object state, Boolean isCompleted)
   at Microsoft.AspNetCore.Mvc.Infrastructure.ResourceInvoker.<InvokeFilterPipelineAsync>g__Awaited|20_0(ResourceInvoker invoker, Task lastTask, State next, Scope scope, Object state, Boolean isCompleted)
   at Microsoft.AspNetCore.Mvc.Infrastructure.ResourceInvoker.<InvokeAsync>g__Logged|17_1(ResourceInvoker invoker)
   at Microsoft.AspNetCore.Mvc.Infrastructure.ResourceInvoker.<InvokeAsync>g__Logged|17_1(ResourceInvoker invoker)
   at Microsoft.AspNetCore.Routing.EndpointMiddleware.<Invoke>g__AwaitRequestTask|7_0(Endpoint endpoint, Task requestTask, ILogger logger)
   at Microsoft.AspNetCore.Diagnostics.ExceptionHandlerMiddlewareImpl.<Invoke>g__Awaited|10_0(ExceptionHandlerMiddlewareImpl middleware, HttpContext context, Task task)
   at Microsoft.AspNetCore.Diagnostics.ExceptionHandlerMiddlewareImpl.HandleException(HttpContext context, ExceptionDispatchInfo edi)
   at Microsoft.AspNetCore.Diagnostics.ExceptionHandlerMiddlewareImpl.HandleException(HttpContext context, ExceptionDispatchInfo edi)
   at Microsoft.AspNetCore.Diagnostics.ExceptionHandlerMiddlewareImpl.<Invoke>g__Awaited|10_0(ExceptionHandlerMiddlewareImpl middleware, HttpContext context, Task task)
   at Microsoft.AspNetCore.Authorization.AuthorizationMiddleware.Invoke(HttpContext context)
   at Microsoft.AspNetCore.Authentication.AuthenticationMiddleware.Invoke(HttpContext context)
   at Microsoft.AspNetCore.RateLimiting.RateLimitingMiddleware.InvokeInternal(HttpContext context, EnableRateLimitingAttribute enableRateLimitingAttribute)
   at SmartLoan.Api.Middleware.SecurityHeadersMiddleware.InvokeAsync(HttpContext context) in D:\isaac\educational purpose only\.net\kyas pro\SmartLoanTracker\SmartLoan.Api\Middleware\SecurityHeadersMiddleware.cs:line 25
   at SmartLoan.Api.Middleware.CorrelationIdMiddleware.InvokeAsync(HttpContext context) in D:\isaac\educational purpose only\.net\kyas pro\SmartLoanTracker\SmartLoan.Api\Middleware\CorrelationIdMiddleware.cs:line 13
   at Microsoft.AspNetCore.Diagnostics.DeveloperExceptionPageMiddlewareImpl.Invoke(HttpContext context)
2026-08-27 03:42:19.6291|Info|Microsoft.AspNetCore.Hosting.Diagnostics|CorrelationId=|Request finished HTTP/1.1 POST http://localhost:5176/api/v1/auth/login - 500 - application/problem+json 2221.3079ms 
2026-08-27 03:42:55.6338|Info|Microsoft.AspNetCore.Hosting.Diagnostics|CorrelationId=|Request starting HTTP/1.1 POST http://localhost:5176/api/v1/auth/login - application/json 48 
2026-08-27 03:42:55.6338|Info|Microsoft.AspNetCore.Cors.Infrastructure.CorsService|CorrelationId=b6a7527f-863e-4146-b827-bb121db3c249|CORS policy execution failed. 
2026-08-27 03:42:55.6338|Info|Microsoft.AspNetCore.Cors.Infrastructure.CorsService|CorrelationId=b6a7527f-863e-4146-b827-bb121db3c249|Request origin http://localhost:4200 does not have permission to access the resource. 
2026-08-27 03:42:55.6338|Info|Microsoft.AspNetCore.Routing.EndpointMiddleware|CorrelationId=b6a7527f-863e-4146-b827-bb121db3c249|Executing endpoint 'SmartLoan.Api.Controllers.AuthController.Login (SmartLoan.Api)' 
2026-08-27 03:42:55.6338|Info|Microsoft.AspNetCore.Mvc.Infrastructure.ControllerActionInvoker|CorrelationId=b6a7527f-863e-4146-b827-bb121db3c249|Route matched with {action = "Login", controller = "Auth"}. Executing controller action with signature System.Threading.Tasks.Task`1[Microsoft.AspNetCore.Mvc.ActionResult`1[SmartLoan.Application.Users.LoginResponse]] Login(SmartLoan.Application.Users.LoginCommand) on controller SmartLoan.Api.Controllers.AuthController (SmartLoan.Api). 
2026-08-27 03:42:55.6338|Info|SmartLoan.Application.Common.Behaviors.LoggingBehavior|CorrelationId=b6a7527f-863e-4146-b827-bb121db3c249|smartloan Request:LoginCommand starting... 
2026-08-27 03:42:55.7129|Info|Microsoft.EntityFrameworkCore.Database.Command|CorrelationId=b6a7527f-863e-4146-b827-bb121db3c249|Executed DbCommand (4ms) [Parameters=[@request_Email='?'], CommandType='Text', CommandTimeout='30']
SELECT u."Id", u."Email", u."FullName", u."PasswordHash", u."RefreshToken", u."RefreshTokenExpiryTime", u."Role"
FROM "Users" AS u
WHERE u."Email" = @request_Email
LIMIT 1 
2026-08-27 03:42:55.7129|Info|Microsoft.AspNetCore.Mvc.Infrastructure.ControllerActionInvoker|CorrelationId=b6a7527f-863e-4146-b827-bb121db3c249|Executed action SmartLoan.Api.Controllers.AuthController.Login (SmartLoan.Api) in 78.5765ms 
2026-08-27 03:42:55.7129|Info|Microsoft.AspNetCore.Routing.EndpointMiddleware|CorrelationId=b6a7527f-863e-4146-b827-bb121db3c249|Executed endpoint 'SmartLoan.Api.Controllers.AuthController.Login (SmartLoan.Api)' 
2026-08-27 03:42:55.7129|Error|SmartLoan.Api.Middleware.GlobalExeptionHandle|CorrelationId=b6a7527f-863e-4146-b827-bb121db3c249|an error occurred:Invalid salt version BCrypt.Net.SaltParseException: Invalid salt version
   at BCrypt.Net.BCrypt.HashPassword(String inputKey, String salt, Boolean enhancedEntropy, HashType hashType)
   at BCrypt.Net.BCrypt.Verify(String text, String hash, Boolean enhancedEntropy, HashType hashType)
   at SmartLoan.Infrastructure.Identity.IdentityService.VerifyPassword(String password, String hash) in D:\isaac\educational purpose only\.net\kyas pro\SmartLoanTracker\SmartLoan.Infrastructure\Identity\IdentityService.cs:line 44
   at SmartLoan.Application.Users.LoginHandler.Handle(LoginCommand request, CancellationToken ct) in D:\isaac\educational purpose only\.net\kyas pro\SmartLoanTracker\SmartLoan.Application\Users\Commands\Login\LoginResponse.cs:line 16
   at SmartLoan.Application.Common.Behaviors.ValidationBehavior`2.Handle(TRequest request, RequestHandlerDelegate`1 next, CancellationToken cancellationToken) in D:\isaac\educational purpose only\.net\kyas pro\SmartLoanTracker\SmartLoan.Application\Common\Behaviors\ValidationBehavior.cs:line 32
   at SmartLoan.Application.Common.Behaviors.LoggingBehavior`2.Handle(TRequest request, RequestHandlerDelegate`1 next, CancellationToken cancellationToken) in D:\isaac\educational purpose only\.net\kyas pro\SmartLoanTracker\SmartLoan.Application\Common\Behaviors\LoggingBehavior.cs:line 14
   at SmartLoan.Api.Controllers.AuthController.Login(LoginCommand command) in D:\isaac\educational purpose only\.net\kyas pro\SmartLoanTracker\SmartLoan.Api\Controllers\AuthController.cs:line 20
   at lambda_method12(Closure, Object)
   at Microsoft.AspNetCore.Mvc.Infrastructure.ActionMethodExecutor.AwaitableObjectResultExecutor.Execute(ActionContext actionContext, IActionResultTypeMapper mapper, ObjectMethodExecutor executor, Object controller, Object[] arguments)
   at Microsoft.AspNetCore.Mvc.Infrastructure.ControllerActionInvoker.<InvokeActionMethodAsync>g__Awaited|12_0(ControllerActionInvoker invoker, ValueTask`1 actionResultValueTask)
   at Microsoft.AspNetCore.Mvc.Infrastructure.ControllerActionInvoker.<InvokeNextActionFilterAsync>g__Awaited|10_0(ControllerActionInvoker invoker, Task lastTask, State next, Scope scope, Object state, Boolean isCompleted)
   at Microsoft.AspNetCore.Mvc.Infrastructure.ControllerActionInvoker.Rethrow(ActionExecutedContextSealed context)
   at Microsoft.AspNetCore.Mvc.Infrastructure.ControllerActionInvoker.Next(State& next, Scope& scope, Object& state, Boolean& isCompleted)
   at Microsoft.AspNetCore.Mvc.Infrastructure.ControllerActionInvoker.<InvokeInnerFilterAsync>g__Awaited|13_0(ControllerActionInvoker invoker, Task lastTask, State next, Scope scope, Object state, Boolean isCompleted)
   at Microsoft.AspNetCore.Mvc.Infrastructure.ResourceInvoker.<InvokeFilterPipelineAsync>g__Awaited|20_0(ResourceInvoker invoker, Task lastTask, State next, Scope scope, Object state, Boolean isCompleted)
   at Microsoft.AspNetCore.Mvc.Infrastructure.ResourceInvoker.<InvokeAsync>g__Logged|17_1(ResourceInvoker invoker)
   at Microsoft.AspNetCore.Mvc.Infrastructure.ResourceInvoker.<InvokeAsync>g__Logged|17_1(ResourceInvoker invoker)
   at Microsoft.AspNetCore.Routing.EndpointMiddleware.<Invoke>g__AwaitRequestTask|7_0(Endpoint endpoint, Task requestTask, ILogger logger)
   at Microsoft.AspNetCore.Diagnostics.ExceptionHandlerMiddlewareImpl.<Invoke>g__Awaited|10_0(ExceptionHandlerMiddlewareImpl middleware, HttpContext context, Task task)
2026-08-27 03:42:55.7129|Error|Microsoft.AspNetCore.Diagnostics.ExceptionHandlerMiddleware|CorrelationId=b6a7527f-863e-4146-b827-bb121db3c249|An exception was thrown attempting to execute the error handler. System.Runtime.CompilerServices.SwitchExpressionException: Non-exhaustive switch expression failed to match its input.
Unmatched value was BCrypt.Net.SaltParseException: Invalid salt version
   at BCrypt.Net.BCrypt.HashPassword(String inputKey, String salt, Boolean enhancedEntropy, HashType hashType)
   at BCrypt.Net.BCrypt.Verify(String text, String hash, Boolean enhancedEntropy, HashType hashType)
   at SmartLoan.Infrastructure.Identity.IdentityService.VerifyPassword(String password, String hash) in D:\isaac\educational purpose only\.net\kyas pro\SmartLoanTracker\SmartLoan.Infrastructure\Identity\IdentityService.cs:line 44
   at SmartLoan.Application.Users.LoginHandler.Handle(LoginCommand request, CancellationToken ct) in D:\isaac\educational purpose only\.net\kyas pro\SmartLoanTracker\SmartLoan.Application\Users\Commands\Login\LoginResponse.cs:line 16
   at SmartLoan.Application.Common.Behaviors.ValidationBehavior`2.Handle(TRequest request, RequestHandlerDelegate`1 next, CancellationToken cancellationToken) in D:\isaac\educational purpose only\.net\kyas pro\SmartLoanTracker\SmartLoan.Application\Common\Behaviors\ValidationBehavior.cs:line 32
   at SmartLoan.Application.Common.Behaviors.LoggingBehavior`2.Handle(TRequest request, RequestHandlerDelegate`1 next, CancellationToken cancellationToken) in D:\isaac\educational purpose only\.net\kyas pro\SmartLoanTracker\SmartLoan.Application\Common\Behaviors\LoggingBehavior.cs:line 14
   at SmartLoan.Api.Controllers.AuthController.Login(LoginCommand command) in D:\isaac\educational purpose only\.net\kyas pro\SmartLoanTracker\SmartLoan.Api\Controllers\AuthController.cs:line 20
   at lambda_method12(Closure, Object)
   at Microsoft.AspNetCore.Mvc.Infrastructure.ActionMethodExecutor.AwaitableObjectResultExecutor.Execute(ActionContext actionContext, IActionResultTypeMapper mapper, ObjectMethodExecutor executor, Object controller, Object[] arguments)
   at Microsoft.AspNetCore.Mvc.Infrastructure.ControllerActionInvoker.<InvokeActionMethodAsync>g__Awaited|12_0(ControllerActionInvoker invoker, ValueTask`1 actionResultValueTask)
   at Microsoft.AspNetCore.Mvc.Infrastructure.ControllerActionInvoker.<InvokeNextActionFilterAsync>g__Awaited|10_0(ControllerActionInvoker invoker, Task lastTask, State next, Scope scope, Object state, Boolean isCompleted)
   at Microsoft.AspNetCore.Mvc.Infrastructure.ControllerActionInvoker.Rethrow(ActionExecutedContextSealed context)
   at Microsoft.AspNetCore.Mvc.Infrastructure.ControllerActionInvoker.Next(State& next, Scope& scope, Object& state, Boolean& isCompleted)
   at Microsoft.AspNetCore.Mvc.Infrastructure.ControllerActionInvoker.<InvokeInnerFilterAsync>g__Awaited|13_0(ControllerActionInvoker invoker, Task lastTask, State next, Scope scope, Object state, Boolean isCompleted)
   at Microsoft.AspNetCore.Mvc.Infrastructure.ResourceInvoker.<InvokeFilterPipelineAsync>g__Awaited|20_0(ResourceInvoker invoker, Task lastTask, State next, Scope scope, Object state, Boolean isCompleted)
   at Microsoft.AspNetCore.Mvc.Infrastructure.ResourceInvoker.<InvokeAsync>g__Logged|17_1(ResourceInvoker invoker)
   at Microsoft.AspNetCore.Mvc.Infrastructure.ResourceInvoker.<InvokeAsync>g__Logged|17_1(ResourceInvoker invoker)
   at Microsoft.AspNetCore.Routing.EndpointMiddleware.<Invoke>g__AwaitRequestTask|7_0(Endpoint endpoint, Task requestTask, ILogger logger)
   at Microsoft.AspNetCore.Diagnostics.ExceptionHandlerMiddlewareImpl.<Invoke>g__Awaited|10_0(ExceptionHandlerMiddlewareImpl middleware, HttpContext context, Task task).
   at <PrivateImplementationDetails>.ThrowSwitchExpressionException(Object unmatchedValue)
   at SmartLoan.Api.Middleware.GlobalExeptionHandle.TryHandleAsync(HttpContext httpContext, Exception exception, CancellationToken cancellationToken) in D:\isaac\educational purpose only\.net\kyas pro\SmartLoanTracker\SmartLoan.Api\Middleware\GlobalExeptionHandle.cs:line 13
   at Microsoft.AspNetCore.Diagnostics.ExceptionHandlerMiddlewareImpl.HandleException(HttpContext context, ExceptionDispatchInfo edi)
2026-08-27 03:42:55.7129|Error|Microsoft.AspNetCore.Diagnostics.ExceptionHandlerMiddleware|CorrelationId=b6a7527f-863e-4146-b827-bb121db3c249|An unhandled exception has occurred while executing the request. BCrypt.Net.SaltParseException: Invalid salt version
   at BCrypt.Net.BCrypt.HashPassword(String inputKey, String salt, Boolean enhancedEntropy, HashType hashType)
   at BCrypt.Net.BCrypt.Verify(String text, String hash, Boolean enhancedEntropy, HashType hashType)
   at SmartLoan.Infrastructure.Identity.IdentityService.VerifyPassword(String password, String hash) in D:\isaac\educational purpose only\.net\kyas pro\SmartLoanTracker\SmartLoan.Infrastructure\Identity\IdentityService.cs:line 44
   at SmartLoan.Application.Users.LoginHandler.Handle(LoginCommand request, CancellationToken ct) in D:\isaac\educational purpose only\.net\kyas pro\SmartLoanTracker\SmartLoan.Application\Users\Commands\Login\LoginResponse.cs:line 16
   at SmartLoan.Application.Common.Behaviors.ValidationBehavior`2.Handle(TRequest request, RequestHandlerDelegate`1 next, CancellationToken cancellationToken) in D:\isaac\educational purpose only\.net\kyas pro\SmartLoanTracker\SmartLoan.Application\Common\Behaviors\ValidationBehavior.cs:line 32
   at SmartLoan.Application.Common.Behaviors.LoggingBehavior`2.Handle(TRequest request, RequestHandlerDelegate`1 next, CancellationToken cancellationToken) in D:\isaac\educational purpose only\.net\kyas pro\SmartLoanTracker\SmartLoan.Application\Common\Behaviors\LoggingBehavior.cs:line 14
   at SmartLoan.Api.Controllers.AuthController.Login(LoginCommand command) in D:\isaac\educational purpose only\.net\kyas pro\SmartLoanTracker\SmartLoan.Api\Controllers\AuthController.cs:line 20
   at lambda_method12(Closure, Object)
   at Microsoft.AspNetCore.Mvc.Infrastructure.ActionMethodExecutor.AwaitableObjectResultExecutor.Execute(ActionContext actionContext, IActionResultTypeMapper mapper, ObjectMethodExecutor executor, Object controller, Object[] arguments)
   at Microsoft.AspNetCore.Mvc.Infrastructure.ControllerActionInvoker.<InvokeActionMethodAsync>g__Awaited|12_0(ControllerActionInvoker invoker, ValueTask`1 actionResultValueTask)
   at Microsoft.AspNetCore.Mvc.Infrastructure.ControllerActionInvoker.<InvokeNextActionFilterAsync>g__Awaited|10_0(ControllerActionInvoker invoker, Task lastTask, State next, Scope scope, Object state, Boolean isCompleted)
   at Microsoft.AspNetCore.Mvc.Infrastructure.ControllerActionInvoker.Rethrow(ActionExecutedContextSealed context)
   at Microsoft.AspNetCore.Mvc.Infrastructure.ControllerActionInvoker.Next(State& next, Scope& scope, Object& state, Boolean& isCompleted)
   at Microsoft.AspNetCore.Mvc.Infrastructure.ControllerActionInvoker.<InvokeInnerFilterAsync>g__Awaited|13_0(ControllerActionInvoker invoker, Task lastTask, State next, Scope scope, Object state, Boolean isCompleted)
   at Microsoft.AspNetCore.Mvc.Infrastructure.ResourceInvoker.<InvokeFilterPipelineAsync>g__Awaited|20_0(ResourceInvoker invoker, Task lastTask, State next, Scope scope, Object state, Boolean isCompleted)
   at Microsoft.AspNetCore.Mvc.Infrastructure.ResourceInvoker.<InvokeAsync>g__Logged|17_1(ResourceInvoker invoker)
   at Microsoft.AspNetCore.Mvc.Infrastructure.ResourceInvoker.<InvokeAsync>g__Logged|17_1(ResourceInvoker invoker)
   at Microsoft.AspNetCore.Routing.EndpointMiddleware.<Invoke>g__AwaitRequestTask|7_0(Endpoint endpoint, Task requestTask, ILogger logger)
   at Microsoft.AspNetCore.Diagnostics.ExceptionHandlerMiddlewareImpl.<Invoke>g__Awaited|10_0(ExceptionHandlerMiddlewareImpl middleware, HttpContext context, Task task)
2026-08-27 03:42:55.7129|Error|Microsoft.AspNetCore.Diagnostics.DeveloperExceptionPageMiddleware|CorrelationId=|An unhandled exception has occurred while executing the request. BCrypt.Net.SaltParseException: Invalid salt version
   at BCrypt.Net.BCrypt.HashPassword(String inputKey, String salt, Boolean enhancedEntropy, HashType hashType)
   at BCrypt.Net.BCrypt.Verify(String text, String hash, Boolean enhancedEntropy, HashType hashType)
   at SmartLoan.Infrastructure.Identity.IdentityService.VerifyPassword(String password, String hash) in D:\isaac\educational purpose only\.net\kyas pro\SmartLoanTracker\SmartLoan.Infrastructure\Identity\IdentityService.cs:line 44
   at SmartLoan.Application.Users.LoginHandler.Handle(LoginCommand request, CancellationToken ct) in D:\isaac\educational purpose only\.net\kyas pro\SmartLoanTracker\SmartLoan.Application\Users\Commands\Login\LoginResponse.cs:line 16
   at SmartLoan.Application.Common.Behaviors.ValidationBehavior`2.Handle(TRequest request, RequestHandlerDelegate`1 next, CancellationToken cancellationToken) in D:\isaac\educational purpose only\.net\kyas pro\SmartLoanTracker\SmartLoan.Application\Common\Behaviors\ValidationBehavior.cs:line 32
   at SmartLoan.Application.Common.Behaviors.LoggingBehavior`2.Handle(TRequest request, RequestHandlerDelegate`1 next, CancellationToken cancellationToken) in D:\isaac\educational purpose only\.net\kyas pro\SmartLoanTracker\SmartLoan.Application\Common\Behaviors\LoggingBehavior.cs:line 14
   at SmartLoan.Api.Controllers.AuthController.Login(LoginCommand command) in D:\isaac\educational purpose only\.net\kyas pro\SmartLoanTracker\SmartLoan.Api\Controllers\AuthController.cs:line 20
   at lambda_method12(Closure, Object)
   at Microsoft.AspNetCore.Mvc.Infrastructure.ActionMethodExecutor.AwaitableObjectResultExecutor.Execute(ActionContext actionContext, IActionResultTypeMapper mapper, ObjectMethodExecutor executor, Object controller, Object[] arguments)
   at Microsoft.AspNetCore.Mvc.Infrastructure.ControllerActionInvoker.<InvokeActionMethodAsync>g__Awaited|12_0(ControllerActionInvoker invoker, ValueTask`1 actionResultValueTask)
   at Microsoft.AspNetCore.Mvc.Infrastructure.ControllerActionInvoker.<InvokeNextActionFilterAsync>g__Awaited|10_0(ControllerActionInvoker invoker, Task lastTask, State next, Scope scope, Object state, Boolean isCompleted)
   at Microsoft.AspNetCore.Mvc.Infrastructure.ControllerActionInvoker.Rethrow(ActionExecutedContextSealed context)
   at Microsoft.AspNetCore.Mvc.Infrastructure.ControllerActionInvoker.Next(State& next, Scope& scope, Object& state, Boolean& isCompleted)
   at Microsoft.AspNetCore.Mvc.Infrastructure.ControllerActionInvoker.<InvokeInnerFilterAsync>g__Awaited|13_0(ControllerActionInvoker invoker, Task lastTask, State next, Scope scope, Object state, Boolean isCompleted)
   at Microsoft.AspNetCore.Mvc.Infrastructure.ResourceInvoker.<InvokeFilterPipelineAsync>g__Awaited|20_0(ResourceInvoker invoker, Task lastTask, State next, Scope scope, Object state, Boolean isCompleted)
   at Microsoft.AspNetCore.Mvc.Infrastructure.ResourceInvoker.<InvokeAsync>g__Logged|17_1(ResourceInvoker invoker)
   at Microsoft.AspNetCore.Mvc.Infrastructure.ResourceInvoker.<InvokeAsync>g__Logged|17_1(ResourceInvoker invoker)
   at Microsoft.AspNetCore.Routing.EndpointMiddleware.<Invoke>g__AwaitRequestTask|7_0(Endpoint endpoint, Task requestTask, ILogger logger)
   at Microsoft.AspNetCore.Diagnostics.ExceptionHandlerMiddlewareImpl.<Invoke>g__Awaited|10_0(ExceptionHandlerMiddlewareImpl middleware, HttpContext context, Task task)
   at Microsoft.AspNetCore.Diagnostics.ExceptionHandlerMiddlewareImpl.HandleException(HttpContext context, ExceptionDispatchInfo edi)
   at Microsoft.AspNetCore.Diagnostics.ExceptionHandlerMiddlewareImpl.HandleException(HttpContext context, ExceptionDispatchInfo edi)
   at Microsoft.AspNetCore.Diagnostics.ExceptionHandlerMiddlewareImpl.<Invoke>g__Awaited|10_0(ExceptionHandlerMiddlewareImpl middleware, HttpContext context, Task task)
   at Microsoft.AspNetCore.Authorization.AuthorizationMiddleware.Invoke(HttpContext context)
   at Microsoft.AspNetCore.Authentication.AuthenticationMiddleware.Invoke(HttpContext context)
   at Microsoft.AspNetCore.RateLimiting.RateLimitingMiddleware.InvokeInternal(HttpContext context, EnableRateLimitingAttribute enableRateLimitingAttribute)
   at SmartLoan.Api.Middleware.SecurityHeadersMiddleware.InvokeAsync(HttpContext context) in D:\isaac\educational purpose only\.net\kyas pro\SmartLoanTracker\SmartLoan.Api\Middleware\SecurityHeadersMiddleware.cs:line 25
   at SmartLoan.Api.Middleware.CorrelationIdMiddleware.InvokeAsync(HttpContext context) in D:\isaac\educational purpose only\.net\kyas pro\SmartLoanTracker\SmartLoan.Api\Middleware\CorrelationIdMiddleware.cs:line 13
   at Microsoft.AspNetCore.Diagnostics.DeveloperExceptionPageMiddlewareImpl.Invoke(HttpContext context)
2026-08-27 03:42:55.7224|Info|Microsoft.AspNetCore.Hosting.Diagnostics|CorrelationId=|Request finished HTTP/1.1 POST http://localhost:5176/api/v1/auth/login - 500 - application/problem+json 88.5841ms 
2026-08-27 03:42:56.7690|Info|Microsoft.AspNetCore.Hosting.Diagnostics|CorrelationId=|Request starting HTTP/1.1 POST http://localhost:5176/api/v1/auth/login - application/json 48 
2026-08-27 03:42:56.7690|Info|Microsoft.AspNetCore.Cors.Infrastructure.CorsService|CorrelationId=208750d2-538d-40fe-b4a6-8fa6ff0d59b1|CORS policy execution failed. 
2026-08-27 03:42:56.7690|Info|Microsoft.AspNetCore.Cors.Infrastructure.CorsService|CorrelationId=208750d2-538d-40fe-b4a6-8fa6ff0d59b1|Request origin http://localhost:4200 does not have permission to access the resource. 
2026-08-27 03:42:56.7690|Info|Microsoft.AspNetCore.Routing.EndpointMiddleware|CorrelationId=208750d2-538d-40fe-b4a6-8fa6ff0d59b1|Executing endpoint 'SmartLoan.Api.Controllers.AuthController.Login (SmartLoan.Api)' 
2026-08-27 03:42:56.7690|Info|Microsoft.AspNetCore.Mvc.Infrastructure.ControllerActionInvoker|CorrelationId=208750d2-538d-40fe-b4a6-8fa6ff0d59b1|Route matched with {action = "Login", controller = "Auth"}. Executing controller action with signature System.Threading.Tasks.Task`1[Microsoft.AspNetCore.Mvc.ActionResult`1[SmartLoan.Application.Users.LoginResponse]] Login(SmartLoan.Application.Users.LoginCommand) on controller SmartLoan.Api.Controllers.AuthController (SmartLoan.Api). 
2026-08-27 03:42:56.7690|Info|SmartLoan.Application.Common.Behaviors.LoggingBehavior|CorrelationId=208750d2-538d-40fe-b4a6-8fa6ff0d59b1|smartloan Request:LoginCommand starting... 
2026-08-27 03:42:56.7934|Info|Microsoft.EntityFrameworkCore.Database.Command|CorrelationId=208750d2-538d-40fe-b4a6-8fa6ff0d59b1|Executed DbCommand (1ms) [Parameters=[@request_Email='?'], CommandType='Text', CommandTimeout='30']
SELECT u."Id", u."Email", u."FullName", u."PasswordHash", u."RefreshToken", u."RefreshTokenExpiryTime", u."Role"
FROM "Users" AS u
WHERE u."Email" = @request_Email
LIMIT 1 
2026-08-27 03:42:56.7934|Info|Microsoft.AspNetCore.Mvc.Infrastructure.ControllerActionInvoker|CorrelationId=208750d2-538d-40fe-b4a6-8fa6ff0d59b1|Executed action SmartLoan.Api.Controllers.AuthController.Login (SmartLoan.Api) in 23.8816ms 
2026-08-27 03:42:56.7934|Info|Microsoft.AspNetCore.Routing.EndpointMiddleware|CorrelationId=208750d2-538d-40fe-b4a6-8fa6ff0d59b1|Executed endpoint 'SmartLoan.Api.Controllers.AuthController.Login (SmartLoan.Api)' 
2026-08-27 03:42:56.7934|Error|SmartLoan.Api.Middleware.GlobalExeptionHandle|CorrelationId=208750d2-538d-40fe-b4a6-8fa6ff0d59b1|an error occurred:Invalid salt version BCrypt.Net.SaltParseException: Invalid salt version
   at BCrypt.Net.BCrypt.HashPassword(String inputKey, String salt, Boolean enhancedEntropy, HashType hashType)
   at BCrypt.Net.BCrypt.Verify(String text, String hash, Boolean enhancedEntropy, HashType hashType)
   at SmartLoan.Infrastructure.Identity.IdentityService.VerifyPassword(String password, String hash) in D:\isaac\educational purpose only\.net\kyas pro\SmartLoanTracker\SmartLoan.Infrastructure\Identity\IdentityService.cs:line 44
   at SmartLoan.Application.Users.LoginHandler.Handle(LoginCommand request, CancellationToken ct) in D:\isaac\educational purpose only\.net\kyas pro\SmartLoanTracker\SmartLoan.Application\Users\Commands\Login\LoginResponse.cs:line 16
   at SmartLoan.Application.Common.Behaviors.ValidationBehavior`2.Handle(TRequest request, RequestHandlerDelegate`1 next, CancellationToken cancellationToken) in D:\isaac\educational purpose only\.net\kyas pro\SmartLoanTracker\SmartLoan.Application\Common\Behaviors\ValidationBehavior.cs:line 32
   at SmartLoan.Application.Common.Behaviors.LoggingBehavior`2.Handle(TRequest request, RequestHandlerDelegate`1 next, CancellationToken cancellationToken) in D:\isaac\educational purpose only\.net\kyas pro\SmartLoanTracker\SmartLoan.Application\Common\Behaviors\LoggingBehavior.cs:line 14
   at SmartLoan.Api.Controllers.AuthController.Login(LoginCommand command) in D:\isaac\educational purpose only\.net\kyas pro\SmartLoanTracker\SmartLoan.Api\Controllers\AuthController.cs:line 20
   at lambda_method12(Closure, Object)
   at Microsoft.AspNetCore.Mvc.Infrastructure.ActionMethodExecutor.AwaitableObjectResultExecutor.Execute(ActionContext actionContext, IActionResultTypeMapper mapper, ObjectMethodExecutor executor, Object controller, Object[] arguments)
   at Microsoft.AspNetCore.Mvc.Infrastructure.ControllerActionInvoker.<InvokeActionMethodAsync>g__Awaited|12_0(ControllerActionInvoker invoker, ValueTask`1 actionResultValueTask)
   at Microsoft.AspNetCore.Mvc.Infrastructure.ControllerActionInvoker.<InvokeNextActionFilterAsync>g__Awaited|10_0(ControllerActionInvoker invoker, Task lastTask, State next, Scope scope, Object state, Boolean isCompleted)
   at Microsoft.AspNetCore.Mvc.Infrastructure.ControllerActionInvoker.Rethrow(ActionExecutedContextSealed context)
   at Microsoft.AspNetCore.Mvc.Infrastructure.ControllerActionInvoker.Next(State& next, Scope& scope, Object& state, Boolean& isCompleted)
   at Microsoft.AspNetCore.Mvc.Infrastructure.ControllerActionInvoker.<InvokeInnerFilterAsync>g__Awaited|13_0(ControllerActionInvoker invoker, Task lastTask, State next, Scope scope, Object state, Boolean isCompleted)
   at Microsoft.AspNetCore.Mvc.Infrastructure.ResourceInvoker.<InvokeFilterPipelineAsync>g__Awaited|20_0(ResourceInvoker invoker, Task lastTask, State next, Scope scope, Object state, Boolean isCompleted)
   at Microsoft.AspNetCore.Mvc.Infrastructure.ResourceInvoker.<InvokeAsync>g__Logged|17_1(ResourceInvoker invoker)
   at Microsoft.AspNetCore.Mvc.Infrastructure.ResourceInvoker.<InvokeAsync>g__Logged|17_1(ResourceInvoker invoker)
   at Microsoft.AspNetCore.Routing.EndpointMiddleware.<Invoke>g__AwaitRequestTask|7_0(Endpoint endpoint, Task requestTask, ILogger logger)
   at Microsoft.AspNetCore.Diagnostics.ExceptionHandlerMiddlewareImpl.<Invoke>g__Awaited|10_0(ExceptionHandlerMiddlewareImpl middleware, HttpContext context, Task task)
2026-08-27 03:42:56.7934|Error|Microsoft.AspNetCore.Diagnostics.ExceptionHandlerMiddleware|CorrelationId=208750d2-538d-40fe-b4a6-8fa6ff0d59b1|An exception was thrown attempting to execute the error handler. System.Runtime.CompilerServices.SwitchExpressionException: Non-exhaustive switch expression failed to match its input.
Unmatched value was BCrypt.Net.SaltParseException: Invalid salt version
   at BCrypt.Net.BCrypt.HashPassword(String inputKey, String salt, Boolean enhancedEntropy, HashType hashType)
   at BCrypt.Net.BCrypt.Verify(String text, String hash, Boolean enhancedEntropy, HashType hashType)
   at SmartLoan.Infrastructure.Identity.IdentityService.VerifyPassword(String password, String hash) in D:\isaac\educational purpose only\.net\kyas pro\SmartLoanTracker\SmartLoan.Infrastructure\Identity\IdentityService.cs:line 44
   at SmartLoan.Application.Users.LoginHandler.Handle(LoginCommand request, CancellationToken ct) in D:\isaac\educational purpose only\.net\kyas pro\SmartLoanTracker\SmartLoan.Application\Users\Commands\Login\LoginResponse.cs:line 16
   at SmartLoan.Application.Common.Behaviors.ValidationBehavior`2.Handle(TRequest request, RequestHandlerDelegate`1 next, CancellationToken cancellationToken) in D:\isaac\educational purpose only\.net\kyas pro\SmartLoanTracker\SmartLoan.Application\Common\Behaviors\ValidationBehavior.cs:line 32
   at SmartLoan.Application.Common.Behaviors.LoggingBehavior`2.Handle(TRequest request, RequestHandlerDelegate`1 next, CancellationToken cancellationToken) in D:\isaac\educational purpose only\.net\kyas pro\SmartLoanTracker\SmartLoan.Application\Common\Behaviors\LoggingBehavior.cs:line 14
   at SmartLoan.Api.Controllers.AuthController.Login(LoginCommand command) in D:\isaac\educational purpose only\.net\kyas pro\SmartLoanTracker\SmartLoan.Api\Controllers\AuthController.cs:line 20
   at lambda_method12(Closure, Object)
   at Microsoft.AspNetCore.Mvc.Infrastructure.ActionMethodExecutor.AwaitableObjectResultExecutor.Execute(ActionContext actionContext, IActionResultTypeMapper mapper, ObjectMethodExecutor executor, Object controller, Object[] arguments)
   at Microsoft.AspNetCore.Mvc.Infrastructure.ControllerActionInvoker.<InvokeActionMethodAsync>g__Awaited|12_0(ControllerActionInvoker invoker, ValueTask`1 actionResultValueTask)
   at Microsoft.AspNetCore.Mvc.Infrastructure.ControllerActionInvoker.<InvokeNextActionFilterAsync>g__Awaited|10_0(ControllerActionInvoker invoker, Task lastTask, State next, Scope scope, Object state, Boolean isCompleted)
   at Microsoft.AspNetCore.Mvc.Infrastructure.ControllerActionInvoker.Rethrow(ActionExecutedContextSealed context)
   at Microsoft.AspNetCore.Mvc.Infrastructure.ControllerActionInvoker.Next(State& next, Scope& scope, Object& state, Boolean& isCompleted)
   at Microsoft.AspNetCore.Mvc.Infrastructure.ControllerActionInvoker.<InvokeInnerFilterAsync>g__Awaited|13_0(ControllerActionInvoker invoker, Task lastTask, State next, Scope scope, Object state, Boolean isCompleted)
   at Microsoft.AspNetCore.Mvc.Infrastructure.ResourceInvoker.<InvokeFilterPipelineAsync>g__Awaited|20_0(ResourceInvoker invoker, Task lastTask, State next, Scope scope, Object state, Boolean isCompleted)
   at Microsoft.AspNetCore.Mvc.Infrastructure.ResourceInvoker.<InvokeAsync>g__Logged|17_1(ResourceInvoker invoker)
   at Microsoft.AspNetCore.Mvc.Infrastructure.ResourceInvoker.<InvokeAsync>g__Logged|17_1(ResourceInvoker invoker)
   at Microsoft.AspNetCore.Routing.EndpointMiddleware.<Invoke>g__AwaitRequestTask|7_0(Endpoint endpoint, Task requestTask, ILogger logger)
   at Microsoft.AspNetCore.Diagnostics.ExceptionHandlerMiddlewareImpl.<Invoke>g__Awaited|10_0(ExceptionHandlerMiddlewareImpl middleware, HttpContext context, Task task).
   at <PrivateImplementationDetails>.ThrowSwitchExpressionException(Object unmatchedValue)
   at SmartLoan.Api.Middleware.GlobalExeptionHandle.TryHandleAsync(HttpContext httpContext, Exception exception, CancellationToken cancellationToken) in D:\isaac\educational purpose only\.net\kyas pro\SmartLoanTracker\SmartLoan.Api\Middleware\GlobalExeptionHandle.cs:line 13
   at Microsoft.AspNetCore.Diagnostics.ExceptionHandlerMiddlewareImpl.HandleException(HttpContext context, ExceptionDispatchInfo edi)
2026-08-27 03:42:56.7934|Error|Microsoft.AspNetCore.Diagnostics.ExceptionHandlerMiddleware|CorrelationId=208750d2-538d-40fe-b4a6-8fa6ff0d59b1|An unhandled exception has occurred while executing the request. BCrypt.Net.SaltParseException: Invalid salt version
   at BCrypt.Net.BCrypt.HashPassword(String inputKey, String salt, Boolean enhancedEntropy, HashType hashType)
   at BCrypt.Net.BCrypt.Verify(String text, String hash, Boolean enhancedEntropy, HashType hashType)
   at SmartLoan.Infrastructure.Identity.IdentityService.VerifyPassword(String password, String hash) in D:\isaac\educational purpose only\.net\kyas pro\SmartLoanTracker\SmartLoan.Infrastructure\Identity\IdentityService.cs:line 44
   at SmartLoan.Application.Users.LoginHandler.Handle(LoginCommand request, CancellationToken ct) in D:\isaac\educational purpose only\.net\kyas pro\SmartLoanTracker\SmartLoan.Application\Users\Commands\Login\LoginResponse.cs:line 16
   at SmartLoan.Application.Common.Behaviors.ValidationBehavior`2.Handle(TRequest request, RequestHandlerDelegate`1 next, CancellationToken cancellationToken) in D:\isaac\educational purpose only\.net\kyas pro\SmartLoanTracker\SmartLoan.Application\Common\Behaviors\ValidationBehavior.cs:line 32
   at SmartLoan.Application.Common.Behaviors.LoggingBehavior`2.Handle(TRequest request, RequestHandlerDelegate`1 next, CancellationToken cancellationToken) in D:\isaac\educational purpose only\.net\kyas pro\SmartLoanTracker\SmartLoan.Application\Common\Behaviors\LoggingBehavior.cs:line 14
   at SmartLoan.Api.Controllers.AuthController.Login(LoginCommand command) in D:\isaac\educational purpose only\.net\kyas pro\SmartLoanTracker\SmartLoan.Api\Controllers\AuthController.cs:line 20
   at lambda_method12(Closure, Object)
   at Microsoft.AspNetCore.Mvc.Infrastructure.ActionMethodExecutor.AwaitableObjectResultExecutor.Execute(ActionContext actionContext, IActionResultTypeMapper mapper, ObjectMethodExecutor executor, Object controller, Object[] arguments)
   at Microsoft.AspNetCore.Mvc.Infrastructure.ControllerActionInvoker.<InvokeActionMethodAsync>g__Awaited|12_0(ControllerActionInvoker invoker, ValueTask`1 actionResultValueTask)
   at Microsoft.AspNetCore.Mvc.Infrastructure.ControllerActionInvoker.<InvokeNextActionFilterAsync>g__Awaited|10_0(ControllerActionInvoker invoker, Task lastTask, State next, Scope scope, Object state, Boolean isCompleted)
   at Microsoft.AspNetCore.Mvc.Infrastructure.ControllerActionInvoker.Rethrow(ActionExecutedContextSealed context)
   at Microsoft.AspNetCore.Mvc.Infrastructure.ControllerActionInvoker.Next(State& next, Scope& scope, Object& state, Boolean& isCompleted)
   at Microsoft.AspNetCore.Mvc.Infrastructure.ControllerActionInvoker.<InvokeInnerFilterAsync>g__Awaited|13_0(ControllerActionInvoker invoker, Task lastTask, State next, Scope scope, Object state, Boolean isCompleted)
   at Microsoft.AspNetCore.Mvc.Infrastructure.ResourceInvoker.<InvokeFilterPipelineAsync>g__Awaited|20_0(ResourceInvoker invoker, Task lastTask, State next, Scope scope, Object state, Boolean isCompleted)
   at Microsoft.AspNetCore.Mvc.Infrastructure.ResourceInvoker.<InvokeAsync>g__Logged|17_1(ResourceInvoker invoker)
   at Microsoft.AspNetCore.Mvc.Infrastructure.ResourceInvoker.<InvokeAsync>g__Logged|17_1(ResourceInvoker invoker)
   at Microsoft.AspNetCore.Routing.EndpointMiddleware.<Invoke>g__AwaitRequestTask|7_0(Endpoint endpoint, Task requestTask, ILogger logger)
   at Microsoft.AspNetCore.Diagnostics.ExceptionHandlerMiddlewareImpl.<Invoke>g__Awaited|10_0(ExceptionHandlerMiddlewareImpl middleware, HttpContext context, Task task)
2026-08-27 03:42:56.8001|Error|Microsoft.AspNetCore.Diagnostics.DeveloperExceptionPageMiddleware|CorrelationId=|An unhandled exception has occurred while executing the request. BCrypt.Net.SaltParseException: Invalid salt version
   at BCrypt.Net.BCrypt.HashPassword(String inputKey, String salt, Boolean enhancedEntropy, HashType hashType)
   at BCrypt.Net.BCrypt.Verify(String text, String hash, Boolean enhancedEntropy, HashType hashType)
   at SmartLoan.Infrastructure.Identity.IdentityService.VerifyPassword(String password, String hash) in D:\isaac\educational purpose only\.net\kyas pro\SmartLoanTracker\SmartLoan.Infrastructure\Identity\IdentityService.cs:line 44
   at SmartLoan.Application.Users.LoginHandler.Handle(LoginCommand request, CancellationToken ct) in D:\isaac\educational purpose only\.net\kyas pro\SmartLoanTracker\SmartLoan.Application\Users\Commands\Login\LoginResponse.cs:line 16
   at SmartLoan.Application.Common.Behaviors.ValidationBehavior`2.Handle(TRequest request, RequestHandlerDelegate`1 next, CancellationToken cancellationToken) in D:\isaac\educational purpose only\.net\kyas pro\SmartLoanTracker\SmartLoan.Application\Common\Behaviors\ValidationBehavior.cs:line 32
   at SmartLoan.Application.Common.Behaviors.LoggingBehavior`2.Handle(TRequest request, RequestHandlerDelegate`1 next, CancellationToken cancellationToken) in D:\isaac\educational purpose only\.net\kyas pro\SmartLoanTracker\SmartLoan.Application\Common\Behaviors\LoggingBehavior.cs:line 14
   at SmartLoan.Api.Controllers.AuthController.Login(LoginCommand command) in D:\isaac\educational purpose only\.net\kyas pro\SmartLoanTracker\SmartLoan.Api\Controllers\AuthController.cs:line 20
   at lambda_method12(Closure, Object)
   at Microsoft.AspNetCore.Mvc.Infrastructure.ActionMethodExecutor.AwaitableObjectResultExecutor.Execute(ActionContext actionContext, IActionResultTypeMapper mapper, ObjectMethodExecutor executor, Object controller, Object[] arguments)
   at Microsoft.AspNetCore.Mvc.Infrastructure.ControllerActionInvoker.<InvokeActionMethodAsync>g__Awaited|12_0(ControllerActionInvoker invoker, ValueTask`1 actionResultValueTask)
   at Microsoft.AspNetCore.Mvc.Infrastructure.ControllerActionInvoker.<InvokeNextActionFilterAsync>g__Awaited|10_0(ControllerActionInvoker invoker, Task lastTask, State next, Scope scope, Object state, Boolean isCompleted)
   at Microsoft.AspNetCore.Mvc.Infrastructure.ControllerActionInvoker.Rethrow(ActionExecutedContextSealed context)
   at Microsoft.AspNetCore.Mvc.Infrastructure.ControllerActionInvoker.Next(State& next, Scope& scope, Object& state, Boolean& isCompleted)
   at Microsoft.AspNetCore.Mvc.Infrastructure.ControllerActionInvoker.<InvokeInnerFilterAsync>g__Awaited|13_0(ControllerActionInvoker invoker, Task lastTask, State next, Scope scope, Object state, Boolean isCompleted)
   at Microsoft.AspNetCore.Mvc.Infrastructure.ResourceInvoker.<InvokeFilterPipelineAsync>g__Awaited|20_0(ResourceInvoker invoker, Task lastTask, State next, Scope scope, Object state, Boolean isCompleted)
   at Microsoft.AspNetCore.Mvc.Infrastructure.ResourceInvoker.<InvokeAsync>g__Logged|17_1(ResourceInvoker invoker)
   at Microsoft.AspNetCore.Mvc.Infrastructure.ResourceInvoker.<InvokeAsync>g__Logged|17_1(ResourceInvoker invoker)
   at Microsoft.AspNetCore.Routing.EndpointMiddleware.<Invoke>g__AwaitRequestTask|7_0(Endpoint endpoint, Task requestTask, ILogger logger)
   at Microsoft.AspNetCore.Diagnostics.ExceptionHandlerMiddlewareImpl.<Invoke>g__Awaited|10_0(ExceptionHandlerMiddlewareImpl middleware, HttpContext context, Task task)
   at Microsoft.AspNetCore.Diagnostics.ExceptionHandlerMiddlewareImpl.HandleException(HttpContext context, ExceptionDispatchInfo edi)
   at Microsoft.AspNetCore.Diagnostics.ExceptionHandlerMiddlewareImpl.HandleException(HttpContext context, ExceptionDispatchInfo edi)
   at Microsoft.AspNetCore.Diagnostics.ExceptionHandlerMiddlewareImpl.<Invoke>g__Awaited|10_0(ExceptionHandlerMiddlewareImpl middleware, HttpContext context, Task task)
   at Microsoft.AspNetCore.Authorization.AuthorizationMiddleware.Invoke(HttpContext context)
   at Microsoft.AspNetCore.Authentication.AuthenticationMiddleware.Invoke(HttpContext context)
   at Microsoft.AspNetCore.RateLimiting.RateLimitingMiddleware.InvokeInternal(HttpContext context, EnableRateLimitingAttribute enableRateLimitingAttribute)
   at SmartLoan.Api.Middleware.SecurityHeadersMiddleware.InvokeAsync(HttpContext context) in D:\isaac\educational purpose only\.net\kyas pro\SmartLoanTracker\SmartLoan.Api\Middleware\SecurityHeadersMiddleware.cs:line 25
   at SmartLoan.Api.Middleware.CorrelationIdMiddleware.InvokeAsync(HttpContext context) in D:\isaac\educational purpose only\.net\kyas pro\SmartLoanTracker\SmartLoan.Api\Middleware\CorrelationIdMiddleware.cs:line 13
   at Microsoft.AspNetCore.Diagnostics.DeveloperExceptionPageMiddlewareImpl.Invoke(HttpContext context)
2026-08-27 03:42:56.8001|Info|Microsoft.AspNetCore.Hosting.Diagnostics|CorrelationId=|Request finished HTTP/1.1 POST http://localhost:5176/api/v1/auth/login - 500 - application/problem+json 33.9084ms 
2026-08-27 03:45:37.3891|Info|Microsoft.AspNetCore.Hosting.Diagnostics|CorrelationId=|Request starting HTTP/1.1 GET http://localhost:5176/scalar/ - - - 
2026-08-27 03:45:37.3891|Info|Microsoft.AspNetCore.Routing.EndpointMiddleware|CorrelationId=dde6bbd4-8e56-43dd-933d-fe43e733b3d3|Executing endpoint 'HTTP: GET /scalar/{documentName?}' 
2026-08-27 03:45:37.5289|Info|Microsoft.AspNetCore.Http.Result.ContentResult|CorrelationId=dde6bbd4-8e56-43dd-933d-fe43e733b3d3|Write content with HTTP Response ContentType of text/html 
2026-08-27 03:45:37.5289|Info|Microsoft.AspNetCore.Routing.EndpointMiddleware|CorrelationId=dde6bbd4-8e56-43dd-933d-fe43e733b3d3|Executed endpoint 'HTTP: GET /scalar/{documentName?}' 
2026-08-27 03:45:37.5289|Info|Microsoft.AspNetCore.Hosting.Diagnostics|CorrelationId=|Request finished HTTP/1.1 GET http://localhost:5176/scalar/ - 200 637 text/html 140.5074ms 
2026-08-27 03:45:37.5743|Info|Microsoft.AspNetCore.Hosting.Diagnostics|CorrelationId=|Request starting HTTP/1.1 GET http://localhost:5176/scalar/scalar.aspnetcore.js - - - 
2026-08-27 03:45:37.5743|Info|Microsoft.AspNetCore.Cors.Infrastructure.CorsService|CorrelationId=5d948737-5b69-4e69-a4c3-0b4cea5ff6b7|CORS policy execution successful. 
2026-08-27 03:45:37.5743|Info|Microsoft.AspNetCore.Hosting.Diagnostics|CorrelationId=|Request starting HTTP/1.1 GET http://localhost:5176/scalar/scalar.js - - - 
2026-08-27 03:45:37.5743|Info|Microsoft.AspNetCore.Routing.EndpointMiddleware|CorrelationId=5d948737-5b69-4e69-a4c3-0b4cea5ff6b7|Executing endpoint 'HTTP: GET /scalar/scalar.aspnetcore.js' 
2026-08-27 03:45:37.5743|Info|Microsoft.AspNetCore.Routing.EndpointMiddleware|CorrelationId=7c4329db-ca49-4601-a400-07a15823da7f|Executing endpoint 'HTTP: GET /scalar/scalar.js' 
2026-08-27 03:45:37.5743|Info|Microsoft.AspNetCore.Http.Result.FileStreamResult|CorrelationId=5d948737-5b69-4e69-a4c3-0b4cea5ff6b7|Sending file with download name ''. 
2026-08-27 03:45:37.5802|Info|Microsoft.AspNetCore.Routing.EndpointMiddleware|CorrelationId=5d948737-5b69-4e69-a4c3-0b4cea5ff6b7|Executed endpoint 'HTTP: GET /scalar/scalar.aspnetcore.js' 
2026-08-27 03:45:37.5802|Info|Microsoft.AspNetCore.Hosting.Diagnostics|CorrelationId=|Request finished HTTP/1.1 GET http://localhost:5176/scalar/scalar.aspnetcore.js - 304 - - 6.3651ms 
2026-08-27 03:45:37.6047|Info|Microsoft.AspNetCore.Http.Result.FileStreamResult|CorrelationId=7c4329db-ca49-4601-a400-07a15823da7f|Sending file with download name ''. 
2026-08-27 03:45:37.6047|Info|Microsoft.AspNetCore.Routing.EndpointMiddleware|CorrelationId=7c4329db-ca49-4601-a400-07a15823da7f|Executed endpoint 'HTTP: GET /scalar/scalar.js' 
2026-08-27 03:45:37.6047|Info|Microsoft.AspNetCore.Hosting.Diagnostics|CorrelationId=|Request finished HTTP/1.1 GET http://localhost:5176/scalar/scalar.js - 304 - - 30.4302ms 
2026-08-27 03:45:37.7301|Info|Microsoft.AspNetCore.Hosting.Diagnostics|CorrelationId=|Request starting HTTP/1.1 GET http://localhost:5176/openapi/v1.json - - - 
2026-08-27 03:45:37.7301|Info|Microsoft.AspNetCore.Routing.EndpointMiddleware|CorrelationId=d57781eb-59a2-467a-937d-c8f79448e297|Executing endpoint 'HTTP: GET /openapi/{documentName}.json' 
2026-08-27 03:45:37.9057|Info|Microsoft.AspNetCore.Hosting.Diagnostics|CorrelationId=|Request starting HTTP/1.1 GET http://localhost:5176/scalar/favicon.svg - - - 
2026-08-27 03:45:37.9057|Info|Microsoft.AspNetCore.Routing.EndpointMiddleware|CorrelationId=2ac9b49f-cf65-4260-bfec-75ebb4b59470|Executing endpoint 'HTTP: GET /scalar/favicon.svg' 
2026-08-27 03:45:37.9057|Info|Microsoft.AspNetCore.Http.Result.FileStreamResult|CorrelationId=2ac9b49f-cf65-4260-bfec-75ebb4b59470|Sending file with download name ''. 
2026-08-27 03:45:37.9057|Info|Microsoft.AspNetCore.Routing.EndpointMiddleware|CorrelationId=2ac9b49f-cf65-4260-bfec-75ebb4b59470|Executed endpoint 'HTTP: GET /scalar/favicon.svg' 
2026-08-27 03:45:37.9080|Info|Microsoft.AspNetCore.Hosting.Diagnostics|CorrelationId=|Request finished HTTP/1.1 GET http://localhost:5176/scalar/favicon.svg - 304 - - 2.2954ms 
2026-08-27 03:45:37.9458|Info|Microsoft.AspNetCore.Routing.EndpointMiddleware|CorrelationId=d57781eb-59a2-467a-937d-c8f79448e297|Executed endpoint 'HTTP: GET /openapi/{documentName}.json' 
2026-08-27 03:45:37.9458|Info|Microsoft.AspNetCore.Hosting.Diagnostics|CorrelationId=|Request finished HTTP/1.1 GET http://localhost:5176/openapi/v1.json - 200 - application/json;charset=utf-8 215.9580ms 
2026-08-27 03:57:25.3206|Info|Microsoft.Hosting.Lifetime|CorrelationId=|Application is shutting down... 
2026-08-27 03:57:42.5996|Info|Microsoft.AspNetCore.DataProtection.KeyManagement.XmlKeyManager|CorrelationId=|User profile is available. Using 'C:\Users\isaac\AppData\Local\ASP.NET\DataProtection-Keys' as key repository and Windows DPAPI to encrypt keys at rest. 
2026-08-27 03:57:42.6353|Info|SmartLoan.Infrastructure.BackgroundJobs.ReportWorker|CorrelationId=|Report Worker is starting... 
2026-08-27 03:57:42.7678|Info|Microsoft.Hosting.Lifetime|CorrelationId=|Now listening on: http://localhost:5176 
2026-08-27 03:57:42.7678|Info|Microsoft.Hosting.Lifetime|CorrelationId=|Application started. Press Ctrl+C to shut down. 
2026-08-27 03:57:42.7678|Info|Microsoft.Hosting.Lifetime|CorrelationId=|Hosting environment: Development 
2026-08-27 03:57:42.7678|Info|Microsoft.Hosting.Lifetime|CorrelationId=|Content root path: D:\isaac\educational purpose only\.net\kyas pro\SmartLoanTracker\SmartLoan.Api 
2026-08-27 03:57:52.6835|Info|Microsoft.AspNetCore.Hosting.Diagnostics|CorrelationId=|Request starting HTTP/1.1 GET http://localhost:5176/scalar/ - - - 
2026-08-27 03:57:52.8271|Warn|Microsoft.AspNetCore.HttpsPolicy.HttpsRedirectionMiddleware|CorrelationId=6d31fa09-ed87-459b-a14b-b094b4f4cca0|Failed to determine the https port for redirect. 
2026-08-27 03:57:52.8271|Info|Microsoft.AspNetCore.Routing.EndpointMiddleware|CorrelationId=6d31fa09-ed87-459b-a14b-b094b4f4cca0|Executing endpoint 'HTTP: GET /scalar/{documentName?}' 
2026-08-27 03:57:52.9777|Info|Microsoft.AspNetCore.Http.Result.ContentResult|CorrelationId=6d31fa09-ed87-459b-a14b-b094b4f4cca0|Write content with HTTP Response ContentType of text/html 
2026-08-27 03:57:52.9777|Info|Microsoft.AspNetCore.Routing.EndpointMiddleware|CorrelationId=6d31fa09-ed87-459b-a14b-b094b4f4cca0|Executed endpoint 'HTTP: GET /scalar/{documentName?}' 
2026-08-27 03:57:52.9777|Info|Microsoft.AspNetCore.Hosting.Diagnostics|CorrelationId=|Request finished HTTP/1.1 GET http://localhost:5176/scalar/ - 200 637 text/html 303.5630ms 
2026-08-27 03:57:53.0198|Info|Microsoft.AspNetCore.Hosting.Diagnostics|CorrelationId=|Request starting HTTP/1.1 GET http://localhost:5176/scalar/scalar.aspnetcore.js - - - 
2026-08-27 03:57:53.0198|Info|Microsoft.AspNetCore.Hosting.Diagnostics|CorrelationId=|Request starting HTTP/1.1 GET http://localhost:5176/scalar/scalar.js - - - 
2026-08-27 03:57:53.0198|Info|Microsoft.AspNetCore.Routing.EndpointMiddleware|CorrelationId=64a041d4-4430-4cb8-a3c0-eab24a139987|Executing endpoint 'HTTP: GET /scalar/scalar.js' 
2026-08-27 03:57:53.0198|Info|Microsoft.AspNetCore.Cors.Infrastructure.CorsService|CorrelationId=52d5f131-aec4-435e-8122-16e4d947d33f|CORS policy execution successful. 
2026-08-27 03:57:53.0198|Info|Microsoft.AspNetCore.Routing.EndpointMiddleware|CorrelationId=52d5f131-aec4-435e-8122-16e4d947d33f|Executing endpoint 'HTTP: GET /scalar/scalar.aspnetcore.js' 
2026-08-27 03:57:53.0198|Info|Microsoft.AspNetCore.Http.Result.FileStreamResult|CorrelationId=52d5f131-aec4-435e-8122-16e4d947d33f|Sending file with download name ''. 
2026-08-27 03:57:53.0198|Info|Microsoft.AspNetCore.Routing.EndpointMiddleware|CorrelationId=52d5f131-aec4-435e-8122-16e4d947d33f|Executed endpoint 'HTTP: GET /scalar/scalar.aspnetcore.js' 
2026-08-27 03:57:53.0347|Info|Microsoft.AspNetCore.Http.Result.FileStreamResult|CorrelationId=64a041d4-4430-4cb8-a3c0-eab24a139987|Sending file with download name ''. 
2026-08-27 03:57:53.0347|Info|Microsoft.AspNetCore.Routing.EndpointMiddleware|CorrelationId=64a041d4-4430-4cb8-a3c0-eab24a139987|Executed endpoint 'HTTP: GET /scalar/scalar.js' 
2026-08-27 03:57:53.0347|Info|Microsoft.AspNetCore.Hosting.Diagnostics|CorrelationId=|Request finished HTTP/1.1 GET http://localhost:5176/scalar/scalar.js - 304 - - 17.4402ms 
2026-08-27 03:57:53.0528|Info|Microsoft.AspNetCore.Hosting.Diagnostics|CorrelationId=|Request finished HTTP/1.1 GET http://localhost:5176/scalar/scalar.aspnetcore.js - 304 - - 33.0191ms 
2026-08-27 03:57:53.1291|Info|Microsoft.AspNetCore.Hosting.Diagnostics|CorrelationId=|Request starting HTTP/1.1 GET http://localhost:5176/openapi/v1.json - - - 
2026-08-27 03:57:53.1291|Info|Microsoft.AspNetCore.Routing.EndpointMiddleware|CorrelationId=b58bcdd8-5398-4fa8-8f04-6b2975867c43|Executing endpoint 'HTTP: GET /openapi/{documentName}.json' 
2026-08-27 03:57:53.2297|Info|Microsoft.AspNetCore.Hosting.Diagnostics|CorrelationId=|Request starting HTTP/1.1 GET http://localhost:5176/scalar/favicon.svg - - - 
2026-08-27 03:57:53.2297|Info|Microsoft.AspNetCore.Routing.EndpointMiddleware|CorrelationId=7e67155e-9649-40f1-be94-80df71c13286|Executing endpoint 'HTTP: GET /scalar/favicon.svg' 
2026-08-27 03:57:53.2297|Info|Microsoft.AspNetCore.Http.Result.FileStreamResult|CorrelationId=7e67155e-9649-40f1-be94-80df71c13286|Sending file with download name ''. 
2026-08-27 03:57:53.2297|Info|Microsoft.AspNetCore.Routing.EndpointMiddleware|CorrelationId=7e67155e-9649-40f1-be94-80df71c13286|Executed endpoint 'HTTP: GET /scalar/favicon.svg' 
2026-08-27 03:57:53.2297|Info|Microsoft.AspNetCore.Hosting.Diagnostics|CorrelationId=|Request finished HTTP/1.1 GET http://localhost:5176/scalar/favicon.svg - 304 - - 1.8947ms 
2026-08-27 03:57:53.4165|Info|Microsoft.AspNetCore.Routing.EndpointMiddleware|CorrelationId=b58bcdd8-5398-4fa8-8f04-6b2975867c43|Executed endpoint 'HTTP: GET /openapi/{documentName}.json' 
2026-08-27 03:57:53.4165|Info|Microsoft.AspNetCore.Hosting.Diagnostics|CorrelationId=|Request finished HTTP/1.1 GET http://localhost:5176/openapi/v1.json - 200 - application/json;charset=utf-8 292.7466ms 
2026-08-27 03:58:57.5437|Info|Microsoft.AspNetCore.Hosting.Diagnostics|CorrelationId=|Request starting HTTP/1.1 POST http://localhost:5176/api/v1/Auth/register - application/json 112 
2026-08-27 03:58:57.5614|Info|Microsoft.AspNetCore.Authorization.DefaultAuthorizationService|CorrelationId=b1637558-6ea3-44bd-9be2-bb1744aa68b2|Authorization failed. These requirements were not met:
RolesAuthorizationRequirement:User.IsInRole must be true for one of the following roles: (Administrator) 
2026-08-27 03:58:57.5666|Info|Microsoft.AspNetCore.Authentication.JwtBearer.JwtBearerHandler|CorrelationId=b1637558-6ea3-44bd-9be2-bb1744aa68b2|AuthenticationScheme: Bearer was challenged. 
2026-08-27 03:58:57.5666|Info|Microsoft.AspNetCore.Hosting.Diagnostics|CorrelationId=|Request finished HTTP/1.1 POST http://localhost:5176/api/v1/Auth/register - 401 0 - 24.1415ms 
2026-08-27 03:59:49.0021|Info|Microsoft.AspNetCore.Hosting.Diagnostics|CorrelationId=|Request starting HTTP/1.1 POST http://localhost:5176/api/v1/Auth/login - application/json 57 
2026-08-27 03:59:49.0239|Info|Microsoft.AspNetCore.Cors.Infrastructure.CorsService|CorrelationId=8ea03d9b-f9b9-4a84-964a-34d26380d42a|CORS policy execution successful. 
2026-08-27 03:59:49.0239|Info|Microsoft.AspNetCore.Routing.EndpointMiddleware|CorrelationId=8ea03d9b-f9b9-4a84-964a-34d26380d42a|Executing endpoint 'SmartLoan.Api.Controllers.AuthController.Login (SmartLoan.Api)' 
2026-08-27 03:59:49.0676|Info|Microsoft.AspNetCore.Mvc.Infrastructure.ControllerActionInvoker|CorrelationId=8ea03d9b-f9b9-4a84-964a-34d26380d42a|Route matched with {action = "Login", controller = "Auth"}. Executing controller action with signature System.Threading.Tasks.Task`1[Microsoft.AspNetCore.Mvc.ActionResult`1[SmartLoan.Application.Users.LoginResponse]] Login(SmartLoan.Application.Users.LoginCommand) on controller SmartLoan.Api.Controllers.AuthController (SmartLoan.Api). 
2026-08-27 03:59:49.0676|Warn|LuckyPennySoftware.MediatR.License|CorrelationId=8ea03d9b-f9b9-4a84-964a-34d26380d42a|You do not have a valid license key for the Lucky Penny software MediatR. This is allowed for development and testing scenarios. If you are running in production you are required to have a licensed version. Please visit https://luckypennysoftware.com to obtain a valid license. 
2026-08-27 03:59:49.1096|Info|SmartLoan.Application.Common.Behaviors.LoggingBehavior|CorrelationId=8ea03d9b-f9b9-4a84-964a-34d26380d42a|smartloan Request:LoginCommand starting... 
2026-08-27 03:59:49.6858|Warn|Microsoft.EntityFrameworkCore.Model.Validation|CorrelationId=8ea03d9b-f9b9-4a84-964a-34d26380d42a|Entity 'LoanApplication' has a global query filter defined and is the required end of a relationship with the entity 'Payment'. This may lead to unexpected results when the required entity is filtered out. Either configure the navigation as optional, or define matching query filters for both entities in the navigation. See https://go.microsoft.com/fwlink/?linkid=2131316 for more information. 
2026-08-27 03:59:50.4905|Info|Microsoft.EntityFrameworkCore.Database.Command|CorrelationId=8ea03d9b-f9b9-4a84-964a-34d26380d42a|Executed DbCommand (65ms) [Parameters=[@request_Email='?'], CommandType='Text', CommandTimeout='30']
SELECT u."Id", u."Email", u."FullName", u."PasswordHash", u."RefreshToken", u."RefreshTokenExpiryTime", u."Role"
FROM "Users" AS u
WHERE u."Email" = @request_Email
LIMIT 1 
2026-08-27 03:59:50.6056|Info|Microsoft.AspNetCore.Mvc.Infrastructure.ControllerActionInvoker|CorrelationId=8ea03d9b-f9b9-4a84-964a-34d26380d42a|Executed action SmartLoan.Api.Controllers.AuthController.Login (SmartLoan.Api) in 1528.4154ms 
2026-08-27 03:59:50.6056|Info|Microsoft.AspNetCore.Routing.EndpointMiddleware|CorrelationId=8ea03d9b-f9b9-4a84-964a-34d26380d42a|Executed endpoint 'SmartLoan.Api.Controllers.AuthController.Login (SmartLoan.Api)' 
2026-08-27 03:59:50.6056|Error|SmartLoan.Api.Middleware.GlobalExeptionHandle|CorrelationId=8ea03d9b-f9b9-4a84-964a-34d26380d42a|an error occurred:Invalid salt version BCrypt.Net.SaltParseException: Invalid salt version
   at BCrypt.Net.BCrypt.HashPassword(String inputKey, String salt, Boolean enhancedEntropy, HashType hashType)
   at BCrypt.Net.BCrypt.Verify(String text, String hash, Boolean enhancedEntropy, HashType hashType)
   at SmartLoan.Infrastructure.Identity.IdentityService.VerifyPassword(String password, String hash) in D:\isaac\educational purpose only\.net\kyas pro\SmartLoanTracker\SmartLoan.Infrastructure\Identity\IdentityService.cs:line 44
   at SmartLoan.Application.Users.LoginHandler.Handle(LoginCommand request, CancellationToken ct) in D:\isaac\educational purpose only\.net\kyas pro\SmartLoanTracker\SmartLoan.Application\Users\Commands\Login\LoginResponse.cs:line 16
   at SmartLoan.Application.Common.Behaviors.ValidationBehavior`2.Handle(TRequest request, RequestHandlerDelegate`1 next, CancellationToken cancellationToken) in D:\isaac\educational purpose only\.net\kyas pro\SmartLoanTracker\SmartLoan.Application\Common\Behaviors\ValidationBehavior.cs:line 32
   at SmartLoan.Application.Common.Behaviors.LoggingBehavior`2.Handle(TRequest request, RequestHandlerDelegate`1 next, CancellationToken cancellationToken) in D:\isaac\educational purpose only\.net\kyas pro\SmartLoanTracker\SmartLoan.Application\Common\Behaviors\LoggingBehavior.cs:line 14
   at SmartLoan.Api.Controllers.AuthController.Login(LoginCommand command) in D:\isaac\educational purpose only\.net\kyas pro\SmartLoanTracker\SmartLoan.Api\Controllers\AuthController.cs:line 20
   at lambda_method13(Closure, Object)
   at Microsoft.AspNetCore.Mvc.Infrastructure.ActionMethodExecutor.AwaitableObjectResultExecutor.Execute(ActionContext actionContext, IActionResultTypeMapper mapper, ObjectMethodExecutor executor, Object controller, Object[] arguments)
   at Microsoft.AspNetCore.Mvc.Infrastructure.ControllerActionInvoker.<InvokeActionMethodAsync>g__Awaited|12_0(ControllerActionInvoker invoker, ValueTask`1 actionResultValueTask)
   at Microsoft.AspNetCore.Mvc.Infrastructure.ControllerActionInvoker.<InvokeNextActionFilterAsync>g__Awaited|10_0(ControllerActionInvoker invoker, Task lastTask, State next, Scope scope, Object state, Boolean isCompleted)
   at Microsoft.AspNetCore.Mvc.Infrastructure.ControllerActionInvoker.Rethrow(ActionExecutedContextSealed context)
   at Microsoft.AspNetCore.Mvc.Infrastructure.ControllerActionInvoker.Next(State& next, Scope& scope, Object& state, Boolean& isCompleted)
   at Microsoft.AspNetCore.Mvc.Infrastructure.ControllerActionInvoker.<InvokeInnerFilterAsync>g__Awaited|13_0(ControllerActionInvoker invoker, Task lastTask, State next, Scope scope, Object state, Boolean isCompleted)
   at Microsoft.AspNetCore.Mvc.Infrastructure.ResourceInvoker.<InvokeFilterPipelineAsync>g__Awaited|20_0(ResourceInvoker invoker, Task lastTask, State next, Scope scope, Object state, Boolean isCompleted)
   at Microsoft.AspNetCore.Mvc.Infrastructure.ResourceInvoker.<InvokeAsync>g__Logged|17_1(ResourceInvoker invoker)
   at Microsoft.AspNetCore.Mvc.Infrastructure.ResourceInvoker.<InvokeAsync>g__Logged|17_1(ResourceInvoker invoker)
   at Microsoft.AspNetCore.Routing.EndpointMiddleware.<Invoke>g__AwaitRequestTask|7_0(Endpoint endpoint, Task requestTask, ILogger logger)
   at Microsoft.AspNetCore.Diagnostics.ExceptionHandlerMiddlewareImpl.<Invoke>g__Awaited|10_0(ExceptionHandlerMiddlewareImpl middleware, HttpContext context, Task task)
2026-08-27 03:59:50.6573|Error|Microsoft.AspNetCore.Diagnostics.ExceptionHandlerMiddleware|CorrelationId=8ea03d9b-f9b9-4a84-964a-34d26380d42a|An exception was thrown attempting to execute the error handler. System.Runtime.CompilerServices.SwitchExpressionException: Non-exhaustive switch expression failed to match its input.
Unmatched value was BCrypt.Net.SaltParseException: Invalid salt version
   at BCrypt.Net.BCrypt.HashPassword(String inputKey, String salt, Boolean enhancedEntropy, HashType hashType)
   at BCrypt.Net.BCrypt.Verify(String text, String hash, Boolean enhancedEntropy, HashType hashType)
   at SmartLoan.Infrastructure.Identity.IdentityService.VerifyPassword(String password, String hash) in D:\isaac\educational purpose only\.net\kyas pro\SmartLoanTracker\SmartLoan.Infrastructure\Identity\IdentityService.cs:line 44
   at SmartLoan.Application.Users.LoginHandler.Handle(LoginCommand request, CancellationToken ct) in D:\isaac\educational purpose only\.net\kyas pro\SmartLoanTracker\SmartLoan.Application\Users\Commands\Login\LoginResponse.cs:line 16
   at SmartLoan.Application.Common.Behaviors.ValidationBehavior`2.Handle(TRequest request, RequestHandlerDelegate`1 next, CancellationToken cancellationToken) in D:\isaac\educational purpose only\.net\kyas pro\SmartLoanTracker\SmartLoan.Application\Common\Behaviors\ValidationBehavior.cs:line 32
   at SmartLoan.Application.Common.Behaviors.LoggingBehavior`2.Handle(TRequest request, RequestHandlerDelegate`1 next, CancellationToken cancellationToken) in D:\isaac\educational purpose only\.net\kyas pro\SmartLoanTracker\SmartLoan.Application\Common\Behaviors\LoggingBehavior.cs:line 14
   at SmartLoan.Api.Controllers.AuthController.Login(LoginCommand command) in D:\isaac\educational purpose only\.net\kyas pro\SmartLoanTracker\SmartLoan.Api\Controllers\AuthController.cs:line 20
   at lambda_method13(Closure, Object)
   at Microsoft.AspNetCore.Mvc.Infrastructure.ActionMethodExecutor.AwaitableObjectResultExecutor.Execute(ActionContext actionContext, IActionResultTypeMapper mapper, ObjectMethodExecutor executor, Object controller, Object[] arguments)
   at Microsoft.AspNetCore.Mvc.Infrastructure.ControllerActionInvoker.<InvokeActionMethodAsync>g__Awaited|12_0(ControllerActionInvoker invoker, ValueTask`1 actionResultValueTask)
   at Microsoft.AspNetCore.Mvc.Infrastructure.ControllerActionInvoker.<InvokeNextActionFilterAsync>g__Awaited|10_0(ControllerActionInvoker invoker, Task lastTask, State next, Scope scope, Object state, Boolean isCompleted)
   at Microsoft.AspNetCore.Mvc.Infrastructure.ControllerActionInvoker.Rethrow(ActionExecutedContextSealed context)
   at Microsoft.AspNetCore.Mvc.Infrastructure.ControllerActionInvoker.Next(State& next, Scope& scope, Object& state, Boolean& isCompleted)
   at Microsoft.AspNetCore.Mvc.Infrastructure.ControllerActionInvoker.<InvokeInnerFilterAsync>g__Awaited|13_0(ControllerActionInvoker invoker, Task lastTask, State next, Scope scope, Object state, Boolean isCompleted)
   at Microsoft.AspNetCore.Mvc.Infrastructure.ResourceInvoker.<InvokeFilterPipelineAsync>g__Awaited|20_0(ResourceInvoker invoker, Task lastTask, State next, Scope scope, Object state, Boolean isCompleted)
   at Microsoft.AspNetCore.Mvc.Infrastructure.ResourceInvoker.<InvokeAsync>g__Logged|17_1(ResourceInvoker invoker)
   at Microsoft.AspNetCore.Mvc.Infrastructure.ResourceInvoker.<InvokeAsync>g__Logged|17_1(ResourceInvoker invoker)
   at Microsoft.AspNetCore.Routing.EndpointMiddleware.<Invoke>g__AwaitRequestTask|7_0(Endpoint endpoint, Task requestTask, ILogger logger)
   at Microsoft.AspNetCore.Diagnostics.ExceptionHandlerMiddlewareImpl.<Invoke>g__Awaited|10_0(ExceptionHandlerMiddlewareImpl middleware, HttpContext context, Task task).
   at <PrivateImplementationDetails>.ThrowSwitchExpressionException(Object unmatchedValue)
   at SmartLoan.Api.Middleware.GlobalExeptionHandle.TryHandleAsync(HttpContext httpContext, Exception exception, CancellationToken cancellationToken) in D:\isaac\educational purpose only\.net\kyas pro\SmartLoanTracker\SmartLoan.Api\Middleware\GlobalExeptionHandle.cs:line 13
   at Microsoft.AspNetCore.Diagnostics.ExceptionHandlerMiddlewareImpl.HandleException(HttpContext context, ExceptionDispatchInfo edi)
2026-08-27 03:59:50.6573|Error|Microsoft.AspNetCore.Diagnostics.ExceptionHandlerMiddleware|CorrelationId=8ea03d9b-f9b9-4a84-964a-34d26380d42a|An unhandled exception has occurred while executing the request. BCrypt.Net.SaltParseException: Invalid salt version
   at BCrypt.Net.BCrypt.HashPassword(String inputKey, String salt, Boolean enhancedEntropy, HashType hashType)
   at BCrypt.Net.BCrypt.Verify(String text, String hash, Boolean enhancedEntropy, HashType hashType)
   at SmartLoan.Infrastructure.Identity.IdentityService.VerifyPassword(String password, String hash) in D:\isaac\educational purpose only\.net\kyas pro\SmartLoanTracker\SmartLoan.Infrastructure\Identity\IdentityService.cs:line 44
   at SmartLoan.Application.Users.LoginHandler.Handle(LoginCommand request, CancellationToken ct) in D:\isaac\educational purpose only\.net\kyas pro\SmartLoanTracker\SmartLoan.Application\Users\Commands\Login\LoginResponse.cs:line 16
   at SmartLoan.Application.Common.Behaviors.ValidationBehavior`2.Handle(TRequest request, RequestHandlerDelegate`1 next, CancellationToken cancellationToken) in D:\isaac\educational purpose only\.net\kyas pro\SmartLoanTracker\SmartLoan.Application\Common\Behaviors\ValidationBehavior.cs:line 32
   at SmartLoan.Application.Common.Behaviors.LoggingBehavior`2.Handle(TRequest request, RequestHandlerDelegate`1 next, CancellationToken cancellationToken) in D:\isaac\educational purpose only\.net\kyas pro\SmartLoanTracker\SmartLoan.Application\Common\Behaviors\LoggingBehavior.cs:line 14
   at SmartLoan.Api.Controllers.AuthController.Login(LoginCommand command) in D:\isaac\educational purpose only\.net\kyas pro\SmartLoanTracker\SmartLoan.Api\Controllers\AuthController.cs:line 20
   at lambda_method13(Closure, Object)
   at Microsoft.AspNetCore.Mvc.Infrastructure.ActionMethodExecutor.AwaitableObjectResultExecutor.Execute(ActionContext actionContext, IActionResultTypeMapper mapper, ObjectMethodExecutor executor, Object controller, Object[] arguments)
   at Microsoft.AspNetCore.Mvc.Infrastructure.ControllerActionInvoker.<InvokeActionMethodAsync>g__Awaited|12_0(ControllerActionInvoker invoker, ValueTask`1 actionResultValueTask)
   at Microsoft.AspNetCore.Mvc.Infrastructure.ControllerActionInvoker.<InvokeNextActionFilterAsync>g__Awaited|10_0(ControllerActionInvoker invoker, Task lastTask, State next, Scope scope, Object state, Boolean isCompleted)
   at Microsoft.AspNetCore.Mvc.Infrastructure.ControllerActionInvoker.Rethrow(ActionExecutedContextSealed context)
   at Microsoft.AspNetCore.Mvc.Infrastructure.ControllerActionInvoker.Next(State& next, Scope& scope, Object& state, Boolean& isCompleted)
   at Microsoft.AspNetCore.Mvc.Infrastructure.ControllerActionInvoker.<InvokeInnerFilterAsync>g__Awaited|13_0(ControllerActionInvoker invoker, Task lastTask, State next, Scope scope, Object state, Boolean isCompleted)
   at Microsoft.AspNetCore.Mvc.Infrastructure.ResourceInvoker.<InvokeFilterPipelineAsync>g__Awaited|20_0(ResourceInvoker invoker, Task lastTask, State next, Scope scope, Object state, Boolean isCompleted)
   at Microsoft.AspNetCore.Mvc.Infrastructure.ResourceInvoker.<InvokeAsync>g__Logged|17_1(ResourceInvoker invoker)
   at Microsoft.AspNetCore.Mvc.Infrastructure.ResourceInvoker.<InvokeAsync>g__Logged|17_1(ResourceInvoker invoker)
   at Microsoft.AspNetCore.Routing.EndpointMiddleware.<Invoke>g__AwaitRequestTask|7_0(Endpoint endpoint, Task requestTask, ILogger logger)
   at Microsoft.AspNetCore.Diagnostics.ExceptionHandlerMiddlewareImpl.<Invoke>g__Awaited|10_0(ExceptionHandlerMiddlewareImpl middleware, HttpContext context, Task task)
2026-08-27 03:59:50.6573|Error|Microsoft.AspNetCore.Diagnostics.DeveloperExceptionPageMiddleware|CorrelationId=|An unhandled exception has occurred while executing the request. BCrypt.Net.SaltParseException: Invalid salt version
   at BCrypt.Net.BCrypt.HashPassword(String inputKey, String salt, Boolean enhancedEntropy, HashType hashType)
   at BCrypt.Net.BCrypt.Verify(String text, String hash, Boolean enhancedEntropy, HashType hashType)
   at SmartLoan.Infrastructure.Identity.IdentityService.VerifyPassword(String password, String hash) in D:\isaac\educational purpose only\.net\kyas pro\SmartLoanTracker\SmartLoan.Infrastructure\Identity\IdentityService.cs:line 44
   at SmartLoan.Application.Users.LoginHandler.Handle(LoginCommand request, CancellationToken ct) in D:\isaac\educational purpose only\.net\kyas pro\SmartLoanTracker\SmartLoan.Application\Users\Commands\Login\LoginResponse.cs:line 16
   at SmartLoan.Application.Common.Behaviors.ValidationBehavior`2.Handle(TRequest request, RequestHandlerDelegate`1 next, CancellationToken cancellationToken) in D:\isaac\educational purpose only\.net\kyas pro\SmartLoanTracker\SmartLoan.Application\Common\Behaviors\ValidationBehavior.cs:line 32
   at SmartLoan.Application.Common.Behaviors.LoggingBehavior`2.Handle(TRequest request, RequestHandlerDelegate`1 next, CancellationToken cancellationToken) in D:\isaac\educational purpose only\.net\kyas pro\SmartLoanTracker\SmartLoan.Application\Common\Behaviors\LoggingBehavior.cs:line 14
   at SmartLoan.Api.Controllers.AuthController.Login(LoginCommand command) in D:\isaac\educational purpose only\.net\kyas pro\SmartLoanTracker\SmartLoan.Api\Controllers\AuthController.cs:line 20
   at lambda_method13(Closure, Object)
   at Microsoft.AspNetCore.Mvc.Infrastructure.ActionMethodExecutor.AwaitableObjectResultExecutor.Execute(ActionContext actionContext, IActionResultTypeMapper mapper, ObjectMethodExecutor executor, Object controller, Object[] arguments)
   at Microsoft.AspNetCore.Mvc.Infrastructure.ControllerActionInvoker.<InvokeActionMethodAsync>g__Awaited|12_0(ControllerActionInvoker invoker, ValueTask`1 actionResultValueTask)
   at Microsoft.AspNetCore.Mvc.Infrastructure.ControllerActionInvoker.<InvokeNextActionFilterAsync>g__Awaited|10_0(ControllerActionInvoker invoker, Task lastTask, State next, Scope scope, Object state, Boolean isCompleted)
   at Microsoft.AspNetCore.Mvc.Infrastructure.ControllerActionInvoker.Rethrow(ActionExecutedContextSealed context)
   at Microsoft.AspNetCore.Mvc.Infrastructure.ControllerActionInvoker.Next(State& next, Scope& scope, Object& state, Boolean& isCompleted)
   at Microsoft.AspNetCore.Mvc.Infrastructure.ControllerActionInvoker.<InvokeInnerFilterAsync>g__Awaited|13_0(ControllerActionInvoker invoker, Task lastTask, State next, Scope scope, Object state, Boolean isCompleted)
   at Microsoft.AspNetCore.Mvc.Infrastructure.ResourceInvoker.<InvokeFilterPipelineAsync>g__Awaited|20_0(ResourceInvoker invoker, Task lastTask, State next, Scope scope, Object state, Boolean isCompleted)
   at Microsoft.AspNetCore.Mvc.Infrastructure.ResourceInvoker.<InvokeAsync>g__Logged|17_1(ResourceInvoker invoker)
   at Microsoft.AspNetCore.Mvc.Infrastructure.ResourceInvoker.<InvokeAsync>g__Logged|17_1(ResourceInvoker invoker)
   at Microsoft.AspNetCore.Routing.EndpointMiddleware.<Invoke>g__AwaitRequestTask|7_0(Endpoint endpoint, Task requestTask, ILogger logger)
   at Microsoft.AspNetCore.Diagnostics.ExceptionHandlerMiddlewareImpl.<Invoke>g__Awaited|10_0(ExceptionHandlerMiddlewareImpl middleware, HttpContext context, Task task)
   at Microsoft.AspNetCore.Diagnostics.ExceptionHandlerMiddlewareImpl.HandleException(HttpContext context, ExceptionDispatchInfo edi)
   at Microsoft.AspNetCore.Diagnostics.ExceptionHandlerMiddlewareImpl.HandleException(HttpContext context, ExceptionDispatchInfo edi)
   at Microsoft.AspNetCore.Diagnostics.ExceptionHandlerMiddlewareImpl.<Invoke>g__Awaited|10_0(ExceptionHandlerMiddlewareImpl middleware, HttpContext context, Task task)
   at Microsoft.AspNetCore.Authorization.AuthorizationMiddleware.Invoke(HttpContext context)
   at Microsoft.AspNetCore.Authentication.AuthenticationMiddleware.Invoke(HttpContext context)
   at Microsoft.AspNetCore.RateLimiting.RateLimitingMiddleware.InvokeInternal(HttpContext context, EnableRateLimitingAttribute enableRateLimitingAttribute)
   at SmartLoan.Api.Middleware.SecurityHeadersMiddleware.InvokeAsync(HttpContext context) in D:\isaac\educational purpose only\.net\kyas pro\SmartLoanTracker\SmartLoan.Api\Middleware\SecurityHeadersMiddleware.cs:line 25
   at SmartLoan.Api.Middleware.CorrelationIdMiddleware.InvokeAsync(HttpContext context) in D:\isaac\educational purpose only\.net\kyas pro\SmartLoanTracker\SmartLoan.Api\Middleware\CorrelationIdMiddleware.cs:line 13
   at Microsoft.AspNetCore.Diagnostics.DeveloperExceptionPageMiddlewareImpl.Invoke(HttpContext context)
2026-08-27 03:59:50.7094|Info|Microsoft.AspNetCore.Hosting.Diagnostics|CorrelationId=|Request finished HTTP/1.1 POST http://localhost:5176/api/v1/Auth/login - 500 - application/problem+json 1707.2515ms 
2026-08-27 04:01:11.5261|Info|Microsoft.AspNetCore.Hosting.Diagnostics|CorrelationId=|Request starting HTTP/1.1 POST http://localhost:5176/api/v1/Auth/login - application/json 57 
2026-08-27 04:01:11.5261|Info|Microsoft.AspNetCore.Cors.Infrastructure.CorsService|CorrelationId=61d99515-df57-4593-b977-3ade50559f60|CORS policy execution successful. 
2026-08-27 04:01:11.5261|Info|Microsoft.AspNetCore.Routing.EndpointMiddleware|CorrelationId=61d99515-df57-4593-b977-3ade50559f60|Executing endpoint 'SmartLoan.Api.Controllers.AuthController.Login (SmartLoan.Api)' 
2026-08-27 04:01:11.5261|Info|Microsoft.AspNetCore.Mvc.Infrastructure.ControllerActionInvoker|CorrelationId=61d99515-df57-4593-b977-3ade50559f60|Route matched with {action = "Login", controller = "Auth"}. Executing controller action with signature System.Threading.Tasks.Task`1[Microsoft.AspNetCore.Mvc.ActionResult`1[SmartLoan.Application.Users.LoginResponse]] Login(SmartLoan.Application.Users.LoginCommand) on controller SmartLoan.Api.Controllers.AuthController (SmartLoan.Api). 
2026-08-27 04:01:11.5391|Info|SmartLoan.Application.Common.Behaviors.LoggingBehavior|CorrelationId=61d99515-df57-4593-b977-3ade50559f60|smartloan Request:LoginCommand starting... 
2026-08-27 04:01:11.6298|Info|Microsoft.EntityFrameworkCore.Database.Command|CorrelationId=61d99515-df57-4593-b977-3ade50559f60|Executed DbCommand (3ms) [Parameters=[@request_Email='?'], CommandType='Text', CommandTimeout='30']
SELECT u."Id", u."Email", u."FullName", u."PasswordHash", u."RefreshToken", u."RefreshTokenExpiryTime", u."Role"
FROM "Users" AS u
WHERE u."Email" = @request_Email
LIMIT 1 
2026-08-27 04:01:11.6298|Info|Microsoft.AspNetCore.Mvc.Infrastructure.ControllerActionInvoker|CorrelationId=61d99515-df57-4593-b977-3ade50559f60|Executed action SmartLoan.Api.Controllers.AuthController.Login (SmartLoan.Api) in 98.626ms 
2026-08-27 04:01:11.6298|Info|Microsoft.AspNetCore.Routing.EndpointMiddleware|CorrelationId=61d99515-df57-4593-b977-3ade50559f60|Executed endpoint 'SmartLoan.Api.Controllers.AuthController.Login (SmartLoan.Api)' 
2026-08-27 04:01:11.6298|Error|SmartLoan.Api.Middleware.GlobalExeptionHandle|CorrelationId=61d99515-df57-4593-b977-3ade50559f60|an error occurred:Invalid salt version BCrypt.Net.SaltParseException: Invalid salt version
   at BCrypt.Net.BCrypt.HashPassword(String inputKey, String salt, Boolean enhancedEntropy, HashType hashType)
   at BCrypt.Net.BCrypt.Verify(String text, String hash, Boolean enhancedEntropy, HashType hashType)
   at SmartLoan.Infrastructure.Identity.IdentityService.VerifyPassword(String password, String hash) in D:\isaac\educational purpose only\.net\kyas pro\SmartLoanTracker\SmartLoan.Infrastructure\Identity\IdentityService.cs:line 44
   at SmartLoan.Application.Users.LoginHandler.Handle(LoginCommand request, CancellationToken ct) in D:\isaac\educational purpose only\.net\kyas pro\SmartLoanTracker\SmartLoan.Application\Users\Commands\Login\LoginResponse.cs:line 16
   at SmartLoan.Application.Common.Behaviors.ValidationBehavior`2.Handle(TRequest request, RequestHandlerDelegate`1 next, CancellationToken cancellationToken) in D:\isaac\educational purpose only\.net\kyas pro\SmartLoanTracker\SmartLoan.Application\Common\Behaviors\ValidationBehavior.cs:line 32
   at SmartLoan.Application.Common.Behaviors.LoggingBehavior`2.Handle(TRequest request, RequestHandlerDelegate`1 next, CancellationToken cancellationToken) in D:\isaac\educational purpose only\.net\kyas pro\SmartLoanTracker\SmartLoan.Application\Common\Behaviors\LoggingBehavior.cs:line 14
   at SmartLoan.Api.Controllers.AuthController.Login(LoginCommand command) in D:\isaac\educational purpose only\.net\kyas pro\SmartLoanTracker\SmartLoan.Api\Controllers\AuthController.cs:line 20
   at lambda_method13(Closure, Object)
   at Microsoft.AspNetCore.Mvc.Infrastructure.ActionMethodExecutor.AwaitableObjectResultExecutor.Execute(ActionContext actionContext, IActionResultTypeMapper mapper, ObjectMethodExecutor executor, Object controller, Object[] arguments)
   at Microsoft.AspNetCore.Mvc.Infrastructure.ControllerActionInvoker.<InvokeActionMethodAsync>g__Awaited|12_0(ControllerActionInvoker invoker, ValueTask`1 actionResultValueTask)
   at Microsoft.AspNetCore.Mvc.Infrastructure.ControllerActionInvoker.<InvokeNextActionFilterAsync>g__Awaited|10_0(ControllerActionInvoker invoker, Task lastTask, State next, Scope scope, Object state, Boolean isCompleted)
   at Microsoft.AspNetCore.Mvc.Infrastructure.ControllerActionInvoker.Rethrow(ActionExecutedContextSealed context)
   at Microsoft.AspNetCore.Mvc.Infrastructure.ControllerActionInvoker.Next(State& next, Scope& scope, Object& state, Boolean& isCompleted)
   at Microsoft.AspNetCore.Mvc.Infrastructure.ControllerActionInvoker.<InvokeInnerFilterAsync>g__Awaited|13_0(ControllerActionInvoker invoker, Task lastTask, State next, Scope scope, Object state, Boolean isCompleted)
   at Microsoft.AspNetCore.Mvc.Infrastructure.ResourceInvoker.<InvokeFilterPipelineAsync>g__Awaited|20_0(ResourceInvoker invoker, Task lastTask, State next, Scope scope, Object state, Boolean isCompleted)
   at Microsoft.AspNetCore.Mvc.Infrastructure.ResourceInvoker.<InvokeAsync>g__Logged|17_1(ResourceInvoker invoker)
   at Microsoft.AspNetCore.Mvc.Infrastructure.ResourceInvoker.<InvokeAsync>g__Logged|17_1(ResourceInvoker invoker)
   at Microsoft.AspNetCore.Routing.EndpointMiddleware.<Invoke>g__AwaitRequestTask|7_0(Endpoint endpoint, Task requestTask, ILogger logger)
   at Microsoft.AspNetCore.Diagnostics.ExceptionHandlerMiddlewareImpl.<Invoke>g__Awaited|10_0(ExceptionHandlerMiddlewareImpl middleware, HttpContext context, Task task)
2026-08-27 04:01:11.6298|Error|Microsoft.AspNetCore.Diagnostics.ExceptionHandlerMiddleware|CorrelationId=61d99515-df57-4593-b977-3ade50559f60|An exception was thrown attempting to execute the error handler. System.Runtime.CompilerServices.SwitchExpressionException: Non-exhaustive switch expression failed to match its input.
Unmatched value was BCrypt.Net.SaltParseException: Invalid salt version
   at BCrypt.Net.BCrypt.HashPassword(String inputKey, String salt, Boolean enhancedEntropy, HashType hashType)
   at BCrypt.Net.BCrypt.Verify(String text, String hash, Boolean enhancedEntropy, HashType hashType)
   at SmartLoan.Infrastructure.Identity.IdentityService.VerifyPassword(String password, String hash) in D:\isaac\educational purpose only\.net\kyas pro\SmartLoanTracker\SmartLoan.Infrastructure\Identity\IdentityService.cs:line 44
   at SmartLoan.Application.Users.LoginHandler.Handle(LoginCommand request, CancellationToken ct) in D:\isaac\educational purpose only\.net\kyas pro\SmartLoanTracker\SmartLoan.Application\Users\Commands\Login\LoginResponse.cs:line 16
   at SmartLoan.Application.Common.Behaviors.ValidationBehavior`2.Handle(TRequest request, RequestHandlerDelegate`1 next, CancellationToken cancellationToken) in D:\isaac\educational purpose only\.net\kyas pro\SmartLoanTracker\SmartLoan.Application\Common\Behaviors\ValidationBehavior.cs:line 32
   at SmartLoan.Application.Common.Behaviors.LoggingBehavior`2.Handle(TRequest request, RequestHandlerDelegate`1 next, CancellationToken cancellationToken) in D:\isaac\educational purpose only\.net\kyas pro\SmartLoanTracker\SmartLoan.Application\Common\Behaviors\LoggingBehavior.cs:line 14
   at SmartLoan.Api.Controllers.AuthController.Login(LoginCommand command) in D:\isaac\educational purpose only\.net\kyas pro\SmartLoanTracker\SmartLoan.Api\Controllers\AuthController.cs:line 20
   at lambda_method13(Closure, Object)
   at Microsoft.AspNetCore.Mvc.Infrastructure.ActionMethodExecutor.AwaitableObjectResultExecutor.Execute(ActionContext actionContext, IActionResultTypeMapper mapper, ObjectMethodExecutor executor, Object controller, Object[] arguments)
   at Microsoft.AspNetCore.Mvc.Infrastructure.ControllerActionInvoker.<InvokeActionMethodAsync>g__Awaited|12_0(ControllerActionInvoker invoker, ValueTask`1 actionResultValueTask)
   at Microsoft.AspNetCore.Mvc.Infrastructure.ControllerActionInvoker.<InvokeNextActionFilterAsync>g__Awaited|10_0(ControllerActionInvoker invoker, Task lastTask, State next, Scope scope, Object state, Boolean isCompleted)
   at Microsoft.AspNetCore.Mvc.Infrastructure.ControllerActionInvoker.Rethrow(ActionExecutedContextSealed context)
   at Microsoft.AspNetCore.Mvc.Infrastructure.ControllerActionInvoker.Next(State& next, Scope& scope, Object& state, Boolean& isCompleted)
   at Microsoft.AspNetCore.Mvc.Infrastructure.ControllerActionInvoker.<InvokeInnerFilterAsync>g__Awaited|13_0(ControllerActionInvoker invoker, Task lastTask, State next, Scope scope, Object state, Boolean isCompleted)
   at Microsoft.AspNetCore.Mvc.Infrastructure.ResourceInvoker.<InvokeFilterPipelineAsync>g__Awaited|20_0(ResourceInvoker invoker, Task lastTask, State next, Scope scope, Object state, Boolean isCompleted)
   at Microsoft.AspNetCore.Mvc.Infrastructure.ResourceInvoker.<InvokeAsync>g__Logged|17_1(ResourceInvoker invoker)
   at Microsoft.AspNetCore.Mvc.Infrastructure.ResourceInvoker.<InvokeAsync>g__Logged|17_1(ResourceInvoker invoker)
   at Microsoft.AspNetCore.Routing.EndpointMiddleware.<Invoke>g__AwaitRequestTask|7_0(Endpoint endpoint, Task requestTask, ILogger logger)
   at Microsoft.AspNetCore.Diagnostics.ExceptionHandlerMiddlewareImpl.<Invoke>g__Awaited|10_0(ExceptionHandlerMiddlewareImpl middleware, HttpContext context, Task task).
   at <PrivateImplementationDetails>.ThrowSwitchExpressionException(Object unmatchedValue)
   at SmartLoan.Api.Middleware.GlobalExeptionHandle.TryHandleAsync(HttpContext httpContext, Exception exception, CancellationToken cancellationToken) in D:\isaac\educational purpose only\.net\kyas pro\SmartLoanTracker\SmartLoan.Api\Middleware\GlobalExeptionHandle.cs:line 13
   at Microsoft.AspNetCore.Diagnostics.ExceptionHandlerMiddlewareImpl.HandleException(HttpContext context, ExceptionDispatchInfo edi)
2026-08-27 04:01:11.6298|Error|Microsoft.AspNetCore.Diagnostics.ExceptionHandlerMiddleware|CorrelationId=61d99515-df57-4593-b977-3ade50559f60|An unhandled exception has occurred while executing the request. BCrypt.Net.SaltParseException: Invalid salt version
   at BCrypt.Net.BCrypt.HashPassword(String inputKey, String salt, Boolean enhancedEntropy, HashType hashType)
   at BCrypt.Net.BCrypt.Verify(String text, String hash, Boolean enhancedEntropy, HashType hashType)
   at SmartLoan.Infrastructure.Identity.IdentityService.VerifyPassword(String password, String hash) in D:\isaac\educational purpose only\.net\kyas pro\SmartLoanTracker\SmartLoan.Infrastructure\Identity\IdentityService.cs:line 44
   at SmartLoan.Application.Users.LoginHandler.Handle(LoginCommand request, CancellationToken ct) in D:\isaac\educational purpose only\.net\kyas pro\SmartLoanTracker\SmartLoan.Application\Users\Commands\Login\LoginResponse.cs:line 16
   at SmartLoan.Application.Common.Behaviors.ValidationBehavior`2.Handle(TRequest request, RequestHandlerDelegate`1 next, CancellationToken cancellationToken) in D:\isaac\educational purpose only\.net\kyas pro\SmartLoanTracker\SmartLoan.Application\Common\Behaviors\ValidationBehavior.cs:line 32
   at SmartLoan.Application.Common.Behaviors.LoggingBehavior`2.Handle(TRequest request, RequestHandlerDelegate`1 next, CancellationToken cancellationToken) in D:\isaac\educational purpose only\.net\kyas pro\SmartLoanTracker\SmartLoan.Application\Common\Behaviors\LoggingBehavior.cs:line 14
   at SmartLoan.Api.Controllers.AuthController.Login(LoginCommand command) in D:\isaac\educational purpose only\.net\kyas pro\SmartLoanTracker\SmartLoan.Api\Controllers\AuthController.cs:line 20
   at lambda_method13(Closure, Object)
   at Microsoft.AspNetCore.Mvc.Infrastructure.ActionMethodExecutor.AwaitableObjectResultExecutor.Execute(ActionContext actionContext, IActionResultTypeMapper mapper, ObjectMethodExecutor executor, Object controller, Object[] arguments)
   at Microsoft.AspNetCore.Mvc.Infrastructure.ControllerActionInvoker.<InvokeActionMethodAsync>g__Awaited|12_0(ControllerActionInvoker invoker, ValueTask`1 actionResultValueTask)
   at Microsoft.AspNetCore.Mvc.Infrastructure.ControllerActionInvoker.<InvokeNextActionFilterAsync>g__Awaited|10_0(ControllerActionInvoker invoker, Task lastTask, State next, Scope scope, Object state, Boolean isCompleted)
   at Microsoft.AspNetCore.Mvc.Infrastructure.ControllerActionInvoker.Rethrow(ActionExecutedContextSealed context)
   at Microsoft.AspNetCore.Mvc.Infrastructure.ControllerActionInvoker.Next(State& next, Scope& scope, Object& state, Boolean& isCompleted)
   at Microsoft.AspNetCore.Mvc.Infrastructure.ControllerActionInvoker.<InvokeInnerFilterAsync>g__Awaited|13_0(ControllerActionInvoker invoker, Task lastTask, State next, Scope scope, Object state, Boolean isCompleted)
   at Microsoft.AspNetCore.Mvc.Infrastructure.ResourceInvoker.<InvokeFilterPipelineAsync>g__Awaited|20_0(ResourceInvoker invoker, Task lastTask, State next, Scope scope, Object state, Boolean isCompleted)
   at Microsoft.AspNetCore.Mvc.Infrastructure.ResourceInvoker.<InvokeAsync>g__Logged|17_1(ResourceInvoker invoker)
   at Microsoft.AspNetCore.Mvc.Infrastructure.ResourceInvoker.<InvokeAsync>g__Logged|17_1(ResourceInvoker invoker)
   at Microsoft.AspNetCore.Routing.EndpointMiddleware.<Invoke>g__AwaitRequestTask|7_0(Endpoint endpoint, Task requestTask, ILogger logger)
   at Microsoft.AspNetCore.Diagnostics.ExceptionHandlerMiddlewareImpl.<Invoke>g__Awaited|10_0(ExceptionHandlerMiddlewareImpl middleware, HttpContext context, Task task)
2026-08-27 04:01:11.6298|Error|Microsoft.AspNetCore.Diagnostics.DeveloperExceptionPageMiddleware|CorrelationId=|An unhandled exception has occurred while executing the request. BCrypt.Net.SaltParseException: Invalid salt version
   at BCrypt.Net.BCrypt.HashPassword(String inputKey, String salt, Boolean enhancedEntropy, HashType hashType)
   at BCrypt.Net.BCrypt.Verify(String text, String hash, Boolean enhancedEntropy, HashType hashType)
   at SmartLoan.Infrastructure.Identity.IdentityService.VerifyPassword(String password, String hash) in D:\isaac\educational purpose only\.net\kyas pro\SmartLoanTracker\SmartLoan.Infrastructure\Identity\IdentityService.cs:line 44
   at SmartLoan.Application.Users.LoginHandler.Handle(LoginCommand request, CancellationToken ct) in D:\isaac\educational purpose only\.net\kyas pro\SmartLoanTracker\SmartLoan.Application\Users\Commands\Login\LoginResponse.cs:line 16
   at SmartLoan.Application.Common.Behaviors.ValidationBehavior`2.Handle(TRequest request, RequestHandlerDelegate`1 next, CancellationToken cancellationToken) in D:\isaac\educational purpose only\.net\kyas pro\SmartLoanTracker\SmartLoan.Application\Common\Behaviors\ValidationBehavior.cs:line 32
   at SmartLoan.Application.Common.Behaviors.LoggingBehavior`2.Handle(TRequest request, RequestHandlerDelegate`1 next, CancellationToken cancellationToken) in D:\isaac\educational purpose only\.net\kyas pro\SmartLoanTracker\SmartLoan.Application\Common\Behaviors\LoggingBehavior.cs:line 14
   at SmartLoan.Api.Controllers.AuthController.Login(LoginCommand command) in D:\isaac\educational purpose only\.net\kyas pro\SmartLoanTracker\SmartLoan.Api\Controllers\AuthController.cs:line 20
   at lambda_method13(Closure, Object)
   at Microsoft.AspNetCore.Mvc.Infrastructure.ActionMethodExecutor.AwaitableObjectResultExecutor.Execute(ActionContext actionContext, IActionResultTypeMapper mapper, ObjectMethodExecutor executor, Object controller, Object[] arguments)
   at Microsoft.AspNetCore.Mvc.Infrastructure.ControllerActionInvoker.<InvokeActionMethodAsync>g__Awaited|12_0(ControllerActionInvoker invoker, ValueTask`1 actionResultValueTask)
   at Microsoft.AspNetCore.Mvc.Infrastructure.ControllerActionInvoker.<InvokeNextActionFilterAsync>g__Awaited|10_0(ControllerActionInvoker invoker, Task lastTask, State next, Scope scope, Object state, Boolean isCompleted)
   at Microsoft.AspNetCore.Mvc.Infrastructure.ControllerActionInvoker.Rethrow(ActionExecutedContextSealed context)
   at Microsoft.AspNetCore.Mvc.Infrastructure.ControllerActionInvoker.Next(State& next, Scope& scope, Object& state, Boolean& isCompleted)
   at Microsoft.AspNetCore.Mvc.Infrastructure.ControllerActionInvoker.<InvokeInnerFilterAsync>g__Awaited|13_0(ControllerActionInvoker invoker, Task lastTask, State next, Scope scope, Object state, Boolean isCompleted)
   at Microsoft.AspNetCore.Mvc.Infrastructure.ResourceInvoker.<InvokeFilterPipelineAsync>g__Awaited|20_0(ResourceInvoker invoker, Task lastTask, State next, Scope scope, Object state, Boolean isCompleted)
   at Microsoft.AspNetCore.Mvc.Infrastructure.ResourceInvoker.<InvokeAsync>g__Logged|17_1(ResourceInvoker invoker)
   at Microsoft.AspNetCore.Mvc.Infrastructure.ResourceInvoker.<InvokeAsync>g__Logged|17_1(ResourceInvoker invoker)
   at Microsoft.AspNetCore.Routing.EndpointMiddleware.<Invoke>g__AwaitRequestTask|7_0(Endpoint endpoint, Task requestTask, ILogger logger)
   at Microsoft.AspNetCore.Diagnostics.ExceptionHandlerMiddlewareImpl.<Invoke>g__Awaited|10_0(ExceptionHandlerMiddlewareImpl middleware, HttpContext context, Task task)
   at Microsoft.AspNetCore.Diagnostics.ExceptionHandlerMiddlewareImpl.HandleException(HttpContext context, ExceptionDispatchInfo edi)
   at Microsoft.AspNetCore.Diagnostics.ExceptionHandlerMiddlewareImpl.HandleException(HttpContext context, ExceptionDispatchInfo edi)
   at Microsoft.AspNetCore.Diagnostics.ExceptionHandlerMiddlewareImpl.<Invoke>g__Awaited|10_0(ExceptionHandlerMiddlewareImpl middleware, HttpContext context, Task task)
   at Microsoft.AspNetCore.Authorization.AuthorizationMiddleware.Invoke(HttpContext context)
   at Microsoft.AspNetCore.Authentication.AuthenticationMiddleware.Invoke(HttpContext context)
   at Microsoft.AspNetCore.RateLimiting.RateLimitingMiddleware.InvokeInternal(HttpContext context, EnableRateLimitingAttribute enableRateLimitingAttribute)
   at SmartLoan.Api.Middleware.SecurityHeadersMiddleware.InvokeAsync(HttpContext context) in D:\isaac\educational purpose only\.net\kyas pro\SmartLoanTracker\SmartLoan.Api\Middleware\SecurityHeadersMiddleware.cs:line 25
   at SmartLoan.Api.Middleware.CorrelationIdMiddleware.InvokeAsync(HttpContext context) in D:\isaac\educational purpose only\.net\kyas pro\SmartLoanTracker\SmartLoan.Api\Middleware\CorrelationIdMiddleware.cs:line 13
   at Microsoft.AspNetCore.Diagnostics.DeveloperExceptionPageMiddlewareImpl.Invoke(HttpContext context)
2026-08-27 04:01:11.6546|Info|Microsoft.AspNetCore.Hosting.Diagnostics|CorrelationId=|Request finished HTTP/1.1 POST http://localhost:5176/api/v1/Auth/login - 500 - application/problem+json 128.6218ms 
2026-08-27 04:06:31.2648|Info|Microsoft.Hosting.Lifetime|CorrelationId=|Application is shutting down... 
2026-08-27 04:06:40.6454|Warn|Microsoft.EntityFrameworkCore.Model.Validation|CorrelationId=|Entity 'LoanApplication' has a global query filter defined and is the required end of a relationship with the entity 'Payment'. This may lead to unexpected results when the required entity is filtered out. Either configure the navigation as optional, or define matching query filters for both entities in the navigation. See https://go.microsoft.com/fwlink/?linkid=2131316 for more information. 
2026-08-27 04:06:41.0704|Info|Microsoft.EntityFrameworkCore.Database.Command|CorrelationId=|Executed DbCommand (26ms) [Parameters=[], CommandType='Text', CommandTimeout='30']
SELECT "MigrationId", "ProductVersion"
FROM "__EFMigrationsHistory"
ORDER BY "MigrationId"; 
2026-08-27 04:06:41.2817|Info|Microsoft.EntityFrameworkCore.Database.Command|CorrelationId=|Executed DbCommand (9ms) [Parameters=[], CommandType='Text', CommandTimeout='30']
SELECT 1 
2026-08-27 04:06:41.3543|Info|Microsoft.EntityFrameworkCore.Database.Command|CorrelationId=|Executed DbCommand (4ms) [Parameters=[], CommandType='Text', CommandTimeout='30']
CREATE TABLE IF NOT EXISTS "__EFMigrationsHistory" (
    "MigrationId" character varying(150) NOT NULL,
    "ProductVersion" character varying(32) NOT NULL,
    CONSTRAINT "PK___EFMigrationsHistory" PRIMARY KEY ("MigrationId")
); 
2026-08-27 04:06:41.3737|Info|Microsoft.EntityFrameworkCore.Database.Command|CorrelationId=|Executed DbCommand (1ms) [Parameters=[], CommandType='Text', CommandTimeout='30']
LOCK TABLE "__EFMigrationsHistory" IN ACCESS EXCLUSIVE MODE 
2026-08-27 04:06:41.3774|Info|Microsoft.EntityFrameworkCore.Database.Command|CorrelationId=|Executed DbCommand (2ms) [Parameters=[], CommandType='Text', CommandTimeout='30']
SELECT "MigrationId", "ProductVersion"
FROM "__EFMigrationsHistory"
ORDER BY "MigrationId"; 
2026-08-27 04:06:41.3774|Info|Microsoft.EntityFrameworkCore.Migrations|CorrelationId=|No migrations were applied. The database is already up to date. 
2026-08-27 04:06:41.6672|Info|Microsoft.EntityFrameworkCore.Database.Command|CorrelationId=|Executed DbCommand (2ms) [Parameters=[], CommandType='Text', CommandTimeout='30']
SELECT EXISTS (
    SELECT 1
    FROM "Users" AS u
    WHERE u."Email" = 'admin@loan.com') 
2026-08-27 04:06:42.2098|Info|Microsoft.EntityFrameworkCore.Database.Command|CorrelationId=|Executed DbCommand (26ms) [Parameters=[@p0='?', @p1='?', @p2='?', @p3='?', @p4='?' (DbType = DateTime), @p5='?'], CommandType='Text', CommandTimeout='30']
INSERT INTO "Users" ("Email", "FullName", "PasswordHash", "RefreshToken", "RefreshTokenExpiryTime", "Role")
VALUES (@p0, @p1, @p2, @p3, @p4, @p5)
RETURNING "Id"; 
2026-08-27 04:06:42.4590|Info|Microsoft.AspNetCore.DataProtection.KeyManagement.XmlKeyManager|CorrelationId=|User profile is available. Using 'C:\Users\isaac\AppData\Local\ASP.NET\DataProtection-Keys' as key repository and Windows DPAPI to encrypt keys at rest. 
2026-08-27 04:06:42.4590|Info|SmartLoan.Infrastructure.BackgroundJobs.ReportWorker|CorrelationId=|Report Worker is starting... 
2026-08-27 04:06:42.5720|Info|Microsoft.Hosting.Lifetime|CorrelationId=|Now listening on: http://localhost:5176 
2026-08-27 04:06:42.5720|Info|Microsoft.Hosting.Lifetime|CorrelationId=|Application started. Press Ctrl+C to shut down. 
2026-08-27 04:06:42.5720|Info|Microsoft.Hosting.Lifetime|CorrelationId=|Hosting environment: Development 
2026-08-27 04:06:42.5720|Info|Microsoft.Hosting.Lifetime|CorrelationId=|Content root path: D:\isaac\educational purpose only\.net\kyas pro\SmartLoanTracker\SmartLoan.Api 
2026-08-27 04:07:40.1020|Info|Microsoft.AspNetCore.Hosting.Diagnostics|CorrelationId=|Request starting HTTP/1.1 POST http://localhost:5176/api/v1/auth/login - application/json 49 
2026-08-27 04:07:40.1989|Info|Microsoft.AspNetCore.Cors.Infrastructure.CorsService|CorrelationId=45907b1a-fcc5-4037-b74b-50ca38538307|CORS policy execution failed. 
2026-08-27 04:07:40.1989|Info|Microsoft.AspNetCore.Cors.Infrastructure.CorsService|CorrelationId=45907b1a-fcc5-4037-b74b-50ca38538307|Request origin http://localhost:4200 does not have permission to access the resource. 
2026-08-27 04:07:40.1989|Warn|Microsoft.AspNetCore.HttpsPolicy.HttpsRedirectionMiddleware|CorrelationId=45907b1a-fcc5-4037-b74b-50ca38538307|Failed to determine the https port for redirect. 
2026-08-27 04:07:40.1989|Info|Microsoft.AspNetCore.Routing.EndpointMiddleware|CorrelationId=45907b1a-fcc5-4037-b74b-50ca38538307|Executing endpoint 'SmartLoan.Api.Controllers.AuthController.Login (SmartLoan.Api)' 
2026-08-27 04:07:40.2211|Info|Microsoft.AspNetCore.Mvc.Infrastructure.ControllerActionInvoker|CorrelationId=45907b1a-fcc5-4037-b74b-50ca38538307|Route matched with {action = "Login", controller = "Auth"}. Executing controller action with signature System.Threading.Tasks.Task`1[Microsoft.AspNetCore.Mvc.ActionResult`1[SmartLoan.Application.Users.LoginResponse]] Login(SmartLoan.Application.Users.LoginCommand) on controller SmartLoan.Api.Controllers.AuthController (SmartLoan.Api). 
2026-08-27 04:07:40.2331|Warn|LuckyPennySoftware.MediatR.License|CorrelationId=45907b1a-fcc5-4037-b74b-50ca38538307|You do not have a valid license key for the Lucky Penny software MediatR. This is allowed for development and testing scenarios. If you are running in production you are required to have a licensed version. Please visit https://luckypennysoftware.com to obtain a valid license. 
2026-08-27 04:07:40.2707|Info|SmartLoan.Application.Common.Behaviors.LoggingBehavior|CorrelationId=45907b1a-fcc5-4037-b74b-50ca38538307|smartloan Request:LoginCommand starting... 
2026-08-27 04:07:40.3485|Info|Microsoft.EntityFrameworkCore.Database.Command|CorrelationId=45907b1a-fcc5-4037-b74b-50ca38538307|Executed DbCommand (1ms) [Parameters=[@request_Email='?'], CommandType='Text', CommandTimeout='30']
SELECT u."Id", u."Email", u."FullName", u."PasswordHash", u."RefreshToken", u."RefreshTokenExpiryTime", u."Role"
FROM "Users" AS u
WHERE u."Email" = @request_Email
LIMIT 1 
2026-08-27 04:07:40.5843|Info|Microsoft.EntityFrameworkCore.Database.Command|CorrelationId=45907b1a-fcc5-4037-b74b-50ca38538307|Executed DbCommand (3ms) [Parameters=[@p2='?' (DbType = Int32), @p0='?', @p1='?' (DbType = DateTime)], CommandType='Text', CommandTimeout='30']
UPDATE "Users" SET "RefreshToken" = @p0, "RefreshTokenExpiryTime" = @p1
WHERE "Id" = @p2; 
2026-08-27 04:07:40.5843|Info|SmartLoan.Application.Common.Behaviors.LoggingBehavior|CorrelationId=45907b1a-fcc5-4037-b74b-50ca38538307|Smarloan Request:LoginCommand finished in 315ms 
2026-08-27 04:07:40.5843|Info|Microsoft.AspNetCore.Mvc.Infrastructure.ObjectResultExecutor|CorrelationId=45907b1a-fcc5-4037-b74b-50ca38538307|Executing OkObjectResult, writing value of type 'SmartLoan.Application.Users.LoginResponse'. 
2026-08-27 04:07:40.6165|Info|Microsoft.AspNetCore.Mvc.Infrastructure.ControllerActionInvoker|CorrelationId=45907b1a-fcc5-4037-b74b-50ca38538307|Executed action SmartLoan.Api.Controllers.AuthController.Login (SmartLoan.Api) in 386.5273ms 
2026-08-27 04:07:40.6165|Info|Microsoft.AspNetCore.Routing.EndpointMiddleware|CorrelationId=45907b1a-fcc5-4037-b74b-50ca38538307|Executed endpoint 'SmartLoan.Api.Controllers.AuthController.Login (SmartLoan.Api)' 
2026-08-27 04:07:40.6165|Info|Microsoft.AspNetCore.Hosting.Diagnostics|CorrelationId=|Request finished HTTP/1.1 POST http://localhost:5176/api/v1/auth/login - 200 - application/json;+charset=utf-8 523.8163ms 
2026-08-27 04:08:27.3547|Info|Microsoft.AspNetCore.Hosting.Diagnostics|CorrelationId=|Request starting HTTP/1.1 POST http://localhost:5176/api/v1/auth/login - application/json 48 
2026-08-27 04:08:27.3547|Info|Microsoft.AspNetCore.Cors.Infrastructure.CorsService|CorrelationId=451eb4c8-219b-47f8-bee3-919bbb9f0eda|CORS policy execution failed. 
2026-08-27 04:08:27.3547|Info|Microsoft.AspNetCore.Cors.Infrastructure.CorsService|CorrelationId=451eb4c8-219b-47f8-bee3-919bbb9f0eda|Request origin http://localhost:4200 does not have permission to access the resource. 
2026-08-27 04:08:27.3547|Info|Microsoft.AspNetCore.Routing.EndpointMiddleware|CorrelationId=451eb4c8-219b-47f8-bee3-919bbb9f0eda|Executing endpoint 'SmartLoan.Api.Controllers.AuthController.Login (SmartLoan.Api)' 
2026-08-27 04:08:27.3547|Info|Microsoft.AspNetCore.Mvc.Infrastructure.ControllerActionInvoker|CorrelationId=451eb4c8-219b-47f8-bee3-919bbb9f0eda|Route matched with {action = "Login", controller = "Auth"}. Executing controller action with signature System.Threading.Tasks.Task`1[Microsoft.AspNetCore.Mvc.ActionResult`1[SmartLoan.Application.Users.LoginResponse]] Login(SmartLoan.Application.Users.LoginCommand) on controller SmartLoan.Api.Controllers.AuthController (SmartLoan.Api). 
2026-08-27 04:08:27.3547|Info|SmartLoan.Application.Common.Behaviors.LoggingBehavior|CorrelationId=451eb4c8-219b-47f8-bee3-919bbb9f0eda|smartloan Request:LoginCommand starting... 
2026-08-27 04:08:27.4371|Info|Microsoft.EntityFrameworkCore.Database.Command|CorrelationId=451eb4c8-219b-47f8-bee3-919bbb9f0eda|Executed DbCommand (1ms) [Parameters=[@request_Email='?'], CommandType='Text', CommandTimeout='30']
SELECT u."Id", u."Email", u."FullName", u."PasswordHash", u."RefreshToken", u."RefreshTokenExpiryTime", u."Role"
FROM "Users" AS u
WHERE u."Email" = @request_Email
LIMIT 1 
2026-08-27 04:08:27.5901|Info|Microsoft.AspNetCore.Mvc.Infrastructure.ControllerActionInvoker|CorrelationId=451eb4c8-219b-47f8-bee3-919bbb9f0eda|Executed action SmartLoan.Api.Controllers.AuthController.Login (SmartLoan.Api) in 230.9931ms 
2026-08-27 04:08:27.5901|Info|Microsoft.AspNetCore.Routing.EndpointMiddleware|CorrelationId=451eb4c8-219b-47f8-bee3-919bbb9f0eda|Executed endpoint 'SmartLoan.Api.Controllers.AuthController.Login (SmartLoan.Api)' 
2026-08-27 04:08:27.5901|Error|SmartLoan.Api.Middleware.GlobalExeptionHandle|CorrelationId=451eb4c8-219b-47f8-bee3-919bbb9f0eda|an error occurred:Invalid email or password. SmartLoan.Application.Common.Exceptions.BusinessRuleException: Invalid email or password.
   at SmartLoan.Application.Users.LoginHandler.Handle(LoginCommand request, CancellationToken ct) in D:\isaac\educational purpose only\.net\kyas pro\SmartLoanTracker\SmartLoan.Application\Users\Commands\Login\LoginResponse.cs:line 16
   at SmartLoan.Application.Common.Behaviors.ValidationBehavior`2.Handle(TRequest request, RequestHandlerDelegate`1 next, CancellationToken cancellationToken) in D:\isaac\educational purpose only\.net\kyas pro\SmartLoanTracker\SmartLoan.Application\Common\Behaviors\ValidationBehavior.cs:line 32
   at SmartLoan.Application.Common.Behaviors.LoggingBehavior`2.Handle(TRequest request, RequestHandlerDelegate`1 next, CancellationToken cancellationToken) in D:\isaac\educational purpose only\.net\kyas pro\SmartLoanTracker\SmartLoan.Application\Common\Behaviors\LoggingBehavior.cs:line 14
   at SmartLoan.Api.Controllers.AuthController.Login(LoginCommand command) in D:\isaac\educational purpose only\.net\kyas pro\SmartLoanTracker\SmartLoan.Api\Controllers\AuthController.cs:line 20
   at lambda_method87(Closure, Object)
   at Microsoft.AspNetCore.Mvc.Infrastructure.ActionMethodExecutor.AwaitableObjectResultExecutor.Execute(ActionContext actionContext, IActionResultTypeMapper mapper, ObjectMethodExecutor executor, Object controller, Object[] arguments)
   at Microsoft.AspNetCore.Mvc.Infrastructure.ControllerActionInvoker.<InvokeActionMethodAsync>g__Awaited|12_0(ControllerActionInvoker invoker, ValueTask`1 actionResultValueTask)
   at Microsoft.AspNetCore.Mvc.Infrastructure.ControllerActionInvoker.<InvokeNextActionFilterAsync>g__Awaited|10_0(ControllerActionInvoker invoker, Task lastTask, State next, Scope scope, Object state, Boolean isCompleted)
   at Microsoft.AspNetCore.Mvc.Infrastructure.ControllerActionInvoker.Rethrow(ActionExecutedContextSealed context)
   at Microsoft.AspNetCore.Mvc.Infrastructure.ControllerActionInvoker.Next(State& next, Scope& scope, Object& state, Boolean& isCompleted)
   at Microsoft.AspNetCore.Mvc.Infrastructure.ControllerActionInvoker.<InvokeInnerFilterAsync>g__Awaited|13_0(ControllerActionInvoker invoker, Task lastTask, State next, Scope scope, Object state, Boolean isCompleted)
   at Microsoft.AspNetCore.Mvc.Infrastructure.ResourceInvoker.<InvokeFilterPipelineAsync>g__Awaited|20_0(ResourceInvoker invoker, Task lastTask, State next, Scope scope, Object state, Boolean isCompleted)
   at Microsoft.AspNetCore.Mvc.Infrastructure.ResourceInvoker.<InvokeAsync>g__Logged|17_1(ResourceInvoker invoker)
   at Microsoft.AspNetCore.Mvc.Infrastructure.ResourceInvoker.<InvokeAsync>g__Logged|17_1(ResourceInvoker invoker)
   at Microsoft.AspNetCore.Routing.EndpointMiddleware.<Invoke>g__AwaitRequestTask|7_0(Endpoint endpoint, Task requestTask, ILogger logger)
   at Microsoft.AspNetCore.Diagnostics.ExceptionHandlerMiddlewareImpl.<Invoke>g__Awaited|10_0(ExceptionHandlerMiddlewareImpl middleware, HttpContext context, Task task)
2026-08-27 04:08:27.6354|Info|Microsoft.AspNetCore.Hosting.Diagnostics|CorrelationId=|Request finished HTTP/1.1 POST http://localhost:5176/api/v1/auth/login - 500 - application/json;+charset=utf-8 280.7497ms 
2026-08-27 04:09:03.4174|Info|Microsoft.AspNetCore.Hosting.Diagnostics|CorrelationId=|Request starting HTTP/1.1 POST http://localhost:5176/api/v1/auth/login - application/json 49 
2026-08-27 04:09:03.4262|Info|Microsoft.AspNetCore.Cors.Infrastructure.CorsService|CorrelationId=5851998a-919a-49cf-8d65-0f103be9b151|CORS policy execution failed. 
2026-08-27 04:09:03.4262|Info|Microsoft.AspNetCore.Cors.Infrastructure.CorsService|CorrelationId=5851998a-919a-49cf-8d65-0f103be9b151|Request origin http://localhost:4200 does not have permission to access the resource. 
2026-08-27 04:09:03.4262|Info|Microsoft.AspNetCore.Routing.EndpointMiddleware|CorrelationId=5851998a-919a-49cf-8d65-0f103be9b151|Executing endpoint 'SmartLoan.Api.Controllers.AuthController.Login (SmartLoan.Api)' 
2026-08-27 04:09:03.4262|Info|Microsoft.AspNetCore.Mvc.Infrastructure.ControllerActionInvoker|CorrelationId=5851998a-919a-49cf-8d65-0f103be9b151|Route matched with {action = "Login", controller = "Auth"}. Executing controller action with signature System.Threading.Tasks.Task`1[Microsoft.AspNetCore.Mvc.ActionResult`1[SmartLoan.Application.Users.LoginResponse]] Login(SmartLoan.Application.Users.LoginCommand) on controller SmartLoan.Api.Controllers.AuthController (SmartLoan.Api). 
2026-08-27 04:09:03.4262|Info|SmartLoan.Application.Common.Behaviors.LoggingBehavior|CorrelationId=5851998a-919a-49cf-8d65-0f103be9b151|smartloan Request:LoginCommand starting... 
2026-08-27 04:09:03.4393|Info|Microsoft.EntityFrameworkCore.Database.Command|CorrelationId=5851998a-919a-49cf-8d65-0f103be9b151|Executed DbCommand (1ms) [Parameters=[@request_Email='?'], CommandType='Text', CommandTimeout='30']
SELECT u."Id", u."Email", u."FullName", u."PasswordHash", u."RefreshToken", u."RefreshTokenExpiryTime", u."Role"
FROM "Users" AS u
WHERE u."Email" = @request_Email
LIMIT 1 
2026-08-27 04:09:03.5963|Info|Microsoft.EntityFrameworkCore.Database.Command|CorrelationId=5851998a-919a-49cf-8d65-0f103be9b151|Executed DbCommand (4ms) [Parameters=[@p2='?' (DbType = Int32), @p0='?', @p1='?' (DbType = DateTime)], CommandType='Text', CommandTimeout='30']
UPDATE "Users" SET "RefreshToken" = @p0, "RefreshTokenExpiryTime" = @p1
WHERE "Id" = @p2; 
2026-08-27 04:09:03.5963|Info|SmartLoan.Application.Common.Behaviors.LoggingBehavior|CorrelationId=5851998a-919a-49cf-8d65-0f103be9b151|Smarloan Request:LoginCommand finished in 164ms 
2026-08-27 04:09:03.5963|Info|Microsoft.AspNetCore.Mvc.Infrastructure.ObjectResultExecutor|CorrelationId=5851998a-919a-49cf-8d65-0f103be9b151|Executing OkObjectResult, writing value of type 'SmartLoan.Application.Users.LoginResponse'. 
2026-08-27 04:09:03.5963|Info|Microsoft.AspNetCore.Mvc.Infrastructure.ControllerActionInvoker|CorrelationId=5851998a-919a-49cf-8d65-0f103be9b151|Executed action SmartLoan.Api.Controllers.AuthController.Login (SmartLoan.Api) in 170.4228ms 
2026-08-27 04:09:03.5963|Info|Microsoft.AspNetCore.Routing.EndpointMiddleware|CorrelationId=5851998a-919a-49cf-8d65-0f103be9b151|Executed endpoint 'SmartLoan.Api.Controllers.AuthController.Login (SmartLoan.Api)' 
2026-08-27 04:09:03.5963|Info|Microsoft.AspNetCore.Hosting.Diagnostics|CorrelationId=|Request finished HTTP/1.1 POST http://localhost:5176/api/v1/auth/login - 200 - application/json;+charset=utf-8 180.4029ms 
2026-08-27 04:09:12.7914|Info|Microsoft.AspNetCore.Hosting.Diagnostics|CorrelationId=|Request starting HTTP/1.1 GET http://localhost:5176/scalar/ - - - 
2026-08-27 04:09:12.7914|Info|Microsoft.AspNetCore.Routing.EndpointMiddleware|CorrelationId=d6463af9-6013-4d25-b6b3-3f406c444c43|Executing endpoint 'HTTP: GET /scalar/{documentName?}' 
2026-08-27 04:09:12.9462|Info|Microsoft.AspNetCore.Http.Result.ContentResult|CorrelationId=d6463af9-6013-4d25-b6b3-3f406c444c43|Write content with HTTP Response ContentType of text/html 
2026-08-27 04:09:12.9462|Info|Microsoft.AspNetCore.Routing.EndpointMiddleware|CorrelationId=d6463af9-6013-4d25-b6b3-3f406c444c43|Executed endpoint 'HTTP: GET /scalar/{documentName?}' 
2026-08-27 04:09:12.9462|Info|Microsoft.AspNetCore.Hosting.Diagnostics|CorrelationId=|Request finished HTTP/1.1 GET http://localhost:5176/scalar/ - 200 637 text/html 155.3632ms 
2026-08-27 04:09:12.9856|Info|Microsoft.AspNetCore.Hosting.Diagnostics|CorrelationId=|Request starting HTTP/1.1 GET http://localhost:5176/scalar/scalar.js - - - 
2026-08-27 04:09:12.9856|Info|Microsoft.AspNetCore.Hosting.Diagnostics|CorrelationId=|Request starting HTTP/1.1 GET http://localhost:5176/scalar/scalar.aspnetcore.js - - - 
2026-08-27 04:09:12.9861|Info|Microsoft.AspNetCore.Routing.EndpointMiddleware|CorrelationId=f9d51483-8b6f-4b9e-bdd6-ae366c3d9d77|Executing endpoint 'HTTP: GET /scalar/scalar.js' 
2026-08-27 04:09:12.9861|Info|Microsoft.AspNetCore.Cors.Infrastructure.CorsService|CorrelationId=5043443a-4e22-4f15-968c-e8b6f9cdde02|CORS policy execution successful. 
2026-08-27 04:09:12.9861|Info|Microsoft.AspNetCore.Routing.EndpointMiddleware|CorrelationId=5043443a-4e22-4f15-968c-e8b6f9cdde02|Executing endpoint 'HTTP: GET /scalar/scalar.aspnetcore.js' 
2026-08-27 04:09:12.9861|Info|Microsoft.AspNetCore.Http.Result.FileStreamResult|CorrelationId=5043443a-4e22-4f15-968c-e8b6f9cdde02|Sending file with download name ''. 
2026-08-27 04:09:12.9861|Info|Microsoft.AspNetCore.Routing.EndpointMiddleware|CorrelationId=5043443a-4e22-4f15-968c-e8b6f9cdde02|Executed endpoint 'HTTP: GET /scalar/scalar.aspnetcore.js' 
2026-08-27 04:09:12.9861|Info|Microsoft.AspNetCore.Hosting.Diagnostics|CorrelationId=|Request finished HTTP/1.1 GET http://localhost:5176/scalar/scalar.aspnetcore.js - 304 - - 8.4372ms 
2026-08-27 04:09:12.9861|Info|Microsoft.AspNetCore.Http.Result.FileStreamResult|CorrelationId=f9d51483-8b6f-4b9e-bdd6-ae366c3d9d77|Sending file with download name ''. 
2026-08-27 04:09:12.9861|Info|Microsoft.AspNetCore.Routing.EndpointMiddleware|CorrelationId=f9d51483-8b6f-4b9e-bdd6-ae366c3d9d77|Executed endpoint 'HTTP: GET /scalar/scalar.js' 
2026-08-27 04:09:12.9861|Info|Microsoft.AspNetCore.Hosting.Diagnostics|CorrelationId=|Request finished HTTP/1.1 GET http://localhost:5176/scalar/scalar.js - 304 - - 12.2107ms 
2026-08-27 04:09:13.3624|Info|Microsoft.AspNetCore.Hosting.Diagnostics|CorrelationId=|Request starting HTTP/1.1 GET http://localhost:5176/openapi/v1.json - - - 
2026-08-27 04:09:13.3624|Info|Microsoft.AspNetCore.Routing.EndpointMiddleware|CorrelationId=c028c39d-acdb-47cf-bfed-03f435b34872|Executing endpoint 'HTTP: GET /openapi/{documentName}.json' 
2026-08-27 04:09:13.5634|Info|Microsoft.AspNetCore.Hosting.Diagnostics|CorrelationId=|Request starting HTTP/1.1 GET http://localhost:5176/scalar/favicon.svg - - - 
2026-08-27 04:09:13.5634|Info|Microsoft.AspNetCore.Routing.EndpointMiddleware|CorrelationId=193ee6c1-da2d-4b8f-a8a9-6a1e27881a9e|Executing endpoint 'HTTP: GET /scalar/favicon.svg' 
2026-08-27 04:09:13.5653|Info|Microsoft.AspNetCore.Http.Result.FileStreamResult|CorrelationId=193ee6c1-da2d-4b8f-a8a9-6a1e27881a9e|Sending file with download name ''. 
2026-08-27 04:09:13.5653|Info|Microsoft.AspNetCore.Routing.EndpointMiddleware|CorrelationId=193ee6c1-da2d-4b8f-a8a9-6a1e27881a9e|Executed endpoint 'HTTP: GET /scalar/favicon.svg' 
2026-08-27 04:09:13.5653|Info|Microsoft.AspNetCore.Hosting.Diagnostics|CorrelationId=|Request finished HTTP/1.1 GET http://localhost:5176/scalar/favicon.svg - 304 - - 2.1779ms 
2026-08-27 04:09:13.5915|Info|Microsoft.AspNetCore.Routing.EndpointMiddleware|CorrelationId=c028c39d-acdb-47cf-bfed-03f435b34872|Executed endpoint 'HTTP: GET /openapi/{documentName}.json' 
2026-08-27 04:09:13.5915|Info|Microsoft.AspNetCore.Hosting.Diagnostics|CorrelationId=|Request finished HTTP/1.1 GET http://localhost:5176/openapi/v1.json - 200 - application/json;charset=utf-8 229.3472ms 
2026-08-27 04:09:31.0005|Info|Microsoft.AspNetCore.Hosting.Diagnostics|CorrelationId=|Request starting HTTP/1.1 POST http://localhost:5176/api/v1/Auth/login - application/json 58 
2026-08-27 04:09:31.0019|Info|Microsoft.AspNetCore.Cors.Infrastructure.CorsService|CorrelationId=487c3ab9-8903-4efd-9754-7edcca10a292|CORS policy execution successful. 
2026-08-27 04:09:31.0019|Info|Microsoft.AspNetCore.Routing.EndpointMiddleware|CorrelationId=487c3ab9-8903-4efd-9754-7edcca10a292|Executing endpoint 'SmartLoan.Api.Controllers.AuthController.Login (SmartLoan.Api)' 
2026-08-27 04:09:31.0019|Info|Microsoft.AspNetCore.Mvc.Infrastructure.ControllerActionInvoker|CorrelationId=487c3ab9-8903-4efd-9754-7edcca10a292|Route matched with {action = "Login", controller = "Auth"}. Executing controller action with signature System.Threading.Tasks.Task`1[Microsoft.AspNetCore.Mvc.ActionResult`1[SmartLoan.Application.Users.LoginResponse]] Login(SmartLoan.Application.Users.LoginCommand) on controller SmartLoan.Api.Controllers.AuthController (SmartLoan.Api). 
2026-08-27 04:09:31.0019|Info|SmartLoan.Application.Common.Behaviors.LoggingBehavior|CorrelationId=487c3ab9-8903-4efd-9754-7edcca10a292|smartloan Request:LoginCommand starting... 
2026-08-27 04:09:31.0019|Info|Microsoft.EntityFrameworkCore.Database.Command|CorrelationId=487c3ab9-8903-4efd-9754-7edcca10a292|Executed DbCommand (1ms) [Parameters=[@request_Email='?'], CommandType='Text', CommandTimeout='30']
SELECT u."Id", u."Email", u."FullName", u."PasswordHash", u."RefreshToken", u."RefreshTokenExpiryTime", u."Role"
FROM "Users" AS u
WHERE u."Email" = @request_Email
LIMIT 1 
2026-08-27 04:09:31.1631|Info|Microsoft.EntityFrameworkCore.Database.Command|CorrelationId=487c3ab9-8903-4efd-9754-7edcca10a292|Executed DbCommand (10ms) [Parameters=[@p2='?' (DbType = Int32), @p0='?', @p1='?' (DbType = DateTime)], CommandType='Text', CommandTimeout='30']
UPDATE "Users" SET "RefreshToken" = @p0, "RefreshTokenExpiryTime" = @p1
WHERE "Id" = @p2; 
2026-08-27 04:09:31.1631|Info|SmartLoan.Application.Common.Behaviors.LoggingBehavior|CorrelationId=487c3ab9-8903-4efd-9754-7edcca10a292|Smarloan Request:LoginCommand finished in 160ms 
2026-08-27 04:09:31.1631|Info|Microsoft.AspNetCore.Mvc.Infrastructure.ObjectResultExecutor|CorrelationId=487c3ab9-8903-4efd-9754-7edcca10a292|Executing OkObjectResult, writing value of type 'SmartLoan.Application.Users.LoginResponse'. 
2026-08-27 04:09:31.1631|Info|Microsoft.AspNetCore.Mvc.Infrastructure.ControllerActionInvoker|CorrelationId=487c3ab9-8903-4efd-9754-7edcca10a292|Executed action SmartLoan.Api.Controllers.AuthController.Login (SmartLoan.Api) in 163.1631ms 
2026-08-27 04:09:31.1631|Info|Microsoft.AspNetCore.Routing.EndpointMiddleware|CorrelationId=487c3ab9-8903-4efd-9754-7edcca10a292|Executed endpoint 'SmartLoan.Api.Controllers.AuthController.Login (SmartLoan.Api)' 
2026-08-27 04:09:31.1631|Info|Microsoft.AspNetCore.Hosting.Diagnostics|CorrelationId=|Request finished HTTP/1.1 POST http://localhost:5176/api/v1/Auth/login - 200 - application/json;+charset=utf-8 165.7396ms 
2026-08-27 04:10:19.8872|Info|Microsoft.AspNetCore.Hosting.Diagnostics|CorrelationId=|Request starting HTTP/1.1 POST http://localhost:5176/api/v1/Auth/register - application/json 113 
2026-08-27 04:10:19.8930|Info|Microsoft.AspNetCore.Authorization.DefaultAuthorizationService|CorrelationId=c592acc5-a075-46df-b076-44e6b27bec69|Authorization failed. These requirements were not met:
RolesAuthorizationRequirement:User.IsInRole must be true for one of the following roles: (Administrator) 
2026-08-27 04:10:19.8930|Info|Microsoft.AspNetCore.Authentication.JwtBearer.JwtBearerHandler|CorrelationId=c592acc5-a075-46df-b076-44e6b27bec69|AuthenticationScheme: Bearer was challenged. 
2026-08-27 04:10:19.8930|Info|Microsoft.AspNetCore.Hosting.Diagnostics|CorrelationId=|Request finished HTTP/1.1 POST http://localhost:5176/api/v1/Auth/register - 401 0 - 9.6023ms 
2026-08-27 04:10:46.2706|Info|Microsoft.AspNetCore.Hosting.Diagnostics|CorrelationId=|Request starting HTTP/1.1 POST http://localhost:5176/api/v1/auth/login - application/json 48 
2026-08-27 04:10:46.2706|Info|Microsoft.AspNetCore.Cors.Infrastructure.CorsService|CorrelationId=7cefa808-0380-4b50-bbc3-f94f25613c44|CORS policy execution failed. 
2026-08-27 04:10:46.2706|Info|Microsoft.AspNetCore.Cors.Infrastructure.CorsService|CorrelationId=7cefa808-0380-4b50-bbc3-f94f25613c44|Request origin http://localhost:4200 does not have permission to access the resource. 
2026-08-27 04:10:46.2706|Info|Microsoft.AspNetCore.Routing.EndpointMiddleware|CorrelationId=7cefa808-0380-4b50-bbc3-f94f25613c44|Executing endpoint 'SmartLoan.Api.Controllers.AuthController.Login (SmartLoan.Api)' 
2026-08-27 04:10:46.2706|Info|Microsoft.AspNetCore.Mvc.Infrastructure.ControllerActionInvoker|CorrelationId=7cefa808-0380-4b50-bbc3-f94f25613c44|Route matched with {action = "Login", controller = "Auth"}. Executing controller action with signature System.Threading.Tasks.Task`1[Microsoft.AspNetCore.Mvc.ActionResult`1[SmartLoan.Application.Users.LoginResponse]] Login(SmartLoan.Application.Users.LoginCommand) on controller SmartLoan.Api.Controllers.AuthController (SmartLoan.Api). 
2026-08-27 04:10:46.2706|Info|SmartLoan.Application.Common.Behaviors.LoggingBehavior|CorrelationId=7cefa808-0380-4b50-bbc3-f94f25613c44|smartloan Request:LoginCommand starting... 
2026-08-27 04:10:46.2706|Info|Microsoft.EntityFrameworkCore.Database.Command|CorrelationId=7cefa808-0380-4b50-bbc3-f94f25613c44|Executed DbCommand (1ms) [Parameters=[@request_Email='?'], CommandType='Text', CommandTimeout='30']
SELECT u."Id", u."Email", u."FullName", u."PasswordHash", u."RefreshToken", u."RefreshTokenExpiryTime", u."Role"
FROM "Users" AS u
WHERE u."Email" = @request_Email
LIMIT 1 
2026-08-27 04:10:46.4389|Info|Microsoft.AspNetCore.Mvc.Infrastructure.ControllerActionInvoker|CorrelationId=7cefa808-0380-4b50-bbc3-f94f25613c44|Executed action SmartLoan.Api.Controllers.AuthController.Login (SmartLoan.Api) in 165.6782ms 
2026-08-27 04:10:46.4389|Info|Microsoft.AspNetCore.Routing.EndpointMiddleware|CorrelationId=7cefa808-0380-4b50-bbc3-f94f25613c44|Executed endpoint 'SmartLoan.Api.Controllers.AuthController.Login (SmartLoan.Api)' 
2026-08-27 04:10:46.4394|Error|SmartLoan.Api.Middleware.GlobalExeptionHandle|CorrelationId=7cefa808-0380-4b50-bbc3-f94f25613c44|an error occurred:Invalid email or password. SmartLoan.Application.Common.Exceptions.BusinessRuleException: Invalid email or password.
   at SmartLoan.Application.Users.LoginHandler.Handle(LoginCommand request, CancellationToken ct) in D:\isaac\educational purpose only\.net\kyas pro\SmartLoanTracker\SmartLoan.Application\Users\Commands\Login\LoginResponse.cs:line 16
   at SmartLoan.Application.Common.Behaviors.ValidationBehavior`2.Handle(TRequest request, RequestHandlerDelegate`1 next, CancellationToken cancellationToken) in D:\isaac\educational purpose only\.net\kyas pro\SmartLoanTracker\SmartLoan.Application\Common\Behaviors\ValidationBehavior.cs:line 32
   at SmartLoan.Application.Common.Behaviors.LoggingBehavior`2.Handle(TRequest request, RequestHandlerDelegate`1 next, CancellationToken cancellationToken) in D:\isaac\educational purpose only\.net\kyas pro\SmartLoanTracker\SmartLoan.Application\Common\Behaviors\LoggingBehavior.cs:line 14
   at SmartLoan.Api.Controllers.AuthController.Login(LoginCommand command) in D:\isaac\educational purpose only\.net\kyas pro\SmartLoanTracker\SmartLoan.Api\Controllers\AuthController.cs:line 20
   at lambda_method87(Closure, Object)
   at Microsoft.AspNetCore.Mvc.Infrastructure.ActionMethodExecutor.AwaitableObjectResultExecutor.Execute(ActionContext actionContext, IActionResultTypeMapper mapper, ObjectMethodExecutor executor, Object controller, Object[] arguments)
   at Microsoft.AspNetCore.Mvc.Infrastructure.ControllerActionInvoker.<InvokeActionMethodAsync>g__Awaited|12_0(ControllerActionInvoker invoker, ValueTask`1 actionResultValueTask)
   at Microsoft.AspNetCore.Mvc.Infrastructure.ControllerActionInvoker.<InvokeNextActionFilterAsync>g__Awaited|10_0(ControllerActionInvoker invoker, Task lastTask, State next, Scope scope, Object state, Boolean isCompleted)
   at Microsoft.AspNetCore.Mvc.Infrastructure.ControllerActionInvoker.Rethrow(ActionExecutedContextSealed context)
   at Microsoft.AspNetCore.Mvc.Infrastructure.ControllerActionInvoker.Next(State& next, Scope& scope, Object& state, Boolean& isCompleted)
   at Microsoft.AspNetCore.Mvc.Infrastructure.ControllerActionInvoker.<InvokeInnerFilterAsync>g__Awaited|13_0(ControllerActionInvoker invoker, Task lastTask, State next, Scope scope, Object state, Boolean isCompleted)
   at Microsoft.AspNetCore.Mvc.Infrastructure.ResourceInvoker.<InvokeFilterPipelineAsync>g__Awaited|20_0(ResourceInvoker invoker, Task lastTask, State next, Scope scope, Object state, Boolean isCompleted)
   at Microsoft.AspNetCore.Mvc.Infrastructure.ResourceInvoker.<InvokeAsync>g__Logged|17_1(ResourceInvoker invoker)
   at Microsoft.AspNetCore.Mvc.Infrastructure.ResourceInvoker.<InvokeAsync>g__Logged|17_1(ResourceInvoker invoker)
   at Microsoft.AspNetCore.Routing.EndpointMiddleware.<Invoke>g__AwaitRequestTask|7_0(Endpoint endpoint, Task requestTask, ILogger logger)
   at Microsoft.AspNetCore.Diagnostics.ExceptionHandlerMiddlewareImpl.<Invoke>g__Awaited|10_0(ExceptionHandlerMiddlewareImpl middleware, HttpContext context, Task task)
2026-08-27 04:10:46.4394|Info|Microsoft.AspNetCore.Hosting.Diagnostics|CorrelationId=|Request finished HTTP/1.1 POST http://localhost:5176/api/v1/auth/login - 500 - application/json;+charset=utf-8 170.4903ms 
2026-08-27 04:11:22.3156|Info|Microsoft.AspNetCore.Hosting.Diagnostics|CorrelationId=|Request starting HTTP/1.1 POST http://localhost:5176/api/v1/auth/login - application/json 48 
2026-08-27 04:11:22.3156|Info|Microsoft.AspNetCore.Cors.Infrastructure.CorsService|CorrelationId=0145baad-e468-4815-837f-6378e0f9c067|CORS policy execution failed. 
2026-08-27 04:11:22.3156|Info|Microsoft.AspNetCore.Cors.Infrastructure.CorsService|CorrelationId=0145baad-e468-4815-837f-6378e0f9c067|Request origin http://localhost:4200 does not have permission to access the resource. 
2026-08-27 04:11:22.3156|Info|Microsoft.AspNetCore.Routing.EndpointMiddleware|CorrelationId=0145baad-e468-4815-837f-6378e0f9c067|Executing endpoint 'SmartLoan.Api.Controllers.AuthController.Login (SmartLoan.Api)' 
2026-08-27 04:11:22.3156|Info|Microsoft.AspNetCore.Mvc.Infrastructure.ControllerActionInvoker|CorrelationId=0145baad-e468-4815-837f-6378e0f9c067|Route matched with {action = "Login", controller = "Auth"}. Executing controller action with signature System.Threading.Tasks.Task`1[Microsoft.AspNetCore.Mvc.ActionResult`1[SmartLoan.Application.Users.LoginResponse]] Login(SmartLoan.Application.Users.LoginCommand) on controller SmartLoan.Api.Controllers.AuthController (SmartLoan.Api). 
2026-08-27 04:11:22.3156|Info|SmartLoan.Application.Common.Behaviors.LoggingBehavior|CorrelationId=0145baad-e468-4815-837f-6378e0f9c067|smartloan Request:LoginCommand starting... 
2026-08-27 04:11:22.3156|Info|Microsoft.EntityFrameworkCore.Database.Command|CorrelationId=0145baad-e468-4815-837f-6378e0f9c067|Executed DbCommand (1ms) [Parameters=[@request_Email='?'], CommandType='Text', CommandTimeout='30']
SELECT u."Id", u."Email", u."FullName", u."PasswordHash", u."RefreshToken", u."RefreshTokenExpiryTime", u."Role"
FROM "Users" AS u
WHERE u."Email" = @request_Email
LIMIT 1 
2026-08-27 04:11:22.4665|Info|Microsoft.AspNetCore.Mvc.Infrastructure.ControllerActionInvoker|CorrelationId=0145baad-e468-4815-837f-6378e0f9c067|Executed action SmartLoan.Api.Controllers.AuthController.Login (SmartLoan.Api) in 149.0617ms 
2026-08-27 04:11:22.4665|Info|Microsoft.AspNetCore.Routing.EndpointMiddleware|CorrelationId=0145baad-e468-4815-837f-6378e0f9c067|Executed endpoint 'SmartLoan.Api.Controllers.AuthController.Login (SmartLoan.Api)' 
2026-08-27 04:11:22.4665|Error|SmartLoan.Api.Middleware.GlobalExeptionHandle|CorrelationId=0145baad-e468-4815-837f-6378e0f9c067|an error occurred:Invalid email or password. SmartLoan.Application.Common.Exceptions.BusinessRuleException: Invalid email or password.
   at SmartLoan.Application.Users.LoginHandler.Handle(LoginCommand request, CancellationToken ct) in D:\isaac\educational purpose only\.net\kyas pro\SmartLoanTracker\SmartLoan.Application\Users\Commands\Login\LoginResponse.cs:line 16
   at SmartLoan.Application.Common.Behaviors.ValidationBehavior`2.Handle(TRequest request, RequestHandlerDelegate`1 next, CancellationToken cancellationToken) in D:\isaac\educational purpose only\.net\kyas pro\SmartLoanTracker\SmartLoan.Application\Common\Behaviors\ValidationBehavior.cs:line 32
   at SmartLoan.Application.Common.Behaviors.LoggingBehavior`2.Handle(TRequest request, RequestHandlerDelegate`1 next, CancellationToken cancellationToken) in D:\isaac\educational purpose only\.net\kyas pro\SmartLoanTracker\SmartLoan.Application\Common\Behaviors\LoggingBehavior.cs:line 14
   at SmartLoan.Api.Controllers.AuthController.Login(LoginCommand command) in D:\isaac\educational purpose only\.net\kyas pro\SmartLoanTracker\SmartLoan.Api\Controllers\AuthController.cs:line 20
   at lambda_method87(Closure, Object)
   at Microsoft.AspNetCore.Mvc.Infrastructure.ActionMethodExecutor.AwaitableObjectResultExecutor.Execute(ActionContext actionContext, IActionResultTypeMapper mapper, ObjectMethodExecutor executor, Object controller, Object[] arguments)
   at Microsoft.AspNetCore.Mvc.Infrastructure.ControllerActionInvoker.<InvokeActionMethodAsync>g__Awaited|12_0(ControllerActionInvoker invoker, ValueTask`1 actionResultValueTask)
   at Microsoft.AspNetCore.Mvc.Infrastructure.ControllerActionInvoker.<InvokeNextActionFilterAsync>g__Awaited|10_0(ControllerActionInvoker invoker, Task lastTask, State next, Scope scope, Object state, Boolean isCompleted)
   at Microsoft.AspNetCore.Mvc.Infrastructure.ControllerActionInvoker.Rethrow(ActionExecutedContextSealed context)
   at Microsoft.AspNetCore.Mvc.Infrastructure.ControllerActionInvoker.Next(State& next, Scope& scope, Object& state, Boolean& isCompleted)
   at Microsoft.AspNetCore.Mvc.Infrastructure.ControllerActionInvoker.<InvokeInnerFilterAsync>g__Awaited|13_0(ControllerActionInvoker invoker, Task lastTask, State next, Scope scope, Object state, Boolean isCompleted)
   at Microsoft.AspNetCore.Mvc.Infrastructure.ResourceInvoker.<InvokeFilterPipelineAsync>g__Awaited|20_0(ResourceInvoker invoker, Task lastTask, State next, Scope scope, Object state, Boolean isCompleted)
   at Microsoft.AspNetCore.Mvc.Infrastructure.ResourceInvoker.<InvokeAsync>g__Logged|17_1(ResourceInvoker invoker)
   at Microsoft.AspNetCore.Mvc.Infrastructure.ResourceInvoker.<InvokeAsync>g__Logged|17_1(ResourceInvoker invoker)
   at Microsoft.AspNetCore.Routing.EndpointMiddleware.<Invoke>g__AwaitRequestTask|7_0(Endpoint endpoint, Task requestTask, ILogger logger)
   at Microsoft.AspNetCore.Diagnostics.ExceptionHandlerMiddlewareImpl.<Invoke>g__Awaited|10_0(ExceptionHandlerMiddlewareImpl middleware, HttpContext context, Task task)
2026-08-27 04:11:22.4665|Info|Microsoft.AspNetCore.Hosting.Diagnostics|CorrelationId=|Request finished HTTP/1.1 POST http://localhost:5176/api/v1/auth/login - 500 - application/json;+charset=utf-8 153.5529ms 
2026-08-27 04:11:28.3865|Info|Microsoft.AspNetCore.Hosting.Diagnostics|CorrelationId=|Request starting HTTP/1.1 POST http://localhost:5176/api/v1/auth/login - application/json 48 
2026-08-27 04:11:28.3865|Info|Microsoft.AspNetCore.Cors.Infrastructure.CorsService|CorrelationId=8ad9a350-2491-4f63-b524-10ee124f8296|CORS policy execution failed. 
2026-08-27 04:11:28.3865|Info|Microsoft.AspNetCore.Cors.Infrastructure.CorsService|CorrelationId=8ad9a350-2491-4f63-b524-10ee124f8296|Request origin http://localhost:4200 does not have permission to access the resource. 
2026-08-27 04:11:28.3865|Info|Microsoft.AspNetCore.Routing.EndpointMiddleware|CorrelationId=8ad9a350-2491-4f63-b524-10ee124f8296|Executing endpoint 'SmartLoan.Api.Controllers.AuthController.Login (SmartLoan.Api)' 
2026-08-27 04:11:28.3865|Info|Microsoft.AspNetCore.Mvc.Infrastructure.ControllerActionInvoker|CorrelationId=8ad9a350-2491-4f63-b524-10ee124f8296|Route matched with {action = "Login", controller = "Auth"}. Executing controller action with signature System.Threading.Tasks.Task`1[Microsoft.AspNetCore.Mvc.ActionResult`1[SmartLoan.Application.Users.LoginResponse]] Login(SmartLoan.Application.Users.LoginCommand) on controller SmartLoan.Api.Controllers.AuthController (SmartLoan.Api). 
2026-08-27 04:11:28.3865|Info|SmartLoan.Application.Common.Behaviors.LoggingBehavior|CorrelationId=8ad9a350-2491-4f63-b524-10ee124f8296|smartloan Request:LoginCommand starting... 
2026-08-27 04:11:28.3865|Info|Microsoft.EntityFrameworkCore.Database.Command|CorrelationId=8ad9a350-2491-4f63-b524-10ee124f8296|Executed DbCommand (1ms) [Parameters=[@request_Email='?'], CommandType='Text', CommandTimeout='30']
SELECT u."Id", u."Email", u."FullName", u."PasswordHash", u."RefreshToken", u."RefreshTokenExpiryTime", u."Role"
FROM "Users" AS u
WHERE u."Email" = @request_Email
LIMIT 1 
2026-08-27 04:11:28.5493|Info|Microsoft.AspNetCore.Mvc.Infrastructure.ControllerActionInvoker|CorrelationId=8ad9a350-2491-4f63-b524-10ee124f8296|Executed action SmartLoan.Api.Controllers.AuthController.Login (SmartLoan.Api) in 161.5492ms 
2026-08-27 04:11:28.5493|Info|Microsoft.AspNetCore.Routing.EndpointMiddleware|CorrelationId=8ad9a350-2491-4f63-b524-10ee124f8296|Executed endpoint 'SmartLoan.Api.Controllers.AuthController.Login (SmartLoan.Api)' 
2026-08-27 04:11:28.5493|Error|SmartLoan.Api.Middleware.GlobalExeptionHandle|CorrelationId=8ad9a350-2491-4f63-b524-10ee124f8296|an error occurred:Invalid email or password. SmartLoan.Application.Common.Exceptions.BusinessRuleException: Invalid email or password.
   at SmartLoan.Application.Users.LoginHandler.Handle(LoginCommand request, CancellationToken ct) in D:\isaac\educational purpose only\.net\kyas pro\SmartLoanTracker\SmartLoan.Application\Users\Commands\Login\LoginResponse.cs:line 16
   at SmartLoan.Application.Common.Behaviors.ValidationBehavior`2.Handle(TRequest request, RequestHandlerDelegate`1 next, CancellationToken cancellationToken) in D:\isaac\educational purpose only\.net\kyas pro\SmartLoanTracker\SmartLoan.Application\Common\Behaviors\ValidationBehavior.cs:line 32
   at SmartLoan.Application.Common.Behaviors.LoggingBehavior`2.Handle(TRequest request, RequestHandlerDelegate`1 next, CancellationToken cancellationToken) in D:\isaac\educational purpose only\.net\kyas pro\SmartLoanTracker\SmartLoan.Application\Common\Behaviors\LoggingBehavior.cs:line 14
   at SmartLoan.Api.Controllers.AuthController.Login(LoginCommand command) in D:\isaac\educational purpose only\.net\kyas pro\SmartLoanTracker\SmartLoan.Api\Controllers\AuthController.cs:line 20
   at lambda_method87(Closure, Object)
   at Microsoft.AspNetCore.Mvc.Infrastructure.ActionMethodExecutor.AwaitableObjectResultExecutor.Execute(ActionContext actionContext, IActionResultTypeMapper mapper, ObjectMethodExecutor executor, Object controller, Object[] arguments)
   at Microsoft.AspNetCore.Mvc.Infrastructure.ControllerActionInvoker.<InvokeActionMethodAsync>g__Awaited|12_0(ControllerActionInvoker invoker, ValueTask`1 actionResultValueTask)
   at Microsoft.AspNetCore.Mvc.Infrastructure.ControllerActionInvoker.<InvokeNextActionFilterAsync>g__Awaited|10_0(ControllerActionInvoker invoker, Task lastTask, State next, Scope scope, Object state, Boolean isCompleted)
   at Microsoft.AspNetCore.Mvc.Infrastructure.ControllerActionInvoker.Rethrow(ActionExecutedContextSealed context)
   at Microsoft.AspNetCore.Mvc.Infrastructure.ControllerActionInvoker.Next(State& next, Scope& scope, Object& state, Boolean& isCompleted)
   at Microsoft.AspNetCore.Mvc.Infrastructure.ControllerActionInvoker.<InvokeInnerFilterAsync>g__Awaited|13_0(ControllerActionInvoker invoker, Task lastTask, State next, Scope scope, Object state, Boolean isCompleted)
   at Microsoft.AspNetCore.Mvc.Infrastructure.ResourceInvoker.<InvokeFilterPipelineAsync>g__Awaited|20_0(ResourceInvoker invoker, Task lastTask, State next, Scope scope, Object state, Boolean isCompleted)
   at Microsoft.AspNetCore.Mvc.Infrastructure.ResourceInvoker.<InvokeAsync>g__Logged|17_1(ResourceInvoker invoker)
   at Microsoft.AspNetCore.Mvc.Infrastructure.ResourceInvoker.<InvokeAsync>g__Logged|17_1(ResourceInvoker invoker)
   at Microsoft.AspNetCore.Routing.EndpointMiddleware.<Invoke>g__AwaitRequestTask|7_0(Endpoint endpoint, Task requestTask, ILogger logger)
   at Microsoft.AspNetCore.Diagnostics.ExceptionHandlerMiddlewareImpl.<Invoke>g__Awaited|10_0(ExceptionHandlerMiddlewareImpl middleware, HttpContext context, Task task)
2026-08-27 04:11:28.5493|Info|Microsoft.AspNetCore.Hosting.Diagnostics|CorrelationId=|Request finished HTTP/1.1 POST http://localhost:5176/api/v1/auth/login - 500 - application/json;+charset=utf-8 164.6048ms 
2026-08-27 04:11:39.2177|Info|Microsoft.AspNetCore.Hosting.Diagnostics|CorrelationId=|Request starting HTTP/1.1 POST http://localhost:5176/api/v1/auth/login - application/json 49 
2026-08-27 04:11:39.2177|Info|Microsoft.AspNetCore.Cors.Infrastructure.CorsService|CorrelationId=2ada6be0-cf39-4afe-9ab2-617de2355cea|CORS policy execution failed. 
2026-08-27 04:11:39.2177|Info|Microsoft.AspNetCore.Cors.Infrastructure.CorsService|CorrelationId=2ada6be0-cf39-4afe-9ab2-617de2355cea|Request origin http://localhost:4200 does not have permission to access the resource. 
2026-08-27 04:11:39.2177|Info|Microsoft.AspNetCore.Routing.EndpointMiddleware|CorrelationId=2ada6be0-cf39-4afe-9ab2-617de2355cea|Executing endpoint 'SmartLoan.Api.Controllers.AuthController.Login (SmartLoan.Api)' 
2026-08-27 04:11:39.2177|Info|Microsoft.AspNetCore.Mvc.Infrastructure.ControllerActionInvoker|CorrelationId=2ada6be0-cf39-4afe-9ab2-617de2355cea|Route matched with {action = "Login", controller = "Auth"}. Executing controller action with signature System.Threading.Tasks.Task`1[Microsoft.AspNetCore.Mvc.ActionResult`1[SmartLoan.Application.Users.LoginResponse]] Login(SmartLoan.Application.Users.LoginCommand) on controller SmartLoan.Api.Controllers.AuthController (SmartLoan.Api). 
2026-08-27 04:11:39.2177|Info|SmartLoan.Application.Common.Behaviors.LoggingBehavior|CorrelationId=2ada6be0-cf39-4afe-9ab2-617de2355cea|smartloan Request:LoginCommand starting... 
2026-08-27 04:11:39.2221|Info|Microsoft.EntityFrameworkCore.Database.Command|CorrelationId=2ada6be0-cf39-4afe-9ab2-617de2355cea|Executed DbCommand (1ms) [Parameters=[@request_Email='?'], CommandType='Text', CommandTimeout='30']
SELECT u."Id", u."Email", u."FullName", u."PasswordHash", u."RefreshToken", u."RefreshTokenExpiryTime", u."Role"
FROM "Users" AS u
WHERE u."Email" = @request_Email
LIMIT 1 
2026-08-27 04:11:39.3663|Info|Microsoft.EntityFrameworkCore.Database.Command|CorrelationId=2ada6be0-cf39-4afe-9ab2-617de2355cea|Executed DbCommand (1ms) [Parameters=[@p2='?' (DbType = Int32), @p0='?', @p1='?' (DbType = DateTime)], CommandType='Text', CommandTimeout='30']
UPDATE "Users" SET "RefreshToken" = @p0, "RefreshTokenExpiryTime" = @p1
WHERE "Id" = @p2; 
2026-08-27 04:11:39.3663|Info|SmartLoan.Application.Common.Behaviors.LoggingBehavior|CorrelationId=2ada6be0-cf39-4afe-9ab2-617de2355cea|Smarloan Request:LoginCommand finished in 147ms 
2026-08-27 04:11:39.3663|Info|Microsoft.AspNetCore.Mvc.Infrastructure.ObjectResultExecutor|CorrelationId=2ada6be0-cf39-4afe-9ab2-617de2355cea|Executing OkObjectResult, writing value of type 'SmartLoan.Application.Users.LoginResponse'. 
2026-08-27 04:11:39.3663|Info|Microsoft.AspNetCore.Mvc.Infrastructure.ControllerActionInvoker|CorrelationId=2ada6be0-cf39-4afe-9ab2-617de2355cea|Executed action SmartLoan.Api.Controllers.AuthController.Login (SmartLoan.Api) in 147.8552ms 
2026-08-27 04:11:39.3663|Info|Microsoft.AspNetCore.Routing.EndpointMiddleware|CorrelationId=2ada6be0-cf39-4afe-9ab2-617de2355cea|Executed endpoint 'SmartLoan.Api.Controllers.AuthController.Login (SmartLoan.Api)' 
2026-08-27 04:11:39.3663|Info|Microsoft.AspNetCore.Hosting.Diagnostics|CorrelationId=|Request finished HTTP/1.1 POST http://localhost:5176/api/v1/auth/login - 200 - application/json;+charset=utf-8 149.5995ms 
2026-08-27 04:20:30.1180|Info|Microsoft.AspNetCore.Hosting.Diagnostics|CorrelationId=|Request starting HTTP/1.1 POST http://localhost:5176/api/v1/auth/login - application/json 49 
2026-08-27 04:20:30.1180|Info|Microsoft.AspNetCore.Cors.Infrastructure.CorsService|CorrelationId=2aea091d-d92b-4e3e-b3cc-b5b850e6afc9|CORS policy execution failed. 
2026-08-27 04:20:30.1180|Info|Microsoft.AspNetCore.Cors.Infrastructure.CorsService|CorrelationId=2aea091d-d92b-4e3e-b3cc-b5b850e6afc9|Request origin http://localhost:4200 does not have permission to access the resource. 
2026-08-27 04:20:30.1180|Info|Microsoft.AspNetCore.Routing.EndpointMiddleware|CorrelationId=2aea091d-d92b-4e3e-b3cc-b5b850e6afc9|Executing endpoint 'SmartLoan.Api.Controllers.AuthController.Login (SmartLoan.Api)' 
2026-08-27 04:20:30.1180|Info|Microsoft.AspNetCore.Mvc.Infrastructure.ControllerActionInvoker|CorrelationId=2aea091d-d92b-4e3e-b3cc-b5b850e6afc9|Route matched with {action = "Login", controller = "Auth"}. Executing controller action with signature System.Threading.Tasks.Task`1[Microsoft.AspNetCore.Mvc.ActionResult`1[SmartLoan.Application.Users.LoginResponse]] Login(SmartLoan.Application.Users.LoginCommand) on controller SmartLoan.Api.Controllers.AuthController (SmartLoan.Api). 
2026-08-27 04:20:30.1180|Info|SmartLoan.Application.Common.Behaviors.LoggingBehavior|CorrelationId=2aea091d-d92b-4e3e-b3cc-b5b850e6afc9|smartloan Request:LoginCommand starting... 
2026-08-27 04:20:30.1742|Info|Microsoft.EntityFrameworkCore.Database.Command|CorrelationId=2aea091d-d92b-4e3e-b3cc-b5b850e6afc9|Executed DbCommand (4ms) [Parameters=[@request_Email='?'], CommandType='Text', CommandTimeout='30']
SELECT u."Id", u."Email", u."FullName", u."PasswordHash", u."RefreshToken", u."RefreshTokenExpiryTime", u."Role"
FROM "Users" AS u
WHERE u."Email" = @request_Email
LIMIT 1 
2026-08-27 04:20:30.3186|Info|Microsoft.EntityFrameworkCore.Database.Command|CorrelationId=2aea091d-d92b-4e3e-b3cc-b5b850e6afc9|Executed DbCommand (2ms) [Parameters=[@p2='?' (DbType = Int32), @p0='?', @p1='?' (DbType = DateTime)], CommandType='Text', CommandTimeout='30']
UPDATE "Users" SET "RefreshToken" = @p0, "RefreshTokenExpiryTime" = @p1
WHERE "Id" = @p2; 
2026-08-27 04:20:30.3186|Info|SmartLoan.Application.Common.Behaviors.LoggingBehavior|CorrelationId=2aea091d-d92b-4e3e-b3cc-b5b850e6afc9|Smarloan Request:LoginCommand finished in 197ms 
2026-08-27 04:20:30.3186|Info|Microsoft.AspNetCore.Mvc.Infrastructure.ObjectResultExecutor|CorrelationId=2aea091d-d92b-4e3e-b3cc-b5b850e6afc9|Executing OkObjectResult, writing value of type 'SmartLoan.Application.Users.LoginResponse'. 
2026-08-27 04:20:30.3186|Info|Microsoft.AspNetCore.Mvc.Infrastructure.ControllerActionInvoker|CorrelationId=2aea091d-d92b-4e3e-b3cc-b5b850e6afc9|Executed action SmartLoan.Api.Controllers.AuthController.Login (SmartLoan.Api) in 197.9875ms 
2026-08-27 04:20:30.3186|Info|Microsoft.AspNetCore.Routing.EndpointMiddleware|CorrelationId=2aea091d-d92b-4e3e-b3cc-b5b850e6afc9|Executed endpoint 'SmartLoan.Api.Controllers.AuthController.Login (SmartLoan.Api)' 
2026-08-27 04:20:30.3186|Info|Microsoft.AspNetCore.Hosting.Diagnostics|CorrelationId=|Request finished HTTP/1.1 POST http://localhost:5176/api/v1/auth/login - 200 - application/json;+charset=utf-8 201.8400ms 
2026-08-27 04:28:10.5754|Info|Microsoft.AspNetCore.Hosting.Diagnostics|CorrelationId=|Request starting HTTP/1.1 POST http://localhost:5176/api/v1/auth/login - application/json 49 
2026-08-27 04:28:10.5754|Info|Microsoft.AspNetCore.Cors.Infrastructure.CorsService|CorrelationId=3b44e3f0-eb28-4620-92c1-2d0f0535139a|CORS policy execution failed. 
2026-08-27 04:28:10.5754|Info|Microsoft.AspNetCore.Cors.Infrastructure.CorsService|CorrelationId=3b44e3f0-eb28-4620-92c1-2d0f0535139a|Request origin http://localhost:4200 does not have permission to access the resource. 
2026-08-27 04:28:10.5754|Info|Microsoft.AspNetCore.Routing.EndpointMiddleware|CorrelationId=3b44e3f0-eb28-4620-92c1-2d0f0535139a|Executing endpoint 'SmartLoan.Api.Controllers.AuthController.Login (SmartLoan.Api)' 
2026-08-27 04:28:10.5754|Info|Microsoft.AspNetCore.Mvc.Infrastructure.ControllerActionInvoker|CorrelationId=3b44e3f0-eb28-4620-92c1-2d0f0535139a|Route matched with {action = "Login", controller = "Auth"}. Executing controller action with signature System.Threading.Tasks.Task`1[Microsoft.AspNetCore.Mvc.ActionResult`1[SmartLoan.Application.Users.LoginResponse]] Login(SmartLoan.Application.Users.LoginCommand) on controller SmartLoan.Api.Controllers.AuthController (SmartLoan.Api). 
2026-08-27 04:28:10.5754|Info|SmartLoan.Application.Common.Behaviors.LoggingBehavior|CorrelationId=3b44e3f0-eb28-4620-92c1-2d0f0535139a|smartloan Request:LoginCommand starting... 
2026-08-27 04:28:10.6347|Info|Microsoft.EntityFrameworkCore.Database.Command|CorrelationId=3b44e3f0-eb28-4620-92c1-2d0f0535139a|Executed DbCommand (3ms) [Parameters=[@request_Email='?'], CommandType='Text', CommandTimeout='30']
SELECT u."Id", u."Email", u."FullName", u."PasswordHash", u."RefreshToken", u."RefreshTokenExpiryTime", u."Role"
FROM "Users" AS u
WHERE u."Email" = @request_Email
LIMIT 1 
2026-08-27 04:28:10.7932|Info|Microsoft.EntityFrameworkCore.Database.Command|CorrelationId=3b44e3f0-eb28-4620-92c1-2d0f0535139a|Executed DbCommand (2ms) [Parameters=[@p2='?' (DbType = Int32), @p0='?', @p1='?' (DbType = DateTime)], CommandType='Text', CommandTimeout='30']
UPDATE "Users" SET "RefreshToken" = @p0, "RefreshTokenExpiryTime" = @p1
WHERE "Id" = @p2; 
2026-08-27 04:28:10.7932|Info|SmartLoan.Application.Common.Behaviors.LoggingBehavior|CorrelationId=3b44e3f0-eb28-4620-92c1-2d0f0535139a|Smarloan Request:LoginCommand finished in 215ms 
2026-08-27 04:28:10.7932|Info|Microsoft.AspNetCore.Mvc.Infrastructure.ObjectResultExecutor|CorrelationId=3b44e3f0-eb28-4620-92c1-2d0f0535139a|Executing OkObjectResult, writing value of type 'SmartLoan.Application.Users.LoginResponse'. 
2026-08-27 04:28:10.7932|Info|Microsoft.AspNetCore.Mvc.Infrastructure.ControllerActionInvoker|CorrelationId=3b44e3f0-eb28-4620-92c1-2d0f0535139a|Executed action SmartLoan.Api.Controllers.AuthController.Login (SmartLoan.Api) in 216.8328ms 
2026-08-27 04:28:10.7932|Info|Microsoft.AspNetCore.Routing.EndpointMiddleware|CorrelationId=3b44e3f0-eb28-4620-92c1-2d0f0535139a|Executed endpoint 'SmartLoan.Api.Controllers.AuthController.Login (SmartLoan.Api)' 
2026-08-27 04:28:10.7932|Info|Microsoft.AspNetCore.Hosting.Diagnostics|CorrelationId=|Request finished HTTP/1.1 POST http://localhost:5176/api/v1/auth/login - 200 - application/json;+charset=utf-8 218.9103ms 
2026-08-27 04:32:46.8149|Info|Microsoft.AspNetCore.Hosting.Diagnostics|CorrelationId=|Request starting HTTP/1.1 POST http://localhost:5176/api/v1/auth/login - application/json 49 
2026-08-27 04:32:46.8149|Info|Microsoft.AspNetCore.Cors.Infrastructure.CorsService|CorrelationId=2cbb3ba3-dcbc-47df-8933-b41e03c89894|CORS policy execution failed. 
2026-08-27 04:32:46.8149|Info|Microsoft.AspNetCore.Cors.Infrastructure.CorsService|CorrelationId=2cbb3ba3-dcbc-47df-8933-b41e03c89894|Request origin http://localhost:4200 does not have permission to access the resource. 
2026-08-27 04:32:46.8149|Info|Microsoft.AspNetCore.Routing.EndpointMiddleware|CorrelationId=2cbb3ba3-dcbc-47df-8933-b41e03c89894|Executing endpoint 'SmartLoan.Api.Controllers.AuthController.Login (SmartLoan.Api)' 
2026-08-27 04:32:46.8149|Info|Microsoft.AspNetCore.Mvc.Infrastructure.ControllerActionInvoker|CorrelationId=2cbb3ba3-dcbc-47df-8933-b41e03c89894|Route matched with {action = "Login", controller = "Auth"}. Executing controller action with signature System.Threading.Tasks.Task`1[Microsoft.AspNetCore.Mvc.ActionResult`1[SmartLoan.Application.Users.LoginResponse]] Login(SmartLoan.Application.Users.LoginCommand) on controller SmartLoan.Api.Controllers.AuthController (SmartLoan.Api). 
2026-08-27 04:32:46.8149|Info|SmartLoan.Application.Common.Behaviors.LoggingBehavior|CorrelationId=2cbb3ba3-dcbc-47df-8933-b41e03c89894|smartloan Request:LoginCommand starting... 
2026-08-27 04:32:46.8149|Info|Microsoft.EntityFrameworkCore.Database.Command|CorrelationId=2cbb3ba3-dcbc-47df-8933-b41e03c89894|Executed DbCommand (2ms) [Parameters=[@request_Email='?'], CommandType='Text', CommandTimeout='30']
SELECT u."Id", u."Email", u."FullName", u."PasswordHash", u."RefreshToken", u."RefreshTokenExpiryTime", u."Role"
FROM "Users" AS u
WHERE u."Email" = @request_Email
LIMIT 1 
2026-08-27 04:32:46.9888|Info|Microsoft.EntityFrameworkCore.Database.Command|CorrelationId=2cbb3ba3-dcbc-47df-8933-b41e03c89894|Executed DbCommand (2ms) [Parameters=[@p2='?' (DbType = Int32), @p0='?', @p1='?' (DbType = DateTime)], CommandType='Text', CommandTimeout='30']
UPDATE "Users" SET "RefreshToken" = @p0, "RefreshTokenExpiryTime" = @p1
WHERE "Id" = @p2; 
2026-08-27 04:32:46.9888|Info|SmartLoan.Application.Common.Behaviors.LoggingBehavior|CorrelationId=2cbb3ba3-dcbc-47df-8933-b41e03c89894|Smarloan Request:LoginCommand finished in 170ms 
2026-08-27 04:32:46.9888|Info|Microsoft.AspNetCore.Mvc.Infrastructure.ObjectResultExecutor|CorrelationId=2cbb3ba3-dcbc-47df-8933-b41e03c89894|Executing OkObjectResult, writing value of type 'SmartLoan.Application.Users.LoginResponse'. 
2026-08-27 04:32:46.9888|Info|Microsoft.AspNetCore.Mvc.Infrastructure.ControllerActionInvoker|CorrelationId=2cbb3ba3-dcbc-47df-8933-b41e03c89894|Executed action SmartLoan.Api.Controllers.AuthController.Login (SmartLoan.Api) in 171.4514ms 
2026-08-27 04:32:46.9888|Info|Microsoft.AspNetCore.Routing.EndpointMiddleware|CorrelationId=2cbb3ba3-dcbc-47df-8933-b41e03c89894|Executed endpoint 'SmartLoan.Api.Controllers.AuthController.Login (SmartLoan.Api)' 
2026-08-27 04:32:46.9888|Info|Microsoft.AspNetCore.Hosting.Diagnostics|CorrelationId=|Request finished HTTP/1.1 POST http://localhost:5176/api/v1/auth/login - 200 - application/json;+charset=utf-8 175.1686ms 
2026-08-27 05:21:12.5712|Warn|Microsoft.EntityFrameworkCore.Model.Validation|CorrelationId=|Entity 'LoanApplication' has a global query filter defined and is the required end of a relationship with the entity 'Payment'. This may lead to unexpected results when the required entity is filtered out. Either configure the navigation as optional, or define matching query filters for both entities in the navigation. See https://go.microsoft.com/fwlink/?linkid=2131316 for more information. 
2026-08-27 05:21:13.0854|Info|Microsoft.EntityFrameworkCore.Database.Command|CorrelationId=|Executed DbCommand (22ms) [Parameters=[], CommandType='Text', CommandTimeout='30']
SELECT "MigrationId", "ProductVersion"
FROM "__EFMigrationsHistory"
ORDER BY "MigrationId"; 
2026-08-27 05:21:13.2692|Info|Microsoft.EntityFrameworkCore.Database.Command|CorrelationId=|Executed DbCommand (7ms) [Parameters=[], CommandType='Text', CommandTimeout='30']
SELECT 1 
2026-08-27 05:21:13.3279|Info|Microsoft.EntityFrameworkCore.Database.Command|CorrelationId=|Executed DbCommand (6ms) [Parameters=[], CommandType='Text', CommandTimeout='30']
CREATE TABLE IF NOT EXISTS "__EFMigrationsHistory" (
    "MigrationId" character varying(150) NOT NULL,
    "ProductVersion" character varying(32) NOT NULL,
    CONSTRAINT "PK___EFMigrationsHistory" PRIMARY KEY ("MigrationId")
); 
2026-08-27 05:21:13.3279|Info|Microsoft.EntityFrameworkCore.Database.Command|CorrelationId=|Executed DbCommand (1ms) [Parameters=[], CommandType='Text', CommandTimeout='30']
LOCK TABLE "__EFMigrationsHistory" IN ACCESS EXCLUSIVE MODE 
2026-08-27 05:21:13.3455|Info|Microsoft.EntityFrameworkCore.Database.Command|CorrelationId=|Executed DbCommand (1ms) [Parameters=[], CommandType='Text', CommandTimeout='30']
SELECT "MigrationId", "ProductVersion"
FROM "__EFMigrationsHistory"
ORDER BY "MigrationId"; 
2026-08-27 05:21:13.3455|Info|Microsoft.EntityFrameworkCore.Migrations|CorrelationId=|No migrations were applied. The database is already up to date. 
2026-08-27 05:21:13.5713|Info|Microsoft.EntityFrameworkCore.Database.Command|CorrelationId=|Executed DbCommand (4ms) [Parameters=[], CommandType='Text', CommandTimeout='30']
SELECT EXISTS (
    SELECT 1
    FROM "Users" AS u
    WHERE u."Email" = 'admin@loan.com') 
2026-08-27 05:21:13.6906|Info|Microsoft.AspNetCore.DataProtection.KeyManagement.XmlKeyManager|CorrelationId=|User profile is available. Using 'C:\Users\isaac\AppData\Local\ASP.NET\DataProtection-Keys' as key repository and Windows DPAPI to encrypt keys at rest. 
2026-08-27 05:21:13.6969|Info|SmartLoan.Infrastructure.BackgroundJobs.ReportWorker|CorrelationId=|Report Worker is starting... 
2026-08-27 05:21:13.7650|Info|Microsoft.Hosting.Lifetime|CorrelationId=|Now listening on: http://localhost:5176 
2026-08-27 05:21:13.7650|Info|Microsoft.Hosting.Lifetime|CorrelationId=|Application started. Press Ctrl+C to shut down. 
2026-08-27 05:21:13.7650|Info|Microsoft.Hosting.Lifetime|CorrelationId=|Hosting environment: Development 
2026-08-27 05:21:13.7650|Info|Microsoft.Hosting.Lifetime|CorrelationId=|Content root path: D:\isaac\educational purpose only\.net\kyas pro\SmartLoanTracker\smartloan.api 
2026-08-27 05:25:27.4066|Info|Microsoft.AspNetCore.Hosting.Diagnostics|CorrelationId=|Request starting HTTP/1.1 OPTIONS http://localhost:5176/notifications/negotiate?negotiateVersion=1 - - - 
2026-08-27 05:25:31.8359|Info|Microsoft.AspNetCore.Cors.Infrastructure.CorsService|CorrelationId=77a9b236-5ee4-4b35-b138-4e0454f54235|CORS policy execution failed. 
2026-08-27 05:25:31.8359|Info|Microsoft.AspNetCore.Cors.Infrastructure.CorsService|CorrelationId=77a9b236-5ee4-4b35-b138-4e0454f54235|Request origin null does not have permission to access the resource. 
2026-08-27 05:25:31.8573|Info|Microsoft.AspNetCore.Hosting.Diagnostics|CorrelationId=|Request finished HTTP/1.1 OPTIONS http://localhost:5176/notifications/negotiate?negotiateVersion=1 - 204 - - 4459.5024ms 
2026-08-27 12:00:26.3348|Warn|Microsoft.EntityFrameworkCore.Model.Validation|CorrelationId=|Entity 'LoanApplication' has a global query filter defined and is the required end of a relationship with the entity 'Payment'. This may lead to unexpected results when the required entity is filtered out. Either configure the navigation as optional, or define matching query filters for both entities in the navigation. See https://go.microsoft.com/fwlink/?linkid=2131316 for more information. 
2026-08-27 12:00:27.7099|Info|Microsoft.EntityFrameworkCore.Database.Command|CorrelationId=|Executed DbCommand (72ms) [Parameters=[], CommandType='Text', CommandTimeout='30']
SELECT "MigrationId", "ProductVersion"
FROM "__EFMigrationsHistory"
ORDER BY "MigrationId"; 
2026-08-27 12:00:28.2043|Info|Microsoft.EntityFrameworkCore.Database.Command|CorrelationId=|Executed DbCommand (19ms) [Parameters=[], CommandType='Text', CommandTimeout='30']
SELECT 1 
2026-08-27 12:00:28.3930|Info|Microsoft.EntityFrameworkCore.Database.Command|CorrelationId=|Executed DbCommand (16ms) [Parameters=[], CommandType='Text', CommandTimeout='30']
CREATE TABLE IF NOT EXISTS "__EFMigrationsHistory" (
    "MigrationId" character varying(150) NOT NULL,
    "ProductVersion" character varying(32) NOT NULL,
    CONSTRAINT "PK___EFMigrationsHistory" PRIMARY KEY ("MigrationId")
); 
2026-08-27 12:00:28.4499|Info|Microsoft.EntityFrameworkCore.Database.Command|CorrelationId=|Executed DbCommand (2ms) [Parameters=[], CommandType='Text', CommandTimeout='30']
LOCK TABLE "__EFMigrationsHistory" IN ACCESS EXCLUSIVE MODE 
2026-08-27 12:00:28.4564|Info|Microsoft.EntityFrameworkCore.Database.Command|CorrelationId=|Executed DbCommand (3ms) [Parameters=[], CommandType='Text', CommandTimeout='30']
SELECT "MigrationId", "ProductVersion"
FROM "__EFMigrationsHistory"
ORDER BY "MigrationId"; 
2026-08-27 12:00:28.4737|Info|Microsoft.EntityFrameworkCore.Migrations|CorrelationId=|No migrations were applied. The database is already up to date. 
2026-08-27 12:00:29.2758|Info|Microsoft.EntityFrameworkCore.Database.Command|CorrelationId=|Executed DbCommand (6ms) [Parameters=[], CommandType='Text', CommandTimeout='30']
SELECT EXISTS (
    SELECT 1
    FROM "Users" AS u
    WHERE u."Email" = 'admin@loan.com') 
2026-08-27 12:00:29.7782|Info|Microsoft.AspNetCore.DataProtection.KeyManagement.XmlKeyManager|CorrelationId=|User profile is available. Using 'C:\Users\isaac\AppData\Local\ASP.NET\DataProtection-Keys' as key repository and Windows DPAPI to encrypt keys at rest. 
2026-08-27 12:00:29.8016|Info|SmartLoan.Infrastructure.BackgroundJobs.ReportWorker|CorrelationId=|Report Worker is starting... 
2026-08-27 12:00:29.9609|Info|Microsoft.Hosting.Lifetime|CorrelationId=|Now listening on: http://localhost:5176 
2026-08-27 12:00:29.9609|Info|Microsoft.Hosting.Lifetime|CorrelationId=|Application started. Press Ctrl+C to shut down. 
2026-08-27 12:00:29.9609|Info|Microsoft.Hosting.Lifetime|CorrelationId=|Hosting environment: Development 
2026-08-27 12:00:29.9609|Info|Microsoft.Hosting.Lifetime|CorrelationId=|Content root path: D:\isaac\educational purpose only\.net\kyas pro\SmartLoanTracker\smartloan.api 
2026-08-27 12:02:56.9604|Info|Microsoft.AspNetCore.Hosting.Diagnostics|CorrelationId=|Request starting HTTP/1.1 POST http://localhost:5176/api/v1/auth/login - application/json 49 
2026-08-27 12:03:02.2682|Info|Microsoft.AspNetCore.Cors.Infrastructure.CorsService|CorrelationId=a2c0701b-1c8e-4551-8be2-1c4eb18c3084|CORS policy execution failed. 
2026-08-27 12:03:02.2682|Info|Microsoft.AspNetCore.Cors.Infrastructure.CorsService|CorrelationId=a2c0701b-1c8e-4551-8be2-1c4eb18c3084|Request origin http://localhost:4200 does not have permission to access the resource. 
2026-08-27 12:03:02.2682|Warn|Microsoft.AspNetCore.HttpsPolicy.HttpsRedirectionMiddleware|CorrelationId=a2c0701b-1c8e-4551-8be2-1c4eb18c3084|Failed to determine the https port for redirect. 
2026-08-27 12:03:02.2682|Info|Microsoft.AspNetCore.Routing.EndpointMiddleware|CorrelationId=a2c0701b-1c8e-4551-8be2-1c4eb18c3084|Executing endpoint 'SmartLoan.Api.Controllers.AuthController.Login (SmartLoan.Api)' 
2026-08-27 12:03:02.3449|Info|Microsoft.AspNetCore.Mvc.Infrastructure.ControllerActionInvoker|CorrelationId=a2c0701b-1c8e-4551-8be2-1c4eb18c3084|Route matched with {action = "Login", controller = "Auth"}. Executing controller action with signature System.Threading.Tasks.Task`1[Microsoft.AspNetCore.Mvc.ActionResult`1[SmartLoan.Application.Users.LoginResponse]] Login(SmartLoan.Application.Users.LoginCommand) on controller SmartLoan.Api.Controllers.AuthController (SmartLoan.Api). 
2026-08-27 12:03:02.3792|Warn|LuckyPennySoftware.MediatR.License|CorrelationId=a2c0701b-1c8e-4551-8be2-1c4eb18c3084|You do not have a valid license key for the Lucky Penny software MediatR. This is allowed for development and testing scenarios. If you are running in production you are required to have a licensed version. Please visit https://luckypennysoftware.com to obtain a valid license. 
2026-08-27 12:03:02.4941|Info|SmartLoan.Application.Common.Behaviors.LoggingBehavior|CorrelationId=a2c0701b-1c8e-4551-8be2-1c4eb18c3084|smartloan Request:LoginCommand starting... 
2026-08-27 12:03:02.7873|Info|Microsoft.EntityFrameworkCore.Database.Command|CorrelationId=a2c0701b-1c8e-4551-8be2-1c4eb18c3084|Executed DbCommand (27ms) [Parameters=[@request_Email='?'], CommandType='Text', CommandTimeout='30']
SELECT u."Id", u."Email", u."FullName", u."PasswordHash", u."RefreshToken", u."RefreshTokenExpiryTime", u."Role"
FROM "Users" AS u
WHERE u."Email" = @request_Email
LIMIT 1 
2026-08-27 12:03:04.6019|Info|Microsoft.EntityFrameworkCore.Database.Command|CorrelationId=a2c0701b-1c8e-4551-8be2-1c4eb18c3084|Executed DbCommand (18ms) [Parameters=[@p2='?' (DbType = Int32), @p0='?', @p1='?' (DbType = DateTime)], CommandType='Text', CommandTimeout='30']
UPDATE "Users" SET "RefreshToken" = @p0, "RefreshTokenExpiryTime" = @p1
WHERE "Id" = @p2; 
2026-08-27 12:03:04.6335|Info|SmartLoan.Application.Common.Behaviors.LoggingBehavior|CorrelationId=a2c0701b-1c8e-4551-8be2-1c4eb18c3084|Smarloan Request:LoginCommand finished in 2139ms 
2026-08-27 12:03:04.6501|Info|Microsoft.AspNetCore.Mvc.Infrastructure.ObjectResultExecutor|CorrelationId=a2c0701b-1c8e-4551-8be2-1c4eb18c3084|Executing OkObjectResult, writing value of type 'SmartLoan.Application.Users.LoginResponse'. 
2026-08-27 12:03:04.7136|Info|Microsoft.AspNetCore.Mvc.Infrastructure.ControllerActionInvoker|CorrelationId=a2c0701b-1c8e-4551-8be2-1c4eb18c3084|Executed action SmartLoan.Api.Controllers.AuthController.Login (SmartLoan.Api) in 2350.6668ms 
2026-08-27 12:03:04.7136|Info|Microsoft.AspNetCore.Routing.EndpointMiddleware|CorrelationId=a2c0701b-1c8e-4551-8be2-1c4eb18c3084|Executed endpoint 'SmartLoan.Api.Controllers.AuthController.Login (SmartLoan.Api)' 
2026-08-27 12:03:04.7318|Info|Microsoft.AspNetCore.Hosting.Diagnostics|CorrelationId=|Request finished HTTP/1.1 POST http://localhost:5176/api/v1/auth/login - 200 - application/json;+charset=utf-8 7778.2477ms 
2026-08-27 12:04:05.1312|Info|Microsoft.AspNetCore.Hosting.Diagnostics|CorrelationId=|Request starting HTTP/1.1 POST http://localhost:5176/api/v1/auth/login - application/json 49 
2026-08-27 12:04:05.1572|Info|Microsoft.AspNetCore.Cors.Infrastructure.CorsService|CorrelationId=acb7f645-bc5d-48ca-8b13-52bef58bdb99|CORS policy execution failed. 
2026-08-27 12:04:05.1572|Info|Microsoft.AspNetCore.Cors.Infrastructure.CorsService|CorrelationId=acb7f645-bc5d-48ca-8b13-52bef58bdb99|Request origin http://localhost:4200 does not have permission to access the resource. 
2026-08-27 12:04:05.1572|Info|Microsoft.AspNetCore.Routing.EndpointMiddleware|CorrelationId=acb7f645-bc5d-48ca-8b13-52bef58bdb99|Executing endpoint 'SmartLoan.Api.Controllers.AuthController.Login (SmartLoan.Api)' 
2026-08-27 12:04:05.1572|Info|Microsoft.AspNetCore.Mvc.Infrastructure.ControllerActionInvoker|CorrelationId=acb7f645-bc5d-48ca-8b13-52bef58bdb99|Route matched with {action = "Login", controller = "Auth"}. Executing controller action with signature System.Threading.Tasks.Task`1[Microsoft.AspNetCore.Mvc.ActionResult`1[SmartLoan.Application.Users.LoginResponse]] Login(SmartLoan.Application.Users.LoginCommand) on controller SmartLoan.Api.Controllers.AuthController (SmartLoan.Api). 
2026-08-27 12:04:05.1735|Info|SmartLoan.Application.Common.Behaviors.LoggingBehavior|CorrelationId=acb7f645-bc5d-48ca-8b13-52bef58bdb99|smartloan Request:LoginCommand starting... 
2026-08-27 12:04:05.4445|Info|Microsoft.EntityFrameworkCore.Database.Command|CorrelationId=acb7f645-bc5d-48ca-8b13-52bef58bdb99|Executed DbCommand (1ms) [Parameters=[@request_Email='?'], CommandType='Text', CommandTimeout='30']
SELECT u."Id", u."Email", u."FullName", u."PasswordHash", u."RefreshToken", u."RefreshTokenExpiryTime", u."Role"
FROM "Users" AS u
WHERE u."Email" = @request_Email
LIMIT 1 
2026-08-27 12:04:06.2114|Info|Microsoft.EntityFrameworkCore.Database.Command|CorrelationId=acb7f645-bc5d-48ca-8b13-52bef58bdb99|Executed DbCommand (11ms) [Parameters=[@p2='?' (DbType = Int32), @p0='?', @p1='?' (DbType = DateTime)], CommandType='Text', CommandTimeout='30']
UPDATE "Users" SET "RefreshToken" = @p0, "RefreshTokenExpiryTime" = @p1
WHERE "Id" = @p2; 
2026-08-27 12:04:06.2114|Info|SmartLoan.Application.Common.Behaviors.LoggingBehavior|CorrelationId=acb7f645-bc5d-48ca-8b13-52bef58bdb99|Smarloan Request:LoginCommand finished in 1039ms 
2026-08-27 12:04:06.2114|Info|Microsoft.AspNetCore.Mvc.Infrastructure.ObjectResultExecutor|CorrelationId=acb7f645-bc5d-48ca-8b13-52bef58bdb99|Executing OkObjectResult, writing value of type 'SmartLoan.Application.Users.LoginResponse'. 
2026-08-27 12:04:06.2114|Info|Microsoft.AspNetCore.Mvc.Infrastructure.ControllerActionInvoker|CorrelationId=acb7f645-bc5d-48ca-8b13-52bef58bdb99|Executed action SmartLoan.Api.Controllers.AuthController.Login (SmartLoan.Api) in 1052.6826ms 
2026-08-27 12:04:06.2168|Info|Microsoft.AspNetCore.Routing.EndpointMiddleware|CorrelationId=acb7f645-bc5d-48ca-8b13-52bef58bdb99|Executed endpoint 'SmartLoan.Api.Controllers.AuthController.Login (SmartLoan.Api)' 
2026-08-27 12:04:06.2168|Info|Microsoft.AspNetCore.Hosting.Diagnostics|CorrelationId=|Request finished HTTP/1.1 POST http://localhost:5176/api/v1/auth/login - 200 - application/json;+charset=utf-8 1087.4098ms 
2026-08-27 12:14:37.2248|Info|Microsoft.AspNetCore.Hosting.Diagnostics|CorrelationId=|Request starting HTTP/1.1 GET http://localhost:5176/scalar/ - - - 
2026-08-27 12:14:37.2541|Info|Microsoft.AspNetCore.Routing.EndpointMiddleware|CorrelationId=734287f6-fd3f-4e17-84cf-9352608737fe|Executing endpoint 'HTTP: GET /scalar/{documentName?}' 
2026-08-27 12:14:37.9419|Info|Microsoft.AspNetCore.Http.Result.ContentResult|CorrelationId=734287f6-fd3f-4e17-84cf-9352608737fe|Write content with HTTP Response ContentType of text/html 
2026-08-27 12:14:37.9419|Info|Microsoft.AspNetCore.Routing.EndpointMiddleware|CorrelationId=734287f6-fd3f-4e17-84cf-9352608737fe|Executed endpoint 'HTTP: GET /scalar/{documentName?}' 
2026-08-27 12:14:37.9419|Info|Microsoft.AspNetCore.Hosting.Diagnostics|CorrelationId=|Request finished HTTP/1.1 GET http://localhost:5176/scalar/ - 200 637 text/html 720.4289ms 
2026-08-27 12:14:38.1070|Info|Microsoft.AspNetCore.Hosting.Diagnostics|CorrelationId=|Request starting HTTP/1.1 GET http://localhost:5176/scalar/scalar.js - - - 
2026-08-27 12:14:38.1070|Info|Microsoft.AspNetCore.Hosting.Diagnostics|CorrelationId=|Request starting HTTP/1.1 GET http://localhost:5176/scalar/scalar.aspnetcore.js - - - 
2026-08-27 12:14:38.1070|Info|Microsoft.AspNetCore.Routing.EndpointMiddleware|CorrelationId=a14700c2-19d9-4016-85e3-66fa2fe76900|Executing endpoint 'HTTP: GET /scalar/scalar.js' 
2026-08-27 12:14:38.1070|Info|Microsoft.AspNetCore.Cors.Infrastructure.CorsService|CorrelationId=1ea67450-38a5-4153-bfaf-0872321564b2|CORS policy execution successful. 
2026-08-27 12:14:38.1070|Info|Microsoft.AspNetCore.Routing.EndpointMiddleware|CorrelationId=1ea67450-38a5-4153-bfaf-0872321564b2|Executing endpoint 'HTTP: GET /scalar/scalar.aspnetcore.js' 
2026-08-27 12:14:38.1189|Info|Microsoft.AspNetCore.Http.Result.FileStreamResult|CorrelationId=1ea67450-38a5-4153-bfaf-0872321564b2|Sending file with download name ''. 
2026-08-27 12:14:38.1249|Info|Microsoft.AspNetCore.Routing.EndpointMiddleware|CorrelationId=1ea67450-38a5-4153-bfaf-0872321564b2|Executed endpoint 'HTTP: GET /scalar/scalar.aspnetcore.js' 
2026-08-27 12:14:38.1249|Info|Microsoft.AspNetCore.Hosting.Diagnostics|CorrelationId=|Request finished HTTP/1.1 GET http://localhost:5176/scalar/scalar.aspnetcore.js - 304 - - 18.7863ms 
2026-08-27 12:14:38.1388|Info|Microsoft.AspNetCore.Http.Result.FileStreamResult|CorrelationId=a14700c2-19d9-4016-85e3-66fa2fe76900|Sending file with download name ''. 
2026-08-27 12:14:38.1388|Info|Microsoft.AspNetCore.Routing.EndpointMiddleware|CorrelationId=a14700c2-19d9-4016-85e3-66fa2fe76900|Executed endpoint 'HTTP: GET /scalar/scalar.js' 
2026-08-27 12:14:38.1388|Info|Microsoft.AspNetCore.Hosting.Diagnostics|CorrelationId=|Request finished HTTP/1.1 GET http://localhost:5176/scalar/scalar.js - 304 - - 32.4242ms 
2026-08-27 12:14:38.3814|Info|Microsoft.AspNetCore.Hosting.Diagnostics|CorrelationId=|Request starting HTTP/1.1 GET http://localhost:5176/openapi/v1.json - - - 
2026-08-27 12:14:38.3814|Info|Microsoft.AspNetCore.Routing.EndpointMiddleware|CorrelationId=ade832f4-dfad-4f97-aab3-255190d69fb7|Executing endpoint 'HTTP: GET /openapi/{documentName}.json' 
2026-08-27 12:14:38.9048|Info|Microsoft.AspNetCore.Routing.EndpointMiddleware|CorrelationId=ade832f4-dfad-4f97-aab3-255190d69fb7|Executed endpoint 'HTTP: GET /openapi/{documentName}.json' 
2026-08-27 12:14:38.9057|Info|Microsoft.AspNetCore.Hosting.Diagnostics|CorrelationId=|Request finished HTTP/1.1 GET http://localhost:5176/openapi/v1.json - 200 - application/json;charset=utf-8 524.1109ms 
2026-08-27 12:16:05.9776|Info|Microsoft.AspNetCore.Hosting.Diagnostics|CorrelationId=|Request starting HTTP/1.1 POST http://localhost:5176/api/v1/Auth/login - application/json 56 
2026-08-27 12:16:05.9776|Info|Microsoft.AspNetCore.Cors.Infrastructure.CorsService|CorrelationId=4fb1fa94-badf-4ad4-b802-c8d9a973a56a|CORS policy execution successful. 
2026-08-27 12:16:05.9776|Info|Microsoft.AspNetCore.Routing.EndpointMiddleware|CorrelationId=4fb1fa94-badf-4ad4-b802-c8d9a973a56a|Executing endpoint 'SmartLoan.Api.Controllers.AuthController.Login (SmartLoan.Api)' 
2026-08-27 12:16:05.9776|Info|Microsoft.AspNetCore.Mvc.Infrastructure.ControllerActionInvoker|CorrelationId=4fb1fa94-badf-4ad4-b802-c8d9a973a56a|Route matched with {action = "Login", controller = "Auth"}. Executing controller action with signature System.Threading.Tasks.Task`1[Microsoft.AspNetCore.Mvc.ActionResult`1[SmartLoan.Application.Users.LoginResponse]] Login(SmartLoan.Application.Users.LoginCommand) on controller SmartLoan.Api.Controllers.AuthController (SmartLoan.Api). 
2026-08-27 12:16:06.0097|Info|SmartLoan.Application.Common.Behaviors.LoggingBehavior|CorrelationId=4fb1fa94-badf-4ad4-b802-c8d9a973a56a|smartloan Request:LoginCommand starting... 
2026-08-27 12:16:06.3307|Info|Microsoft.EntityFrameworkCore.Database.Command|CorrelationId=4fb1fa94-badf-4ad4-b802-c8d9a973a56a|Executed DbCommand (18ms) [Parameters=[@request_Email='?'], CommandType='Text', CommandTimeout='30']
SELECT u."Id", u."Email", u."FullName", u."PasswordHash", u."RefreshToken", u."RefreshTokenExpiryTime", u."Role"
FROM "Users" AS u
WHERE u."Email" = @request_Email
LIMIT 1 
2026-08-27 12:16:06.8435|Info|Microsoft.AspNetCore.Mvc.Infrastructure.ControllerActionInvoker|CorrelationId=4fb1fa94-badf-4ad4-b802-c8d9a973a56a|Executed action SmartLoan.Api.Controllers.AuthController.Login (SmartLoan.Api) in 860.8207ms 
2026-08-27 12:16:06.8435|Info|Microsoft.AspNetCore.Routing.EndpointMiddleware|CorrelationId=4fb1fa94-badf-4ad4-b802-c8d9a973a56a|Executed endpoint 'SmartLoan.Api.Controllers.AuthController.Login (SmartLoan.Api)' 
2026-08-27 12:16:06.8435|Error|SmartLoan.Api.Middleware.GlobalExeptionHandle|CorrelationId=4fb1fa94-badf-4ad4-b802-c8d9a973a56a|an error occurred:Invalid email or password. SmartLoan.Application.Common.Exceptions.BusinessRuleException: Invalid email or password.
   at SmartLoan.Application.Users.LoginHandler.Handle(LoginCommand request, CancellationToken ct) in D:\isaac\educational purpose only\.net\kyas pro\SmartLoanTracker\SmartLoan.Application\Users\Commands\Login\LoginResponse.cs:line 16
   at SmartLoan.Application.Common.Behaviors.ValidationBehavior`2.Handle(TRequest request, RequestHandlerDelegate`1 next, CancellationToken cancellationToken) in D:\isaac\educational purpose only\.net\kyas pro\SmartLoanTracker\SmartLoan.Application\Common\Behaviors\ValidationBehavior.cs:line 32
   at SmartLoan.Application.Common.Behaviors.LoggingBehavior`2.Handle(TRequest request, RequestHandlerDelegate`1 next, CancellationToken cancellationToken) in D:\isaac\educational purpose only\.net\kyas pro\SmartLoanTracker\SmartLoan.Application\Common\Behaviors\LoggingBehavior.cs:line 14
   at SmartLoan.Api.Controllers.AuthController.Login(LoginCommand command) in D:\isaac\educational purpose only\.net\kyas pro\SmartLoanTracker\smartloan.api\Controllers\AuthController.cs:line 20
   at lambda_method17(Closure, Object)
   at Microsoft.AspNetCore.Mvc.Infrastructure.ActionMethodExecutor.AwaitableObjectResultExecutor.Execute(ActionContext actionContext, IActionResultTypeMapper mapper, ObjectMethodExecutor executor, Object controller, Object[] arguments)
   at Microsoft.AspNetCore.Mvc.Infrastructure.ControllerActionInvoker.<InvokeActionMethodAsync>g__Awaited|12_0(ControllerActionInvoker invoker, ValueTask`1 actionResultValueTask)
   at Microsoft.AspNetCore.Mvc.Infrastructure.ControllerActionInvoker.<InvokeNextActionFilterAsync>g__Awaited|10_0(ControllerActionInvoker invoker, Task lastTask, State next, Scope scope, Object state, Boolean isCompleted)
   at Microsoft.AspNetCore.Mvc.Infrastructure.ControllerActionInvoker.Rethrow(ActionExecutedContextSealed context)
   at Microsoft.AspNetCore.Mvc.Infrastructure.ControllerActionInvoker.Next(State& next, Scope& scope, Object& state, Boolean& isCompleted)
   at Microsoft.AspNetCore.Mvc.Infrastructure.ControllerActionInvoker.<InvokeInnerFilterAsync>g__Awaited|13_0(ControllerActionInvoker invoker, Task lastTask, State next, Scope scope, Object state, Boolean isCompleted)
   at Microsoft.AspNetCore.Mvc.Infrastructure.ResourceInvoker.<InvokeFilterPipelineAsync>g__Awaited|20_0(ResourceInvoker invoker, Task lastTask, State next, Scope scope, Object state, Boolean isCompleted)
   at Microsoft.AspNetCore.Mvc.Infrastructure.ResourceInvoker.<InvokeAsync>g__Logged|17_1(ResourceInvoker invoker)
   at Microsoft.AspNetCore.Mvc.Infrastructure.ResourceInvoker.<InvokeAsync>g__Logged|17_1(ResourceInvoker invoker)
   at Microsoft.AspNetCore.Routing.EndpointMiddleware.<Invoke>g__AwaitRequestTask|7_0(Endpoint endpoint, Task requestTask, ILogger logger)
   at Microsoft.AspNetCore.Diagnostics.ExceptionHandlerMiddlewareImpl.<Invoke>g__Awaited|10_0(ExceptionHandlerMiddlewareImpl middleware, HttpContext context, Task task)
2026-08-27 12:16:07.0015|Info|Microsoft.AspNetCore.Hosting.Diagnostics|CorrelationId=|Request finished HTTP/1.1 POST http://localhost:5176/api/v1/Auth/login - 500 - application/json;+charset=utf-8 1023.9896ms 
2026-08-27 12:16:50.1663|Info|Microsoft.AspNetCore.Hosting.Diagnostics|CorrelationId=|Request starting HTTP/1.1 POST http://localhost:5176/api/v1/Auth/login - application/json 58 
2026-08-27 12:16:50.1663|Info|Microsoft.AspNetCore.Cors.Infrastructure.CorsService|CorrelationId=d462382e-1002-48fb-bed9-b49d37154e97|CORS policy execution successful. 
2026-08-27 12:16:50.1663|Info|Microsoft.AspNetCore.Routing.EndpointMiddleware|CorrelationId=d462382e-1002-48fb-bed9-b49d37154e97|Executing endpoint 'SmartLoan.Api.Controllers.AuthController.Login (SmartLoan.Api)' 
2026-08-27 12:16:50.1698|Info|Microsoft.AspNetCore.Mvc.Infrastructure.ControllerActionInvoker|CorrelationId=d462382e-1002-48fb-bed9-b49d37154e97|Route matched with {action = "Login", controller = "Auth"}. Executing controller action with signature System.Threading.Tasks.Task`1[Microsoft.AspNetCore.Mvc.ActionResult`1[SmartLoan.Application.Users.LoginResponse]] Login(SmartLoan.Application.Users.LoginCommand) on controller SmartLoan.Api.Controllers.AuthController (SmartLoan.Api). 
2026-08-27 12:16:50.1698|Info|SmartLoan.Application.Common.Behaviors.LoggingBehavior|CorrelationId=d462382e-1002-48fb-bed9-b49d37154e97|smartloan Request:LoginCommand starting... 
2026-08-27 12:16:50.1698|Info|Microsoft.EntityFrameworkCore.Database.Command|CorrelationId=d462382e-1002-48fb-bed9-b49d37154e97|Executed DbCommand (2ms) [Parameters=[@request_Email='?'], CommandType='Text', CommandTimeout='30']
SELECT u."Id", u."Email", u."FullName", u."PasswordHash", u."RefreshToken", u."RefreshTokenExpiryTime", u."Role"
FROM "Users" AS u
WHERE u."Email" = @request_Email
LIMIT 1 
2026-08-27 12:16:50.7181|Info|Microsoft.EntityFrameworkCore.Database.Command|CorrelationId=d462382e-1002-48fb-bed9-b49d37154e97|Executed DbCommand (13ms) [Parameters=[@p2='?' (DbType = Int32), @p0='?', @p1='?' (DbType = DateTime)], CommandType='Text', CommandTimeout='30']
UPDATE "Users" SET "RefreshToken" = @p0, "RefreshTokenExpiryTime" = @p1
WHERE "Id" = @p2; 
2026-08-27 12:16:50.7181|Info|SmartLoan.Application.Common.Behaviors.LoggingBehavior|CorrelationId=d462382e-1002-48fb-bed9-b49d37154e97|Smarloan Request:LoginCommand finished in 547ms 
2026-08-27 12:16:50.7181|Info|Microsoft.AspNetCore.Mvc.Infrastructure.ObjectResultExecutor|CorrelationId=d462382e-1002-48fb-bed9-b49d37154e97|Executing OkObjectResult, writing value of type 'SmartLoan.Application.Users.LoginResponse'. 
2026-08-27 12:16:50.7181|Info|Microsoft.AspNetCore.Mvc.Infrastructure.ControllerActionInvoker|CorrelationId=d462382e-1002-48fb-bed9-b49d37154e97|Executed action SmartLoan.Api.Controllers.AuthController.Login (SmartLoan.Api) in 552.5199ms 
2026-08-27 12:16:50.7181|Info|Microsoft.AspNetCore.Routing.EndpointMiddleware|CorrelationId=d462382e-1002-48fb-bed9-b49d37154e97|Executed endpoint 'SmartLoan.Api.Controllers.AuthController.Login (SmartLoan.Api)' 
2026-08-27 12:16:50.7181|Info|Microsoft.AspNetCore.Hosting.Diagnostics|CorrelationId=|Request finished HTTP/1.1 POST http://localhost:5176/api/v1/Auth/login - 200 - application/json;+charset=utf-8 557.4419ms 
2026-08-27 12:19:02.4151|Info|Microsoft.AspNetCore.Hosting.Diagnostics|CorrelationId=|Request starting HTTP/1.1 POST http://localhost:5176/api/v1/Customers - application/json 83 
2026-08-27 12:19:02.4151|Info|Microsoft.AspNetCore.Cors.Infrastructure.CorsService|CorrelationId=427639ba-4611-4e79-9ec2-c50ccb68f74c|CORS policy execution successful. 
2026-08-27 12:19:02.4239|Info|Microsoft.AspNetCore.Routing.EndpointMiddleware|CorrelationId=427639ba-4611-4e79-9ec2-c50ccb68f74c|Executing endpoint 'SmartLoan.Api.Controllers.CustomersController.Create (SmartLoan.Api)' 
2026-08-27 12:19:02.5755|Info|Microsoft.AspNetCore.Mvc.Infrastructure.ControllerActionInvoker|CorrelationId=427639ba-4611-4e79-9ec2-c50ccb68f74c|Route matched with {action = "Create", controller = "Customers"}. Executing controller action with signature System.Threading.Tasks.Task`1[Microsoft.AspNetCore.Mvc.IActionResult] Create(SmartLoan.Application.Customers.Commands.CreateCustomer.CreateCustomerCommand) on controller SmartLoan.Api.Controllers.CustomersController (SmartLoan.Api). 
2026-08-27 12:19:02.6297|Info|SmartLoan.Application.Common.Behaviors.LoggingBehavior|CorrelationId=427639ba-4611-4e79-9ec2-c50ccb68f74c|smartloan Request:CreateCustomerCommand starting... 
2026-08-27 12:19:02.8072|Info|Microsoft.EntityFrameworkCore.Database.Command|CorrelationId=427639ba-4611-4e79-9ec2-c50ccb68f74c|Executed DbCommand (30ms) [Parameters=[@p0='?', @p1='?', @p2='?' (DbType = Boolean), @p3='?'], CommandType='Text', CommandTimeout='30']
INSERT INTO "Customers" ("Address", "FullName", "IsDeleted", "Phone")
VALUES (@p0, @p1, @p2, @p3)
RETURNING "Id"; 
2026-08-27 12:19:02.8942|Info|SmartLoan.Application.Common.Behaviors.LoggingBehavior|CorrelationId=427639ba-4611-4e79-9ec2-c50ccb68f74c|Smarloan Request:CreateCustomerCommand finished in 264ms 
2026-08-27 12:19:02.8942|Info|Microsoft.AspNetCore.Mvc.Infrastructure.ObjectResultExecutor|CorrelationId=427639ba-4611-4e79-9ec2-c50ccb68f74c|Executing CreatedAtActionResult, writing value of type 'System.Int32'. 
2026-08-27 12:19:03.0318|Info|Microsoft.AspNetCore.Mvc.Infrastructure.ControllerActionInvoker|CorrelationId=427639ba-4611-4e79-9ec2-c50ccb68f74c|Executed action SmartLoan.Api.Controllers.CustomersController.Create (SmartLoan.Api) in 443.0312ms 
2026-08-27 12:19:03.0318|Info|Microsoft.AspNetCore.Routing.EndpointMiddleware|CorrelationId=427639ba-4611-4e79-9ec2-c50ccb68f74c|Executed endpoint 'SmartLoan.Api.Controllers.CustomersController.Create (SmartLoan.Api)' 
2026-08-27 12:19:03.0318|Info|Microsoft.AspNetCore.Hosting.Diagnostics|CorrelationId=|Request finished HTTP/1.1 POST http://localhost:5176/api/v1/Customers - 201 - application/json;+charset=utf-8 618.1994ms 
2026-08-27 12:19:25.3771|Info|Microsoft.AspNetCore.Hosting.Diagnostics|CorrelationId=|Request starting HTTP/1.1 POST http://localhost:5176/api/v1/Loan - application/json 43 
2026-08-27 12:19:25.4036|Info|Microsoft.AspNetCore.Authorization.DefaultAuthorizationService|CorrelationId=7b08a1d4-c883-48b9-b43e-4c8ca0dc40d8|Authorization failed. These requirements were not met:
DenyAnonymousAuthorizationRequirement: Requires an authenticated user. 
2026-08-27 12:19:25.4223|Info|Microsoft.AspNetCore.Authentication.JwtBearer.JwtBearerHandler|CorrelationId=7b08a1d4-c883-48b9-b43e-4c8ca0dc40d8|AuthenticationScheme: Bearer was challenged. 
2026-08-27 12:19:25.4223|Info|Microsoft.AspNetCore.Hosting.Diagnostics|CorrelationId=|Request finished HTTP/1.1 POST http://localhost:5176/api/v1/Loan - 401 0 - 45.9787ms 
