2026-08-26 00:01:07.5628|Warn|Microsoft.EntityFrameworkCore.Model.Validation|CorrelationId=|Entity 'LoanApplication' has a global query filter defined and is the required end of a relationship with the entity 'Payment'. This may lead to unexpected results when the required entity is filtered out. Either configure the navigation as optional, or define matching query filters for both entities in the navigation. See https://go.microsoft.com/fwlink/?linkid=2131316 for more information. 
2026-08-26 00:01:34.9768|Warn|Microsoft.EntityFrameworkCore.Model.Validation|CorrelationId=|Entity 'LoanApplication' has a global query filter defined and is the required end of a relationship with the entity 'Payment'. This may lead to unexpected results when the required entity is filtered out. Either configure the navigation as optional, or define matching query filters for both entities in the navigation. See https://go.microsoft.com/fwlink/?linkid=2131316 for more information. 
2026-08-26 00:01:35.4207|Info|Microsoft.EntityFrameworkCore.Database.Command|CorrelationId=|Executed DbCommand (22ms) [Parameters=[], CommandType='Text', CommandTimeout='30']
SELECT "MigrationId", "ProductVersion"
FROM "__EFMigrationsHistory"
ORDER BY "MigrationId"; 
2026-08-26 00:01:35.6052|Info|Microsoft.EntityFrameworkCore.Database.Command|CorrelationId=|Executed DbCommand (4ms) [Parameters=[], CommandType='Text', CommandTimeout='30']
SELECT 1 
2026-08-26 00:01:35.6613|Info|Microsoft.EntityFrameworkCore.Database.Command|CorrelationId=|Executed DbCommand (5ms) [Parameters=[], CommandType='Text', CommandTimeout='30']
CREATE TABLE IF NOT EXISTS "__EFMigrationsHistory" (
    "MigrationId" character varying(150) NOT NULL,
    "ProductVersion" character varying(32) NOT NULL,
    CONSTRAINT "PK___EFMigrationsHistory" PRIMARY KEY ("MigrationId")
); 
2026-08-26 00:01:35.6722|Info|Microsoft.EntityFrameworkCore.Migrations|CorrelationId=|Acquiring an exclusive lock for migration application. See https://aka.ms/efcore-docs-migrations-lock for more information if this takes too long. 
2026-08-26 00:01:35.6722|Info|Microsoft.EntityFrameworkCore.Database.Command|CorrelationId=|Executed DbCommand (0ms) [Parameters=[], CommandType='Text', CommandTimeout='30']
LOCK TABLE "__EFMigrationsHistory" IN ACCESS EXCLUSIVE MODE 
2026-08-26 00:01:35.6722|Info|Microsoft.EntityFrameworkCore.Database.Command|CorrelationId=|Executed DbCommand (0ms) [Parameters=[], CommandType='Text', CommandTimeout='30']
SELECT "MigrationId", "ProductVersion"
FROM "__EFMigrationsHistory"
ORDER BY "MigrationId"; 
2026-08-26 00:01:35.6889|Info|Microsoft.EntityFrameworkCore.Migrations|CorrelationId=|Applying migration '20260825210109_AddRefreshTokenToUser'. 
2026-08-26 00:01:35.7101|Info|Microsoft.EntityFrameworkCore.Database.Command|CorrelationId=|Executed DbCommand (14ms) [Parameters=[], CommandType='Text', CommandTimeout='30']
ALTER TABLE "Users" ADD "RefreshToken" text; 
2026-08-26 00:01:35.7101|Info|Microsoft.EntityFrameworkCore.Database.Command|CorrelationId=|Executed DbCommand (0ms) [Parameters=[], CommandType='Text', CommandTimeout='30']
ALTER TABLE "Users" ADD "RefreshTokenExpiryTime" timestamp with time zone; 
2026-08-26 00:01:35.7101|Info|Microsoft.EntityFrameworkCore.Database.Command|CorrelationId=|Executed DbCommand (0ms) [Parameters=[], CommandType='Text', CommandTimeout='30']
INSERT INTO "__EFMigrationsHistory" ("MigrationId", "ProductVersion")
VALUES ('20260825210109_AddRefreshTokenToUser', '10.0.11'); 
2026-08-26 00:16:14.7030|Info|Microsoft.AspNetCore.DataProtection.KeyManagement.XmlKeyManager|CorrelationId=|User profile is available. Using 'C:\Users\isaac\AppData\Local\ASP.NET\DataProtection-Keys' as key repository and Windows DPAPI to encrypt keys at rest. 
2026-08-26 00:16:14.7177|Info|SmartLoan.Infrastructure.BackgroundJobs.ReportWorker|CorrelationId=|Report Worker is starting... 
2026-08-26 00:16:14.8339|Info|Microsoft.Hosting.Lifetime|CorrelationId=|Now listening on: http://localhost:5176 
2026-08-26 00:16:14.8339|Info|Microsoft.Hosting.Lifetime|CorrelationId=|Application started. Press Ctrl+C to shut down. 
2026-08-26 00:16:14.8339|Info|Microsoft.Hosting.Lifetime|CorrelationId=|Hosting environment: Development 
2026-08-26 00:16:14.8339|Info|Microsoft.Hosting.Lifetime|CorrelationId=|Content root path: D:\isaac\educational purpose only\.net\kyas pro\SmartLoanTracker\smartloan.api 
2026-08-26 00:17:22.2777|Info|Microsoft.AspNetCore.Hosting.Diagnostics|CorrelationId=|Request starting HTTP/1.1 GET http://localhost:5176/scalar/ - - - 
2026-08-26 00:17:22.3566|Warn|Microsoft.AspNetCore.HttpsPolicy.HttpsRedirectionMiddleware|CorrelationId=75ccf2a4-39e2-4b7a-88f4-8fa0c2411b47|Failed to determine the https port for redirect. 
2026-08-26 00:17:22.3594|Info|Microsoft.AspNetCore.Routing.EndpointMiddleware|CorrelationId=75ccf2a4-39e2-4b7a-88f4-8fa0c2411b47|Executing endpoint 'HTTP: GET /scalar/{documentName?}' 
2026-08-26 00:17:22.4930|Info|Microsoft.AspNetCore.Http.Result.ContentResult|CorrelationId=75ccf2a4-39e2-4b7a-88f4-8fa0c2411b47|Write content with HTTP Response ContentType of text/html 
2026-08-26 00:17:22.4930|Info|Microsoft.AspNetCore.Routing.EndpointMiddleware|CorrelationId=75ccf2a4-39e2-4b7a-88f4-8fa0c2411b47|Executed endpoint 'HTTP: GET /scalar/{documentName?}' 
2026-08-26 00:17:22.4930|Info|Microsoft.AspNetCore.Hosting.Diagnostics|CorrelationId=|Request finished HTTP/1.1 GET http://localhost:5176/scalar/ - 200 622 text/html 224.2705ms 
2026-08-26 00:17:22.5391|Info|Microsoft.AspNetCore.Hosting.Diagnostics|CorrelationId=|Request starting HTTP/1.1 GET http://localhost:5176/scalar/scalar.aspnetcore.js - - - 
2026-08-26 00:17:22.5391|Info|Microsoft.AspNetCore.Hosting.Diagnostics|CorrelationId=|Request starting HTTP/1.1 GET http://localhost:5176/scalar/scalar.js - - - 
2026-08-26 00:17:22.5391|Info|Microsoft.AspNetCore.Routing.EndpointMiddleware|CorrelationId=8d20401d-a116-4d34-882d-e115c8ac9f40|Executing endpoint 'HTTP: GET /scalar/scalar.js' 
2026-08-26 00:17:22.5391|Info|Microsoft.AspNetCore.Cors.Infrastructure.CorsService|CorrelationId=ba1c8606-5bfc-449e-8ad4-7880b1846033|CORS policy execution successful. 
2026-08-26 00:17:22.5391|Info|Microsoft.AspNetCore.Routing.EndpointMiddleware|CorrelationId=ba1c8606-5bfc-449e-8ad4-7880b1846033|Executing endpoint 'HTTP: GET /scalar/scalar.aspnetcore.js' 
2026-08-26 00:17:22.5477|Info|Microsoft.AspNetCore.Http.Result.FileStreamResult|CorrelationId=ba1c8606-5bfc-449e-8ad4-7880b1846033|Sending file with download name ''. 
2026-08-26 00:17:22.5477|Info|Microsoft.AspNetCore.Routing.EndpointMiddleware|CorrelationId=ba1c8606-5bfc-449e-8ad4-7880b1846033|Executed endpoint 'HTTP: GET /scalar/scalar.aspnetcore.js' 
2026-08-26 00:17:22.5625|Info|Microsoft.AspNetCore.Hosting.Diagnostics|CorrelationId=|Request finished HTTP/1.1 GET http://localhost:5176/scalar/scalar.aspnetcore.js - 304 - - 23.3828ms 
2026-08-26 00:17:22.5625|Info|Microsoft.AspNetCore.Http.Result.FileStreamResult|CorrelationId=8d20401d-a116-4d34-882d-e115c8ac9f40|Sending file with download name ''. 
2026-08-26 00:17:22.5625|Info|Microsoft.AspNetCore.Routing.EndpointMiddleware|CorrelationId=8d20401d-a116-4d34-882d-e115c8ac9f40|Executed endpoint 'HTTP: GET /scalar/scalar.js' 
2026-08-26 00:17:22.5625|Info|Microsoft.AspNetCore.Hosting.Diagnostics|CorrelationId=|Request finished HTTP/1.1 GET http://localhost:5176/scalar/scalar.js - 304 - - 25.6886ms 
2026-08-26 00:17:22.6554|Info|Microsoft.AspNetCore.Hosting.Diagnostics|CorrelationId=|Request starting HTTP/1.1 GET http://localhost:5176/favicon.ico - - - 
2026-08-26 00:17:22.6613|Info|Microsoft.AspNetCore.Hosting.Diagnostics|CorrelationId=|Request finished HTTP/1.1 GET http://localhost:5176/favicon.ico - 404 0 - 5.8069ms 
2026-08-26 00:17:22.6613|Info|Microsoft.AspNetCore.Hosting.Diagnostics|CorrelationId=|Request reached the end of the middleware pipeline without being handled by application code. Request path: GET http://localhost:5176/favicon.ico, Response status code: 404 
2026-08-26 00:17:28.0646|Info|Microsoft.AspNetCore.Hosting.Diagnostics|CorrelationId=|Request starting HTTP/1.1 GET http://localhost:5176/scalar/ - - - 
2026-08-26 00:17:28.0778|Info|Microsoft.AspNetCore.Routing.EndpointMiddleware|CorrelationId=35be25da-b622-4a73-8e0c-ba11dca74738|Executing endpoint 'HTTP: GET /scalar/{documentName?}' 
2026-08-26 00:17:28.0778|Info|Microsoft.AspNetCore.Http.Result.ContentResult|CorrelationId=35be25da-b622-4a73-8e0c-ba11dca74738|Write content with HTTP Response ContentType of text/html 
2026-08-26 00:17:28.1011|Info|Microsoft.AspNetCore.Routing.EndpointMiddleware|CorrelationId=35be25da-b622-4a73-8e0c-ba11dca74738|Executed endpoint 'HTTP: GET /scalar/{documentName?}' 
2026-08-26 00:17:28.1011|Info|Microsoft.AspNetCore.Hosting.Diagnostics|CorrelationId=|Request finished HTTP/1.1 GET http://localhost:5176/scalar/ - 200 622 text/html 40.8718ms 
2026-08-26 00:17:28.1488|Info|Microsoft.AspNetCore.Hosting.Diagnostics|CorrelationId=|Request starting HTTP/1.1 GET http://localhost:5176/scalar/scalar.aspnetcore.js - - - 
2026-08-26 00:17:28.1488|Info|Microsoft.AspNetCore.Hosting.Diagnostics|CorrelationId=|Request starting HTTP/1.1 GET http://localhost:5176/scalar/scalar.js - - - 
2026-08-26 00:17:28.1488|Info|Microsoft.AspNetCore.Routing.EndpointMiddleware|CorrelationId=55061bb5-2a9c-4082-b04d-3239b3d19c12|Executing endpoint 'HTTP: GET /scalar/scalar.js' 
2026-08-26 00:17:28.1488|Info|Microsoft.AspNetCore.Cors.Infrastructure.CorsService|CorrelationId=95055977-a39d-4efa-a0ad-b164d84aa0de|CORS policy execution successful. 
2026-08-26 00:17:28.1488|Info|Microsoft.AspNetCore.Http.Result.FileStreamResult|CorrelationId=55061bb5-2a9c-4082-b04d-3239b3d19c12|Sending file with download name ''. 
2026-08-26 00:17:28.1488|Info|Microsoft.AspNetCore.Routing.EndpointMiddleware|CorrelationId=95055977-a39d-4efa-a0ad-b164d84aa0de|Executing endpoint 'HTTP: GET /scalar/scalar.aspnetcore.js' 
2026-08-26 00:17:28.1488|Info|Microsoft.AspNetCore.Routing.EndpointMiddleware|CorrelationId=55061bb5-2a9c-4082-b04d-3239b3d19c12|Executed endpoint 'HTTP: GET /scalar/scalar.js' 
2026-08-26 00:17:28.1488|Info|Microsoft.AspNetCore.Http.Result.FileStreamResult|CorrelationId=95055977-a39d-4efa-a0ad-b164d84aa0de|Sending file with download name ''. 
2026-08-26 00:17:28.1488|Info|Microsoft.AspNetCore.Routing.EndpointMiddleware|CorrelationId=95055977-a39d-4efa-a0ad-b164d84aa0de|Executed endpoint 'HTTP: GET /scalar/scalar.aspnetcore.js' 
2026-08-26 00:17:28.1488|Info|Microsoft.AspNetCore.Hosting.Diagnostics|CorrelationId=|Request finished HTTP/1.1 GET http://localhost:5176/scalar/scalar.js - 304 - - 3.3540ms 
2026-08-26 00:17:28.1488|Info|Microsoft.AspNetCore.Hosting.Diagnostics|CorrelationId=|Request finished HTTP/1.1 GET http://localhost:5176/scalar/scalar.aspnetcore.js - 304 - - 3.7052ms 
2026-08-26 00:17:29.0671|Info|Microsoft.AspNetCore.Hosting.Diagnostics|CorrelationId=|Request starting HTTP/1.1 GET http://localhost:5176/scalar/ - - - 
2026-08-26 00:17:29.0671|Info|Microsoft.AspNetCore.Routing.EndpointMiddleware|CorrelationId=b5d92806-b3ea-4a41-94c2-842e10f97eaf|Executing endpoint 'HTTP: GET /scalar/{documentName?}' 
2026-08-26 00:17:29.0671|Info|Microsoft.AspNetCore.Http.Result.ContentResult|CorrelationId=b5d92806-b3ea-4a41-94c2-842e10f97eaf|Write content with HTTP Response ContentType of text/html 
2026-08-26 00:17:29.0671|Info|Microsoft.AspNetCore.Routing.EndpointMiddleware|CorrelationId=b5d92806-b3ea-4a41-94c2-842e10f97eaf|Executed endpoint 'HTTP: GET /scalar/{documentName?}' 
2026-08-26 00:17:29.0671|Info|Microsoft.AspNetCore.Hosting.Diagnostics|CorrelationId=|Request finished HTTP/1.1 GET http://localhost:5176/scalar/ - 200 622 text/html 2.3264ms 
2026-08-26 00:17:29.1160|Info|Microsoft.AspNetCore.Hosting.Diagnostics|CorrelationId=|Request starting HTTP/1.1 GET http://localhost:5176/scalar/scalar.aspnetcore.js - - - 
2026-08-26 00:17:29.1160|Info|Microsoft.AspNetCore.Hosting.Diagnostics|CorrelationId=|Request starting HTTP/1.1 GET http://localhost:5176/scalar/scalar.js - - - 
2026-08-26 00:17:29.1160|Info|Microsoft.AspNetCore.Cors.Infrastructure.CorsService|CorrelationId=05f6fbe2-2ebe-43b1-a654-0d29936b6abd|CORS policy execution successful. 
2026-08-26 00:17:29.1160|Info|Microsoft.AspNetCore.Routing.EndpointMiddleware|CorrelationId=3740648a-485e-4cea-89c0-4d9822b45e36|Executing endpoint 'HTTP: GET /scalar/scalar.js' 
2026-08-26 00:17:29.1160|Info|Microsoft.AspNetCore.Routing.EndpointMiddleware|CorrelationId=05f6fbe2-2ebe-43b1-a654-0d29936b6abd|Executing endpoint 'HTTP: GET /scalar/scalar.aspnetcore.js' 
2026-08-26 00:17:29.1160|Info|Microsoft.AspNetCore.Http.Result.FileStreamResult|CorrelationId=3740648a-485e-4cea-89c0-4d9822b45e36|Sending file with download name ''. 
2026-08-26 00:17:29.1160|Info|Microsoft.AspNetCore.Http.Result.FileStreamResult|CorrelationId=05f6fbe2-2ebe-43b1-a654-0d29936b6abd|Sending file with download name ''. 
2026-08-26 00:17:29.1160|Info|Microsoft.AspNetCore.Routing.EndpointMiddleware|CorrelationId=05f6fbe2-2ebe-43b1-a654-0d29936b6abd|Executed endpoint 'HTTP: GET /scalar/scalar.aspnetcore.js' 
2026-08-26 00:17:29.1160|Info|Microsoft.AspNetCore.Routing.EndpointMiddleware|CorrelationId=3740648a-485e-4cea-89c0-4d9822b45e36|Executed endpoint 'HTTP: GET /scalar/scalar.js' 
2026-08-26 00:17:29.1160|Info|Microsoft.AspNetCore.Hosting.Diagnostics|CorrelationId=|Request finished HTTP/1.1 GET http://localhost:5176/scalar/scalar.aspnetcore.js - 304 - - 2.7730ms 
2026-08-26 00:17:29.1160|Info|Microsoft.AspNetCore.Hosting.Diagnostics|CorrelationId=|Request finished HTTP/1.1 GET http://localhost:5176/scalar/scalar.js - 304 - - 3.5442ms 
2026-08-26 00:17:29.8311|Info|Microsoft.AspNetCore.Hosting.Diagnostics|CorrelationId=|Request starting HTTP/1.1 GET http://localhost:5176/scalar/ - - - 
2026-08-26 00:17:29.8311|Info|Microsoft.AspNetCore.Routing.EndpointMiddleware|CorrelationId=03d29778-91b1-494a-aa57-4b2faec95744|Executing endpoint 'HTTP: GET /scalar/{documentName?}' 
2026-08-26 00:17:29.8311|Info|Microsoft.AspNetCore.Http.Result.ContentResult|CorrelationId=03d29778-91b1-494a-aa57-4b2faec95744|Write content with HTTP Response ContentType of text/html 
2026-08-26 00:17:29.8311|Info|Microsoft.AspNetCore.Routing.EndpointMiddleware|CorrelationId=03d29778-91b1-494a-aa57-4b2faec95744|Executed endpoint 'HTTP: GET /scalar/{documentName?}' 
2026-08-26 00:17:29.8311|Info|Microsoft.AspNetCore.Hosting.Diagnostics|CorrelationId=|Request finished HTTP/1.1 GET http://localhost:5176/scalar/ - 200 622 text/html 0.8659ms 
2026-08-26 00:17:29.8670|Info|Microsoft.AspNetCore.Hosting.Diagnostics|CorrelationId=|Request starting HTTP/1.1 GET http://localhost:5176/scalar/scalar.js - - - 
2026-08-26 00:17:29.8670|Info|Microsoft.AspNetCore.Hosting.Diagnostics|CorrelationId=|Request starting HTTP/1.1 GET http://localhost:5176/scalar/scalar.aspnetcore.js - - - 
2026-08-26 00:17:29.8670|Info|Microsoft.AspNetCore.Routing.EndpointMiddleware|CorrelationId=925a5dc3-29e4-4c51-8e70-2604e05b1a08|Executing endpoint 'HTTP: GET /scalar/scalar.js' 
2026-08-26 00:17:29.8670|Info|Microsoft.AspNetCore.Cors.Infrastructure.CorsService|CorrelationId=58442a6b-7331-411f-b373-1a73d3a4c449|CORS policy execution successful. 
2026-08-26 00:17:29.8670|Info|Microsoft.AspNetCore.Http.Result.FileStreamResult|CorrelationId=925a5dc3-29e4-4c51-8e70-2604e05b1a08|Sending file with download name ''. 
2026-08-26 00:17:29.8670|Info|Microsoft.AspNetCore.Routing.EndpointMiddleware|CorrelationId=58442a6b-7331-411f-b373-1a73d3a4c449|Executing endpoint 'HTTP: GET /scalar/scalar.aspnetcore.js' 
2026-08-26 00:17:29.8670|Info|Microsoft.AspNetCore.Routing.EndpointMiddleware|CorrelationId=925a5dc3-29e4-4c51-8e70-2604e05b1a08|Executed endpoint 'HTTP: GET /scalar/scalar.js' 
2026-08-26 00:17:29.8670|Info|Microsoft.AspNetCore.Http.Result.FileStreamResult|CorrelationId=58442a6b-7331-411f-b373-1a73d3a4c449|Sending file with download name ''. 
2026-08-26 00:17:29.8670|Info|Microsoft.AspNetCore.Routing.EndpointMiddleware|CorrelationId=58442a6b-7331-411f-b373-1a73d3a4c449|Executed endpoint 'HTTP: GET /scalar/scalar.aspnetcore.js' 
2026-08-26 00:17:29.8670|Info|Microsoft.AspNetCore.Hosting.Diagnostics|CorrelationId=|Request finished HTTP/1.1 GET http://localhost:5176/scalar/scalar.js - 304 - - 0.6162ms 
2026-08-26 00:17:29.8670|Info|Microsoft.AspNetCore.Hosting.Diagnostics|CorrelationId=|Request finished HTTP/1.1 GET http://localhost:5176/scalar/scalar.aspnetcore.js - 304 - - 0.8233ms 
2026-08-26 00:17:30.4474|Info|Microsoft.AspNetCore.Hosting.Diagnostics|CorrelationId=|Request starting HTTP/1.1 GET http://localhost:5176/scalar/ - - - 
2026-08-26 00:17:30.4474|Info|Microsoft.AspNetCore.Routing.EndpointMiddleware|CorrelationId=f008e233-b886-47f9-a6c7-c9a59bcf4fd8|Executing endpoint 'HTTP: GET /scalar/{documentName?}' 
2026-08-26 00:17:30.4474|Info|Microsoft.AspNetCore.Http.Result.ContentResult|CorrelationId=f008e233-b886-47f9-a6c7-c9a59bcf4fd8|Write content with HTTP Response ContentType of text/html 
2026-08-26 00:17:30.4474|Info|Microsoft.AspNetCore.Routing.EndpointMiddleware|CorrelationId=f008e233-b886-47f9-a6c7-c9a59bcf4fd8|Executed endpoint 'HTTP: GET /scalar/{documentName?}' 
2026-08-26 00:17:30.4474|Info|Microsoft.AspNetCore.Hosting.Diagnostics|CorrelationId=|Request finished HTTP/1.1 GET http://localhost:5176/scalar/ - 200 622 text/html 1.3411ms 
2026-08-26 00:17:30.4865|Info|Microsoft.AspNetCore.Hosting.Diagnostics|CorrelationId=|Request starting HTTP/1.1 GET http://localhost:5176/scalar/scalar.js - - - 
2026-08-26 00:17:30.4865|Info|Microsoft.AspNetCore.Hosting.Diagnostics|CorrelationId=|Request starting HTTP/1.1 GET http://localhost:5176/scalar/scalar.aspnetcore.js - - - 
2026-08-26 00:17:30.4865|Info|Microsoft.AspNetCore.Cors.Infrastructure.CorsService|CorrelationId=4fd32e17-a6f9-468c-bc47-db25dcd46343|CORS policy execution successful. 
2026-08-26 00:17:30.4865|Info|Microsoft.AspNetCore.Routing.EndpointMiddleware|CorrelationId=a70c5a9f-23d8-4aea-9d86-61bf1dfa722b|Executing endpoint 'HTTP: GET /scalar/scalar.js' 
2026-08-26 00:17:30.4865|Info|Microsoft.AspNetCore.Http.Result.FileStreamResult|CorrelationId=a70c5a9f-23d8-4aea-9d86-61bf1dfa722b|Sending file with download name ''. 
2026-08-26 00:17:30.4865|Info|Microsoft.AspNetCore.Routing.EndpointMiddleware|CorrelationId=4fd32e17-a6f9-468c-bc47-db25dcd46343|Executing endpoint 'HTTP: GET /scalar/scalar.aspnetcore.js' 
2026-08-26 00:17:30.4865|Info|Microsoft.AspNetCore.Routing.EndpointMiddleware|CorrelationId=a70c5a9f-23d8-4aea-9d86-61bf1dfa722b|Executed endpoint 'HTTP: GET /scalar/scalar.js' 
2026-08-26 00:17:30.4865|Info|Microsoft.AspNetCore.Http.Result.FileStreamResult|CorrelationId=4fd32e17-a6f9-468c-bc47-db25dcd46343|Sending file with download name ''. 
2026-08-26 00:17:30.4865|Info|Microsoft.AspNetCore.Routing.EndpointMiddleware|CorrelationId=4fd32e17-a6f9-468c-bc47-db25dcd46343|Executed endpoint 'HTTP: GET /scalar/scalar.aspnetcore.js' 
2026-08-26 00:17:30.4865|Info|Microsoft.AspNetCore.Hosting.Diagnostics|CorrelationId=|Request finished HTTP/1.1 GET http://localhost:5176/scalar/scalar.js - 304 - - 2.0531ms 
2026-08-26 00:17:30.4865|Info|Microsoft.AspNetCore.Hosting.Diagnostics|CorrelationId=|Request finished HTTP/1.1 GET http://localhost:5176/scalar/scalar.aspnetcore.js - 304 - - 1.8723ms 
2026-08-26 00:17:30.6480|Info|Microsoft.AspNetCore.Hosting.Diagnostics|CorrelationId=|Request starting HTTP/1.1 GET http://localhost:5176/scalar/ - - - 
2026-08-26 00:17:30.6480|Info|Microsoft.AspNetCore.Routing.EndpointMiddleware|CorrelationId=a843ef50-2dc3-4b6d-ba45-34336589b39c|Executing endpoint 'HTTP: GET /scalar/{documentName?}' 
2026-08-26 00:17:30.6480|Info|Microsoft.AspNetCore.Http.Result.ContentResult|CorrelationId=a843ef50-2dc3-4b6d-ba45-34336589b39c|Write content with HTTP Response ContentType of text/html 
2026-08-26 00:17:30.6480|Info|Microsoft.AspNetCore.Routing.EndpointMiddleware|CorrelationId=a843ef50-2dc3-4b6d-ba45-34336589b39c|Executed endpoint 'HTTP: GET /scalar/{documentName?}' 
2026-08-26 00:17:30.6480|Info|Microsoft.AspNetCore.Hosting.Diagnostics|CorrelationId=|Request finished HTTP/1.1 GET http://localhost:5176/scalar/ - 200 622 text/html 0.9590ms 
2026-08-26 00:17:30.6885|Info|Microsoft.AspNetCore.Hosting.Diagnostics|CorrelationId=|Request starting HTTP/1.1 GET http://localhost:5176/scalar/scalar.js - - - 
2026-08-26 00:17:30.6885|Info|Microsoft.AspNetCore.Hosting.Diagnostics|CorrelationId=|Request starting HTTP/1.1 GET http://localhost:5176/scalar/scalar.aspnetcore.js - - - 
2026-08-26 00:17:30.6885|Info|Microsoft.AspNetCore.Routing.EndpointMiddleware|CorrelationId=d67624a7-e91e-4ddf-ab85-712596f08fbb|Executing endpoint 'HTTP: GET /scalar/scalar.js' 
2026-08-26 00:17:30.6885|Info|Microsoft.AspNetCore.Cors.Infrastructure.CorsService|CorrelationId=d47610a3-4872-4db3-94d4-1e8bfd35151a|CORS policy execution successful. 
2026-08-26 00:17:30.6885|Info|Microsoft.AspNetCore.Routing.EndpointMiddleware|CorrelationId=d47610a3-4872-4db3-94d4-1e8bfd35151a|Executing endpoint 'HTTP: GET /scalar/scalar.aspnetcore.js' 
2026-08-26 00:17:30.6885|Info|Microsoft.AspNetCore.Http.Result.FileStreamResult|CorrelationId=d47610a3-4872-4db3-94d4-1e8bfd35151a|Sending file with download name ''. 
2026-08-26 00:17:30.6885|Info|Microsoft.AspNetCore.Http.Result.FileStreamResult|CorrelationId=d67624a7-e91e-4ddf-ab85-712596f08fbb|Sending file with download name ''. 
2026-08-26 00:17:30.6885|Info|Microsoft.AspNetCore.Routing.EndpointMiddleware|CorrelationId=d47610a3-4872-4db3-94d4-1e8bfd35151a|Executed endpoint 'HTTP: GET /scalar/scalar.aspnetcore.js' 
2026-08-26 00:17:30.6885|Info|Microsoft.AspNetCore.Routing.EndpointMiddleware|CorrelationId=d67624a7-e91e-4ddf-ab85-712596f08fbb|Executed endpoint 'HTTP: GET /scalar/scalar.js' 
2026-08-26 00:17:30.6885|Info|Microsoft.AspNetCore.Hosting.Diagnostics|CorrelationId=|Request finished HTTP/1.1 GET http://localhost:5176/scalar/scalar.js - 304 - - 1.1267ms 
2026-08-26 00:17:30.6885|Info|Microsoft.AspNetCore.Hosting.Diagnostics|CorrelationId=|Request finished HTTP/1.1 GET http://localhost:5176/scalar/scalar.aspnetcore.js - 304 - - 0.9122ms 
2026-08-26 00:17:30.8643|Info|Microsoft.AspNetCore.Hosting.Diagnostics|CorrelationId=|Request starting HTTP/1.1 GET http://localhost:5176/scalar/ - - - 
2026-08-26 00:17:30.8643|Info|Microsoft.AspNetCore.Routing.EndpointMiddleware|CorrelationId=2a8c358c-108f-452d-9fdf-cb1290aedfbf|Executing endpoint 'HTTP: GET /scalar/{documentName?}' 
2026-08-26 00:17:30.8643|Info|Microsoft.AspNetCore.Http.Result.ContentResult|CorrelationId=2a8c358c-108f-452d-9fdf-cb1290aedfbf|Write content with HTTP Response ContentType of text/html 
2026-08-26 00:17:30.8643|Info|Microsoft.AspNetCore.Routing.EndpointMiddleware|CorrelationId=2a8c358c-108f-452d-9fdf-cb1290aedfbf|Executed endpoint 'HTTP: GET /scalar/{documentName?}' 
2026-08-26 00:17:30.8643|Info|Microsoft.AspNetCore.Hosting.Diagnostics|CorrelationId=|Request finished HTTP/1.1 GET http://localhost:5176/scalar/ - 200 622 text/html 0.8707ms 
2026-08-26 00:17:30.9015|Info|Microsoft.AspNetCore.Hosting.Diagnostics|CorrelationId=|Request starting HTTP/1.1 GET http://localhost:5176/scalar/scalar.js - - - 
2026-08-26 00:17:30.9015|Info|Microsoft.AspNetCore.Routing.EndpointMiddleware|CorrelationId=62abb4c3-b745-4889-9584-533412cf07ff|Executing endpoint 'HTTP: GET /scalar/scalar.js' 
2026-08-26 00:17:30.9015|Info|Microsoft.AspNetCore.Http.Result.FileStreamResult|CorrelationId=62abb4c3-b745-4889-9584-533412cf07ff|Sending file with download name ''. 
2026-08-26 00:17:30.9015|Info|Microsoft.AspNetCore.Routing.EndpointMiddleware|CorrelationId=62abb4c3-b745-4889-9584-533412cf07ff|Executed endpoint 'HTTP: GET /scalar/scalar.js' 
2026-08-26 00:17:30.9015|Info|Microsoft.AspNetCore.Hosting.Diagnostics|CorrelationId=|Request finished HTTP/1.1 GET http://localhost:5176/scalar/scalar.js - 304 - - 0.8635ms 
2026-08-26 00:17:30.9015|Info|Microsoft.AspNetCore.Hosting.Diagnostics|CorrelationId=|Request starting HTTP/1.1 GET http://localhost:5176/scalar/scalar.aspnetcore.js - - - 
2026-08-26 00:17:30.9015|Info|Microsoft.AspNetCore.Cors.Infrastructure.CorsService|CorrelationId=c1384681-bcf4-4507-b69f-21f44fa5390f|CORS policy execution successful. 
2026-08-26 00:17:30.9015|Info|Microsoft.AspNetCore.Routing.EndpointMiddleware|CorrelationId=c1384681-bcf4-4507-b69f-21f44fa5390f|Executing endpoint 'HTTP: GET /scalar/scalar.aspnetcore.js' 
2026-08-26 00:17:30.9015|Info|Microsoft.AspNetCore.Http.Result.FileStreamResult|CorrelationId=c1384681-bcf4-4507-b69f-21f44fa5390f|Sending file with download name ''. 
2026-08-26 00:17:30.9015|Info|Microsoft.AspNetCore.Routing.EndpointMiddleware|CorrelationId=c1384681-bcf4-4507-b69f-21f44fa5390f|Executed endpoint 'HTTP: GET /scalar/scalar.aspnetcore.js' 
2026-08-26 00:17:30.9015|Info|Microsoft.AspNetCore.Hosting.Diagnostics|CorrelationId=|Request finished HTTP/1.1 GET http://localhost:5176/scalar/scalar.aspnetcore.js - 304 - - 0.7557ms 
2026-08-26 00:17:31.0821|Info|Microsoft.AspNetCore.Hosting.Diagnostics|CorrelationId=|Request starting HTTP/1.1 GET http://localhost:5176/scalar/ - - - 
2026-08-26 00:17:31.0821|Info|Microsoft.AspNetCore.Routing.EndpointMiddleware|CorrelationId=15302f46-212a-48a8-938f-b853437a5558|Executing endpoint 'HTTP: GET /scalar/{documentName?}' 
2026-08-26 00:17:31.0821|Info|Microsoft.AspNetCore.Http.Result.ContentResult|CorrelationId=15302f46-212a-48a8-938f-b853437a5558|Write content with HTTP Response ContentType of text/html 
2026-08-26 00:17:31.0821|Info|Microsoft.AspNetCore.Routing.EndpointMiddleware|CorrelationId=15302f46-212a-48a8-938f-b853437a5558|Executed endpoint 'HTTP: GET /scalar/{documentName?}' 
2026-08-26 00:17:31.0821|Info|Microsoft.AspNetCore.Hosting.Diagnostics|CorrelationId=|Request finished HTTP/1.1 GET http://localhost:5176/scalar/ - 200 622 text/html 0.7483ms 
2026-08-26 00:17:31.1343|Info|Microsoft.AspNetCore.Hosting.Diagnostics|CorrelationId=|Request starting HTTP/1.1 GET http://localhost:5176/scalar/scalar.js - - - 
2026-08-26 00:17:31.1343|Info|Microsoft.AspNetCore.Hosting.Diagnostics|CorrelationId=|Request starting HTTP/1.1 GET http://localhost:5176/scalar/scalar.aspnetcore.js - - - 
2026-08-26 00:17:31.1343|Info|Microsoft.AspNetCore.Routing.EndpointMiddleware|CorrelationId=0e384516-dd0b-45e7-b8ea-6be4faedc0ea|Executing endpoint 'HTTP: GET /scalar/scalar.js' 
2026-08-26 00:17:31.1343|Info|Microsoft.AspNetCore.Cors.Infrastructure.CorsService|CorrelationId=b4374686-9a15-47ee-828b-3d48f0e32fef|CORS policy execution successful. 
2026-08-26 00:17:31.1343|Info|Microsoft.AspNetCore.Http.Result.FileStreamResult|CorrelationId=0e384516-dd0b-45e7-b8ea-6be4faedc0ea|Sending file with download name ''. 
2026-08-26 00:17:31.1343|Info|Microsoft.AspNetCore.Routing.EndpointMiddleware|CorrelationId=b4374686-9a15-47ee-828b-3d48f0e32fef|Executing endpoint 'HTTP: GET /scalar/scalar.aspnetcore.js' 
2026-08-26 00:17:31.1343|Info|Microsoft.AspNetCore.Routing.EndpointMiddleware|CorrelationId=0e384516-dd0b-45e7-b8ea-6be4faedc0ea|Executed endpoint 'HTTP: GET /scalar/scalar.js' 
2026-08-26 00:17:31.1343|Info|Microsoft.AspNetCore.Http.Result.FileStreamResult|CorrelationId=b4374686-9a15-47ee-828b-3d48f0e32fef|Sending file with download name ''. 
2026-08-26 00:17:31.1343|Info|Microsoft.AspNetCore.Routing.EndpointMiddleware|CorrelationId=b4374686-9a15-47ee-828b-3d48f0e32fef|Executed endpoint 'HTTP: GET /scalar/scalar.aspnetcore.js' 
2026-08-26 00:17:31.1343|Info|Microsoft.AspNetCore.Hosting.Diagnostics|CorrelationId=|Request finished HTTP/1.1 GET http://localhost:5176/scalar/scalar.js - 304 - - 0.5826ms 
2026-08-26 00:17:31.1343|Info|Microsoft.AspNetCore.Hosting.Diagnostics|CorrelationId=|Request finished HTTP/1.1 GET http://localhost:5176/scalar/scalar.aspnetcore.js - 304 - - 0.6848ms 
2026-08-26 00:17:31.3167|Info|Microsoft.AspNetCore.Hosting.Diagnostics|CorrelationId=|Request starting HTTP/1.1 GET http://localhost:5176/scalar/ - - - 
2026-08-26 00:17:31.3167|Info|Microsoft.AspNetCore.Routing.EndpointMiddleware|CorrelationId=15bdd5fc-35a2-4ca1-9714-28d1fc5c684b|Executing endpoint 'HTTP: GET /scalar/{documentName?}' 
2026-08-26 00:17:31.3167|Info|Microsoft.AspNetCore.Http.Result.ContentResult|CorrelationId=15bdd5fc-35a2-4ca1-9714-28d1fc5c684b|Write content with HTTP Response ContentType of text/html 
2026-08-26 00:17:31.3167|Info|Microsoft.AspNetCore.Routing.EndpointMiddleware|CorrelationId=15bdd5fc-35a2-4ca1-9714-28d1fc5c684b|Executed endpoint 'HTTP: GET /scalar/{documentName?}' 
2026-08-26 00:17:31.3167|Info|Microsoft.AspNetCore.Hosting.Diagnostics|CorrelationId=|Request finished HTTP/1.1 GET http://localhost:5176/scalar/ - 200 622 text/html 0.6806ms 
2026-08-26 00:17:31.3521|Info|Microsoft.AspNetCore.Hosting.Diagnostics|CorrelationId=|Request starting HTTP/1.1 GET http://localhost:5176/scalar/scalar.js - - - 
2026-08-26 00:17:31.3521|Info|Microsoft.AspNetCore.Hosting.Diagnostics|CorrelationId=|Request starting HTTP/1.1 GET http://localhost:5176/scalar/scalar.aspnetcore.js - - - 
2026-08-26 00:17:31.3521|Info|Microsoft.AspNetCore.Routing.EndpointMiddleware|CorrelationId=b6b7c20f-2fcb-49b4-a557-6e089330071c|Executing endpoint 'HTTP: GET /scalar/scalar.js' 
2026-08-26 00:17:31.3521|Info|Microsoft.AspNetCore.Cors.Infrastructure.CorsService|CorrelationId=ce5a0daa-a680-4146-92b3-e5db5343e76e|CORS policy execution successful. 
2026-08-26 00:17:31.3521|Info|Microsoft.AspNetCore.Http.Result.FileStreamResult|CorrelationId=b6b7c20f-2fcb-49b4-a557-6e089330071c|Sending file with download name ''. 
2026-08-26 00:17:31.3521|Info|Microsoft.AspNetCore.Routing.EndpointMiddleware|CorrelationId=ce5a0daa-a680-4146-92b3-e5db5343e76e|Executing endpoint 'HTTP: GET /scalar/scalar.aspnetcore.js' 
2026-08-26 00:17:31.3521|Info|Microsoft.AspNetCore.Routing.EndpointMiddleware|CorrelationId=b6b7c20f-2fcb-49b4-a557-6e089330071c|Executed endpoint 'HTTP: GET /scalar/scalar.js' 
2026-08-26 00:17:31.3521|Info|Microsoft.AspNetCore.Http.Result.FileStreamResult|CorrelationId=ce5a0daa-a680-4146-92b3-e5db5343e76e|Sending file with download name ''. 
2026-08-26 00:17:31.3521|Info|Microsoft.AspNetCore.Routing.EndpointMiddleware|CorrelationId=ce5a0daa-a680-4146-92b3-e5db5343e76e|Executed endpoint 'HTTP: GET /scalar/scalar.aspnetcore.js' 
2026-08-26 00:17:31.3521|Info|Microsoft.AspNetCore.Hosting.Diagnostics|CorrelationId=|Request finished HTTP/1.1 GET http://localhost:5176/scalar/scalar.js - 304 - - 0.5470ms 
2026-08-26 00:17:31.3521|Info|Microsoft.AspNetCore.Hosting.Diagnostics|CorrelationId=|Request finished HTTP/1.1 GET http://localhost:5176/scalar/scalar.aspnetcore.js - 304 - - 0.7114ms 
2026-08-26 00:17:31.7201|Info|Microsoft.AspNetCore.Hosting.Diagnostics|CorrelationId=|Request starting HTTP/1.1 GET http://localhost:5176/scalar/ - - - 
2026-08-26 00:17:31.7201|Info|Microsoft.AspNetCore.Routing.EndpointMiddleware|CorrelationId=12a7109e-30d7-43cb-90ec-797ab173ec55|Executing endpoint 'HTTP: GET /scalar/{documentName?}' 
2026-08-26 00:17:31.7201|Info|Microsoft.AspNetCore.Http.Result.ContentResult|CorrelationId=12a7109e-30d7-43cb-90ec-797ab173ec55|Write content with HTTP Response ContentType of text/html 
2026-08-26 00:17:31.7201|Info|Microsoft.AspNetCore.Routing.EndpointMiddleware|CorrelationId=12a7109e-30d7-43cb-90ec-797ab173ec55|Executed endpoint 'HTTP: GET /scalar/{documentName?}' 
2026-08-26 00:17:31.7201|Info|Microsoft.AspNetCore.Hosting.Diagnostics|CorrelationId=|Request finished HTTP/1.1 GET http://localhost:5176/scalar/ - 200 622 text/html 5.1278ms 
2026-08-26 00:17:31.7587|Info|Microsoft.AspNetCore.Hosting.Diagnostics|CorrelationId=|Request starting HTTP/1.1 GET http://localhost:5176/scalar/scalar.js - - - 
2026-08-26 00:17:31.7587|Info|Microsoft.AspNetCore.Hosting.Diagnostics|CorrelationId=|Request starting HTTP/1.1 GET http://localhost:5176/scalar/scalar.aspnetcore.js - - - 
2026-08-26 00:17:31.7587|Info|Microsoft.AspNetCore.Routing.EndpointMiddleware|CorrelationId=ec76fbd8-56f7-4526-9f28-aa9c182c7413|Executing endpoint 'HTTP: GET /scalar/scalar.js' 
2026-08-26 00:17:31.7587|Info|Microsoft.AspNetCore.Cors.Infrastructure.CorsService|CorrelationId=b42415a2-1bfa-45b6-9fab-ead79f88810a|CORS policy execution successful. 
2026-08-26 00:17:31.7587|Info|Microsoft.AspNetCore.Http.Result.FileStreamResult|CorrelationId=ec76fbd8-56f7-4526-9f28-aa9c182c7413|Sending file with download name ''. 
2026-08-26 00:17:31.7587|Info|Microsoft.AspNetCore.Routing.EndpointMiddleware|CorrelationId=b42415a2-1bfa-45b6-9fab-ead79f88810a|Executing endpoint 'HTTP: GET /scalar/scalar.aspnetcore.js' 
2026-08-26 00:17:31.7587|Info|Microsoft.AspNetCore.Routing.EndpointMiddleware|CorrelationId=ec76fbd8-56f7-4526-9f28-aa9c182c7413|Executed endpoint 'HTTP: GET /scalar/scalar.js' 
2026-08-26 00:17:31.7587|Info|Microsoft.AspNetCore.Http.Result.FileStreamResult|CorrelationId=b42415a2-1bfa-45b6-9fab-ead79f88810a|Sending file with download name ''. 
2026-08-26 00:17:31.7587|Info|Microsoft.AspNetCore.Routing.EndpointMiddleware|CorrelationId=b42415a2-1bfa-45b6-9fab-ead79f88810a|Executed endpoint 'HTTP: GET /scalar/scalar.aspnetcore.js' 
2026-08-26 00:17:31.7587|Info|Microsoft.AspNetCore.Hosting.Diagnostics|CorrelationId=|Request finished HTTP/1.1 GET http://localhost:5176/scalar/scalar.js - 304 - - 0.7607ms 
2026-08-26 00:17:31.7587|Info|Microsoft.AspNetCore.Hosting.Diagnostics|CorrelationId=|Request finished HTTP/1.1 GET http://localhost:5176/scalar/scalar.aspnetcore.js - 304 - - 0.8496ms 
2026-08-26 00:17:31.9402|Info|Microsoft.AspNetCore.Hosting.Diagnostics|CorrelationId=|Request starting HTTP/1.1 GET http://localhost:5176/scalar/ - - - 
2026-08-26 00:17:31.9402|Info|Microsoft.AspNetCore.Routing.EndpointMiddleware|CorrelationId=47deb72b-cf18-4de1-8435-79b91ad9777a|Executing endpoint 'HTTP: GET /scalar/{documentName?}' 
2026-08-26 00:17:31.9402|Info|Microsoft.AspNetCore.Http.Result.ContentResult|CorrelationId=47deb72b-cf18-4de1-8435-79b91ad9777a|Write content with HTTP Response ContentType of text/html 
2026-08-26 00:17:31.9402|Info|Microsoft.AspNetCore.Routing.EndpointMiddleware|CorrelationId=47deb72b-cf18-4de1-8435-79b91ad9777a|Executed endpoint 'HTTP: GET /scalar/{documentName?}' 
2026-08-26 00:17:31.9402|Info|Microsoft.AspNetCore.Hosting.Diagnostics|CorrelationId=|Request finished HTTP/1.1 GET http://localhost:5176/scalar/ - 200 622 text/html 1.0340ms 
2026-08-26 00:17:31.9817|Info|Microsoft.AspNetCore.Hosting.Diagnostics|CorrelationId=|Request starting HTTP/1.1 GET http://localhost:5176/scalar/scalar.js - - - 
2026-08-26 00:17:31.9817|Info|Microsoft.AspNetCore.Hosting.Diagnostics|CorrelationId=|Request starting HTTP/1.1 GET http://localhost:5176/scalar/scalar.aspnetcore.js - - - 
2026-08-26 00:17:31.9817|Info|Microsoft.AspNetCore.Cors.Infrastructure.CorsService|CorrelationId=5e62fa58-d05c-4a9f-b5ef-3659aca74d9d|CORS policy execution successful. 
2026-08-26 00:17:31.9817|Info|Microsoft.AspNetCore.Routing.EndpointMiddleware|CorrelationId=5e62fa58-d05c-4a9f-b5ef-3659aca74d9d|Executing endpoint 'HTTP: GET /scalar/scalar.aspnetcore.js' 
2026-08-26 00:17:31.9817|Info|Microsoft.AspNetCore.Routing.EndpointMiddleware|CorrelationId=05416af6-0635-4c40-b617-5e13eb0dd1a9|Executing endpoint 'HTTP: GET /scalar/scalar.js' 
2026-08-26 00:17:31.9840|Info|Microsoft.AspNetCore.Http.Result.FileStreamResult|CorrelationId=05416af6-0635-4c40-b617-5e13eb0dd1a9|Sending file with download name ''. 
2026-08-26 00:17:31.9840|Info|Microsoft.AspNetCore.Http.Result.FileStreamResult|CorrelationId=5e62fa58-d05c-4a9f-b5ef-3659aca74d9d|Sending file with download name ''. 
2026-08-26 00:17:31.9840|Info|Microsoft.AspNetCore.Routing.EndpointMiddleware|CorrelationId=05416af6-0635-4c40-b617-5e13eb0dd1a9|Executed endpoint 'HTTP: GET /scalar/scalar.js' 
2026-08-26 00:17:31.9840|Info|Microsoft.AspNetCore.Routing.EndpointMiddleware|CorrelationId=5e62fa58-d05c-4a9f-b5ef-3659aca74d9d|Executed endpoint 'HTTP: GET /scalar/scalar.aspnetcore.js' 
2026-08-26 00:17:31.9840|Info|Microsoft.AspNetCore.Hosting.Diagnostics|CorrelationId=|Request finished HTTP/1.1 GET http://localhost:5176/scalar/scalar.js - 304 - - 2.6784ms 
2026-08-26 00:17:31.9840|Info|Microsoft.AspNetCore.Hosting.Diagnostics|CorrelationId=|Request finished HTTP/1.1 GET http://localhost:5176/scalar/scalar.aspnetcore.js - 304 - - 2.5831ms 
2026-08-26 00:17:32.2256|Info|Microsoft.AspNetCore.Hosting.Diagnostics|CorrelationId=|Request starting HTTP/1.1 GET http://localhost:5176/scalar/ - - - 
2026-08-26 00:17:32.2256|Info|Microsoft.AspNetCore.Routing.EndpointMiddleware|CorrelationId=f594c370-e0e2-46d3-b227-8eed4a8b682c|Executing endpoint 'HTTP: GET /scalar/{documentName?}' 
2026-08-26 00:17:32.2256|Info|Microsoft.AspNetCore.Http.Result.ContentResult|CorrelationId=f594c370-e0e2-46d3-b227-8eed4a8b682c|Write content with HTTP Response ContentType of text/html 
2026-08-26 00:17:32.2256|Info|Microsoft.AspNetCore.Routing.EndpointMiddleware|CorrelationId=f594c370-e0e2-46d3-b227-8eed4a8b682c|Executed endpoint 'HTTP: GET /scalar/{documentName?}' 
2026-08-26 00:17:32.2256|Info|Microsoft.AspNetCore.Hosting.Diagnostics|CorrelationId=|Request finished HTTP/1.1 GET http://localhost:5176/scalar/ - 200 622 text/html 0.9692ms 
2026-08-26 00:17:32.2641|Info|Microsoft.AspNetCore.Hosting.Diagnostics|CorrelationId=|Request starting HTTP/1.1 GET http://localhost:5176/scalar/scalar.js - - - 
2026-08-26 00:17:32.2641|Info|Microsoft.AspNetCore.Hosting.Diagnostics|CorrelationId=|Request starting HTTP/1.1 GET http://localhost:5176/scalar/scalar.aspnetcore.js - - - 
2026-08-26 00:17:32.2641|Info|Microsoft.AspNetCore.Routing.EndpointMiddleware|CorrelationId=17f56079-2229-4230-83b3-45795b1b4669|Executing endpoint 'HTTP: GET /scalar/scalar.js' 
2026-08-26 00:17:32.2641|Info|Microsoft.AspNetCore.Cors.Infrastructure.CorsService|CorrelationId=5597aeba-9864-48e7-97b4-b302ad904aa9|CORS policy execution successful. 
2026-08-26 00:17:32.2641|Info|Microsoft.AspNetCore.Http.Result.FileStreamResult|CorrelationId=17f56079-2229-4230-83b3-45795b1b4669|Sending file with download name ''. 
2026-08-26 00:17:32.2641|Info|Microsoft.AspNetCore.Routing.EndpointMiddleware|CorrelationId=5597aeba-9864-48e7-97b4-b302ad904aa9|Executing endpoint 'HTTP: GET /scalar/scalar.aspnetcore.js' 
2026-08-26 00:17:32.2641|Info|Microsoft.AspNetCore.Routing.EndpointMiddleware|CorrelationId=17f56079-2229-4230-83b3-45795b1b4669|Executed endpoint 'HTTP: GET /scalar/scalar.js' 
2026-08-26 00:17:32.2641|Info|Microsoft.AspNetCore.Http.Result.FileStreamResult|CorrelationId=5597aeba-9864-48e7-97b4-b302ad904aa9|Sending file with download name ''. 
2026-08-26 00:17:32.2641|Info|Microsoft.AspNetCore.Routing.EndpointMiddleware|CorrelationId=5597aeba-9864-48e7-97b4-b302ad904aa9|Executed endpoint 'HTTP: GET /scalar/scalar.aspnetcore.js' 
2026-08-26 00:17:32.2641|Info|Microsoft.AspNetCore.Hosting.Diagnostics|CorrelationId=|Request finished HTTP/1.1 GET http://localhost:5176/scalar/scalar.js - 304 - - 0.4955ms 
2026-08-26 00:17:32.2641|Info|Microsoft.AspNetCore.Hosting.Diagnostics|CorrelationId=|Request finished HTTP/1.1 GET http://localhost:5176/scalar/scalar.aspnetcore.js - 304 - - 0.4612ms 
2026-08-26 00:17:32.4311|Info|Microsoft.AspNetCore.Hosting.Diagnostics|CorrelationId=|Request starting HTTP/1.1 GET http://localhost:5176/scalar/ - - - 
2026-08-26 00:17:32.4311|Info|Microsoft.AspNetCore.Routing.EndpointMiddleware|CorrelationId=be716bb0-1188-432d-a4d0-aa63a784f838|Executing endpoint 'HTTP: GET /scalar/{documentName?}' 
2026-08-26 00:17:32.4311|Info|Microsoft.AspNetCore.Http.Result.ContentResult|CorrelationId=be716bb0-1188-432d-a4d0-aa63a784f838|Write content with HTTP Response ContentType of text/html 
2026-08-26 00:17:32.4311|Info|Microsoft.AspNetCore.Routing.EndpointMiddleware|CorrelationId=be716bb0-1188-432d-a4d0-aa63a784f838|Executed endpoint 'HTTP: GET /scalar/{documentName?}' 
2026-08-26 00:17:32.4311|Info|Microsoft.AspNetCore.Hosting.Diagnostics|CorrelationId=|Request finished HTTP/1.1 GET http://localhost:5176/scalar/ - 200 622 text/html 0.6846ms 
2026-08-26 00:17:32.4685|Info|Microsoft.AspNetCore.Hosting.Diagnostics|CorrelationId=|Request starting HTTP/1.1 GET http://localhost:5176/scalar/scalar.aspnetcore.js - - - 
2026-08-26 00:17:32.4685|Info|Microsoft.AspNetCore.Hosting.Diagnostics|CorrelationId=|Request starting HTTP/1.1 GET http://localhost:5176/scalar/scalar.js - - - 
2026-08-26 00:17:32.4685|Info|Microsoft.AspNetCore.Cors.Infrastructure.CorsService|CorrelationId=2babdffd-914b-4dc5-ae51-d97dc1aef707|CORS policy execution successful. 
2026-08-26 00:17:32.4685|Info|Microsoft.AspNetCore.Routing.EndpointMiddleware|CorrelationId=dca0297e-45d0-46ed-ba73-146fa28be20a|Executing endpoint 'HTTP: GET /scalar/scalar.js' 
2026-08-26 00:17:32.4685|Info|Microsoft.AspNetCore.Routing.EndpointMiddleware|CorrelationId=2babdffd-914b-4dc5-ae51-d97dc1aef707|Executing endpoint 'HTTP: GET /scalar/scalar.aspnetcore.js' 
2026-08-26 00:17:32.4685|Info|Microsoft.AspNetCore.Http.Result.FileStreamResult|CorrelationId=dca0297e-45d0-46ed-ba73-146fa28be20a|Sending file with download name ''. 
2026-08-26 00:17:32.4685|Info|Microsoft.AspNetCore.Http.Result.FileStreamResult|CorrelationId=2babdffd-914b-4dc5-ae51-d97dc1aef707|Sending file with download name ''. 
2026-08-26 00:17:32.4685|Info|Microsoft.AspNetCore.Routing.EndpointMiddleware|CorrelationId=dca0297e-45d0-46ed-ba73-146fa28be20a|Executed endpoint 'HTTP: GET /scalar/scalar.js' 
2026-08-26 00:17:32.4685|Info|Microsoft.AspNetCore.Routing.EndpointMiddleware|CorrelationId=2babdffd-914b-4dc5-ae51-d97dc1aef707|Executed endpoint 'HTTP: GET /scalar/scalar.aspnetcore.js' 
2026-08-26 00:17:32.4685|Info|Microsoft.AspNetCore.Hosting.Diagnostics|CorrelationId=|Request finished HTTP/1.1 GET http://localhost:5176/scalar/scalar.js - 304 - - 0.6988ms 
2026-08-26 00:17:32.4685|Info|Microsoft.AspNetCore.Hosting.Diagnostics|CorrelationId=|Request finished HTTP/1.1 GET http://localhost:5176/scalar/scalar.aspnetcore.js - 304 - - 0.7010ms 
2026-08-26 00:17:32.8671|Info|Microsoft.AspNetCore.Hosting.Diagnostics|CorrelationId=|Request starting HTTP/1.1 GET http://localhost:5176/scalar/ - - - 
2026-08-26 00:17:32.8671|Info|Microsoft.AspNetCore.Routing.EndpointMiddleware|CorrelationId=6aff95d4-86f4-4174-9a4d-34a9e13f6a44|Executing endpoint 'HTTP: GET /scalar/{documentName?}' 
2026-08-26 00:17:32.8671|Info|Microsoft.AspNetCore.Http.Result.ContentResult|CorrelationId=6aff95d4-86f4-4174-9a4d-34a9e13f6a44|Write content with HTTP Response ContentType of text/html 
2026-08-26 00:17:32.8671|Info|Microsoft.AspNetCore.Routing.EndpointMiddleware|CorrelationId=6aff95d4-86f4-4174-9a4d-34a9e13f6a44|Executed endpoint 'HTTP: GET /scalar/{documentName?}' 
2026-08-26 00:17:32.8671|Info|Microsoft.AspNetCore.Hosting.Diagnostics|CorrelationId=|Request finished HTTP/1.1 GET http://localhost:5176/scalar/ - 200 622 text/html 0.8807ms 
2026-08-26 00:17:32.9152|Info|Microsoft.AspNetCore.Hosting.Diagnostics|CorrelationId=|Request starting HTTP/1.1 GET http://localhost:5176/scalar/scalar.js - - - 
2026-08-26 00:17:32.9152|Info|Microsoft.AspNetCore.Hosting.Diagnostics|CorrelationId=|Request starting HTTP/1.1 GET http://localhost:5176/scalar/scalar.aspnetcore.js - - - 
2026-08-26 00:17:32.9152|Info|Microsoft.AspNetCore.Routing.EndpointMiddleware|CorrelationId=ea190596-f812-408b-a9df-43d4c9ba7414|Executing endpoint 'HTTP: GET /scalar/scalar.js' 
2026-08-26 00:17:32.9152|Info|Microsoft.AspNetCore.Cors.Infrastructure.CorsService|CorrelationId=820c9e56-d551-4234-afdf-629265f7abf3|CORS policy execution successful. 
2026-08-26 00:17:32.9152|Info|Microsoft.AspNetCore.Http.Result.FileStreamResult|CorrelationId=ea190596-f812-408b-a9df-43d4c9ba7414|Sending file with download name ''. 
2026-08-26 00:17:32.9152|Info|Microsoft.AspNetCore.Routing.EndpointMiddleware|CorrelationId=820c9e56-d551-4234-afdf-629265f7abf3|Executing endpoint 'HTTP: GET /scalar/scalar.aspnetcore.js' 
2026-08-26 00:17:32.9152|Info|Microsoft.AspNetCore.Routing.EndpointMiddleware|CorrelationId=ea190596-f812-408b-a9df-43d4c9ba7414|Executed endpoint 'HTTP: GET /scalar/scalar.js' 
2026-08-26 00:17:32.9152|Info|Microsoft.AspNetCore.Http.Result.FileStreamResult|CorrelationId=820c9e56-d551-4234-afdf-629265f7abf3|Sending file with download name ''. 
2026-08-26 00:17:32.9152|Info|Microsoft.AspNetCore.Hosting.Diagnostics|CorrelationId=|Request finished HTTP/1.1 GET http://localhost:5176/scalar/scalar.js - 304 - - 0.4392ms 
2026-08-26 00:17:32.9152|Info|Microsoft.AspNetCore.Routing.EndpointMiddleware|CorrelationId=820c9e56-d551-4234-afdf-629265f7abf3|Executed endpoint 'HTTP: GET /scalar/scalar.aspnetcore.js' 
2026-08-26 00:17:32.9152|Info|Microsoft.AspNetCore.Hosting.Diagnostics|CorrelationId=|Request finished HTTP/1.1 GET http://localhost:5176/scalar/scalar.aspnetcore.js - 304 - - 0.5397ms 
2026-08-26 00:17:39.4588|Info|Microsoft.Hosting.Lifetime|CorrelationId=|Application is shutting down... 
2026-08-26 00:17:48.6989|Info|Microsoft.AspNetCore.DataProtection.KeyManagement.XmlKeyManager|CorrelationId=|User profile is available. Using 'C:\Users\isaac\AppData\Local\ASP.NET\DataProtection-Keys' as key repository and Windows DPAPI to encrypt keys at rest. 
2026-08-26 00:17:48.7242|Info|SmartLoan.Infrastructure.BackgroundJobs.ReportWorker|CorrelationId=|Report Worker is starting... 
2026-08-26 00:17:48.7925|Info|Microsoft.Hosting.Lifetime|CorrelationId=|Now listening on: http://localhost:5176 
2026-08-26 00:17:48.7925|Info|Microsoft.Hosting.Lifetime|CorrelationId=|Application started. Press Ctrl+C to shut down. 
2026-08-26 00:17:48.7925|Info|Microsoft.Hosting.Lifetime|CorrelationId=|Hosting environment: Development 
2026-08-26 00:17:48.7925|Info|Microsoft.Hosting.Lifetime|CorrelationId=|Content root path: D:\isaac\educational purpose only\.net\kyas pro\SmartLoanTracker\smartloan.api 
2026-08-26 00:17:58.3331|Info|Microsoft.Hosting.Lifetime|CorrelationId=|Application is shutting down... 
2026-08-26 00:18:45.8094|Info|Microsoft.AspNetCore.DataProtection.KeyManagement.XmlKeyManager|CorrelationId=|User profile is available. Using 'C:\Users\isaac\AppData\Local\ASP.NET\DataProtection-Keys' as key repository and Windows DPAPI to encrypt keys at rest. 
2026-08-26 00:18:45.8378|Info|SmartLoan.Infrastructure.BackgroundJobs.ReportWorker|CorrelationId=|Report Worker is starting... 
2026-08-26 00:18:45.9239|Info|Microsoft.Hosting.Lifetime|CorrelationId=|Now listening on: http://localhost:5176 
2026-08-26 00:18:45.9239|Info|Microsoft.Hosting.Lifetime|CorrelationId=|Application started. Press Ctrl+C to shut down. 
2026-08-26 00:18:45.9239|Info|Microsoft.Hosting.Lifetime|CorrelationId=|Hosting environment: Development 
2026-08-26 00:18:45.9239|Info|Microsoft.Hosting.Lifetime|CorrelationId=|Content root path: D:\isaac\educational purpose only\.net\kyas pro\SmartLoanTracker\smartloan.api 
2026-08-26 00:19:09.1328|Info|Microsoft.Hosting.Lifetime|CorrelationId=|Application is shutting down... 
2026-08-26 00:20:28.7357|Info|Microsoft.AspNetCore.DataProtection.KeyManagement.XmlKeyManager|CorrelationId=|User profile is available. Using 'C:\Users\isaac\AppData\Local\ASP.NET\DataProtection-Keys' as key repository and Windows DPAPI to encrypt keys at rest. 
2026-08-26 00:20:28.8017|Info|SmartLoan.Infrastructure.BackgroundJobs.ReportWorker|CorrelationId=|Report Worker is starting... 
2026-08-26 00:20:29.0193|Info|Microsoft.Hosting.Lifetime|CorrelationId=|Now listening on: http://localhost:5176 
2026-08-26 00:20:29.0193|Info|Microsoft.Hosting.Lifetime|CorrelationId=|Application started. Press Ctrl+C to shut down. 
2026-08-26 00:20:29.0193|Info|Microsoft.Hosting.Lifetime|CorrelationId=|Hosting environment: Development 
2026-08-26 00:20:29.0193|Info|Microsoft.Hosting.Lifetime|CorrelationId=|Content root path: D:\isaac\educational purpose only\.net\kyas pro\SmartLoanTracker\SmartLoan.Api 
2026-08-26 00:20:35.3603|Info|Microsoft.Hosting.Lifetime|CorrelationId=|Application is shutting down... 
2026-08-26 00:21:10.4375|Info|Microsoft.AspNetCore.DataProtection.KeyManagement.XmlKeyManager|CorrelationId=|User profile is available. Using 'C:\Users\isaac\AppData\Local\ASP.NET\DataProtection-Keys' as key repository and Windows DPAPI to encrypt keys at rest. 
2026-08-26 00:21:10.4702|Info|SmartLoan.Infrastructure.BackgroundJobs.ReportWorker|CorrelationId=|Report Worker is starting... 
2026-08-26 00:21:10.5568|Info|Microsoft.Hosting.Lifetime|CorrelationId=|Now listening on: http://localhost:5176 
2026-08-26 00:21:10.5568|Info|Microsoft.Hosting.Lifetime|CorrelationId=|Application started. Press Ctrl+C to shut down. 
2026-08-26 00:21:10.5568|Info|Microsoft.Hosting.Lifetime|CorrelationId=|Hosting environment: Development 
2026-08-26 00:21:10.5568|Info|Microsoft.Hosting.Lifetime|CorrelationId=|Content root path: D:\isaac\educational purpose only\.net\kyas pro\SmartLoanTracker\SmartLoan.Api 
2026-08-26 00:24:14.6293|Info|Microsoft.AspNetCore.Hosting.Diagnostics|CorrelationId=|Request starting HTTP/1.1 GET http://localhost:5176/scalar/ - - - 
2026-08-26 00:24:14.7184|Warn|Microsoft.AspNetCore.HttpsPolicy.HttpsRedirectionMiddleware|CorrelationId=e6ddd899-35fc-475c-9070-ec894bb4881a|Failed to determine the https port for redirect. 
2026-08-26 00:24:14.7184|Info|Microsoft.AspNetCore.Routing.EndpointMiddleware|CorrelationId=e6ddd899-35fc-475c-9070-ec894bb4881a|Executing endpoint 'HTTP: GET /scalar/{documentName?}' 
2026-08-26 00:24:14.8793|Info|Microsoft.AspNetCore.Http.Result.ContentResult|CorrelationId=e6ddd899-35fc-475c-9070-ec894bb4881a|Write content with HTTP Response ContentType of text/html 
2026-08-26 00:24:14.8793|Info|Microsoft.AspNetCore.Routing.EndpointMiddleware|CorrelationId=e6ddd899-35fc-475c-9070-ec894bb4881a|Executed endpoint 'HTTP: GET /scalar/{documentName?}' 
2026-08-26 00:24:14.8793|Info|Microsoft.AspNetCore.Hosting.Diagnostics|CorrelationId=|Request finished HTTP/1.1 GET http://localhost:5176/scalar/ - 200 622 text/html 260.1723ms 
2026-08-26 00:24:14.9196|Info|Microsoft.AspNetCore.Hosting.Diagnostics|CorrelationId=|Request starting HTTP/1.1 GET http://localhost:5176/scalar/scalar.aspnetcore.js - - - 
2026-08-26 00:24:14.9196|Info|Microsoft.AspNetCore.Hosting.Diagnostics|CorrelationId=|Request starting HTTP/1.1 GET http://localhost:5176/scalar/scalar.js - - - 
2026-08-26 00:24:14.9227|Info|Microsoft.AspNetCore.Routing.EndpointMiddleware|CorrelationId=82640b7e-accc-4726-bef2-8fbd21c14772|Executing endpoint 'HTTP: GET /scalar/scalar.js' 
2026-08-26 00:24:14.9227|Info|Microsoft.AspNetCore.Cors.Infrastructure.CorsService|CorrelationId=32b30955-66ef-45b6-9fe0-c46380505ce8|CORS policy execution successful. 
2026-08-26 00:24:14.9227|Info|Microsoft.AspNetCore.Routing.EndpointMiddleware|CorrelationId=32b30955-66ef-45b6-9fe0-c46380505ce8|Executing endpoint 'HTTP: GET /scalar/scalar.aspnetcore.js' 
2026-08-26 00:24:14.9227|Info|Microsoft.AspNetCore.Http.Result.FileStreamResult|CorrelationId=32b30955-66ef-45b6-9fe0-c46380505ce8|Sending file with download name ''. 
2026-08-26 00:24:14.9227|Info|Microsoft.AspNetCore.Routing.EndpointMiddleware|CorrelationId=32b30955-66ef-45b6-9fe0-c46380505ce8|Executed endpoint 'HTTP: GET /scalar/scalar.aspnetcore.js' 
2026-08-26 00:24:14.9227|Info|Microsoft.AspNetCore.Http.Result.FileStreamResult|CorrelationId=82640b7e-accc-4726-bef2-8fbd21c14772|Sending file with download name ''. 
2026-08-26 00:24:14.9227|Info|Microsoft.AspNetCore.Routing.EndpointMiddleware|CorrelationId=82640b7e-accc-4726-bef2-8fbd21c14772|Executed endpoint 'HTTP: GET /scalar/scalar.js' 
2026-08-26 00:24:14.9227|Info|Microsoft.AspNetCore.Hosting.Diagnostics|CorrelationId=|Request finished HTTP/1.1 GET http://localhost:5176/scalar/scalar.js - 304 - - 12.5700ms 
2026-08-26 00:24:14.9445|Info|Microsoft.AspNetCore.Hosting.Diagnostics|CorrelationId=|Request finished HTTP/1.1 GET http://localhost:5176/scalar/scalar.aspnetcore.js - 304 - - 24.8900ms 
2026-08-26 00:24:19.8534|Info|Microsoft.AspNetCore.Hosting.Diagnostics|CorrelationId=|Request starting HTTP/1.1 GET http://localhost:5176/scalar/ - - - 
2026-08-26 00:24:19.8534|Info|Microsoft.AspNetCore.Routing.EndpointMiddleware|CorrelationId=c132477a-7842-4fd7-865d-2ab7b9903e7a|Executing endpoint 'HTTP: GET /scalar/{documentName?}' 
2026-08-26 00:24:19.8615|Info|Microsoft.AspNetCore.Http.Result.ContentResult|CorrelationId=c132477a-7842-4fd7-865d-2ab7b9903e7a|Write content with HTTP Response ContentType of text/html 
2026-08-26 00:24:19.8615|Info|Microsoft.AspNetCore.Routing.EndpointMiddleware|CorrelationId=c132477a-7842-4fd7-865d-2ab7b9903e7a|Executed endpoint 'HTTP: GET /scalar/{documentName?}' 
2026-08-26 00:24:19.8615|Info|Microsoft.AspNetCore.Hosting.Diagnostics|CorrelationId=|Request finished HTTP/1.1 GET http://localhost:5176/scalar/ - 200 622 text/html 9.2827ms 
2026-08-26 00:24:19.9025|Info|Microsoft.AspNetCore.Hosting.Diagnostics|CorrelationId=|Request starting HTTP/1.1 GET http://localhost:5176/scalar/scalar.aspnetcore.js - - - 
2026-08-26 00:24:19.9025|Info|Microsoft.AspNetCore.Hosting.Diagnostics|CorrelationId=|Request starting HTTP/1.1 GET http://localhost:5176/scalar/scalar.js - - - 
2026-08-26 00:24:19.9025|Info|Microsoft.AspNetCore.Routing.EndpointMiddleware|CorrelationId=af0e4b50-680a-4a55-81cf-6853acb18129|Executing endpoint 'HTTP: GET /scalar/scalar.js' 
2026-08-26 00:24:19.9025|Info|Microsoft.AspNetCore.Cors.Infrastructure.CorsService|CorrelationId=5baa9c3a-0e7d-44cf-b9f5-35f845eaff1e|CORS policy execution successful. 
2026-08-26 00:24:19.9025|Info|Microsoft.AspNetCore.Http.Result.FileStreamResult|CorrelationId=af0e4b50-680a-4a55-81cf-6853acb18129|Sending file with download name ''. 
2026-08-26 00:24:19.9025|Info|Microsoft.AspNetCore.Routing.EndpointMiddleware|CorrelationId=5baa9c3a-0e7d-44cf-b9f5-35f845eaff1e|Executing endpoint 'HTTP: GET /scalar/scalar.aspnetcore.js' 
2026-08-26 00:24:19.9025|Info|Microsoft.AspNetCore.Routing.EndpointMiddleware|CorrelationId=af0e4b50-680a-4a55-81cf-6853acb18129|Executed endpoint 'HTTP: GET /scalar/scalar.js' 
2026-08-26 00:24:19.9025|Info|Microsoft.AspNetCore.Http.Result.FileStreamResult|CorrelationId=5baa9c3a-0e7d-44cf-b9f5-35f845eaff1e|Sending file with download name ''. 
2026-08-26 00:24:19.9025|Info|Microsoft.AspNetCore.Hosting.Diagnostics|CorrelationId=|Request finished HTTP/1.1 GET http://localhost:5176/scalar/scalar.js - 304 - - 2.2405ms 
2026-08-26 00:24:19.9025|Info|Microsoft.AspNetCore.Routing.EndpointMiddleware|CorrelationId=5baa9c3a-0e7d-44cf-b9f5-35f845eaff1e|Executed endpoint 'HTTP: GET /scalar/scalar.aspnetcore.js' 
2026-08-26 00:24:19.9025|Info|Microsoft.AspNetCore.Hosting.Diagnostics|CorrelationId=|Request finished HTTP/1.1 GET http://localhost:5176/scalar/scalar.aspnetcore.js - 304 - - 2.5424ms 
2026-08-26 00:24:24.4343|Info|Microsoft.AspNetCore.Hosting.Diagnostics|CorrelationId=|Request starting HTTP/1.1 GET http://localhost:5176/scalar/ - - - 
2026-08-26 00:24:24.4343|Info|Microsoft.AspNetCore.Routing.EndpointMiddleware|CorrelationId=2ae120a3-8d8b-4288-9462-372e2e3c8f59|Executing endpoint 'HTTP: GET /scalar/{documentName?}' 
2026-08-26 00:24:24.4343|Info|Microsoft.AspNetCore.Http.Result.ContentResult|CorrelationId=2ae120a3-8d8b-4288-9462-372e2e3c8f59|Write content with HTTP Response ContentType of text/html 
2026-08-26 00:24:24.4374|Info|Microsoft.AspNetCore.Routing.EndpointMiddleware|CorrelationId=2ae120a3-8d8b-4288-9462-372e2e3c8f59|Executed endpoint 'HTTP: GET /scalar/{documentName?}' 
2026-08-26 00:24:24.4374|Info|Microsoft.AspNetCore.Hosting.Diagnostics|CorrelationId=|Request finished HTTP/1.1 GET http://localhost:5176/scalar/ - 200 622 text/html 3.2251ms 
2026-08-26 00:24:24.4760|Info|Microsoft.AspNetCore.Hosting.Diagnostics|CorrelationId=|Request starting HTTP/1.1 GET http://localhost:5176/scalar/scalar.js - - - 
2026-08-26 00:24:24.4760|Info|Microsoft.AspNetCore.Hosting.Diagnostics|CorrelationId=|Request starting HTTP/1.1 GET http://localhost:5176/scalar/scalar.aspnetcore.js - - - 
2026-08-26 00:24:24.4760|Info|Microsoft.AspNetCore.Routing.EndpointMiddleware|CorrelationId=e7b892e0-6f98-4fa9-9d69-77e178488531|Executing endpoint 'HTTP: GET /scalar/scalar.js' 
2026-08-26 00:24:24.4760|Info|Microsoft.AspNetCore.Cors.Infrastructure.CorsService|CorrelationId=7ce6dd29-d278-44c3-9061-430571de6cda|CORS policy execution successful. 
2026-08-26 00:24:24.4760|Info|Microsoft.AspNetCore.Routing.EndpointMiddleware|CorrelationId=7ce6dd29-d278-44c3-9061-430571de6cda|Executing endpoint 'HTTP: GET /scalar/scalar.aspnetcore.js' 
2026-08-26 00:24:24.4760|Info|Microsoft.AspNetCore.Http.Result.FileStreamResult|CorrelationId=e7b892e0-6f98-4fa9-9d69-77e178488531|Sending file with download name ''. 
2026-08-26 00:24:24.4760|Info|Microsoft.AspNetCore.Http.Result.FileStreamResult|CorrelationId=7ce6dd29-d278-44c3-9061-430571de6cda|Sending file with download name ''. 
2026-08-26 00:24:24.4760|Info|Microsoft.AspNetCore.Routing.EndpointMiddleware|CorrelationId=e7b892e0-6f98-4fa9-9d69-77e178488531|Executed endpoint 'HTTP: GET /scalar/scalar.js' 
2026-08-26 00:24:24.4760|Info|Microsoft.AspNetCore.Routing.EndpointMiddleware|CorrelationId=7ce6dd29-d278-44c3-9061-430571de6cda|Executed endpoint 'HTTP: GET /scalar/scalar.aspnetcore.js' 
2026-08-26 00:24:24.4760|Info|Microsoft.AspNetCore.Hosting.Diagnostics|CorrelationId=|Request finished HTTP/1.1 GET http://localhost:5176/scalar/scalar.aspnetcore.js - 304 - - 0.9824ms 
2026-08-26 00:24:24.4760|Info|Microsoft.AspNetCore.Hosting.Diagnostics|CorrelationId=|Request finished HTTP/1.1 GET http://localhost:5176/scalar/scalar.js - 304 - - 1.0307ms 
2026-08-26 00:25:07.7013|Info|Microsoft.AspNetCore.Hosting.Diagnostics|CorrelationId=|Request starting HTTP/1.1 GET http://localhost:5176/scalar/scalar.js - - - 
2026-08-26 00:25:07.7013|Info|Microsoft.AspNetCore.Routing.EndpointMiddleware|CorrelationId=af364e67-c232-4c27-9b0f-ddc085a6febb|Executing endpoint 'HTTP: GET /scalar/scalar.js' 
2026-08-26 00:25:07.7013|Info|Microsoft.AspNetCore.Http.Result.FileStreamResult|CorrelationId=af364e67-c232-4c27-9b0f-ddc085a6febb|Sending file with download name ''. 
2026-08-26 00:25:07.7716|Info|Microsoft.AspNetCore.Routing.EndpointMiddleware|CorrelationId=af364e67-c232-4c27-9b0f-ddc085a6febb|Executed endpoint 'HTTP: GET /scalar/scalar.js' 
2026-08-26 00:25:07.7716|Info|Microsoft.AspNetCore.Hosting.Diagnostics|CorrelationId=|Request finished HTTP/1.1 GET http://localhost:5176/scalar/scalar.js - 200 1070166 text/javascript 72.0858ms 
2026-08-26 00:25:34.4841|Info|Microsoft.AspNetCore.Hosting.Diagnostics|CorrelationId=|Request starting HTTP/1.1 GET http://localhost:5176/scalar/scalar.js - - - 
2026-08-26 00:25:34.4841|Info|Microsoft.AspNetCore.Routing.EndpointMiddleware|CorrelationId=04643771-da93-4f5d-936f-65a7ddf42d5f|Executing endpoint 'HTTP: GET /scalar/scalar.js' 
2026-08-26 00:25:34.4841|Info|Microsoft.AspNetCore.Http.Result.FileStreamResult|CorrelationId=04643771-da93-4f5d-936f-65a7ddf42d5f|Sending file with download name ''. 
2026-08-26 00:25:34.4841|Info|Microsoft.AspNetCore.Routing.EndpointMiddleware|CorrelationId=04643771-da93-4f5d-936f-65a7ddf42d5f|Executed endpoint 'HTTP: GET /scalar/scalar.js' 
2026-08-26 00:25:34.4841|Info|Microsoft.AspNetCore.Hosting.Diagnostics|CorrelationId=|Request finished HTTP/1.1 GET http://localhost:5176/scalar/scalar.js - 304 - - 0.8959ms 
2026-08-26 00:25:57.1138|Info|Microsoft.AspNetCore.Hosting.Diagnostics|CorrelationId=|Request starting HTTP/1.1 GET http://localhost:5176/swagger. - - - 
2026-08-26 00:25:57.1138|Info|Microsoft.AspNetCore.Hosting.Diagnostics|CorrelationId=|Request finished HTTP/1.1 GET http://localhost:5176/swagger. - 404 0 - 0.9973ms 
2026-08-26 00:25:57.1138|Info|Microsoft.AspNetCore.Hosting.Diagnostics|CorrelationId=|Request reached the end of the middleware pipeline without being handled by application code. Request path: GET http://localhost:5176/swagger., Response status code: 404 
2026-08-26 00:26:01.6858|Info|Microsoft.AspNetCore.Hosting.Diagnostics|CorrelationId=|Request starting HTTP/1.1 GET http://localhost:5176/swagger - - - 
2026-08-26 00:26:01.6865|Info|Microsoft.AspNetCore.Hosting.Diagnostics|CorrelationId=|Request finished HTTP/1.1 GET http://localhost:5176/swagger - 404 0 - 0.7900ms 
2026-08-26 00:26:01.6865|Info|Microsoft.AspNetCore.Hosting.Diagnostics|CorrelationId=|Request reached the end of the middleware pipeline without being handled by application code. Request path: GET http://localhost:5176/swagger, Response status code: 404 
2026-08-26 00:26:06.4888|Info|Microsoft.AspNetCore.Hosting.Diagnostics|CorrelationId=|Request starting HTTP/1.1 GET http://localhost:5176/swagger - - - 
2026-08-26 00:26:06.4888|Info|Microsoft.AspNetCore.Hosting.Diagnostics|CorrelationId=|Request finished HTTP/1.1 GET http://localhost:5176/swagger - 404 0 - 0.8677ms 
2026-08-26 00:26:06.4888|Info|Microsoft.AspNetCore.Hosting.Diagnostics|CorrelationId=|Request reached the end of the middleware pipeline without being handled by application code. Request path: GET http://localhost:5176/swagger, Response status code: 404 
2026-08-26 00:26:08.9176|Info|Microsoft.AspNetCore.Hosting.Diagnostics|CorrelationId=|Request starting HTTP/1.1 GET http://localhost:5176/swagger - - - 
2026-08-26 00:26:08.9176|Info|Microsoft.AspNetCore.Hosting.Diagnostics|CorrelationId=|Request finished HTTP/1.1 GET http://localhost:5176/swagger - 404 0 - 0.5493ms 
2026-08-26 00:26:08.9176|Info|Microsoft.AspNetCore.Hosting.Diagnostics|CorrelationId=|Request reached the end of the middleware pipeline without being handled by application code. Request path: GET http://localhost:5176/swagger, Response status code: 404 
2026-08-26 00:26:09.8115|Info|Microsoft.AspNetCore.Hosting.Diagnostics|CorrelationId=|Request starting HTTP/1.1 GET http://localhost:5176/swagger - - - 
2026-08-26 00:26:09.8115|Info|Microsoft.AspNetCore.Hosting.Diagnostics|CorrelationId=|Request finished HTTP/1.1 GET http://localhost:5176/swagger - 404 0 - 0.3623ms 
2026-08-26 00:26:09.8120|Info|Microsoft.AspNetCore.Hosting.Diagnostics|CorrelationId=|Request reached the end of the middleware pipeline without being handled by application code. Request path: GET http://localhost:5176/swagger, Response status code: 404 
2026-08-26 00:26:27.9518|Info|Microsoft.AspNetCore.Hosting.Diagnostics|CorrelationId=|Request starting HTTP/1.1 GET http://localhost:5176/scalar/ - - - 
2026-08-26 00:26:27.9523|Info|Microsoft.AspNetCore.Routing.EndpointMiddleware|CorrelationId=1fc325e1-4220-4af5-b494-233df231c878|Executing endpoint 'HTTP: GET /scalar/{documentName?}' 
2026-08-26 00:26:27.9523|Info|Microsoft.AspNetCore.Http.Result.ContentResult|CorrelationId=1fc325e1-4220-4af5-b494-233df231c878|Write content with HTTP Response ContentType of text/html 
2026-08-26 00:26:27.9523|Info|Microsoft.AspNetCore.Routing.EndpointMiddleware|CorrelationId=1fc325e1-4220-4af5-b494-233df231c878|Executed endpoint 'HTTP: GET /scalar/{documentName?}' 
2026-08-26 00:26:27.9523|Info|Microsoft.AspNetCore.Hosting.Diagnostics|CorrelationId=|Request finished HTTP/1.1 GET http://localhost:5176/scalar/ - 200 622 text/html 1.5412ms 
2026-08-26 00:26:27.9958|Info|Microsoft.AspNetCore.Hosting.Diagnostics|CorrelationId=|Request starting HTTP/1.1 GET http://localhost:5176/scalar/scalar.js - - - 
2026-08-26 00:26:27.9958|Info|Microsoft.AspNetCore.Hosting.Diagnostics|CorrelationId=|Request starting HTTP/1.1 GET http://localhost:5176/scalar/scalar.aspnetcore.js - - - 
2026-08-26 00:26:27.9958|Info|Microsoft.AspNetCore.Routing.EndpointMiddleware|CorrelationId=4840aa47-9ce1-4062-a9cd-0c8bbe9fbead|Executing endpoint 'HTTP: GET /scalar/scalar.js' 
2026-08-26 00:26:27.9958|Info|Microsoft.AspNetCore.Http.Result.FileStreamResult|CorrelationId=4840aa47-9ce1-4062-a9cd-0c8bbe9fbead|Sending file with download name ''. 
2026-08-26 00:26:27.9958|Info|Microsoft.AspNetCore.Cors.Infrastructure.CorsService|CorrelationId=34dd8240-b2bf-412f-a554-c8110b878d89|CORS policy execution successful. 
2026-08-26 00:26:27.9958|Info|Microsoft.AspNetCore.Routing.EndpointMiddleware|CorrelationId=4840aa47-9ce1-4062-a9cd-0c8bbe9fbead|Executed endpoint 'HTTP: GET /scalar/scalar.js' 
2026-08-26 00:26:27.9958|Info|Microsoft.AspNetCore.Routing.EndpointMiddleware|CorrelationId=34dd8240-b2bf-412f-a554-c8110b878d89|Executing endpoint 'HTTP: GET /scalar/scalar.aspnetcore.js' 
2026-08-26 00:26:27.9958|Info|Microsoft.AspNetCore.Http.Result.FileStreamResult|CorrelationId=34dd8240-b2bf-412f-a554-c8110b878d89|Sending file with download name ''. 
2026-08-26 00:26:27.9958|Info|Microsoft.AspNetCore.Hosting.Diagnostics|CorrelationId=|Request finished HTTP/1.1 GET http://localhost:5176/scalar/scalar.js - 304 - - 0.9038ms 
2026-08-26 00:26:27.9958|Info|Microsoft.AspNetCore.Routing.EndpointMiddleware|CorrelationId=34dd8240-b2bf-412f-a554-c8110b878d89|Executed endpoint 'HTTP: GET /scalar/scalar.aspnetcore.js' 
2026-08-26 00:26:27.9958|Info|Microsoft.AspNetCore.Hosting.Diagnostics|CorrelationId=|Request finished HTTP/1.1 GET http://localhost:5176/scalar/scalar.aspnetcore.js - 304 - - 0.8654ms 
2026-08-26 00:26:32.1782|Info|Microsoft.AspNetCore.Hosting.Diagnostics|CorrelationId=|Request starting HTTP/1.1 GET http://localhost:5176/.well-known/appspecific/com.chrome.devtools.json - - - 
2026-08-26 00:26:32.1782|Info|Microsoft.AspNetCore.Hosting.Diagnostics|CorrelationId=|Request finished HTTP/1.1 GET http://localhost:5176/.well-known/appspecific/com.chrome.devtools.json - 404 0 - 1.9844ms 
2026-08-26 00:26:32.1782|Info|Microsoft.AspNetCore.Hosting.Diagnostics|CorrelationId=|Request reached the end of the middleware pipeline without being handled by application code. Request path: GET http://localhost:5176/.well-known/appspecific/com.chrome.devtools.json, Response status code: 404 
2026-08-26 00:26:37.5035|Info|Microsoft.AspNetCore.Hosting.Diagnostics|CorrelationId=|Request starting HTTP/1.1 GET http://localhost:5176/scalar/ - - - 
2026-08-26 00:26:37.5035|Info|Microsoft.AspNetCore.Routing.EndpointMiddleware|CorrelationId=b9e138a3-f2f5-42f1-abb7-931166936dba|Executing endpoint 'HTTP: GET /scalar/{documentName?}' 
2026-08-26 00:26:37.5035|Info|Microsoft.AspNetCore.Http.Result.ContentResult|CorrelationId=b9e138a3-f2f5-42f1-abb7-931166936dba|Write content with HTTP Response ContentType of text/html 
2026-08-26 00:26:37.5035|Info|Microsoft.AspNetCore.Routing.EndpointMiddleware|CorrelationId=b9e138a3-f2f5-42f1-abb7-931166936dba|Executed endpoint 'HTTP: GET /scalar/{documentName?}' 
2026-08-26 00:26:37.5035|Info|Microsoft.AspNetCore.Hosting.Diagnostics|CorrelationId=|Request finished HTTP/1.1 GET http://localhost:5176/scalar/ - 200 622 text/html 0.8610ms 
2026-08-26 00:26:37.5614|Info|Microsoft.AspNetCore.Hosting.Diagnostics|CorrelationId=|Request starting HTTP/1.1 GET http://localhost:5176/scalar/scalar.js - - - 
2026-08-26 00:26:37.5614|Info|Microsoft.AspNetCore.Hosting.Diagnostics|CorrelationId=|Request starting HTTP/1.1 GET http://localhost:5176/scalar/scalar.aspnetcore.js - - - 
2026-08-26 00:26:37.5614|Info|Microsoft.AspNetCore.Cors.Infrastructure.CorsService|CorrelationId=7b7fa150-a347-4cb5-894b-f5e34cc5598d|CORS policy execution successful. 
2026-08-26 00:26:37.5614|Info|Microsoft.AspNetCore.Routing.EndpointMiddleware|CorrelationId=7b7fa150-a347-4cb5-894b-f5e34cc5598d|Executing endpoint 'HTTP: GET /scalar/scalar.aspnetcore.js' 
2026-08-26 00:26:37.5626|Info|Microsoft.AspNetCore.Http.Result.FileStreamResult|CorrelationId=7b7fa150-a347-4cb5-894b-f5e34cc5598d|Sending file with download name ''. 
2026-08-26 00:26:37.5626|Info|Microsoft.AspNetCore.Routing.EndpointMiddleware|CorrelationId=7b7fa150-a347-4cb5-894b-f5e34cc5598d|Executed endpoint 'HTTP: GET /scalar/scalar.aspnetcore.js' 
2026-08-26 00:26:37.5626|Info|Microsoft.AspNetCore.Hosting.Diagnostics|CorrelationId=|Request finished HTTP/1.1 GET http://localhost:5176/scalar/scalar.aspnetcore.js - 304 - - 2.0490ms 
2026-08-26 00:26:37.5614|Info|Microsoft.AspNetCore.Routing.EndpointMiddleware|CorrelationId=4307ecb8-1cf2-4ebf-a91a-13056fcf3b6a|Executing endpoint 'HTTP: GET /scalar/scalar.js' 
2026-08-26 00:26:37.5626|Info|Microsoft.AspNetCore.Http.Result.FileStreamResult|CorrelationId=4307ecb8-1cf2-4ebf-a91a-13056fcf3b6a|Sending file with download name ''. 
2026-08-26 00:26:37.5626|Info|Microsoft.AspNetCore.Routing.EndpointMiddleware|CorrelationId=4307ecb8-1cf2-4ebf-a91a-13056fcf3b6a|Executed endpoint 'HTTP: GET /scalar/scalar.js' 
2026-08-26 00:26:37.5626|Info|Microsoft.AspNetCore.Hosting.Diagnostics|CorrelationId=|Request finished HTTP/1.1 GET http://localhost:5176/scalar/scalar.js - 304 - - 3.4783ms 
2026-08-26 00:26:37.5626|Info|Microsoft.AspNetCore.Hosting.Diagnostics|CorrelationId=|Request starting HTTP/1.1 GET http://localhost:5176/.well-known/appspecific/com.chrome.devtools.json - - - 
2026-08-26 00:26:37.5626|Info|Microsoft.AspNetCore.Hosting.Diagnostics|CorrelationId=|Request finished HTTP/1.1 GET http://localhost:5176/.well-known/appspecific/com.chrome.devtools.json - 404 0 - 0.5749ms 
2026-08-26 00:26:37.5823|Info|Microsoft.AspNetCore.Hosting.Diagnostics|CorrelationId=|Request reached the end of the middleware pipeline without being handled by application code. Request path: GET http://localhost:5176/.well-known/appspecific/com.chrome.devtools.json, Response status code: 404 
2026-08-26 00:26:39.0396|Info|Microsoft.AspNetCore.Hosting.Diagnostics|CorrelationId=|Request starting HTTP/1.1 GET http://localhost:5176/scalar/ - - - 
2026-08-26 00:26:39.0396|Info|Microsoft.AspNetCore.Routing.EndpointMiddleware|CorrelationId=755672d8-de0f-4c3a-b05a-b73744fe7612|Executing endpoint 'HTTP: GET /scalar/{documentName?}' 
2026-08-26 00:26:39.0396|Info|Microsoft.AspNetCore.Http.Result.ContentResult|CorrelationId=755672d8-de0f-4c3a-b05a-b73744fe7612|Write content with HTTP Response ContentType of text/html 
2026-08-26 00:26:39.0396|Info|Microsoft.AspNetCore.Routing.EndpointMiddleware|CorrelationId=755672d8-de0f-4c3a-b05a-b73744fe7612|Executed endpoint 'HTTP: GET /scalar/{documentName?}' 
2026-08-26 00:26:39.0396|Info|Microsoft.AspNetCore.Hosting.Diagnostics|CorrelationId=|Request finished HTTP/1.1 GET http://localhost:5176/scalar/ - 200 622 text/html 1.0159ms 
2026-08-26 00:26:39.1014|Info|Microsoft.AspNetCore.Hosting.Diagnostics|CorrelationId=|Request starting HTTP/1.1 GET http://localhost:5176/scalar/scalar.js - - - 
2026-08-26 00:26:39.1014|Info|Microsoft.AspNetCore.Hosting.Diagnostics|CorrelationId=|Request starting HTTP/1.1 GET http://localhost:5176/scalar/scalar.aspnetcore.js - - - 
2026-08-26 00:26:39.1014|Info|Microsoft.AspNetCore.Cors.Infrastructure.CorsService|CorrelationId=c6998dec-b099-4ce3-9509-26a3bc17dbe7|CORS policy execution successful. 
2026-08-26 00:26:39.1014|Info|Microsoft.AspNetCore.Routing.EndpointMiddleware|CorrelationId=ebed93a6-fcf6-436e-b03a-8be811abf63a|Executing endpoint 'HTTP: GET /scalar/scalar.js' 
2026-08-26 00:26:39.1014|Info|Microsoft.AspNetCore.Routing.EndpointMiddleware|CorrelationId=c6998dec-b099-4ce3-9509-26a3bc17dbe7|Executing endpoint 'HTTP: GET /scalar/scalar.aspnetcore.js' 
2026-08-26 00:26:39.1014|Info|Microsoft.AspNetCore.Http.Result.FileStreamResult|CorrelationId=ebed93a6-fcf6-436e-b03a-8be811abf63a|Sending file with download name ''. 
2026-08-26 00:26:39.1014|Info|Microsoft.AspNetCore.Http.Result.FileStreamResult|CorrelationId=c6998dec-b099-4ce3-9509-26a3bc17dbe7|Sending file with download name ''. 
2026-08-26 00:26:39.1014|Info|Microsoft.AspNetCore.Routing.EndpointMiddleware|CorrelationId=ebed93a6-fcf6-436e-b03a-8be811abf63a|Executed endpoint 'HTTP: GET /scalar/scalar.js' 
2026-08-26 00:26:39.1014|Info|Microsoft.AspNetCore.Routing.EndpointMiddleware|CorrelationId=c6998dec-b099-4ce3-9509-26a3bc17dbe7|Executed endpoint 'HTTP: GET /scalar/scalar.aspnetcore.js' 
2026-08-26 00:26:39.1014|Info|Microsoft.AspNetCore.Hosting.Diagnostics|CorrelationId=|Request finished HTTP/1.1 GET http://localhost:5176/scalar/scalar.js - 304 - - 0.7584ms 
2026-08-26 00:26:39.1014|Info|Microsoft.AspNetCore.Hosting.Diagnostics|CorrelationId=|Request finished HTTP/1.1 GET http://localhost:5176/scalar/scalar.aspnetcore.js - 304 - - 0.8877ms 
2026-08-26 00:26:39.1167|Info|Microsoft.AspNetCore.Hosting.Diagnostics|CorrelationId=|Request starting HTTP/1.1 GET http://localhost:5176/.well-known/appspecific/com.chrome.devtools.json - - - 
2026-08-26 00:26:39.1167|Info|Microsoft.AspNetCore.Hosting.Diagnostics|CorrelationId=|Request finished HTTP/1.1 GET http://localhost:5176/.well-known/appspecific/com.chrome.devtools.json - 404 0 - 0.4260ms 
2026-08-26 00:26:39.1167|Info|Microsoft.AspNetCore.Hosting.Diagnostics|CorrelationId=|Request reached the end of the middleware pipeline without being handled by application code. Request path: GET http://localhost:5176/.well-known/appspecific/com.chrome.devtools.json, Response status code: 404 
2026-08-26 00:26:40.0436|Info|Microsoft.AspNetCore.Hosting.Diagnostics|CorrelationId=|Request starting HTTP/1.1 GET http://localhost:5176/scalar/ - - - 
2026-08-26 00:26:40.0436|Info|Microsoft.AspNetCore.Routing.EndpointMiddleware|CorrelationId=7c6b7b59-a313-48fd-86c6-eee4244ffcf9|Executing endpoint 'HTTP: GET /scalar/{documentName?}' 
2026-08-26 00:26:40.0436|Info|Microsoft.AspNetCore.Http.Result.ContentResult|CorrelationId=7c6b7b59-a313-48fd-86c6-eee4244ffcf9|Write content with HTTP Response ContentType of text/html 
2026-08-26 00:26:40.0436|Info|Microsoft.AspNetCore.Routing.EndpointMiddleware|CorrelationId=7c6b7b59-a313-48fd-86c6-eee4244ffcf9|Executed endpoint 'HTTP: GET /scalar/{documentName?}' 
2026-08-26 00:26:40.0436|Info|Microsoft.AspNetCore.Hosting.Diagnostics|CorrelationId=|Request finished HTTP/1.1 GET http://localhost:5176/scalar/ - 200 622 text/html 0.7586ms 
2026-08-26 00:26:40.1107|Info|Microsoft.AspNetCore.Hosting.Diagnostics|CorrelationId=|Request starting HTTP/1.1 GET http://localhost:5176/.well-known/appspecific/com.chrome.devtools.json - - - 
2026-08-26 00:26:40.1107|Info|Microsoft.AspNetCore.Hosting.Diagnostics|CorrelationId=|Request starting HTTP/1.1 GET http://localhost:5176/scalar/scalar.js - - - 
2026-08-26 00:26:40.1107|Info|Microsoft.AspNetCore.Hosting.Diagnostics|CorrelationId=|Request finished HTTP/1.1 GET http://localhost:5176/.well-known/appspecific/com.chrome.devtools.json - 404 0 - 0.9929ms 
2026-08-26 00:26:40.1107|Info|Microsoft.AspNetCore.Routing.EndpointMiddleware|CorrelationId=a070cd18-6184-4369-9b1d-dff14c82d6e8|Executing endpoint 'HTTP: GET /scalar/scalar.js' 
2026-08-26 00:26:40.1107|Info|Microsoft.AspNetCore.Http.Result.FileStreamResult|CorrelationId=a070cd18-6184-4369-9b1d-dff14c82d6e8|Sending file with download name ''. 
2026-08-26 00:26:40.1107|Info|Microsoft.AspNetCore.Routing.EndpointMiddleware|CorrelationId=a070cd18-6184-4369-9b1d-dff14c82d6e8|Executed endpoint 'HTTP: GET /scalar/scalar.js' 
2026-08-26 00:26:40.1107|Info|Microsoft.AspNetCore.Hosting.Diagnostics|CorrelationId=|Request reached the end of the middleware pipeline without being handled by application code. Request path: GET http://localhost:5176/.well-known/appspecific/com.chrome.devtools.json, Response status code: 404 
2026-08-26 00:26:40.1107|Info|Microsoft.AspNetCore.Hosting.Diagnostics|CorrelationId=|Request starting HTTP/1.1 GET http://localhost:5176/scalar/scalar.aspnetcore.js - - - 
2026-08-26 00:26:40.1107|Info|Microsoft.AspNetCore.Hosting.Diagnostics|CorrelationId=|Request finished HTTP/1.1 GET http://localhost:5176/scalar/scalar.js - 304 - - 1.4279ms 
2026-08-26 00:26:40.1107|Info|Microsoft.AspNetCore.Cors.Infrastructure.CorsService|CorrelationId=e1a8df47-8491-4968-828e-d3ea37e50957|CORS policy execution successful. 
2026-08-26 00:26:40.1107|Info|Microsoft.AspNetCore.Routing.EndpointMiddleware|CorrelationId=e1a8df47-8491-4968-828e-d3ea37e50957|Executing endpoint 'HTTP: GET /scalar/scalar.aspnetcore.js' 
2026-08-26 00:26:40.1107|Info|Microsoft.AspNetCore.Http.Result.FileStreamResult|CorrelationId=e1a8df47-8491-4968-828e-d3ea37e50957|Sending file with download name ''. 
2026-08-26 00:26:40.1107|Info|Microsoft.AspNetCore.Routing.EndpointMiddleware|CorrelationId=e1a8df47-8491-4968-828e-d3ea37e50957|Executed endpoint 'HTTP: GET /scalar/scalar.aspnetcore.js' 
2026-08-26 00:26:40.1107|Info|Microsoft.AspNetCore.Hosting.Diagnostics|CorrelationId=|Request finished HTTP/1.1 GET http://localhost:5176/scalar/scalar.aspnetcore.js - 304 - - 1.4033ms 
2026-08-26 00:26:40.9269|Info|Microsoft.AspNetCore.Hosting.Diagnostics|CorrelationId=|Request starting HTTP/1.1 GET http://localhost:5176/scalar/ - - - 
2026-08-26 00:26:40.9269|Info|Microsoft.AspNetCore.Routing.EndpointMiddleware|CorrelationId=828a6ebc-e566-44a7-ac54-fac4acc4ccc6|Executing endpoint 'HTTP: GET /scalar/{documentName?}' 
2026-08-26 00:26:40.9269|Info|Microsoft.AspNetCore.Http.Result.ContentResult|CorrelationId=828a6ebc-e566-44a7-ac54-fac4acc4ccc6|Write content with HTTP Response ContentType of text/html 
2026-08-26 00:26:40.9269|Info|Microsoft.AspNetCore.Routing.EndpointMiddleware|CorrelationId=828a6ebc-e566-44a7-ac54-fac4acc4ccc6|Executed endpoint 'HTTP: GET /scalar/{documentName?}' 
2026-08-26 00:26:40.9269|Info|Microsoft.AspNetCore.Hosting.Diagnostics|CorrelationId=|Request finished HTTP/1.1 GET http://localhost:5176/scalar/ - 200 622 text/html 1.5280ms 
2026-08-26 00:26:40.9990|Info|Microsoft.AspNetCore.Hosting.Diagnostics|CorrelationId=|Request starting HTTP/1.1 GET http://localhost:5176/scalar/scalar.js - - - 
2026-08-26 00:26:40.9990|Info|Microsoft.AspNetCore.Hosting.Diagnostics|CorrelationId=|Request starting HTTP/1.1 GET http://localhost:5176/scalar/scalar.aspnetcore.js - - - 
2026-08-26 00:26:40.9994|Info|Microsoft.AspNetCore.Routing.EndpointMiddleware|CorrelationId=8a8011eb-ecc4-4bdd-8ecd-54441353751e|Executing endpoint 'HTTP: GET /scalar/scalar.js' 
2026-08-26 00:26:40.9994|Info|Microsoft.AspNetCore.Cors.Infrastructure.CorsService|CorrelationId=0ed19398-f331-4599-a375-f94fca54608d|CORS policy execution successful. 
2026-08-26 00:26:40.9994|Info|Microsoft.AspNetCore.Http.Result.FileStreamResult|CorrelationId=8a8011eb-ecc4-4bdd-8ecd-54441353751e|Sending file with download name ''. 
2026-08-26 00:26:40.9994|Info|Microsoft.AspNetCore.Routing.EndpointMiddleware|CorrelationId=0ed19398-f331-4599-a375-f94fca54608d|Executing endpoint 'HTTP: GET /scalar/scalar.aspnetcore.js' 
2026-08-26 00:26:40.9994|Info|Microsoft.AspNetCore.Routing.EndpointMiddleware|CorrelationId=8a8011eb-ecc4-4bdd-8ecd-54441353751e|Executed endpoint 'HTTP: GET /scalar/scalar.js' 
2026-08-26 00:26:40.9994|Info|Microsoft.AspNetCore.Http.Result.FileStreamResult|CorrelationId=0ed19398-f331-4599-a375-f94fca54608d|Sending file with download name ''. 
2026-08-26 00:26:40.9994|Info|Microsoft.AspNetCore.Hosting.Diagnostics|CorrelationId=|Request finished HTTP/1.1 GET http://localhost:5176/scalar/scalar.js - 304 - - 1.3124ms 
2026-08-26 00:26:40.9994|Info|Microsoft.AspNetCore.Routing.EndpointMiddleware|CorrelationId=0ed19398-f331-4599-a375-f94fca54608d|Executed endpoint 'HTTP: GET /scalar/scalar.aspnetcore.js' 
2026-08-26 00:26:40.9994|Info|Microsoft.AspNetCore.Hosting.Diagnostics|CorrelationId=|Request finished HTTP/1.1 GET http://localhost:5176/scalar/scalar.aspnetcore.js - 304 - - 2.6195ms 
2026-08-26 00:26:40.9994|Info|Microsoft.AspNetCore.Hosting.Diagnostics|CorrelationId=|Request starting HTTP/1.1 GET http://localhost:5176/.well-known/appspecific/com.chrome.devtools.json - - - 
2026-08-26 00:26:40.9994|Info|Microsoft.AspNetCore.Hosting.Diagnostics|CorrelationId=|Request finished HTTP/1.1 GET http://localhost:5176/.well-known/appspecific/com.chrome.devtools.json - 404 0 - 0.4473ms 
2026-08-26 00:26:40.9994|Info|Microsoft.AspNetCore.Hosting.Diagnostics|CorrelationId=|Request reached the end of the middleware pipeline without being handled by application code. Request path: GET http://localhost:5176/.well-known/appspecific/com.chrome.devtools.json, Response status code: 404 
2026-08-26 00:26:41.2191|Info|Microsoft.AspNetCore.Hosting.Diagnostics|CorrelationId=|Request starting HTTP/1.1 GET http://localhost:5176/scalar/ - - - 
2026-08-26 00:26:41.2191|Info|Microsoft.AspNetCore.Routing.EndpointMiddleware|CorrelationId=530fb291-7c5e-4428-969d-ac5d57c8578e|Executing endpoint 'HTTP: GET /scalar/{documentName?}' 
2026-08-26 00:26:41.2191|Info|Microsoft.AspNetCore.Http.Result.ContentResult|CorrelationId=530fb291-7c5e-4428-969d-ac5d57c8578e|Write content with HTTP Response ContentType of text/html 
2026-08-26 00:26:41.2191|Info|Microsoft.AspNetCore.Routing.EndpointMiddleware|CorrelationId=530fb291-7c5e-4428-969d-ac5d57c8578e|Executed endpoint 'HTTP: GET /scalar/{documentName?}' 
2026-08-26 00:26:41.2191|Info|Microsoft.AspNetCore.Hosting.Diagnostics|CorrelationId=|Request finished HTTP/1.1 GET http://localhost:5176/scalar/ - 200 622 text/html 0.6300ms 
2026-08-26 00:26:41.2960|Info|Microsoft.AspNetCore.Hosting.Diagnostics|CorrelationId=|Request starting HTTP/1.1 GET http://localhost:5176/scalar/scalar.js - - - 
2026-08-26 00:26:41.2960|Info|Microsoft.AspNetCore.Hosting.Diagnostics|CorrelationId=|Request starting HTTP/1.1 GET http://localhost:5176/scalar/scalar.aspnetcore.js - - - 
2026-08-26 00:26:41.2960|Info|Microsoft.AspNetCore.Routing.EndpointMiddleware|CorrelationId=276ca621-697c-40a3-860e-b6ba825124dd|Executing endpoint 'HTTP: GET /scalar/scalar.js' 
2026-08-26 00:26:41.2960|Info|Microsoft.AspNetCore.Cors.Infrastructure.CorsService|CorrelationId=c66e6eec-d9ae-42de-a72a-86592d0dc82c|CORS policy execution successful. 
2026-08-26 00:26:41.2960|Info|Microsoft.AspNetCore.Http.Result.FileStreamResult|CorrelationId=276ca621-697c-40a3-860e-b6ba825124dd|Sending file with download name ''. 
2026-08-26 00:26:41.2960|Info|Microsoft.AspNetCore.Routing.EndpointMiddleware|CorrelationId=c66e6eec-d9ae-42de-a72a-86592d0dc82c|Executing endpoint 'HTTP: GET /scalar/scalar.aspnetcore.js' 
2026-08-26 00:26:41.2960|Info|Microsoft.AspNetCore.Routing.EndpointMiddleware|CorrelationId=276ca621-697c-40a3-860e-b6ba825124dd|Executed endpoint 'HTTP: GET /scalar/scalar.js' 
2026-08-26 00:26:41.2960|Info|Microsoft.AspNetCore.Http.Result.FileStreamResult|CorrelationId=c66e6eec-d9ae-42de-a72a-86592d0dc82c|Sending file with download name ''. 
2026-08-26 00:26:41.2966|Info|Microsoft.AspNetCore.Hosting.Diagnostics|CorrelationId=|Request finished HTTP/1.1 GET http://localhost:5176/scalar/scalar.js - 304 - - 0.5844ms 
2026-08-26 00:26:41.2966|Info|Microsoft.AspNetCore.Routing.EndpointMiddleware|CorrelationId=c66e6eec-d9ae-42de-a72a-86592d0dc82c|Executed endpoint 'HTTP: GET /scalar/scalar.aspnetcore.js' 
2026-08-26 00:26:41.2966|Info|Microsoft.AspNetCore.Hosting.Diagnostics|CorrelationId=|Request finished HTTP/1.1 GET http://localhost:5176/scalar/scalar.aspnetcore.js - 304 - - 0.7436ms 
2026-08-26 00:26:41.3129|Info|Microsoft.AspNetCore.Hosting.Diagnostics|CorrelationId=|Request starting HTTP/1.1 GET http://localhost:5176/.well-known/appspecific/com.chrome.devtools.json - - - 
2026-08-26 00:26:41.3129|Info|Microsoft.AspNetCore.Hosting.Diagnostics|CorrelationId=|Request finished HTTP/1.1 GET http://localhost:5176/.well-known/appspecific/com.chrome.devtools.json - 404 0 - 0.8090ms 
2026-08-26 00:26:41.3129|Info|Microsoft.AspNetCore.Hosting.Diagnostics|CorrelationId=|Request reached the end of the middleware pipeline without being handled by application code. Request path: GET http://localhost:5176/.well-known/appspecific/com.chrome.devtools.json, Response status code: 404 
2026-08-26 00:26:41.4640|Info|Microsoft.AspNetCore.Hosting.Diagnostics|CorrelationId=|Request starting HTTP/1.1 GET http://localhost:5176/scalar/ - - - 
2026-08-26 00:26:41.4640|Info|Microsoft.AspNetCore.Routing.EndpointMiddleware|CorrelationId=60b9f3fb-f738-4869-905b-e001f3e52648|Executing endpoint 'HTTP: GET /scalar/{documentName?}' 
2026-08-26 00:26:41.4640|Info|Microsoft.AspNetCore.Http.Result.ContentResult|CorrelationId=60b9f3fb-f738-4869-905b-e001f3e52648|Write content with HTTP Response ContentType of text/html 
2026-08-26 00:26:41.4640|Info|Microsoft.AspNetCore.Routing.EndpointMiddleware|CorrelationId=60b9f3fb-f738-4869-905b-e001f3e52648|Executed endpoint 'HTTP: GET /scalar/{documentName?}' 
2026-08-26 00:26:41.4640|Info|Microsoft.AspNetCore.Hosting.Diagnostics|CorrelationId=|Request finished HTTP/1.1 GET http://localhost:5176/scalar/ - 200 622 text/html 0.5917ms 
2026-08-26 00:26:41.5609|Info|Microsoft.AspNetCore.Hosting.Diagnostics|CorrelationId=|Request starting HTTP/1.1 GET http://localhost:5176/.well-known/appspecific/com.chrome.devtools.json - - - 
2026-08-26 00:26:41.5609|Info|Microsoft.AspNetCore.Hosting.Diagnostics|CorrelationId=|Request finished HTTP/1.1 GET http://localhost:5176/.well-known/appspecific/com.chrome.devtools.json - 404 0 - 0.6341ms 
2026-08-26 00:26:41.5609|Info|Microsoft.AspNetCore.Hosting.Diagnostics|CorrelationId=|Request reached the end of the middleware pipeline without being handled by application code. Request path: GET http://localhost:5176/.well-known/appspecific/com.chrome.devtools.json, Response status code: 404 
2026-08-26 00:26:41.5651|Info|Microsoft.AspNetCore.Hosting.Diagnostics|CorrelationId=|Request starting HTTP/1.1 GET http://localhost:5176/scalar/scalar.aspnetcore.js - - - 
2026-08-26 00:26:41.5651|Info|Microsoft.AspNetCore.Hosting.Diagnostics|CorrelationId=|Request starting HTTP/1.1 GET http://localhost:5176/scalar/scalar.js - - - 
2026-08-26 00:26:41.5651|Info|Microsoft.AspNetCore.Cors.Infrastructure.CorsService|CorrelationId=0b59fc9a-5283-4c2d-a3e6-b777950294ae|CORS policy execution successful. 
2026-08-26 00:26:41.5651|Info|Microsoft.AspNetCore.Routing.EndpointMiddleware|CorrelationId=5956838f-2bbd-4a16-846a-886d3e6ec330|Executing endpoint 'HTTP: GET /scalar/scalar.js' 
2026-08-26 00:26:41.5651|Info|Microsoft.AspNetCore.Routing.EndpointMiddleware|CorrelationId=0b59fc9a-5283-4c2d-a3e6-b777950294ae|Executing endpoint 'HTTP: GET /scalar/scalar.aspnetcore.js' 
2026-08-26 00:26:41.5651|Info|Microsoft.AspNetCore.Http.Result.FileStreamResult|CorrelationId=5956838f-2bbd-4a16-846a-886d3e6ec330|Sending file with download name ''. 
2026-08-26 00:26:41.5651|Info|Microsoft.AspNetCore.Http.Result.FileStreamResult|CorrelationId=0b59fc9a-5283-4c2d-a3e6-b777950294ae|Sending file with download name ''. 
2026-08-26 00:26:41.5651|Info|Microsoft.AspNetCore.Routing.EndpointMiddleware|CorrelationId=5956838f-2bbd-4a16-846a-886d3e6ec330|Executed endpoint 'HTTP: GET /scalar/scalar.js' 
2026-08-26 00:26:41.5651|Info|Microsoft.AspNetCore.Routing.EndpointMiddleware|CorrelationId=0b59fc9a-5283-4c2d-a3e6-b777950294ae|Executed endpoint 'HTTP: GET /scalar/scalar.aspnetcore.js' 
2026-08-26 00:26:41.5651|Info|Microsoft.AspNetCore.Hosting.Diagnostics|CorrelationId=|Request finished HTTP/1.1 GET http://localhost:5176/scalar/scalar.js - 304 - - 1.9527ms 
2026-08-26 00:26:41.5651|Info|Microsoft.AspNetCore.Hosting.Diagnostics|CorrelationId=|Request finished HTTP/1.1 GET http://localhost:5176/scalar/scalar.aspnetcore.js - 304 - - 2.4150ms 
2026-08-26 00:26:44.2352|Info|Microsoft.AspNetCore.Hosting.Diagnostics|CorrelationId=|Request starting HTTP/1.1 GET http://localhost:5176/scalar/ - - - 
2026-08-26 00:26:44.2352|Info|Microsoft.AspNetCore.Routing.EndpointMiddleware|CorrelationId=d9ddc9ef-e3a7-404c-9c95-890abef64f4c|Executing endpoint 'HTTP: GET /scalar/{documentName?}' 
2026-08-26 00:26:44.2352|Info|Microsoft.AspNetCore.Http.Result.ContentResult|CorrelationId=d9ddc9ef-e3a7-404c-9c95-890abef64f4c|Write content with HTTP Response ContentType of text/html 
2026-08-26 00:26:44.2352|Info|Microsoft.AspNetCore.Routing.EndpointMiddleware|CorrelationId=d9ddc9ef-e3a7-404c-9c95-890abef64f4c|Executed endpoint 'HTTP: GET /scalar/{documentName?}' 
2026-08-26 00:26:44.2352|Info|Microsoft.AspNetCore.Hosting.Diagnostics|CorrelationId=|Request finished HTTP/1.1 GET http://localhost:5176/scalar/ - 200 622 text/html 3.1967ms 
2026-08-26 00:26:44.3310|Info|Microsoft.AspNetCore.Hosting.Diagnostics|CorrelationId=|Request starting HTTP/1.1 GET http://localhost:5176/scalar/scalar.js - - - 
2026-08-26 00:26:44.3310|Info|Microsoft.AspNetCore.Hosting.Diagnostics|CorrelationId=|Request starting HTTP/1.1 GET http://localhost:5176/scalar/scalar.aspnetcore.js - - - 
2026-08-26 00:26:44.3310|Info|Microsoft.AspNetCore.Cors.Infrastructure.CorsService|CorrelationId=913210b7-9e7b-4570-99db-ef289a120191|CORS policy execution successful. 
2026-08-26 00:26:44.3310|Info|Microsoft.AspNetCore.Routing.EndpointMiddleware|CorrelationId=3dad1d1f-0273-44de-b8f4-88df5d4cd61e|Executing endpoint 'HTTP: GET /scalar/scalar.js' 
2026-08-26 00:26:44.3310|Info|Microsoft.AspNetCore.Routing.EndpointMiddleware|CorrelationId=913210b7-9e7b-4570-99db-ef289a120191|Executing endpoint 'HTTP: GET /scalar/scalar.aspnetcore.js' 
2026-08-26 00:26:44.3310|Info|Microsoft.AspNetCore.Http.Result.FileStreamResult|CorrelationId=3dad1d1f-0273-44de-b8f4-88df5d4cd61e|Sending file with download name ''. 
2026-08-26 00:26:44.3310|Info|Microsoft.AspNetCore.Routing.EndpointMiddleware|CorrelationId=3dad1d1f-0273-44de-b8f4-88df5d4cd61e|Executed endpoint 'HTTP: GET /scalar/scalar.js' 
2026-08-26 00:26:44.3310|Info|Microsoft.AspNetCore.Http.Result.FileStreamResult|CorrelationId=913210b7-9e7b-4570-99db-ef289a120191|Sending file with download name ''. 
2026-08-26 00:26:44.3310|Info|Microsoft.AspNetCore.Hosting.Diagnostics|CorrelationId=|Request finished HTTP/1.1 GET http://localhost:5176/scalar/scalar.js - 304 - - 0.8164ms 
2026-08-26 00:26:44.3310|Info|Microsoft.AspNetCore.Routing.EndpointMiddleware|CorrelationId=913210b7-9e7b-4570-99db-ef289a120191|Executed endpoint 'HTTP: GET /scalar/scalar.aspnetcore.js' 
2026-08-26 00:26:44.3310|Info|Microsoft.AspNetCore.Hosting.Diagnostics|CorrelationId=|Request finished HTTP/1.1 GET http://localhost:5176/scalar/scalar.aspnetcore.js - 304 - - 1.2741ms 
2026-08-26 00:26:44.3310|Info|Microsoft.AspNetCore.Hosting.Diagnostics|CorrelationId=|Request starting HTTP/1.1 GET http://localhost:5176/.well-known/appspecific/com.chrome.devtools.json - - - 
2026-08-26 00:26:44.3310|Info|Microsoft.AspNetCore.Hosting.Diagnostics|CorrelationId=|Request finished HTTP/1.1 GET http://localhost:5176/.well-known/appspecific/com.chrome.devtools.json - 404 0 - 0.6960ms 
2026-08-26 00:26:44.3310|Info|Microsoft.AspNetCore.Hosting.Diagnostics|CorrelationId=|Request reached the end of the middleware pipeline without being handled by application code. Request path: GET http://localhost:5176/.well-known/appspecific/com.chrome.devtools.json, Response status code: 404 
2026-08-26 00:33:14.8921|Info|Microsoft.AspNetCore.Hosting.Diagnostics|CorrelationId=|Request starting HTTP/1.1 GET http://localhost:5176/scalar - - - 
2026-08-26 00:33:14.8921|Info|Microsoft.AspNetCore.Routing.EndpointMiddleware|CorrelationId=83bee4c0-dcdb-4579-8e11-eb464064728e|Executing endpoint 'HTTP: GET /scalar/{documentName?}' 
2026-08-26 00:33:14.8921|Info|Microsoft.AspNetCore.Http.Result.RedirectResult|CorrelationId=83bee4c0-dcdb-4579-8e11-eb464064728e|Executing RedirectResult, redirecting to scalar/. 
2026-08-26 00:33:14.8921|Info|Microsoft.AspNetCore.Routing.EndpointMiddleware|CorrelationId=83bee4c0-dcdb-4579-8e11-eb464064728e|Executed endpoint 'HTTP: GET /scalar/{documentName?}' 
2026-08-26 00:33:14.8921|Info|Microsoft.AspNetCore.Hosting.Diagnostics|CorrelationId=|Request finished HTTP/1.1 GET http://localhost:5176/scalar - 302 0 - 1.8147ms 
2026-08-26 00:33:14.8921|Info|Microsoft.AspNetCore.Hosting.Diagnostics|CorrelationId=|Request starting HTTP/1.1 GET http://localhost:5176/scalar/ - - - 
2026-08-26 00:33:14.8921|Info|Microsoft.AspNetCore.Routing.EndpointMiddleware|CorrelationId=f0a115d4-adc1-42ce-b842-757df5810d88|Executing endpoint 'HTTP: GET /scalar/{documentName?}' 
2026-08-26 00:33:14.8921|Info|Microsoft.AspNetCore.Http.Result.ContentResult|CorrelationId=f0a115d4-adc1-42ce-b842-757df5810d88|Write content with HTTP Response ContentType of text/html 
2026-08-26 00:33:14.8921|Info|Microsoft.AspNetCore.Routing.EndpointMiddleware|CorrelationId=f0a115d4-adc1-42ce-b842-757df5810d88|Executed endpoint 'HTTP: GET /scalar/{documentName?}' 
2026-08-26 00:33:14.8921|Info|Microsoft.AspNetCore.Hosting.Diagnostics|CorrelationId=|Request finished HTTP/1.1 GET http://localhost:5176/scalar/ - 200 622 text/html 1.2994ms 
2026-08-26 00:33:14.9256|Info|Microsoft.AspNetCore.Hosting.Diagnostics|CorrelationId=|Request starting HTTP/1.1 GET http://localhost:5176/scalar/scalar.js - - - 
2026-08-26 00:33:14.9256|Info|Microsoft.AspNetCore.Routing.EndpointMiddleware|CorrelationId=3c8c659f-3470-4612-83ca-3c4ac252caf9|Executing endpoint 'HTTP: GET /scalar/scalar.js' 
2026-08-26 00:33:14.9256|Info|Microsoft.AspNetCore.Http.Result.FileStreamResult|CorrelationId=3c8c659f-3470-4612-83ca-3c4ac252caf9|Sending file with download name ''. 
2026-08-26 00:33:14.9256|Info|Microsoft.AspNetCore.Routing.EndpointMiddleware|CorrelationId=3c8c659f-3470-4612-83ca-3c4ac252caf9|Executed endpoint 'HTTP: GET /scalar/scalar.js' 
2026-08-26 00:33:14.9256|Info|Microsoft.AspNetCore.Hosting.Diagnostics|CorrelationId=|Request finished HTTP/1.1 GET http://localhost:5176/scalar/scalar.js - 304 - - 0.7914ms 
2026-08-26 00:33:14.9256|Info|Microsoft.AspNetCore.Hosting.Diagnostics|CorrelationId=|Request starting HTTP/1.1 GET http://localhost:5176/scalar/scalar.aspnetcore.js - - - 
2026-08-26 00:33:14.9256|Info|Microsoft.AspNetCore.Cors.Infrastructure.CorsService|CorrelationId=016f45da-f948-444c-9748-69e526d57b73|CORS policy execution successful. 
2026-08-26 00:33:14.9256|Info|Microsoft.AspNetCore.Routing.EndpointMiddleware|CorrelationId=016f45da-f948-444c-9748-69e526d57b73|Executing endpoint 'HTTP: GET /scalar/scalar.aspnetcore.js' 
2026-08-26 00:33:14.9256|Info|Microsoft.AspNetCore.Http.Result.FileStreamResult|CorrelationId=016f45da-f948-444c-9748-69e526d57b73|Sending file with download name ''. 
2026-08-26 00:33:14.9256|Info|Microsoft.AspNetCore.Routing.EndpointMiddleware|CorrelationId=016f45da-f948-444c-9748-69e526d57b73|Executed endpoint 'HTTP: GET /scalar/scalar.aspnetcore.js' 
2026-08-26 00:33:14.9256|Info|Microsoft.AspNetCore.Hosting.Diagnostics|CorrelationId=|Request finished HTTP/1.1 GET http://localhost:5176/scalar/scalar.aspnetcore.js - 304 - - 1.1631ms 
2026-08-26 00:33:15.3738|Info|Microsoft.AspNetCore.Hosting.Diagnostics|CorrelationId=|Request starting HTTP/1.1 GET http://localhost:5176/favicon.ico - - - 
2026-08-26 00:33:15.3738|Info|Microsoft.AspNetCore.Hosting.Diagnostics|CorrelationId=|Request finished HTTP/1.1 GET http://localhost:5176/favicon.ico - 404 0 - 0.2139ms 
2026-08-26 00:33:15.3738|Info|Microsoft.AspNetCore.Hosting.Diagnostics|CorrelationId=|Request reached the end of the middleware pipeline without being handled by application code. Request path: GET http://localhost:5176/favicon.ico, Response status code: 404 
2026-08-26 00:36:04.8010|Info|Microsoft.Hosting.Lifetime|CorrelationId=|Application is shutting down... 
2026-08-26 00:36:13.8864|Info|Microsoft.AspNetCore.DataProtection.KeyManagement.XmlKeyManager|CorrelationId=|User profile is available. Using 'C:\Users\isaac\AppData\Local\ASP.NET\DataProtection-Keys' as key repository and Windows DPAPI to encrypt keys at rest. 
2026-08-26 00:36:13.9058|Info|SmartLoan.Infrastructure.BackgroundJobs.ReportWorker|CorrelationId=|Report Worker is starting... 
2026-08-26 00:36:13.9957|Info|Microsoft.Hosting.Lifetime|CorrelationId=|Now listening on: http://localhost:5176 
2026-08-26 00:36:13.9957|Info|Microsoft.Hosting.Lifetime|CorrelationId=|Application started. Press Ctrl+C to shut down. 
2026-08-26 00:36:13.9957|Info|Microsoft.Hosting.Lifetime|CorrelationId=|Hosting environment: Development 
2026-08-26 00:36:13.9957|Info|Microsoft.Hosting.Lifetime|CorrelationId=|Content root path: D:\isaac\educational purpose only\.net\kyas pro\SmartLoanTracker\SmartLoan.Api 
2026-08-26 00:37:52.5107|Info|Microsoft.Hosting.Lifetime|CorrelationId=|Application is shutting down... 
2026-08-26 00:38:00.0110|Info|Microsoft.AspNetCore.DataProtection.KeyManagement.XmlKeyManager|CorrelationId=|User profile is available. Using 'C:\Users\isaac\AppData\Local\ASP.NET\DataProtection-Keys' as key repository and Windows DPAPI to encrypt keys at rest. 
2026-08-26 00:38:00.0507|Info|SmartLoan.Infrastructure.BackgroundJobs.ReportWorker|CorrelationId=|Report Worker is starting... 
2026-08-26 00:38:00.1451|Info|Microsoft.Hosting.Lifetime|CorrelationId=|Now listening on: http://localhost:5176 
2026-08-26 00:38:00.1451|Info|Microsoft.Hosting.Lifetime|CorrelationId=|Application started. Press Ctrl+C to shut down. 
2026-08-26 00:38:00.1451|Info|Microsoft.Hosting.Lifetime|CorrelationId=|Hosting environment: Development 
2026-08-26 00:38:00.1451|Info|Microsoft.Hosting.Lifetime|CorrelationId=|Content root path: D:\isaac\educational purpose only\.net\kyas pro\SmartLoanTracker\SmartLoan.Api 
2026-08-26 00:38:19.0678|Info|Microsoft.AspNetCore.Hosting.Diagnostics|CorrelationId=|Request starting HTTP/1.1 GET http://localhost:5176/scalar/ - - - 
2026-08-26 00:38:19.1445|Warn|Microsoft.AspNetCore.HttpsPolicy.HttpsRedirectionMiddleware|CorrelationId=6df28a19-9567-4e93-8db1-649712712bd4|Failed to determine the https port for redirect. 
2026-08-26 00:38:19.1445|Info|Microsoft.AspNetCore.Routing.EndpointMiddleware|CorrelationId=6df28a19-9567-4e93-8db1-649712712bd4|Executing endpoint 'HTTP: GET /scalar/{documentName?}' 
2026-08-26 00:38:19.2787|Info|Microsoft.AspNetCore.Http.Result.ContentResult|CorrelationId=6df28a19-9567-4e93-8db1-649712712bd4|Write content with HTTP Response ContentType of text/html 
2026-08-26 00:38:19.2820|Info|Microsoft.AspNetCore.Routing.EndpointMiddleware|CorrelationId=6df28a19-9567-4e93-8db1-649712712bd4|Executed endpoint 'HTTP: GET /scalar/{documentName?}' 
2026-08-26 00:38:19.2820|Info|Microsoft.AspNetCore.Hosting.Diagnostics|CorrelationId=|Request finished HTTP/1.1 GET http://localhost:5176/scalar/ - 200 631 text/html 220.3667ms 
2026-08-26 00:38:19.3164|Info|Microsoft.AspNetCore.Hosting.Diagnostics|CorrelationId=|Request starting HTTP/1.1 GET http://localhost:5176/scalar/scalar.aspnetcore.js - - - 
2026-08-26 00:38:19.3164|Info|Microsoft.AspNetCore.Hosting.Diagnostics|CorrelationId=|Request starting HTTP/1.1 GET http://localhost:5176/scalar/scalar.js - - - 
2026-08-26 00:38:19.3164|Info|Microsoft.AspNetCore.Routing.EndpointMiddleware|CorrelationId=350e4181-4be8-487b-a4a3-b4b468cec36f|Executing endpoint 'HTTP: GET /scalar/scalar.js' 
2026-08-26 00:38:19.3164|Info|Microsoft.AspNetCore.Cors.Infrastructure.CorsService|CorrelationId=863f5455-117b-4af7-9c15-ecf074334f64|CORS policy execution successful. 
2026-08-26 00:38:19.3164|Info|Microsoft.AspNetCore.Routing.EndpointMiddleware|CorrelationId=863f5455-117b-4af7-9c15-ecf074334f64|Executing endpoint 'HTTP: GET /scalar/scalar.aspnetcore.js' 
2026-08-26 00:38:19.3164|Info|Microsoft.AspNetCore.Http.Result.FileStreamResult|CorrelationId=863f5455-117b-4af7-9c15-ecf074334f64|Sending file with download name ''. 
2026-08-26 00:38:19.3164|Info|Microsoft.AspNetCore.Routing.EndpointMiddleware|CorrelationId=863f5455-117b-4af7-9c15-ecf074334f64|Executed endpoint 'HTTP: GET /scalar/scalar.aspnetcore.js' 
2026-08-26 00:38:19.3287|Info|Microsoft.AspNetCore.Http.Result.FileStreamResult|CorrelationId=350e4181-4be8-487b-a4a3-b4b468cec36f|Sending file with download name ''. 
2026-08-26 00:38:19.3287|Info|Microsoft.AspNetCore.Routing.EndpointMiddleware|CorrelationId=350e4181-4be8-487b-a4a3-b4b468cec36f|Executed endpoint 'HTTP: GET /scalar/scalar.js' 
2026-08-26 00:38:19.3287|Info|Microsoft.AspNetCore.Hosting.Diagnostics|CorrelationId=|Request finished HTTP/1.1 GET http://localhost:5176/scalar/scalar.js - 304 - - 12.2346ms 
2026-08-26 00:38:19.3472|Info|Microsoft.AspNetCore.Hosting.Diagnostics|CorrelationId=|Request finished HTTP/1.1 GET http://localhost:5176/scalar/scalar.aspnetcore.js - 304 - - 30.8049ms 
2026-08-26 00:38:19.6758|Info|Microsoft.AspNetCore.Hosting.Diagnostics|CorrelationId=|Request starting HTTP/1.1 GET http://localhost:5176/openapi/v1.json - - - 
2026-08-26 00:38:19.6758|Info|Microsoft.AspNetCore.Routing.EndpointMiddleware|CorrelationId=2318f221-51a3-45b9-8332-46389caadedd|Executing endpoint 'HTTP: GET /openapi/{documentName}.json' 
2026-08-26 00:38:19.8389|Info|Microsoft.AspNetCore.Hosting.Diagnostics|CorrelationId=|Request starting HTTP/1.1 GET http://localhost:5176/scalar/favicon.svg - - - 
2026-08-26 00:38:19.8389|Info|Microsoft.AspNetCore.Routing.EndpointMiddleware|CorrelationId=df0a91c2-8c5f-46d4-99c8-3d1f2ba3a4fd|Executing endpoint 'HTTP: GET /scalar/favicon.svg' 
2026-08-26 00:38:19.8389|Info|Microsoft.AspNetCore.Http.Result.FileStreamResult|CorrelationId=df0a91c2-8c5f-46d4-99c8-3d1f2ba3a4fd|Sending file with download name ''. 
2026-08-26 00:38:19.8389|Info|Microsoft.AspNetCore.Routing.EndpointMiddleware|CorrelationId=df0a91c2-8c5f-46d4-99c8-3d1f2ba3a4fd|Executed endpoint 'HTTP: GET /scalar/favicon.svg' 
2026-08-26 00:38:19.8389|Info|Microsoft.AspNetCore.Hosting.Diagnostics|CorrelationId=|Request finished HTTP/1.1 GET http://localhost:5176/scalar/favicon.svg - 304 - - 1.6823ms 
2026-08-26 00:38:19.9137|Info|Microsoft.AspNetCore.Routing.EndpointMiddleware|CorrelationId=2318f221-51a3-45b9-8332-46389caadedd|Executed endpoint 'HTTP: GET /openapi/{documentName}.json' 
2026-08-26 00:38:19.9137|Info|Microsoft.AspNetCore.Hosting.Diagnostics|CorrelationId=|Request finished HTTP/1.1 GET http://localhost:5176/openapi/v1.json - 200 - application/json;charset=utf-8 241.4428ms 
2026-08-26 00:38:55.0362|Info|Microsoft.AspNetCore.Hosting.Diagnostics|CorrelationId=|Request starting HTTP/1.1 GET http://localhost:5176/scalar/ - - - 
2026-08-26 00:38:55.0362|Info|Microsoft.AspNetCore.Routing.EndpointMiddleware|CorrelationId=aef20e20-7065-40ec-a341-2238308a3489|Executing endpoint 'HTTP: GET /scalar/{documentName?}' 
2026-08-26 00:38:55.0362|Info|Microsoft.AspNetCore.Http.Result.ContentResult|CorrelationId=aef20e20-7065-40ec-a341-2238308a3489|Write content with HTTP Response ContentType of text/html 
2026-08-26 00:38:55.0362|Info|Microsoft.AspNetCore.Routing.EndpointMiddleware|CorrelationId=aef20e20-7065-40ec-a341-2238308a3489|Executed endpoint 'HTTP: GET /scalar/{documentName?}' 
2026-08-26 00:38:55.0362|Info|Microsoft.AspNetCore.Hosting.Diagnostics|CorrelationId=|Request finished HTTP/1.1 GET http://localhost:5176/scalar/ - 200 631 text/html 2.2845ms 
2026-08-26 00:38:55.0802|Info|Microsoft.AspNetCore.Hosting.Diagnostics|CorrelationId=|Request starting HTTP/1.1 GET http://localhost:5176/scalar/scalar.js - - - 
2026-08-26 00:38:55.0802|Info|Microsoft.AspNetCore.Hosting.Diagnostics|CorrelationId=|Request starting HTTP/1.1 GET http://localhost:5176/scalar/scalar.aspnetcore.js - - - 
2026-08-26 00:38:55.0802|Info|Microsoft.AspNetCore.Routing.EndpointMiddleware|CorrelationId=0b54a1b5-f27a-4f4a-abda-2a80e8b4d0ff|Executing endpoint 'HTTP: GET /scalar/scalar.js' 
2026-08-26 00:38:55.0802|Info|Microsoft.AspNetCore.Http.Result.FileStreamResult|CorrelationId=0b54a1b5-f27a-4f4a-abda-2a80e8b4d0ff|Sending file with download name ''. 
2026-08-26 00:38:55.0802|Info|Microsoft.AspNetCore.Cors.Infrastructure.CorsService|CorrelationId=00af5311-c1fd-4808-a6a6-7f1bbb6cc8de|CORS policy execution successful. 
2026-08-26 00:38:55.0802|Info|Microsoft.AspNetCore.Routing.EndpointMiddleware|CorrelationId=0b54a1b5-f27a-4f4a-abda-2a80e8b4d0ff|Executed endpoint 'HTTP: GET /scalar/scalar.js' 
2026-08-26 00:38:55.0802|Info|Microsoft.AspNetCore.Routing.EndpointMiddleware|CorrelationId=00af5311-c1fd-4808-a6a6-7f1bbb6cc8de|Executing endpoint 'HTTP: GET /scalar/scalar.aspnetcore.js' 
2026-08-26 00:38:55.0802|Info|Microsoft.AspNetCore.Hosting.Diagnostics|CorrelationId=|Request finished HTTP/1.1 GET http://localhost:5176/scalar/scalar.js - 304 - - 2.5281ms 
2026-08-26 00:38:55.0802|Info|Microsoft.AspNetCore.Http.Result.FileStreamResult|CorrelationId=00af5311-c1fd-4808-a6a6-7f1bbb6cc8de|Sending file with download name ''. 
2026-08-26 00:38:55.0802|Info|Microsoft.AspNetCore.Routing.EndpointMiddleware|CorrelationId=00af5311-c1fd-4808-a6a6-7f1bbb6cc8de|Executed endpoint 'HTTP: GET /scalar/scalar.aspnetcore.js' 
2026-08-26 00:38:55.0802|Info|Microsoft.AspNetCore.Hosting.Diagnostics|CorrelationId=|Request finished HTTP/1.1 GET http://localhost:5176/scalar/scalar.aspnetcore.js - 304 - - 3.4836ms 
2026-08-26 00:38:55.2233|Info|Microsoft.AspNetCore.Hosting.Diagnostics|CorrelationId=|Request starting HTTP/1.1 GET http://localhost:5176/openapi/v1.json - - - 
2026-08-26 00:38:55.2233|Info|Microsoft.AspNetCore.Routing.EndpointMiddleware|CorrelationId=995ce9cb-0105-42da-a208-c7f16af85579|Executing endpoint 'HTTP: GET /openapi/{documentName}.json' 
2026-08-26 00:38:55.2420|Info|Microsoft.AspNetCore.Routing.EndpointMiddleware|CorrelationId=995ce9cb-0105-42da-a208-c7f16af85579|Executed endpoint 'HTTP: GET /openapi/{documentName}.json' 
2026-08-26 00:38:55.2420|Info|Microsoft.AspNetCore.Hosting.Diagnostics|CorrelationId=|Request finished HTTP/1.1 GET http://localhost:5176/openapi/v1.json - 200 - application/json;charset=utf-8 19.4933ms 
2026-08-26 00:38:55.6784|Info|Microsoft.AspNetCore.Hosting.Diagnostics|CorrelationId=|Request starting HTTP/1.1 GET http://localhost:5176/scalar/favicon.svg - - - 
2026-08-26 00:38:55.6784|Info|Microsoft.AspNetCore.Routing.EndpointMiddleware|CorrelationId=8486a3c2-aa98-45c8-8361-9ebf2ad4d99a|Executing endpoint 'HTTP: GET /scalar/favicon.svg' 
2026-08-26 00:38:55.6784|Info|Microsoft.AspNetCore.Http.Result.FileStreamResult|CorrelationId=8486a3c2-aa98-45c8-8361-9ebf2ad4d99a|Sending file with download name ''. 
2026-08-26 00:38:55.6784|Info|Microsoft.AspNetCore.Routing.EndpointMiddleware|CorrelationId=8486a3c2-aa98-45c8-8361-9ebf2ad4d99a|Executed endpoint 'HTTP: GET /scalar/favicon.svg' 
2026-08-26 00:38:55.6784|Info|Microsoft.AspNetCore.Hosting.Diagnostics|CorrelationId=|Request finished HTTP/1.1 GET http://localhost:5176/scalar/favicon.svg - 304 - - 0.8403ms 
2026-08-26 00:40:51.8174|Info|Microsoft.AspNetCore.Hosting.Diagnostics|CorrelationId=|Request starting HTTP/1.1 GET http://localhost:5176/api/v2.0/Customers - - - 
2026-08-26 00:40:51.8174|Info|Microsoft.AspNetCore.Hosting.Diagnostics|CorrelationId=|Request finished HTTP/1.1 GET http://localhost:5176/api/v2.0/Customers - 404 0 - 7.3691ms 
2026-08-26 00:40:51.8174|Info|Microsoft.AspNetCore.Hosting.Diagnostics|CorrelationId=|Request reached the end of the middleware pipeline without being handled by application code. Request path: GET http://localhost:5176/api/v2.0/Customers, Response status code: 404 
2026-08-26 00:41:49.9465|Info|Microsoft.AspNetCore.Hosting.Diagnostics|CorrelationId=|Request starting HTTP/1.1 GET http://localhost:5176/api/v1/Customers - - - 
2026-08-26 00:41:49.9565|Info|Microsoft.AspNetCore.Routing.EndpointMiddleware|CorrelationId=8b771765-71e1-4675-bfb7-42ce82240f32|Executing endpoint 'SmartLoan.Api.Controllers.CustomersController.GetAll (SmartLoan.Api)' 
2026-08-26 00:41:49.9899|Info|Microsoft.AspNetCore.Mvc.Infrastructure.ControllerActionInvoker|CorrelationId=8b771765-71e1-4675-bfb7-42ce82240f32|Route matched with {action = "GetAll", controller = "Customers"}. Executing controller action with signature System.Threading.Tasks.Task`1[Microsoft.AspNetCore.Mvc.ActionResult`1[SmartLoan.Application.Common.PagedResponse`1[SmartLoan.Application.Customers.CustomerDetailsDto]]] GetAll(SmartLoan.Application.Common.PagedRequest) on controller SmartLoan.Api.Controllers.CustomersController (SmartLoan.Api). 
2026-08-26 00:41:49.9899|Warn|LuckyPennySoftware.MediatR.License|CorrelationId=8b771765-71e1-4675-bfb7-42ce82240f32|You do not have a valid license key for the Lucky Penny software MediatR. This is allowed for development and testing scenarios. If you are running in production you are required to have a licensed version. Please visit https://luckypennysoftware.com to obtain a valid license. 
2026-08-26 00:41:50.0125|Info|SmartLoan.Application.Common.Behaviors.LoggingBehavior|CorrelationId=8b771765-71e1-4675-bfb7-42ce82240f32|smartloan Request:GetCustomersQuery starting... 
2026-08-26 00:41:50.5989|Warn|Microsoft.EntityFrameworkCore.Model.Validation|CorrelationId=8b771765-71e1-4675-bfb7-42ce82240f32|Entity 'LoanApplication' has a global query filter defined and is the required end of a relationship with the entity 'Payment'. This may lead to unexpected results when the required entity is filtered out. Either configure the navigation as optional, or define matching query filters for both entities in the navigation. See https://go.microsoft.com/fwlink/?linkid=2131316 for more information. 
2026-08-26 00:41:51.2016|Error|Microsoft.EntityFrameworkCore.Database.Connection|CorrelationId=8b771765-71e1-4675-bfb7-42ce82240f32|An error occurred using the connection to database '...' on server 'tcp://localhost:5432'. 
2026-08-26 00:41:51.2230|Error|Microsoft.EntityFrameworkCore.Query|CorrelationId=8b771765-71e1-4675-bfb7-42ce82240f32|An exception occurred while iterating over the results of a query for context type 'SmartLoan.Infrastructure.Persistence.ApplicationDbContext'.
Npgsql.NpgsqlException (0x80004005): No password has been provided but the backend requires one (in SASL/SCRAM-SHA-256)
   at Npgsql.Internal.NpgsqlConnector.AuthenticateSASL(List`1 mechanisms, String username, Boolean async, CancellationToken cancellationToken)
   at Npgsql.Internal.NpgsqlConnector.Authenticate(String username, NpgsqlTimeout timeout, Boolean async, CancellationToken cancellationToken)
   at Npgsql.Internal.NpgsqlConnector.<Open>g__OpenCore|209_0(NpgsqlConnector conn, String username, SslMode sslMode, GssEncryptionMode gssEncMode, NpgsqlTimeout timeout, Boolean async, CancellationToken cancellationToken)
   at Npgsql.Internal.NpgsqlConnector.<Open>g__OpenCore|209_0(NpgsqlConnector conn, String username, SslMode sslMode, GssEncryptionMode gssEncMode, NpgsqlTimeout timeout, Boolean async, CancellationToken cancellationToken)
   at Npgsql.Internal.NpgsqlConnector.Open(NpgsqlTimeout timeout, Boolean async, CancellationToken cancellationToken)
   at Npgsql.PoolingDataSource.OpenNewConnector(NpgsqlConnection conn, NpgsqlTimeout timeout, Boolean async, CancellationToken cancellationToken)
   at Npgsql.PoolingDataSource.<Get>g__RentAsync|33_0(NpgsqlConnection conn, NpgsqlTimeout timeout, Boolean async, CancellationToken cancellationToken)
   at Npgsql.NpgsqlConnection.<Open>g__OpenAsync|42_0(Boolean async, CancellationToken cancellationToken)
   at Microsoft.EntityFrameworkCore.Storage.RelationalConnection.OpenInternalAsync(Boolean errorsExpected, CancellationToken cancellationToken)
   at Microsoft.EntityFrameworkCore.Storage.RelationalConnection.OpenInternalAsync(Boolean errorsExpected, CancellationToken cancellationToken)
   at Microsoft.EntityFrameworkCore.Storage.RelationalConnection.OpenAsync(CancellationToken cancellationToken, Boolean errorsExpected)
   at Microsoft.EntityFrameworkCore.Storage.RelationalCommand.ExecuteReaderAsync(RelationalCommandParameterObject parameterObject, CancellationToken cancellationToken)
   at Microsoft.EntityFrameworkCore.Query.Internal.SingleQueryingEnumerable`1.AsyncEnumerator.InitializeReaderAsync(AsyncEnumerator enumerator, CancellationToken cancellationToken)
   at Npgsql.EntityFrameworkCore.PostgreSQL.Storage.Internal.NpgsqlExecutionStrategy.ExecuteAsync[TState,TResult](TState state, Func`4 operation, Func`4 verifySucceeded, CancellationToken cancellationToken)
   at Microsoft.EntityFrameworkCore.Query.Internal.SingleQueryingEnumerable`1.AsyncEnumerator.MoveNextAsync() Npgsql.NpgsqlException (0x80004005): No password has been provided but the backend requires one (in SASL/SCRAM-SHA-256)
   at Npgsql.Internal.NpgsqlConnector.AuthenticateSASL(List`1 mechanisms, String username, Boolean async, CancellationToken cancellationToken)
   at Npgsql.Internal.NpgsqlConnector.Authenticate(String username, NpgsqlTimeout timeout, Boolean async, CancellationToken cancellationToken)
   at Npgsql.Internal.NpgsqlConnector.<Open>g__OpenCore|209_0(NpgsqlConnector conn, String username, SslMode sslMode, GssEncryptionMode gssEncMode, NpgsqlTimeout timeout, Boolean async, CancellationToken cancellationToken)
   at Npgsql.Internal.NpgsqlConnector.<Open>g__OpenCore|209_0(NpgsqlConnector conn, String username, SslMode sslMode, GssEncryptionMode gssEncMode, NpgsqlTimeout timeout, Boolean async, CancellationToken cancellationToken)
   at Npgsql.Internal.NpgsqlConnector.Open(NpgsqlTimeout timeout, Boolean async, CancellationToken cancellationToken)
   at Npgsql.PoolingDataSource.OpenNewConnector(NpgsqlConnection conn, NpgsqlTimeout timeout, Boolean async, CancellationToken cancellationToken)
   at Npgsql.PoolingDataSource.<Get>g__RentAsync|33_0(NpgsqlConnection conn, NpgsqlTimeout timeout, Boolean async, CancellationToken cancellationToken)
   at Npgsql.NpgsqlConnection.<Open>g__OpenAsync|42_0(Boolean async, CancellationToken cancellationToken)
   at Microsoft.EntityFrameworkCore.Storage.RelationalConnection.OpenInternalAsync(Boolean errorsExpected, CancellationToken cancellationToken)
   at Microsoft.EntityFrameworkCore.Storage.RelationalConnection.OpenInternalAsync(Boolean errorsExpected, CancellationToken cancellationToken)
   at Microsoft.EntityFrameworkCore.Storage.RelationalConnection.OpenAsync(CancellationToken cancellationToken, Boolean errorsExpected)
   at Microsoft.EntityFrameworkCore.Storage.RelationalCommand.ExecuteReaderAsync(RelationalCommandParameterObject parameterObject, CancellationToken cancellationToken)
   at Microsoft.EntityFrameworkCore.Query.Internal.SingleQueryingEnumerable`1.AsyncEnumerator.InitializeReaderAsync(AsyncEnumerator enumerator, CancellationToken cancellationToken)
   at Npgsql.EntityFrameworkCore.PostgreSQL.Storage.Internal.NpgsqlExecutionStrategy.ExecuteAsync[TState,TResult](TState state, Func`4 operation, Func`4 verifySucceeded, CancellationToken cancellationToken)
   at Microsoft.EntityFrameworkCore.Query.Internal.SingleQueryingEnumerable`1.AsyncEnumerator.MoveNextAsync()
2026-08-26 00:41:51.2477|Info|Microsoft.AspNetCore.Mvc.Infrastructure.ControllerActionInvoker|CorrelationId=8b771765-71e1-4675-bfb7-42ce82240f32|Executed action SmartLoan.Api.Controllers.CustomersController.GetAll (SmartLoan.Api) in 1246.2834ms 
2026-08-26 00:41:51.2477|Info|Microsoft.AspNetCore.Routing.EndpointMiddleware|CorrelationId=8b771765-71e1-4675-bfb7-42ce82240f32|Executed endpoint 'SmartLoan.Api.Controllers.CustomersController.GetAll (SmartLoan.Api)' 
2026-08-26 00:41:51.2518|Error|SmartLoan.Api.Middleware.GlobalExeptionHandle|CorrelationId=8b771765-71e1-4675-bfb7-42ce82240f32|an error occurred:No password has been provided but the backend requires one (in SASL/SCRAM-SHA-256) Npgsql.NpgsqlException (0x80004005): No password has been provided but the backend requires one (in SASL/SCRAM-SHA-256)
   at Npgsql.Internal.NpgsqlConnector.AuthenticateSASL(List`1 mechanisms, String username, Boolean async, CancellationToken cancellationToken)
   at Npgsql.Internal.NpgsqlConnector.Authenticate(String username, NpgsqlTimeout timeout, Boolean async, CancellationToken cancellationToken)
   at Npgsql.Internal.NpgsqlConnector.<Open>g__OpenCore|209_0(NpgsqlConnector conn, String username, SslMode sslMode, GssEncryptionMode gssEncMode, NpgsqlTimeout timeout, Boolean async, CancellationToken cancellationToken)
   at Npgsql.Internal.NpgsqlConnector.<Open>g__OpenCore|209_0(NpgsqlConnector conn, String username, SslMode sslMode, GssEncryptionMode gssEncMode, NpgsqlTimeout timeout, Boolean async, CancellationToken cancellationToken)
   at Npgsql.Internal.NpgsqlConnector.Open(NpgsqlTimeout timeout, Boolean async, CancellationToken cancellationToken)
   at Npgsql.PoolingDataSource.OpenNewConnector(NpgsqlConnection conn, NpgsqlTimeout timeout, Boolean async, CancellationToken cancellationToken)
   at Npgsql.PoolingDataSource.<Get>g__RentAsync|33_0(NpgsqlConnection conn, NpgsqlTimeout timeout, Boolean async, CancellationToken cancellationToken)
   at Npgsql.NpgsqlConnection.<Open>g__OpenAsync|42_0(Boolean async, CancellationToken cancellationToken)
   at Microsoft.EntityFrameworkCore.Storage.RelationalConnection.OpenInternalAsync(Boolean errorsExpected, CancellationToken cancellationToken)
   at Microsoft.EntityFrameworkCore.Storage.RelationalConnection.OpenInternalAsync(Boolean errorsExpected, CancellationToken cancellationToken)
   at Microsoft.EntityFrameworkCore.Storage.RelationalConnection.OpenAsync(CancellationToken cancellationToken, Boolean errorsExpected)
   at Microsoft.EntityFrameworkCore.Storage.RelationalCommand.ExecuteReaderAsync(RelationalCommandParameterObject parameterObject, CancellationToken cancellationToken)
   at Microsoft.EntityFrameworkCore.Query.Internal.SingleQueryingEnumerable`1.AsyncEnumerator.InitializeReaderAsync(AsyncEnumerator enumerator, CancellationToken cancellationToken)
   at Npgsql.EntityFrameworkCore.PostgreSQL.Storage.Internal.NpgsqlExecutionStrategy.ExecuteAsync[TState,TResult](TState state, Func`4 operation, Func`4 verifySucceeded, CancellationToken cancellationToken)
   at Microsoft.EntityFrameworkCore.Query.Internal.SingleQueryingEnumerable`1.AsyncEnumerator.MoveNextAsync()
   at Microsoft.EntityFrameworkCore.Query.ShapedQueryCompilingExpressionVisitor.SingleAsync[TSource](IAsyncEnumerable`1 asyncEnumerable, CancellationToken cancellationToken)
   at Microsoft.EntityFrameworkCore.Query.ShapedQueryCompilingExpressionVisitor.SingleAsync[TSource](IAsyncEnumerable`1 asyncEnumerable, CancellationToken cancellationToken)
   at SmartLoan.Application.Customers.GetCustomersHandler.Handle(GetCustomersQuery request, CancellationToken cancellationToken) in D:\isaac\educational purpose only\.net\kyas pro\SmartLoanTracker\SmartLoan.Application\Customers\Queries\GetAllCustomer\CustomerListDto.cs:line 33
   at SmartLoan.Application.Common.Behaviors.ValidationBehavior`2.Handle(TRequest request, RequestHandlerDelegate`1 next, CancellationToken cancellationToken) in D:\isaac\educational purpose only\.net\kyas pro\SmartLoanTracker\SmartLoan.Application\Common\Behaviors\ValidationBehavior.cs:line 32
   at SmartLoan.Application.Common.Behaviors.LoggingBehavior`2.Handle(TRequest request, RequestHandlerDelegate`1 next, CancellationToken cancellationToken) in D:\isaac\educational purpose only\.net\kyas pro\SmartLoanTracker\SmartLoan.Application\Common\Behaviors\LoggingBehavior.cs:line 14
   at SmartLoan.Api.Controllers.CustomersController.GetAll(PagedRequest request) in D:\isaac\educational purpose only\.net\kyas pro\SmartLoanTracker\SmartLoan.Api\Controllers\CustomersController.cs:line 28
   at lambda_method11(Closure, Object)
   at Microsoft.AspNetCore.Mvc.Infrastructure.ActionMethodExecutor.AwaitableObjectResultExecutor.Execute(ActionContext actionContext, IActionResultTypeMapper mapper, ObjectMethodExecutor executor, Object controller, Object[] arguments)
   at Microsoft.AspNetCore.Mvc.Infrastructure.ControllerActionInvoker.<InvokeActionMethodAsync>g__Awaited|12_0(ControllerActionInvoker invoker, ValueTask`1 actionResultValueTask)
   at Microsoft.AspNetCore.Mvc.Infrastructure.ControllerActionInvoker.<InvokeNextActionFilterAsync>g__Awaited|10_0(ControllerActionInvoker invoker, Task lastTask, State next, Scope scope, Object state, Boolean isCompleted)
   at Microsoft.AspNetCore.Mvc.Infrastructure.ControllerActionInvoker.Rethrow(ActionExecutedContextSealed context)
   at Microsoft.AspNetCore.Mvc.Infrastructure.ControllerActionInvoker.Next(State& next, Scope& scope, Object& state, Boolean& isCompleted)
   at Microsoft.AspNetCore.Mvc.Infrastructure.ControllerActionInvoker.<InvokeInnerFilterAsync>g__Awaited|13_0(ControllerActionInvoker invoker, Task lastTask, State next, Scope scope, Object state, Boolean isCompleted)
   at Microsoft.AspNetCore.Mvc.Infrastructure.ResourceInvoker.<InvokeFilterPipelineAsync>g__Awaited|20_0(ResourceInvoker invoker, Task lastTask, State next, Scope scope, Object state, Boolean isCompleted)
   at Microsoft.AspNetCore.Mvc.Infrastructure.ResourceInvoker.<InvokeAsync>g__Logged|17_1(ResourceInvoker invoker)
   at Microsoft.AspNetCore.Mvc.Infrastructure.ResourceInvoker.<InvokeAsync>g__Logged|17_1(ResourceInvoker invoker)
   at Microsoft.AspNetCore.Routing.EndpointMiddleware.<Invoke>g__AwaitRequestTask|7_0(Endpoint endpoint, Task requestTask, ILogger logger)
   at Microsoft.AspNetCore.Diagnostics.ExceptionHandlerMiddlewareImpl.<Invoke>g__Awaited|10_0(ExceptionHandlerMiddlewareImpl middleware, HttpContext context, Task task)
2026-08-26 00:41:51.2722|Error|Microsoft.AspNetCore.Diagnostics.ExceptionHandlerMiddleware|CorrelationId=8b771765-71e1-4675-bfb7-42ce82240f32|An exception was thrown attempting to execute the error handler. System.Runtime.CompilerServices.SwitchExpressionException: Non-exhaustive switch expression failed to match its input.
Unmatched value was Npgsql.NpgsqlException (0x80004005): No password has been provided but the backend requires one (in SASL/SCRAM-SHA-256)
   at Npgsql.Internal.NpgsqlConnector.AuthenticateSASL(List`1 mechanisms, String username, Boolean async, CancellationToken cancellationToken)
   at Npgsql.Internal.NpgsqlConnector.Authenticate(String username, NpgsqlTimeout timeout, Boolean async, CancellationToken cancellationToken)
   at Npgsql.Internal.NpgsqlConnector.<Open>g__OpenCore|209_0(NpgsqlConnector conn, String username, SslMode sslMode, GssEncryptionMode gssEncMode, NpgsqlTimeout timeout, Boolean async, CancellationToken cancellationToken)
   at Npgsql.Internal.NpgsqlConnector.<Open>g__OpenCore|209_0(NpgsqlConnector conn, String username, SslMode sslMode, GssEncryptionMode gssEncMode, NpgsqlTimeout timeout, Boolean async, CancellationToken cancellationToken)
   at Npgsql.Internal.NpgsqlConnector.Open(NpgsqlTimeout timeout, Boolean async, CancellationToken cancellationToken)
   at Npgsql.PoolingDataSource.OpenNewConnector(NpgsqlConnection conn, NpgsqlTimeout timeout, Boolean async, CancellationToken cancellationToken)
   at Npgsql.PoolingDataSource.<Get>g__RentAsync|33_0(NpgsqlConnection conn, NpgsqlTimeout timeout, Boolean async, CancellationToken cancellationToken)
   at Npgsql.NpgsqlConnection.<Open>g__OpenAsync|42_0(Boolean async, CancellationToken cancellationToken)
   at Microsoft.EntityFrameworkCore.Storage.RelationalConnection.OpenInternalAsync(Boolean errorsExpected, CancellationToken cancellationToken)
   at Microsoft.EntityFrameworkCore.Storage.RelationalConnection.OpenInternalAsync(Boolean errorsExpected, CancellationToken cancellationToken)
   at Microsoft.EntityFrameworkCore.Storage.RelationalConnection.OpenAsync(CancellationToken cancellationToken, Boolean errorsExpected)
   at Microsoft.EntityFrameworkCore.Storage.RelationalCommand.ExecuteReaderAsync(RelationalCommandParameterObject parameterObject, CancellationToken cancellationToken)
   at Microsoft.EntityFrameworkCore.Query.Internal.SingleQueryingEnumerable`1.AsyncEnumerator.InitializeReaderAsync(AsyncEnumerator enumerator, CancellationToken cancellationToken)
   at Npgsql.EntityFrameworkCore.PostgreSQL.Storage.Internal.NpgsqlExecutionStrategy.ExecuteAsync[TState,TResult](TState state, Func`4 operation, Func`4 verifySucceeded, CancellationToken cancellationToken)
   at Microsoft.EntityFrameworkCore.Query.Internal.SingleQueryingEnumerable`1.AsyncEnumerator.MoveNextAsync()
   at Microsoft.EntityFrameworkCore.Query.ShapedQueryCompilingExpressionVisitor.SingleAsync[TSource](IAsyncEnumerable`1 asyncEnumerable, CancellationToken cancellationToken)
   at Microsoft.EntityFrameworkCore.Query.ShapedQueryCompilingExpressionVisitor.SingleAsync[TSource](IAsyncEnumerable`1 asyncEnumerable, CancellationToken cancellationToken)
   at SmartLoan.Application.Customers.GetCustomersHandler.Handle(GetCustomersQuery request, CancellationToken cancellationToken) in D:\isaac\educational purpose only\.net\kyas pro\SmartLoanTracker\SmartLoan.Application\Customers\Queries\GetAllCustomer\CustomerListDto.cs:line 33
   at SmartLoan.Application.Common.Behaviors.ValidationBehavior`2.Handle(TRequest request, RequestHandlerDelegate`1 next, CancellationToken cancellationToken) in D:\isaac\educational purpose only\.net\kyas pro\SmartLoanTracker\SmartLoan.Application\Common\Behaviors\ValidationBehavior.cs:line 32
   at SmartLoan.Application.Common.Behaviors.LoggingBehavior`2.Handle(TRequest request, RequestHandlerDelegate`1 next, CancellationToken cancellationToken) in D:\isaac\educational purpose only\.net\kyas pro\SmartLoanTracker\SmartLoan.Application\Common\Behaviors\LoggingBehavior.cs:line 14
   at SmartLoan.Api.Controllers.CustomersController.GetAll(PagedRequest request) in D:\isaac\educational purpose only\.net\kyas pro\SmartLoanTracker\SmartLoan.Api\Controllers\CustomersController.cs:line 28
   at lambda_method11(Closure, Object)
   at Microsoft.AspNetCore.Mvc.Infrastructure.ActionMethodExecutor.AwaitableObjectResultExecutor.Execute(ActionContext actionContext, IActionResultTypeMapper mapper, ObjectMethodExecutor executor, Object controller, Object[] arguments)
   at Microsoft.AspNetCore.Mvc.Infrastructure.ControllerActionInvoker.<InvokeActionMethodAsync>g__Awaited|12_0(ControllerActionInvoker invoker, ValueTask`1 actionResultValueTask)
   at Microsoft.AspNetCore.Mvc.Infrastructure.ControllerActionInvoker.<InvokeNextActionFilterAsync>g__Awaited|10_0(ControllerActionInvoker invoker, Task lastTask, State next, Scope scope, Object state, Boolean isCompleted)
   at Microsoft.AspNetCore.Mvc.Infrastructure.ControllerActionInvoker.Rethrow(ActionExecutedContextSealed context)
   at Microsoft.AspNetCore.Mvc.Infrastructure.ControllerActionInvoker.Next(State& next, Scope& scope, Object& state, Boolean& isCompleted)
   at Microsoft.AspNetCore.Mvc.Infrastructure.ControllerActionInvoker.<InvokeInnerFilterAsync>g__Awaited|13_0(ControllerActionInvoker invoker, Task lastTask, State next, Scope scope, Object state, Boolean isCompleted)
   at Microsoft.AspNetCore.Mvc.Infrastructure.ResourceInvoker.<InvokeFilterPipelineAsync>g__Awaited|20_0(ResourceInvoker invoker, Task lastTask, State next, Scope scope, Object state, Boolean isCompleted)
   at Microsoft.AspNetCore.Mvc.Infrastructure.ResourceInvoker.<InvokeAsync>g__Logged|17_1(ResourceInvoker invoker)
   at Microsoft.AspNetCore.Mvc.Infrastructure.ResourceInvoker.<InvokeAsync>g__Logged|17_1(ResourceInvoker invoker)
   at Microsoft.AspNetCore.Routing.EndpointMiddleware.<Invoke>g__AwaitRequestTask|7_0(Endpoint endpoint, Task requestTask, ILogger logger)
   at Microsoft.AspNetCore.Diagnostics.ExceptionHandlerMiddlewareImpl.<Invoke>g__Awaited|10_0(ExceptionHandlerMiddlewareImpl middleware, HttpContext context, Task task).
   at <PrivateImplementationDetails>.ThrowSwitchExpressionException(Object unmatchedValue)
   at SmartLoan.Api.Middleware.GlobalExeptionHandle.TryHandleAsync(HttpContext httpContext, Exception exception, CancellationToken cancellationToken) in D:\isaac\educational purpose only\.net\kyas pro\SmartLoanTracker\SmartLoan.Api\Middleware\GlobalExeptionHandle.cs:line 13
   at Microsoft.AspNetCore.Diagnostics.ExceptionHandlerMiddlewareImpl.HandleException(HttpContext context, ExceptionDispatchInfo edi)
2026-08-26 00:41:51.2950|Error|Microsoft.AspNetCore.Diagnostics.ExceptionHandlerMiddleware|CorrelationId=8b771765-71e1-4675-bfb7-42ce82240f32|An unhandled exception has occurred while executing the request. Npgsql.NpgsqlException (0x80004005): No password has been provided but the backend requires one (in SASL/SCRAM-SHA-256)
   at Npgsql.Internal.NpgsqlConnector.AuthenticateSASL(List`1 mechanisms, String username, Boolean async, CancellationToken cancellationToken)
   at Npgsql.Internal.NpgsqlConnector.Authenticate(String username, NpgsqlTimeout timeout, Boolean async, CancellationToken cancellationToken)
   at Npgsql.Internal.NpgsqlConnector.<Open>g__OpenCore|209_0(NpgsqlConnector conn, String username, SslMode sslMode, GssEncryptionMode gssEncMode, NpgsqlTimeout timeout, Boolean async, CancellationToken cancellationToken)
   at Npgsql.Internal.NpgsqlConnector.<Open>g__OpenCore|209_0(NpgsqlConnector conn, String username, SslMode sslMode, GssEncryptionMode gssEncMode, NpgsqlTimeout timeout, Boolean async, CancellationToken cancellationToken)
   at Npgsql.Internal.NpgsqlConnector.Open(NpgsqlTimeout timeout, Boolean async, CancellationToken cancellationToken)
   at Npgsql.PoolingDataSource.OpenNewConnector(NpgsqlConnection conn, NpgsqlTimeout timeout, Boolean async, CancellationToken cancellationToken)
   at Npgsql.PoolingDataSource.<Get>g__RentAsync|33_0(NpgsqlConnection conn, NpgsqlTimeout timeout, Boolean async, CancellationToken cancellationToken)
   at Npgsql.NpgsqlConnection.<Open>g__OpenAsync|42_0(Boolean async, CancellationToken cancellationToken)
   at Microsoft.EntityFrameworkCore.Storage.RelationalConnection.OpenInternalAsync(Boolean errorsExpected, CancellationToken cancellationToken)
   at Microsoft.EntityFrameworkCore.Storage.RelationalConnection.OpenInternalAsync(Boolean errorsExpected, CancellationToken cancellationToken)
   at Microsoft.EntityFrameworkCore.Storage.RelationalConnection.OpenAsync(CancellationToken cancellationToken, Boolean errorsExpected)
   at Microsoft.EntityFrameworkCore.Storage.RelationalCommand.ExecuteReaderAsync(RelationalCommandParameterObject parameterObject, CancellationToken cancellationToken)
   at Microsoft.EntityFrameworkCore.Query.Internal.SingleQueryingEnumerable`1.AsyncEnumerator.InitializeReaderAsync(AsyncEnumerator enumerator, CancellationToken cancellationToken)
   at Npgsql.EntityFrameworkCore.PostgreSQL.Storage.Internal.NpgsqlExecutionStrategy.ExecuteAsync[TState,TResult](TState state, Func`4 operation, Func`4 verifySucceeded, CancellationToken cancellationToken)
   at Microsoft.EntityFrameworkCore.Query.Internal.SingleQueryingEnumerable`1.AsyncEnumerator.MoveNextAsync()
   at Microsoft.EntityFrameworkCore.Query.ShapedQueryCompilingExpressionVisitor.SingleAsync[TSource](IAsyncEnumerable`1 asyncEnumerable, CancellationToken cancellationToken)
   at Microsoft.EntityFrameworkCore.Query.ShapedQueryCompilingExpressionVisitor.SingleAsync[TSource](IAsyncEnumerable`1 asyncEnumerable, CancellationToken cancellationToken)
   at SmartLoan.Application.Customers.GetCustomersHandler.Handle(GetCustomersQuery request, CancellationToken cancellationToken) in D:\isaac\educational purpose only\.net\kyas pro\SmartLoanTracker\SmartLoan.Application\Customers\Queries\GetAllCustomer\CustomerListDto.cs:line 33
   at SmartLoan.Application.Common.Behaviors.ValidationBehavior`2.Handle(TRequest request, RequestHandlerDelegate`1 next, CancellationToken cancellationToken) in D:\isaac\educational purpose only\.net\kyas pro\SmartLoanTracker\SmartLoan.Application\Common\Behaviors\ValidationBehavior.cs:line 32
   at SmartLoan.Application.Common.Behaviors.LoggingBehavior`2.Handle(TRequest request, RequestHandlerDelegate`1 next, CancellationToken cancellationToken) in D:\isaac\educational purpose only\.net\kyas pro\SmartLoanTracker\SmartLoan.Application\Common\Behaviors\LoggingBehavior.cs:line 14
   at SmartLoan.Api.Controllers.CustomersController.GetAll(PagedRequest request) in D:\isaac\educational purpose only\.net\kyas pro\SmartLoanTracker\SmartLoan.Api\Controllers\CustomersController.cs:line 28
   at lambda_method11(Closure, Object)
   at Microsoft.AspNetCore.Mvc.Infrastructure.ActionMethodExecutor.AwaitableObjectResultExecutor.Execute(ActionContext actionContext, IActionResultTypeMapper mapper, ObjectMethodExecutor executor, Object controller, Object[] arguments)
   at Microsoft.AspNetCore.Mvc.Infrastructure.ControllerActionInvoker.<InvokeActionMethodAsync>g__Awaited|12_0(ControllerActionInvoker invoker, ValueTask`1 actionResultValueTask)
   at Microsoft.AspNetCore.Mvc.Infrastructure.ControllerActionInvoker.<InvokeNextActionFilterAsync>g__Awaited|10_0(ControllerActionInvoker invoker, Task lastTask, State next, Scope scope, Object state, Boolean isCompleted)
   at Microsoft.AspNetCore.Mvc.Infrastructure.ControllerActionInvoker.Rethrow(ActionExecutedContextSealed context)
   at Microsoft.AspNetCore.Mvc.Infrastructure.ControllerActionInvoker.Next(State& next, Scope& scope, Object& state, Boolean& isCompleted)
   at Microsoft.AspNetCore.Mvc.Infrastructure.ControllerActionInvoker.<InvokeInnerFilterAsync>g__Awaited|13_0(ControllerActionInvoker invoker, Task lastTask, State next, Scope scope, Object state, Boolean isCompleted)
   at Microsoft.AspNetCore.Mvc.Infrastructure.ResourceInvoker.<InvokeFilterPipelineAsync>g__Awaited|20_0(ResourceInvoker invoker, Task lastTask, State next, Scope scope, Object state, Boolean isCompleted)
   at Microsoft.AspNetCore.Mvc.Infrastructure.ResourceInvoker.<InvokeAsync>g__Logged|17_1(ResourceInvoker invoker)
   at Microsoft.AspNetCore.Mvc.Infrastructure.ResourceInvoker.<InvokeAsync>g__Logged|17_1(ResourceInvoker invoker)
   at Microsoft.AspNetCore.Routing.EndpointMiddleware.<Invoke>g__AwaitRequestTask|7_0(Endpoint endpoint, Task requestTask, ILogger logger)
   at Microsoft.AspNetCore.Diagnostics.ExceptionHandlerMiddlewareImpl.<Invoke>g__Awaited|10_0(ExceptionHandlerMiddlewareImpl middleware, HttpContext context, Task task)
2026-08-26 00:41:51.3019|Error|Microsoft.AspNetCore.Diagnostics.DeveloperExceptionPageMiddleware|CorrelationId=|An unhandled exception has occurred while executing the request. Npgsql.NpgsqlException (0x80004005): No password has been provided but the backend requires one (in SASL/SCRAM-SHA-256)
   at Npgsql.Internal.NpgsqlConnector.AuthenticateSASL(List`1 mechanisms, String username, Boolean async, CancellationToken cancellationToken)
   at Npgsql.Internal.NpgsqlConnector.Authenticate(String username, NpgsqlTimeout timeout, Boolean async, CancellationToken cancellationToken)
   at Npgsql.Internal.NpgsqlConnector.<Open>g__OpenCore|209_0(NpgsqlConnector conn, String username, SslMode sslMode, GssEncryptionMode gssEncMode, NpgsqlTimeout timeout, Boolean async, CancellationToken cancellationToken)
   at Npgsql.Internal.NpgsqlConnector.<Open>g__OpenCore|209_0(NpgsqlConnector conn, String username, SslMode sslMode, GssEncryptionMode gssEncMode, NpgsqlTimeout timeout, Boolean async, CancellationToken cancellationToken)
   at Npgsql.Internal.NpgsqlConnector.Open(NpgsqlTimeout timeout, Boolean async, CancellationToken cancellationToken)
   at Npgsql.PoolingDataSource.OpenNewConnector(NpgsqlConnection conn, NpgsqlTimeout timeout, Boolean async, CancellationToken cancellationToken)
   at Npgsql.PoolingDataSource.<Get>g__RentAsync|33_0(NpgsqlConnection conn, NpgsqlTimeout timeout, Boolean async, CancellationToken cancellationToken)
   at Npgsql.NpgsqlConnection.<Open>g__OpenAsync|42_0(Boolean async, CancellationToken cancellationToken)
   at Microsoft.EntityFrameworkCore.Storage.RelationalConnection.OpenInternalAsync(Boolean errorsExpected, CancellationToken cancellationToken)
   at Microsoft.EntityFrameworkCore.Storage.RelationalConnection.OpenInternalAsync(Boolean errorsExpected, CancellationToken cancellationToken)
   at Microsoft.EntityFrameworkCore.Storage.RelationalConnection.OpenAsync(CancellationToken cancellationToken, Boolean errorsExpected)
   at Microsoft.EntityFrameworkCore.Storage.RelationalCommand.ExecuteReaderAsync(RelationalCommandParameterObject parameterObject, CancellationToken cancellationToken)
   at Microsoft.EntityFrameworkCore.Query.Internal.SingleQueryingEnumerable`1.AsyncEnumerator.InitializeReaderAsync(AsyncEnumerator enumerator, CancellationToken cancellationToken)
   at Npgsql.EntityFrameworkCore.PostgreSQL.Storage.Internal.NpgsqlExecutionStrategy.ExecuteAsync[TState,TResult](TState state, Func`4 operation, Func`4 verifySucceeded, CancellationToken cancellationToken)
   at Microsoft.EntityFrameworkCore.Query.Internal.SingleQueryingEnumerable`1.AsyncEnumerator.MoveNextAsync()
   at Microsoft.EntityFrameworkCore.Query.ShapedQueryCompilingExpressionVisitor.SingleAsync[TSource](IAsyncEnumerable`1 asyncEnumerable, CancellationToken cancellationToken)
   at Microsoft.EntityFrameworkCore.Query.ShapedQueryCompilingExpressionVisitor.SingleAsync[TSource](IAsyncEnumerable`1 asyncEnumerable, CancellationToken cancellationToken)
   at SmartLoan.Application.Customers.GetCustomersHandler.Handle(GetCustomersQuery request, CancellationToken cancellationToken) in D:\isaac\educational purpose only\.net\kyas pro\SmartLoanTracker\SmartLoan.Application\Customers\Queries\GetAllCustomer\CustomerListDto.cs:line 33
   at SmartLoan.Application.Common.Behaviors.ValidationBehavior`2.Handle(TRequest request, RequestHandlerDelegate`1 next, CancellationToken cancellationToken) in D:\isaac\educational purpose only\.net\kyas pro\SmartLoanTracker\SmartLoan.Application\Common\Behaviors\ValidationBehavior.cs:line 32
   at SmartLoan.Application.Common.Behaviors.LoggingBehavior`2.Handle(TRequest request, RequestHandlerDelegate`1 next, CancellationToken cancellationToken) in D:\isaac\educational purpose only\.net\kyas pro\SmartLoanTracker\SmartLoan.Application\Common\Behaviors\LoggingBehavior.cs:line 14
   at SmartLoan.Api.Controllers.CustomersController.GetAll(PagedRequest request) in D:\isaac\educational purpose only\.net\kyas pro\SmartLoanTracker\SmartLoan.Api\Controllers\CustomersController.cs:line 28
   at lambda_method11(Closure, Object)
   at Microsoft.AspNetCore.Mvc.Infrastructure.ActionMethodExecutor.AwaitableObjectResultExecutor.Execute(ActionContext actionContext, IActionResultTypeMapper mapper, ObjectMethodExecutor executor, Object controller, Object[] arguments)
   at Microsoft.AspNetCore.Mvc.Infrastructure.ControllerActionInvoker.<InvokeActionMethodAsync>g__Awaited|12_0(ControllerActionInvoker invoker, ValueTask`1 actionResultValueTask)
   at Microsoft.AspNetCore.Mvc.Infrastructure.ControllerActionInvoker.<InvokeNextActionFilterAsync>g__Awaited|10_0(ControllerActionInvoker invoker, Task lastTask, State next, Scope scope, Object state, Boolean isCompleted)
   at Microsoft.AspNetCore.Mvc.Infrastructure.ControllerActionInvoker.Rethrow(ActionExecutedContextSealed context)
   at Microsoft.AspNetCore.Mvc.Infrastructure.ControllerActionInvoker.Next(State& next, Scope& scope, Object& state, Boolean& isCompleted)
   at Microsoft.AspNetCore.Mvc.Infrastructure.ControllerActionInvoker.<InvokeInnerFilterAsync>g__Awaited|13_0(ControllerActionInvoker invoker, Task lastTask, State next, Scope scope, Object state, Boolean isCompleted)
   at Microsoft.AspNetCore.Mvc.Infrastructure.ResourceInvoker.<InvokeFilterPipelineAsync>g__Awaited|20_0(ResourceInvoker invoker, Task lastTask, State next, Scope scope, Object state, Boolean isCompleted)
   at Microsoft.AspNetCore.Mvc.Infrastructure.ResourceInvoker.<InvokeAsync>g__Logged|17_1(ResourceInvoker invoker)
   at Microsoft.AspNetCore.Mvc.Infrastructure.ResourceInvoker.<InvokeAsync>g__Logged|17_1(ResourceInvoker invoker)
   at Microsoft.AspNetCore.Routing.EndpointMiddleware.<Invoke>g__AwaitRequestTask|7_0(Endpoint endpoint, Task requestTask, ILogger logger)
   at Microsoft.AspNetCore.Diagnostics.ExceptionHandlerMiddlewareImpl.<Invoke>g__Awaited|10_0(ExceptionHandlerMiddlewareImpl middleware, HttpContext context, Task task)
   at Microsoft.AspNetCore.Diagnostics.ExceptionHandlerMiddlewareImpl.HandleException(HttpContext context, ExceptionDispatchInfo edi)
   at Microsoft.AspNetCore.Diagnostics.ExceptionHandlerMiddlewareImpl.HandleException(HttpContext context, ExceptionDispatchInfo edi)
   at Microsoft.AspNetCore.Diagnostics.ExceptionHandlerMiddlewareImpl.<Invoke>g__Awaited|10_0(ExceptionHandlerMiddlewareImpl middleware, HttpContext context, Task task)
   at Microsoft.AspNetCore.Authorization.AuthorizationMiddleware.Invoke(HttpContext context)
   at Microsoft.AspNetCore.Authentication.AuthenticationMiddleware.Invoke(HttpContext context)
   at SmartLoan.Api.Middleware.SecurityHeadersMiddleware.InvokeAsync(HttpContext context) in D:\isaac\educational purpose only\.net\kyas pro\SmartLoanTracker\SmartLoan.Api\Middleware\SecurityHeadersMiddleware.cs:line 17
   at SmartLoan.Api.Middleware.CorrelationIdMiddleware.InvokeAsync(HttpContext context) in D:\isaac\educational purpose only\.net\kyas pro\SmartLoanTracker\SmartLoan.Api\Middleware\CorrelationIdMiddleware.cs:line 13
   at Microsoft.AspNetCore.Diagnostics.DeveloperExceptionPageMiddlewareImpl.Invoke(HttpContext context)
2026-08-26 00:41:51.3499|Info|Microsoft.AspNetCore.Hosting.Diagnostics|CorrelationId=|Request finished HTTP/1.1 GET http://localhost:5176/api/v1/Customers - 500 - application/problem+json 1403.3329ms 
2026-08-26 00:42:52.3556|Info|Microsoft.AspNetCore.Hosting.Diagnostics|CorrelationId=|Request starting HTTP/1.1 GET http://localhost:5176/api/v1/Customers - - - 
2026-08-26 00:42:52.3556|Info|Microsoft.AspNetCore.Routing.EndpointMiddleware|CorrelationId=03b06b42-330d-46d9-bb8f-f8954d812cdb|Executing endpoint 'SmartLoan.Api.Controllers.CustomersController.GetAll (SmartLoan.Api)' 
2026-08-26 00:42:52.3587|Info|Microsoft.AspNetCore.Mvc.Infrastructure.ControllerActionInvoker|CorrelationId=03b06b42-330d-46d9-bb8f-f8954d812cdb|Route matched with {action = "GetAll", controller = "Customers"}. Executing controller action with signature System.Threading.Tasks.Task`1[Microsoft.AspNetCore.Mvc.ActionResult`1[SmartLoan.Application.Common.PagedResponse`1[SmartLoan.Application.Customers.CustomerDetailsDto]]] GetAll(SmartLoan.Application.Common.PagedRequest) on controller SmartLoan.Api.Controllers.CustomersController (SmartLoan.Api). 
2026-08-26 00:42:52.3587|Info|SmartLoan.Application.Common.Behaviors.LoggingBehavior|CorrelationId=03b06b42-330d-46d9-bb8f-f8954d812cdb|smartloan Request:GetCustomersQuery starting... 
2026-08-26 00:42:52.5135|Error|Microsoft.EntityFrameworkCore.Database.Connection|CorrelationId=03b06b42-330d-46d9-bb8f-f8954d812cdb|An error occurred using the connection to database '...' on server 'tcp://localhost:5432'. 
2026-08-26 00:42:52.5152|Error|Microsoft.EntityFrameworkCore.Query|CorrelationId=03b06b42-330d-46d9-bb8f-f8954d812cdb|An exception occurred while iterating over the results of a query for context type 'SmartLoan.Infrastructure.Persistence.ApplicationDbContext'.
Npgsql.NpgsqlException (0x80004005): No password has been provided but the backend requires one (in SASL/SCRAM-SHA-256)
   at Npgsql.Internal.NpgsqlConnector.AuthenticateSASL(List`1 mechanisms, String username, Boolean async, CancellationToken cancellationToken)
   at Npgsql.Internal.NpgsqlConnector.Authenticate(String username, NpgsqlTimeout timeout, Boolean async, CancellationToken cancellationToken)
   at Npgsql.Internal.NpgsqlConnector.<Open>g__OpenCore|209_0(NpgsqlConnector conn, String username, SslMode sslMode, GssEncryptionMode gssEncMode, NpgsqlTimeout timeout, Boolean async, CancellationToken cancellationToken)
   at Npgsql.Internal.NpgsqlConnector.<Open>g__OpenCore|209_0(NpgsqlConnector conn, String username, SslMode sslMode, GssEncryptionMode gssEncMode, NpgsqlTimeout timeout, Boolean async, CancellationToken cancellationToken)
   at Npgsql.Internal.NpgsqlConnector.Open(NpgsqlTimeout timeout, Boolean async, CancellationToken cancellationToken)
   at Npgsql.PoolingDataSource.OpenNewConnector(NpgsqlConnection conn, NpgsqlTimeout timeout, Boolean async, CancellationToken cancellationToken)
   at Npgsql.PoolingDataSource.<Get>g__RentAsync|33_0(NpgsqlConnection conn, NpgsqlTimeout timeout, Boolean async, CancellationToken cancellationToken)
   at Npgsql.NpgsqlConnection.<Open>g__OpenAsync|42_0(Boolean async, CancellationToken cancellationToken)
   at Microsoft.EntityFrameworkCore.Storage.RelationalConnection.OpenInternalAsync(Boolean errorsExpected, CancellationToken cancellationToken)
   at Microsoft.EntityFrameworkCore.Storage.RelationalConnection.OpenInternalAsync(Boolean errorsExpected, CancellationToken cancellationToken)
   at Microsoft.EntityFrameworkCore.Storage.RelationalConnection.OpenAsync(CancellationToken cancellationToken, Boolean errorsExpected)
   at Microsoft.EntityFrameworkCore.Storage.RelationalCommand.ExecuteReaderAsync(RelationalCommandParameterObject parameterObject, CancellationToken cancellationToken)
   at Microsoft.EntityFrameworkCore.Query.Internal.SingleQueryingEnumerable`1.AsyncEnumerator.InitializeReaderAsync(AsyncEnumerator enumerator, CancellationToken cancellationToken)
   at Npgsql.EntityFrameworkCore.PostgreSQL.Storage.Internal.NpgsqlExecutionStrategy.ExecuteAsync[TState,TResult](TState state, Func`4 operation, Func`4 verifySucceeded, CancellationToken cancellationToken)
   at Microsoft.EntityFrameworkCore.Query.Internal.SingleQueryingEnumerable`1.AsyncEnumerator.MoveNextAsync() Npgsql.NpgsqlException (0x80004005): No password has been provided but the backend requires one (in SASL/SCRAM-SHA-256)
   at Npgsql.Internal.NpgsqlConnector.AuthenticateSASL(List`1 mechanisms, String username, Boolean async, CancellationToken cancellationToken)
   at Npgsql.Internal.NpgsqlConnector.Authenticate(String username, NpgsqlTimeout timeout, Boolean async, CancellationToken cancellationToken)
   at Npgsql.Internal.NpgsqlConnector.<Open>g__OpenCore|209_0(NpgsqlConnector conn, String username, SslMode sslMode, GssEncryptionMode gssEncMode, NpgsqlTimeout timeout, Boolean async, CancellationToken cancellationToken)
   at Npgsql.Internal.NpgsqlConnector.<Open>g__OpenCore|209_0(NpgsqlConnector conn, String username, SslMode sslMode, GssEncryptionMode gssEncMode, NpgsqlTimeout timeout, Boolean async, CancellationToken cancellationToken)
   at Npgsql.Internal.NpgsqlConnector.Open(NpgsqlTimeout timeout, Boolean async, CancellationToken cancellationToken)
   at Npgsql.PoolingDataSource.OpenNewConnector(NpgsqlConnection conn, NpgsqlTimeout timeout, Boolean async, CancellationToken cancellationToken)
   at Npgsql.PoolingDataSource.<Get>g__RentAsync|33_0(NpgsqlConnection conn, NpgsqlTimeout timeout, Boolean async, CancellationToken cancellationToken)
   at Npgsql.NpgsqlConnection.<Open>g__OpenAsync|42_0(Boolean async, CancellationToken cancellationToken)
   at Microsoft.EntityFrameworkCore.Storage.RelationalConnection.OpenInternalAsync(Boolean errorsExpected, CancellationToken cancellationToken)
   at Microsoft.EntityFrameworkCore.Storage.RelationalConnection.OpenInternalAsync(Boolean errorsExpected, CancellationToken cancellationToken)
   at Microsoft.EntityFrameworkCore.Storage.RelationalConnection.OpenAsync(CancellationToken cancellationToken, Boolean errorsExpected)
   at Microsoft.EntityFrameworkCore.Storage.RelationalCommand.ExecuteReaderAsync(RelationalCommandParameterObject parameterObject, CancellationToken cancellationToken)
   at Microsoft.EntityFrameworkCore.Query.Internal.SingleQueryingEnumerable`1.AsyncEnumerator.InitializeReaderAsync(AsyncEnumerator enumerator, CancellationToken cancellationToken)
   at Npgsql.EntityFrameworkCore.PostgreSQL.Storage.Internal.NpgsqlExecutionStrategy.ExecuteAsync[TState,TResult](TState state, Func`4 operation, Func`4 verifySucceeded, CancellationToken cancellationToken)
   at Microsoft.EntityFrameworkCore.Query.Internal.SingleQueryingEnumerable`1.AsyncEnumerator.MoveNextAsync()
2026-08-26 00:42:52.5152|Info|Microsoft.AspNetCore.Mvc.Infrastructure.ControllerActionInvoker|CorrelationId=03b06b42-330d-46d9-bb8f-f8954d812cdb|Executed action SmartLoan.Api.Controllers.CustomersController.GetAll (SmartLoan.Api) in 159.0504ms 
2026-08-26 00:42:52.5152|Info|Microsoft.AspNetCore.Routing.EndpointMiddleware|CorrelationId=03b06b42-330d-46d9-bb8f-f8954d812cdb|Executed endpoint 'SmartLoan.Api.Controllers.CustomersController.GetAll (SmartLoan.Api)' 
2026-08-26 00:42:52.5152|Error|SmartLoan.Api.Middleware.GlobalExeptionHandle|CorrelationId=03b06b42-330d-46d9-bb8f-f8954d812cdb|an error occurred:No password has been provided but the backend requires one (in SASL/SCRAM-SHA-256) Npgsql.NpgsqlException (0x80004005): No password has been provided but the backend requires one (in SASL/SCRAM-SHA-256)
   at Npgsql.Internal.NpgsqlConnector.AuthenticateSASL(List`1 mechanisms, String username, Boolean async, CancellationToken cancellationToken)
   at Npgsql.Internal.NpgsqlConnector.Authenticate(String username, NpgsqlTimeout timeout, Boolean async, CancellationToken cancellationToken)
   at Npgsql.Internal.NpgsqlConnector.<Open>g__OpenCore|209_0(NpgsqlConnector conn, String username, SslMode sslMode, GssEncryptionMode gssEncMode, NpgsqlTimeout timeout, Boolean async, CancellationToken cancellationToken)
   at Npgsql.Internal.NpgsqlConnector.<Open>g__OpenCore|209_0(NpgsqlConnector conn, String username, SslMode sslMode, GssEncryptionMode gssEncMode, NpgsqlTimeout timeout, Boolean async, CancellationToken cancellationToken)
   at Npgsql.Internal.NpgsqlConnector.Open(NpgsqlTimeout timeout, Boolean async, CancellationToken cancellationToken)
   at Npgsql.PoolingDataSource.OpenNewConnector(NpgsqlConnection conn, NpgsqlTimeout timeout, Boolean async, CancellationToken cancellationToken)
   at Npgsql.PoolingDataSource.<Get>g__RentAsync|33_0(NpgsqlConnection conn, NpgsqlTimeout timeout, Boolean async, CancellationToken cancellationToken)
   at Npgsql.NpgsqlConnection.<Open>g__OpenAsync|42_0(Boolean async, CancellationToken cancellationToken)
   at Microsoft.EntityFrameworkCore.Storage.RelationalConnection.OpenInternalAsync(Boolean errorsExpected, CancellationToken cancellationToken)
   at Microsoft.EntityFrameworkCore.Storage.RelationalConnection.OpenInternalAsync(Boolean errorsExpected, CancellationToken cancellationToken)
   at Microsoft.EntityFrameworkCore.Storage.RelationalConnection.OpenAsync(CancellationToken cancellationToken, Boolean errorsExpected)
   at Microsoft.EntityFrameworkCore.Storage.RelationalCommand.ExecuteReaderAsync(RelationalCommandParameterObject parameterObject, CancellationToken cancellationToken)
   at Microsoft.EntityFrameworkCore.Query.Internal.SingleQueryingEnumerable`1.AsyncEnumerator.InitializeReaderAsync(AsyncEnumerator enumerator, CancellationToken cancellationToken)
   at Npgsql.EntityFrameworkCore.PostgreSQL.Storage.Internal.NpgsqlExecutionStrategy.ExecuteAsync[TState,TResult](TState state, Func`4 operation, Func`4 verifySucceeded, CancellationToken cancellationToken)
   at Microsoft.EntityFrameworkCore.Query.Internal.SingleQueryingEnumerable`1.AsyncEnumerator.MoveNextAsync()
   at Microsoft.EntityFrameworkCore.Query.ShapedQueryCompilingExpressionVisitor.SingleAsync[TSource](IAsyncEnumerable`1 asyncEnumerable, CancellationToken cancellationToken)
   at Microsoft.EntityFrameworkCore.Query.ShapedQueryCompilingExpressionVisitor.SingleAsync[TSource](IAsyncEnumerable`1 asyncEnumerable, CancellationToken cancellationToken)
   at SmartLoan.Application.Customers.GetCustomersHandler.Handle(GetCustomersQuery request, CancellationToken cancellationToken) in D:\isaac\educational purpose only\.net\kyas pro\SmartLoanTracker\SmartLoan.Application\Customers\Queries\GetAllCustomer\CustomerListDto.cs:line 33
   at SmartLoan.Application.Common.Behaviors.ValidationBehavior`2.Handle(TRequest request, RequestHandlerDelegate`1 next, CancellationToken cancellationToken) in D:\isaac\educational purpose only\.net\kyas pro\SmartLoanTracker\SmartLoan.Application\Common\Behaviors\ValidationBehavior.cs:line 32
   at SmartLoan.Application.Common.Behaviors.LoggingBehavior`2.Handle(TRequest request, RequestHandlerDelegate`1 next, CancellationToken cancellationToken) in D:\isaac\educational purpose only\.net\kyas pro\SmartLoanTracker\SmartLoan.Application\Common\Behaviors\LoggingBehavior.cs:line 14
   at SmartLoan.Api.Controllers.CustomersController.GetAll(PagedRequest request) in D:\isaac\educational purpose only\.net\kyas pro\SmartLoanTracker\SmartLoan.Api\Controllers\CustomersController.cs:line 28
   at lambda_method11(Closure, Object)
   at Microsoft.AspNetCore.Mvc.Infrastructure.ActionMethodExecutor.AwaitableObjectResultExecutor.Execute(ActionContext actionContext, IActionResultTypeMapper mapper, ObjectMethodExecutor executor, Object controller, Object[] arguments)
   at Microsoft.AspNetCore.Mvc.Infrastructure.ControllerActionInvoker.<InvokeActionMethodAsync>g__Awaited|12_0(ControllerActionInvoker invoker, ValueTask`1 actionResultValueTask)
   at Microsoft.AspNetCore.Mvc.Infrastructure.ControllerActionInvoker.<InvokeNextActionFilterAsync>g__Awaited|10_0(ControllerActionInvoker invoker, Task lastTask, State next, Scope scope, Object state, Boolean isCompleted)
   at Microsoft.AspNetCore.Mvc.Infrastructure.ControllerActionInvoker.Rethrow(ActionExecutedContextSealed context)
   at Microsoft.AspNetCore.Mvc.Infrastructure.ControllerActionInvoker.Next(State& next, Scope& scope, Object& state, Boolean& isCompleted)
   at Microsoft.AspNetCore.Mvc.Infrastructure.ControllerActionInvoker.<InvokeInnerFilterAsync>g__Awaited|13_0(ControllerActionInvoker invoker, Task lastTask, State next, Scope scope, Object state, Boolean isCompleted)
   at Microsoft.AspNetCore.Mvc.Infrastructure.ResourceInvoker.<InvokeFilterPipelineAsync>g__Awaited|20_0(ResourceInvoker invoker, Task lastTask, State next, Scope scope, Object state, Boolean isCompleted)
   at Microsoft.AspNetCore.Mvc.Infrastructure.ResourceInvoker.<InvokeAsync>g__Logged|17_1(ResourceInvoker invoker)
   at Microsoft.AspNetCore.Mvc.Infrastructure.ResourceInvoker.<InvokeAsync>g__Logged|17_1(ResourceInvoker invoker)
   at Microsoft.AspNetCore.Routing.EndpointMiddleware.<Invoke>g__AwaitRequestTask|7_0(Endpoint endpoint, Task requestTask, ILogger logger)
   at Microsoft.AspNetCore.Diagnostics.ExceptionHandlerMiddlewareImpl.<Invoke>g__Awaited|10_0(ExceptionHandlerMiddlewareImpl middleware, HttpContext context, Task task)
2026-08-26 00:42:52.5152|Error|Microsoft.AspNetCore.Diagnostics.ExceptionHandlerMiddleware|CorrelationId=03b06b42-330d-46d9-bb8f-f8954d812cdb|An exception was thrown attempting to execute the error handler. System.Runtime.CompilerServices.SwitchExpressionException: Non-exhaustive switch expression failed to match its input.
Unmatched value was Npgsql.NpgsqlException (0x80004005): No password has been provided but the backend requires one (in SASL/SCRAM-SHA-256)
   at Npgsql.Internal.NpgsqlConnector.AuthenticateSASL(List`1 mechanisms, String username, Boolean async, CancellationToken cancellationToken)
   at Npgsql.Internal.NpgsqlConnector.Authenticate(String username, NpgsqlTimeout timeout, Boolean async, CancellationToken cancellationToken)
   at Npgsql.Internal.NpgsqlConnector.<Open>g__OpenCore|209_0(NpgsqlConnector conn, String username, SslMode sslMode, GssEncryptionMode gssEncMode, NpgsqlTimeout timeout, Boolean async, CancellationToken cancellationToken)
   at Npgsql.Internal.NpgsqlConnector.<Open>g__OpenCore|209_0(NpgsqlConnector conn, String username, SslMode sslMode, GssEncryptionMode gssEncMode, NpgsqlTimeout timeout, Boolean async, CancellationToken cancellationToken)
   at Npgsql.Internal.NpgsqlConnector.Open(NpgsqlTimeout timeout, Boolean async, CancellationToken cancellationToken)
   at Npgsql.PoolingDataSource.OpenNewConnector(NpgsqlConnection conn, NpgsqlTimeout timeout, Boolean async, CancellationToken cancellationToken)
   at Npgsql.PoolingDataSource.<Get>g__RentAsync|33_0(NpgsqlConnection conn, NpgsqlTimeout timeout, Boolean async, CancellationToken cancellationToken)
   at Npgsql.NpgsqlConnection.<Open>g__OpenAsync|42_0(Boolean async, CancellationToken cancellationToken)
   at Microsoft.EntityFrameworkCore.Storage.RelationalConnection.OpenInternalAsync(Boolean errorsExpected, CancellationToken cancellationToken)
   at Microsoft.EntityFrameworkCore.Storage.RelationalConnection.OpenInternalAsync(Boolean errorsExpected, CancellationToken cancellationToken)
   at Microsoft.EntityFrameworkCore.Storage.RelationalConnection.OpenAsync(CancellationToken cancellationToken, Boolean errorsExpected)
   at Microsoft.EntityFrameworkCore.Storage.RelationalCommand.ExecuteReaderAsync(RelationalCommandParameterObject parameterObject, CancellationToken cancellationToken)
   at Microsoft.EntityFrameworkCore.Query.Internal.SingleQueryingEnumerable`1.AsyncEnumerator.InitializeReaderAsync(AsyncEnumerator enumerator, CancellationToken cancellationToken)
   at Npgsql.EntityFrameworkCore.PostgreSQL.Storage.Internal.NpgsqlExecutionStrategy.ExecuteAsync[TState,TResult](TState state, Func`4 operation, Func`4 verifySucceeded, CancellationToken cancellationToken)
   at Microsoft.EntityFrameworkCore.Query.Internal.SingleQueryingEnumerable`1.AsyncEnumerator.MoveNextAsync()
   at Microsoft.EntityFrameworkCore.Query.ShapedQueryCompilingExpressionVisitor.SingleAsync[TSource](IAsyncEnumerable`1 asyncEnumerable, CancellationToken cancellationToken)
   at Microsoft.EntityFrameworkCore.Query.ShapedQueryCompilingExpressionVisitor.SingleAsync[TSource](IAsyncEnumerable`1 asyncEnumerable, CancellationToken cancellationToken)
   at SmartLoan.Application.Customers.GetCustomersHandler.Handle(GetCustomersQuery request, CancellationToken cancellationToken) in D:\isaac\educational purpose only\.net\kyas pro\SmartLoanTracker\SmartLoan.Application\Customers\Queries\GetAllCustomer\CustomerListDto.cs:line 33
   at SmartLoan.Application.Common.Behaviors.ValidationBehavior`2.Handle(TRequest request, RequestHandlerDelegate`1 next, CancellationToken cancellationToken) in D:\isaac\educational purpose only\.net\kyas pro\SmartLoanTracker\SmartLoan.Application\Common\Behaviors\ValidationBehavior.cs:line 32
   at SmartLoan.Application.Common.Behaviors.LoggingBehavior`2.Handle(TRequest request, RequestHandlerDelegate`1 next, CancellationToken cancellationToken) in D:\isaac\educational purpose only\.net\kyas pro\SmartLoanTracker\SmartLoan.Application\Common\Behaviors\LoggingBehavior.cs:line 14
   at SmartLoan.Api.Controllers.CustomersController.GetAll(PagedRequest request) in D:\isaac\educational purpose only\.net\kyas pro\SmartLoanTracker\SmartLoan.Api\Controllers\CustomersController.cs:line 28
   at lambda_method11(Closure, Object)
   at Microsoft.AspNetCore.Mvc.Infrastructure.ActionMethodExecutor.AwaitableObjectResultExecutor.Execute(ActionContext actionContext, IActionResultTypeMapper mapper, ObjectMethodExecutor executor, Object controller, Object[] arguments)
   at Microsoft.AspNetCore.Mvc.Infrastructure.ControllerActionInvoker.<InvokeActionMethodAsync>g__Awaited|12_0(ControllerActionInvoker invoker, ValueTask`1 actionResultValueTask)
   at Microsoft.AspNetCore.Mvc.Infrastructure.ControllerActionInvoker.<InvokeNextActionFilterAsync>g__Awaited|10_0(ControllerActionInvoker invoker, Task lastTask, State next, Scope scope, Object state, Boolean isCompleted)
   at Microsoft.AspNetCore.Mvc.Infrastructure.ControllerActionInvoker.Rethrow(ActionExecutedContextSealed context)
   at Microsoft.AspNetCore.Mvc.Infrastructure.ControllerActionInvoker.Next(State& next, Scope& scope, Object& state, Boolean& isCompleted)
   at Microsoft.AspNetCore.Mvc.Infrastructure.ControllerActionInvoker.<InvokeInnerFilterAsync>g__Awaited|13_0(ControllerActionInvoker invoker, Task lastTask, State next, Scope scope, Object state, Boolean isCompleted)
   at Microsoft.AspNetCore.Mvc.Infrastructure.ResourceInvoker.<InvokeFilterPipelineAsync>g__Awaited|20_0(ResourceInvoker invoker, Task lastTask, State next, Scope scope, Object state, Boolean isCompleted)
   at Microsoft.AspNetCore.Mvc.Infrastructure.ResourceInvoker.<InvokeAsync>g__Logged|17_1(ResourceInvoker invoker)
   at Microsoft.AspNetCore.Mvc.Infrastructure.ResourceInvoker.<InvokeAsync>g__Logged|17_1(ResourceInvoker invoker)
   at Microsoft.AspNetCore.Routing.EndpointMiddleware.<Invoke>g__AwaitRequestTask|7_0(Endpoint endpoint, Task requestTask, ILogger logger)
   at Microsoft.AspNetCore.Diagnostics.ExceptionHandlerMiddlewareImpl.<Invoke>g__Awaited|10_0(ExceptionHandlerMiddlewareImpl middleware, HttpContext context, Task task).
   at <PrivateImplementationDetails>.ThrowSwitchExpressionException(Object unmatchedValue)
   at SmartLoan.Api.Middleware.GlobalExeptionHandle.TryHandleAsync(HttpContext httpContext, Exception exception, CancellationToken cancellationToken) in D:\isaac\educational purpose only\.net\kyas pro\SmartLoanTracker\SmartLoan.Api\Middleware\GlobalExeptionHandle.cs:line 13
   at Microsoft.AspNetCore.Diagnostics.ExceptionHandlerMiddlewareImpl.HandleException(HttpContext context, ExceptionDispatchInfo edi)
2026-08-26 00:42:52.5351|Error|Microsoft.AspNetCore.Diagnostics.ExceptionHandlerMiddleware|CorrelationId=03b06b42-330d-46d9-bb8f-f8954d812cdb|An unhandled exception has occurred while executing the request. Npgsql.NpgsqlException (0x80004005): No password has been provided but the backend requires one (in SASL/SCRAM-SHA-256)
   at Npgsql.Internal.NpgsqlConnector.AuthenticateSASL(List`1 mechanisms, String username, Boolean async, CancellationToken cancellationToken)
   at Npgsql.Internal.NpgsqlConnector.Authenticate(String username, NpgsqlTimeout timeout, Boolean async, CancellationToken cancellationToken)
   at Npgsql.Internal.NpgsqlConnector.<Open>g__OpenCore|209_0(NpgsqlConnector conn, String username, SslMode sslMode, GssEncryptionMode gssEncMode, NpgsqlTimeout timeout, Boolean async, CancellationToken cancellationToken)
   at Npgsql.Internal.NpgsqlConnector.<Open>g__OpenCore|209_0(NpgsqlConnector conn, String username, SslMode sslMode, GssEncryptionMode gssEncMode, NpgsqlTimeout timeout, Boolean async, CancellationToken cancellationToken)
   at Npgsql.Internal.NpgsqlConnector.Open(NpgsqlTimeout timeout, Boolean async, CancellationToken cancellationToken)
   at Npgsql.PoolingDataSource.OpenNewConnector(NpgsqlConnection conn, NpgsqlTimeout timeout, Boolean async, CancellationToken cancellationToken)
   at Npgsql.PoolingDataSource.<Get>g__RentAsync|33_0(NpgsqlConnection conn, NpgsqlTimeout timeout, Boolean async, CancellationToken cancellationToken)
   at Npgsql.NpgsqlConnection.<Open>g__OpenAsync|42_0(Boolean async, CancellationToken cancellationToken)
   at Microsoft.EntityFrameworkCore.Storage.RelationalConnection.OpenInternalAsync(Boolean errorsExpected, CancellationToken cancellationToken)
   at Microsoft.EntityFrameworkCore.Storage.RelationalConnection.OpenInternalAsync(Boolean errorsExpected, CancellationToken cancellationToken)
   at Microsoft.EntityFrameworkCore.Storage.RelationalConnection.OpenAsync(CancellationToken cancellationToken, Boolean errorsExpected)
   at Microsoft.EntityFrameworkCore.Storage.RelationalCommand.ExecuteReaderAsync(RelationalCommandParameterObject parameterObject, CancellationToken cancellationToken)
   at Microsoft.EntityFrameworkCore.Query.Internal.SingleQueryingEnumerable`1.AsyncEnumerator.InitializeReaderAsync(AsyncEnumerator enumerator, CancellationToken cancellationToken)
   at Npgsql.EntityFrameworkCore.PostgreSQL.Storage.Internal.NpgsqlExecutionStrategy.ExecuteAsync[TState,TResult](TState state, Func`4 operation, Func`4 verifySucceeded, CancellationToken cancellationToken)
   at Microsoft.EntityFrameworkCore.Query.Internal.SingleQueryingEnumerable`1.AsyncEnumerator.MoveNextAsync()
   at Microsoft.EntityFrameworkCore.Query.ShapedQueryCompilingExpressionVisitor.SingleAsync[TSource](IAsyncEnumerable`1 asyncEnumerable, CancellationToken cancellationToken)
   at Microsoft.EntityFrameworkCore.Query.ShapedQueryCompilingExpressionVisitor.SingleAsync[TSource](IAsyncEnumerable`1 asyncEnumerable, CancellationToken cancellationToken)
   at SmartLoan.Application.Customers.GetCustomersHandler.Handle(GetCustomersQuery request, CancellationToken cancellationToken) in D:\isaac\educational purpose only\.net\kyas pro\SmartLoanTracker\SmartLoan.Application\Customers\Queries\GetAllCustomer\CustomerListDto.cs:line 33
   at SmartLoan.Application.Common.Behaviors.ValidationBehavior`2.Handle(TRequest request, RequestHandlerDelegate`1 next, CancellationToken cancellationToken) in D:\isaac\educational purpose only\.net\kyas pro\SmartLoanTracker\SmartLoan.Application\Common\Behaviors\ValidationBehavior.cs:line 32
   at SmartLoan.Application.Common.Behaviors.LoggingBehavior`2.Handle(TRequest request, RequestHandlerDelegate`1 next, CancellationToken cancellationToken) in D:\isaac\educational purpose only\.net\kyas pro\SmartLoanTracker\SmartLoan.Application\Common\Behaviors\LoggingBehavior.cs:line 14
   at SmartLoan.Api.Controllers.CustomersController.GetAll(PagedRequest request) in D:\isaac\educational purpose only\.net\kyas pro\SmartLoanTracker\SmartLoan.Api\Controllers\CustomersController.cs:line 28
   at lambda_method11(Closure, Object)
   at Microsoft.AspNetCore.Mvc.Infrastructure.ActionMethodExecutor.AwaitableObjectResultExecutor.Execute(ActionContext actionContext, IActionResultTypeMapper mapper, ObjectMethodExecutor executor, Object controller, Object[] arguments)
   at Microsoft.AspNetCore.Mvc.Infrastructure.ControllerActionInvoker.<InvokeActionMethodAsync>g__Awaited|12_0(ControllerActionInvoker invoker, ValueTask`1 actionResultValueTask)
   at Microsoft.AspNetCore.Mvc.Infrastructure.ControllerActionInvoker.<InvokeNextActionFilterAsync>g__Awaited|10_0(ControllerActionInvoker invoker, Task lastTask, State next, Scope scope, Object state, Boolean isCompleted)
   at Microsoft.AspNetCore.Mvc.Infrastructure.ControllerActionInvoker.Rethrow(ActionExecutedContextSealed context)
   at Microsoft.AspNetCore.Mvc.Infrastructure.ControllerActionInvoker.Next(State& next, Scope& scope, Object& state, Boolean& isCompleted)
   at Microsoft.AspNetCore.Mvc.Infrastructure.ControllerActionInvoker.<InvokeInnerFilterAsync>g__Awaited|13_0(ControllerActionInvoker invoker, Task lastTask, State next, Scope scope, Object state, Boolean isCompleted)
   at Microsoft.AspNetCore.Mvc.Infrastructure.ResourceInvoker.<InvokeFilterPipelineAsync>g__Awaited|20_0(ResourceInvoker invoker, Task lastTask, State next, Scope scope, Object state, Boolean isCompleted)
   at Microsoft.AspNetCore.Mvc.Infrastructure.ResourceInvoker.<InvokeAsync>g__Logged|17_1(ResourceInvoker invoker)
   at Microsoft.AspNetCore.Mvc.Infrastructure.ResourceInvoker.<InvokeAsync>g__Logged|17_1(ResourceInvoker invoker)
   at Microsoft.AspNetCore.Routing.EndpointMiddleware.<Invoke>g__AwaitRequestTask|7_0(Endpoint endpoint, Task requestTask, ILogger logger)
   at Microsoft.AspNetCore.Diagnostics.ExceptionHandlerMiddlewareImpl.<Invoke>g__Awaited|10_0(ExceptionHandlerMiddlewareImpl middleware, HttpContext context, Task task)
2026-08-26 00:42:52.5351|Error|Microsoft.AspNetCore.Diagnostics.DeveloperExceptionPageMiddleware|CorrelationId=|An unhandled exception has occurred while executing the request. Npgsql.NpgsqlException (0x80004005): No password has been provided but the backend requires one (in SASL/SCRAM-SHA-256)
   at Npgsql.Internal.NpgsqlConnector.AuthenticateSASL(List`1 mechanisms, String username, Boolean async, CancellationToken cancellationToken)
   at Npgsql.Internal.NpgsqlConnector.Authenticate(String username, NpgsqlTimeout timeout, Boolean async, CancellationToken cancellationToken)
   at Npgsql.Internal.NpgsqlConnector.<Open>g__OpenCore|209_0(NpgsqlConnector conn, String username, SslMode sslMode, GssEncryptionMode gssEncMode, NpgsqlTimeout timeout, Boolean async, CancellationToken cancellationToken)
   at Npgsql.Internal.NpgsqlConnector.<Open>g__OpenCore|209_0(NpgsqlConnector conn, String username, SslMode sslMode, GssEncryptionMode gssEncMode, NpgsqlTimeout timeout, Boolean async, CancellationToken cancellationToken)
   at Npgsql.Internal.NpgsqlConnector.Open(NpgsqlTimeout timeout, Boolean async, CancellationToken cancellationToken)
   at Npgsql.PoolingDataSource.OpenNewConnector(NpgsqlConnection conn, NpgsqlTimeout timeout, Boolean async, CancellationToken cancellationToken)
   at Npgsql.PoolingDataSource.<Get>g__RentAsync|33_0(NpgsqlConnection conn, NpgsqlTimeout timeout, Boolean async, CancellationToken cancellationToken)
   at Npgsql.NpgsqlConnection.<Open>g__OpenAsync|42_0(Boolean async, CancellationToken cancellationToken)
   at Microsoft.EntityFrameworkCore.Storage.RelationalConnection.OpenInternalAsync(Boolean errorsExpected, CancellationToken cancellationToken)
   at Microsoft.EntityFrameworkCore.Storage.RelationalConnection.OpenInternalAsync(Boolean errorsExpected, CancellationToken cancellationToken)
   at Microsoft.EntityFrameworkCore.Storage.RelationalConnection.OpenAsync(CancellationToken cancellationToken, Boolean errorsExpected)
   at Microsoft.EntityFrameworkCore.Storage.RelationalCommand.ExecuteReaderAsync(RelationalCommandParameterObject parameterObject, CancellationToken cancellationToken)
   at Microsoft.EntityFrameworkCore.Query.Internal.SingleQueryingEnumerable`1.AsyncEnumerator.InitializeReaderAsync(AsyncEnumerator enumerator, CancellationToken cancellationToken)
   at Npgsql.EntityFrameworkCore.PostgreSQL.Storage.Internal.NpgsqlExecutionStrategy.ExecuteAsync[TState,TResult](TState state, Func`4 operation, Func`4 verifySucceeded, CancellationToken cancellationToken)
   at Microsoft.EntityFrameworkCore.Query.Internal.SingleQueryingEnumerable`1.AsyncEnumerator.MoveNextAsync()
   at Microsoft.EntityFrameworkCore.Query.ShapedQueryCompilingExpressionVisitor.SingleAsync[TSource](IAsyncEnumerable`1 asyncEnumerable, CancellationToken cancellationToken)
   at Microsoft.EntityFrameworkCore.Query.ShapedQueryCompilingExpressionVisitor.SingleAsync[TSource](IAsyncEnumerable`1 asyncEnumerable, CancellationToken cancellationToken)
   at SmartLoan.Application.Customers.GetCustomersHandler.Handle(GetCustomersQuery request, CancellationToken cancellationToken) in D:\isaac\educational purpose only\.net\kyas pro\SmartLoanTracker\SmartLoan.Application\Customers\Queries\GetAllCustomer\CustomerListDto.cs:line 33
   at SmartLoan.Application.Common.Behaviors.ValidationBehavior`2.Handle(TRequest request, RequestHandlerDelegate`1 next, CancellationToken cancellationToken) in D:\isaac\educational purpose only\.net\kyas pro\SmartLoanTracker\SmartLoan.Application\Common\Behaviors\ValidationBehavior.cs:line 32
   at SmartLoan.Application.Common.Behaviors.LoggingBehavior`2.Handle(TRequest request, RequestHandlerDelegate`1 next, CancellationToken cancellationToken) in D:\isaac\educational purpose only\.net\kyas pro\SmartLoanTracker\SmartLoan.Application\Common\Behaviors\LoggingBehavior.cs:line 14
   at SmartLoan.Api.Controllers.CustomersController.GetAll(PagedRequest request) in D:\isaac\educational purpose only\.net\kyas pro\SmartLoanTracker\SmartLoan.Api\Controllers\CustomersController.cs:line 28
   at lambda_method11(Closure, Object)
   at Microsoft.AspNetCore.Mvc.Infrastructure.ActionMethodExecutor.AwaitableObjectResultExecutor.Execute(ActionContext actionContext, IActionResultTypeMapper mapper, ObjectMethodExecutor executor, Object controller, Object[] arguments)
   at Microsoft.AspNetCore.Mvc.Infrastructure.ControllerActionInvoker.<InvokeActionMethodAsync>g__Awaited|12_0(ControllerActionInvoker invoker, ValueTask`1 actionResultValueTask)
   at Microsoft.AspNetCore.Mvc.Infrastructure.ControllerActionInvoker.<InvokeNextActionFilterAsync>g__Awaited|10_0(ControllerActionInvoker invoker, Task lastTask, State next, Scope scope, Object state, Boolean isCompleted)
   at Microsoft.AspNetCore.Mvc.Infrastructure.ControllerActionInvoker.Rethrow(ActionExecutedContextSealed context)
   at Microsoft.AspNetCore.Mvc.Infrastructure.ControllerActionInvoker.Next(State& next, Scope& scope, Object& state, Boolean& isCompleted)
   at Microsoft.AspNetCore.Mvc.Infrastructure.ControllerActionInvoker.<InvokeInnerFilterAsync>g__Awaited|13_0(ControllerActionInvoker invoker, Task lastTask, State next, Scope scope, Object state, Boolean isCompleted)
   at Microsoft.AspNetCore.Mvc.Infrastructure.ResourceInvoker.<InvokeFilterPipelineAsync>g__Awaited|20_0(ResourceInvoker invoker, Task lastTask, State next, Scope scope, Object state, Boolean isCompleted)
   at Microsoft.AspNetCore.Mvc.Infrastructure.ResourceInvoker.<InvokeAsync>g__Logged|17_1(ResourceInvoker invoker)
   at Microsoft.AspNetCore.Mvc.Infrastructure.ResourceInvoker.<InvokeAsync>g__Logged|17_1(ResourceInvoker invoker)
   at Microsoft.AspNetCore.Routing.EndpointMiddleware.<Invoke>g__AwaitRequestTask|7_0(Endpoint endpoint, Task requestTask, ILogger logger)
   at Microsoft.AspNetCore.Diagnostics.ExceptionHandlerMiddlewareImpl.<Invoke>g__Awaited|10_0(ExceptionHandlerMiddlewareImpl middleware, HttpContext context, Task task)
   at Microsoft.AspNetCore.Diagnostics.ExceptionHandlerMiddlewareImpl.HandleException(HttpContext context, ExceptionDispatchInfo edi)
   at Microsoft.AspNetCore.Diagnostics.ExceptionHandlerMiddlewareImpl.HandleException(HttpContext context, ExceptionDispatchInfo edi)
   at Microsoft.AspNetCore.Diagnostics.ExceptionHandlerMiddlewareImpl.<Invoke>g__Awaited|10_0(ExceptionHandlerMiddlewareImpl middleware, HttpContext context, Task task)
   at Microsoft.AspNetCore.Authorization.AuthorizationMiddleware.Invoke(HttpContext context)
   at Microsoft.AspNetCore.Authentication.AuthenticationMiddleware.Invoke(HttpContext context)
   at SmartLoan.Api.Middleware.SecurityHeadersMiddleware.InvokeAsync(HttpContext context) in D:\isaac\educational purpose only\.net\kyas pro\SmartLoanTracker\SmartLoan.Api\Middleware\SecurityHeadersMiddleware.cs:line 17
   at SmartLoan.Api.Middleware.CorrelationIdMiddleware.InvokeAsync(HttpContext context) in D:\isaac\educational purpose only\.net\kyas pro\SmartLoanTracker\SmartLoan.Api\Middleware\CorrelationIdMiddleware.cs:line 13
   at Microsoft.AspNetCore.Diagnostics.DeveloperExceptionPageMiddlewareImpl.Invoke(HttpContext context)
2026-08-26 00:42:52.5526|Info|Microsoft.AspNetCore.Hosting.Diagnostics|CorrelationId=|Request finished HTTP/1.1 GET http://localhost:5176/api/v1/Customers - 500 - application/problem+json 197.0028ms 
2026-08-26 00:42:56.8463|Info|Microsoft.AspNetCore.Hosting.Diagnostics|CorrelationId=|Request starting HTTP/1.1 GET http://localhost:5176/.well-known/appspecific/com.chrome.devtools.json - - - 
2026-08-26 00:42:56.8463|Info|Microsoft.AspNetCore.Hosting.Diagnostics|CorrelationId=|Request finished HTTP/1.1 GET http://localhost:5176/.well-known/appspecific/com.chrome.devtools.json - 404 0 - 0.7683ms 
2026-08-26 00:42:56.8463|Info|Microsoft.AspNetCore.Hosting.Diagnostics|CorrelationId=|Request reached the end of the middleware pipeline without being handled by application code. Request path: GET http://localhost:5176/.well-known/appspecific/com.chrome.devtools.json, Response status code: 404 
2026-08-26 00:50:09.2351|Info|Microsoft.Hosting.Lifetime|CorrelationId=|Application is shutting down... 
2026-08-26 00:51:18.8094|Info|Microsoft.AspNetCore.DataProtection.KeyManagement.XmlKeyManager|CorrelationId=|User profile is available. Using 'C:\Users\isaac\AppData\Local\ASP.NET\DataProtection-Keys' as key repository and Windows DPAPI to encrypt keys at rest. 
2026-08-26 00:51:18.8388|Info|SmartLoan.Infrastructure.BackgroundJobs.ReportWorker|CorrelationId=|Report Worker is starting... 
2026-08-26 00:51:18.9192|Info|Microsoft.Hosting.Lifetime|CorrelationId=|Now listening on: http://localhost:5176 
2026-08-26 00:51:18.9192|Info|Microsoft.Hosting.Lifetime|CorrelationId=|Application started. Press Ctrl+C to shut down. 
2026-08-26 00:51:18.9192|Info|Microsoft.Hosting.Lifetime|CorrelationId=|Hosting environment: Development 
2026-08-26 00:51:18.9192|Info|Microsoft.Hosting.Lifetime|CorrelationId=|Content root path: D:\isaac\educational purpose only\.net\kyas pro\SmartLoanTracker\SmartLoan.Api 
2026-08-26 00:51:32.1910|Info|Microsoft.AspNetCore.Hosting.Diagnostics|CorrelationId=|Request starting HTTP/1.1 GET http://localhost:5176/scalar/ - - - 
2026-08-26 00:51:32.3218|Warn|Microsoft.AspNetCore.HttpsPolicy.HttpsRedirectionMiddleware|CorrelationId=b3291854-3461-4ef9-aebb-3cbb097cfefe|Failed to determine the https port for redirect. 
2026-08-26 00:51:32.3218|Info|Microsoft.AspNetCore.Routing.EndpointMiddleware|CorrelationId=b3291854-3461-4ef9-aebb-3cbb097cfefe|Executing endpoint 'HTTP: GET /scalar/{documentName?}' 
2026-08-26 00:51:32.5401|Info|Microsoft.AspNetCore.Http.Result.ContentResult|CorrelationId=b3291854-3461-4ef9-aebb-3cbb097cfefe|Write content with HTTP Response ContentType of text/html 
2026-08-26 00:51:32.5401|Info|Microsoft.AspNetCore.Routing.EndpointMiddleware|CorrelationId=b3291854-3461-4ef9-aebb-3cbb097cfefe|Executed endpoint 'HTTP: GET /scalar/{documentName?}' 
2026-08-26 00:51:32.5469|Info|Microsoft.AspNetCore.Hosting.Diagnostics|CorrelationId=|Request finished HTTP/1.1 GET http://localhost:5176/scalar/ - 200 637 text/html 360.3472ms 
2026-08-26 00:51:32.5836|Info|Microsoft.AspNetCore.Hosting.Diagnostics|CorrelationId=|Request starting HTTP/1.1 GET http://localhost:5176/scalar/scalar.aspnetcore.js - - - 
2026-08-26 00:51:32.5836|Info|Microsoft.AspNetCore.Hosting.Diagnostics|CorrelationId=|Request starting HTTP/1.1 GET http://localhost:5176/scalar/scalar.js - - - 
2026-08-26 00:51:32.5836|Info|Microsoft.AspNetCore.Routing.EndpointMiddleware|CorrelationId=f596b743-7029-4f2d-9232-5649643e2bac|Executing endpoint 'HTTP: GET /scalar/scalar.js' 
2026-08-26 00:51:32.5836|Info|Microsoft.AspNetCore.Cors.Infrastructure.CorsService|CorrelationId=216488a8-c1ae-4397-8fb6-bce5576c6b36|CORS policy execution successful. 
2026-08-26 00:51:32.5836|Info|Microsoft.AspNetCore.Routing.EndpointMiddleware|CorrelationId=216488a8-c1ae-4397-8fb6-bce5576c6b36|Executing endpoint 'HTTP: GET /scalar/scalar.aspnetcore.js' 
2026-08-26 00:51:32.5940|Info|Microsoft.AspNetCore.Http.Result.FileStreamResult|CorrelationId=216488a8-c1ae-4397-8fb6-bce5576c6b36|Sending file with download name ''. 
2026-08-26 00:51:32.5940|Info|Microsoft.AspNetCore.Routing.EndpointMiddleware|CorrelationId=216488a8-c1ae-4397-8fb6-bce5576c6b36|Executed endpoint 'HTTP: GET /scalar/scalar.aspnetcore.js' 
2026-08-26 00:51:32.5940|Info|Microsoft.AspNetCore.Hosting.Diagnostics|CorrelationId=|Request finished HTTP/1.1 GET http://localhost:5176/scalar/scalar.aspnetcore.js - 304 - - 13.3466ms 
2026-08-26 00:51:32.5940|Info|Microsoft.AspNetCore.Http.Result.FileStreamResult|CorrelationId=f596b743-7029-4f2d-9232-5649643e2bac|Sending file with download name ''. 
2026-08-26 00:51:32.5940|Info|Microsoft.AspNetCore.Routing.EndpointMiddleware|CorrelationId=f596b743-7029-4f2d-9232-5649643e2bac|Executed endpoint 'HTTP: GET /scalar/scalar.js' 
2026-08-26 00:51:32.5940|Info|Microsoft.AspNetCore.Hosting.Diagnostics|CorrelationId=|Request finished HTTP/1.1 GET http://localhost:5176/scalar/scalar.js - 304 - - 14.6773ms 
2026-08-26 00:51:32.6943|Info|Microsoft.AspNetCore.Hosting.Diagnostics|CorrelationId=|Request starting HTTP/1.1 GET http://localhost:5176/openapi/v1.json - - - 
2026-08-26 00:51:32.6943|Info|Microsoft.AspNetCore.Routing.EndpointMiddleware|CorrelationId=d4820b62-99da-44f9-90db-9fa804e951c9|Executing endpoint 'HTTP: GET /openapi/{documentName}.json' 
2026-08-26 00:51:32.8332|Info|Microsoft.AspNetCore.Hosting.Diagnostics|CorrelationId=|Request starting HTTP/1.1 GET http://localhost:5176/scalar/favicon.svg - - - 
2026-08-26 00:51:32.8332|Info|Microsoft.AspNetCore.Routing.EndpointMiddleware|CorrelationId=c7b3c96f-799b-430e-8aec-b0b491c5c033|Executing endpoint 'HTTP: GET /scalar/favicon.svg' 
2026-08-26 00:51:32.8332|Info|Microsoft.AspNetCore.Http.Result.FileStreamResult|CorrelationId=c7b3c96f-799b-430e-8aec-b0b491c5c033|Sending file with download name ''. 
2026-08-26 00:51:32.8332|Info|Microsoft.AspNetCore.Routing.EndpointMiddleware|CorrelationId=c7b3c96f-799b-430e-8aec-b0b491c5c033|Executed endpoint 'HTTP: GET /scalar/favicon.svg' 
2026-08-26 00:51:32.8332|Info|Microsoft.AspNetCore.Hosting.Diagnostics|CorrelationId=|Request finished HTTP/1.1 GET http://localhost:5176/scalar/favicon.svg - 304 - - 2.7124ms 
2026-08-26 00:51:32.9215|Info|Microsoft.AspNetCore.Routing.EndpointMiddleware|CorrelationId=d4820b62-99da-44f9-90db-9fa804e951c9|Executed endpoint 'HTTP: GET /openapi/{documentName}.json' 
2026-08-26 00:51:32.9245|Info|Microsoft.AspNetCore.Hosting.Diagnostics|CorrelationId=|Request finished HTTP/1.1 GET http://localhost:5176/openapi/v1.json - 200 - application/json;charset=utf-8 230.1637ms 
2026-08-26 00:51:43.3934|Info|Microsoft.AspNetCore.Hosting.Diagnostics|CorrelationId=|Request starting HTTP/1.1 GET http://localhost:5176/api/v1/Customers - - - 
2026-08-26 00:51:43.4089|Info|Microsoft.AspNetCore.Routing.EndpointMiddleware|CorrelationId=e3a8b6b7-d1ea-472f-b4e7-7749988eda25|Executing endpoint 'SmartLoan.Api.Controllers.CustomersController.GetAll (SmartLoan.Api)' 
2026-08-26 00:51:43.4485|Info|Microsoft.AspNetCore.Mvc.Infrastructure.ControllerActionInvoker|CorrelationId=e3a8b6b7-d1ea-472f-b4e7-7749988eda25|Route matched with {action = "GetAll", controller = "Customers"}. Executing controller action with signature System.Threading.Tasks.Task`1[Microsoft.AspNetCore.Mvc.ActionResult`1[SmartLoan.Application.Common.PagedResponse`1[SmartLoan.Application.Customers.CustomerDetailsDto]]] GetAll(SmartLoan.Application.Common.PagedRequest) on controller SmartLoan.Api.Controllers.CustomersController (SmartLoan.Api). 
2026-08-26 00:51:43.4591|Warn|LuckyPennySoftware.MediatR.License|CorrelationId=e3a8b6b7-d1ea-472f-b4e7-7749988eda25|You do not have a valid license key for the Lucky Penny software MediatR. This is allowed for development and testing scenarios. If you are running in production you are required to have a licensed version. Please visit https://luckypennysoftware.com to obtain a valid license. 
2026-08-26 00:51:43.4773|Info|SmartLoan.Application.Common.Behaviors.LoggingBehavior|CorrelationId=e3a8b6b7-d1ea-472f-b4e7-7749988eda25|smartloan Request:GetCustomersQuery starting... 
2026-08-26 00:51:44.1773|Warn|Microsoft.EntityFrameworkCore.Model.Validation|CorrelationId=e3a8b6b7-d1ea-472f-b4e7-7749988eda25|Entity 'LoanApplication' has a global query filter defined and is the required end of a relationship with the entity 'Payment'. This may lead to unexpected results when the required entity is filtered out. Either configure the navigation as optional, or define matching query filters for both entities in the navigation. See https://go.microsoft.com/fwlink/?linkid=2131316 for more information. 
2026-08-26 00:51:45.0582|Info|Microsoft.EntityFrameworkCore.Database.Command|CorrelationId=e3a8b6b7-d1ea-472f-b4e7-7749988eda25|Executed DbCommand (27ms) [Parameters=[], CommandType='Text', CommandTimeout='30']
SELECT count(*)::int
FROM "Customers" AS c
WHERE NOT (c."IsDeleted") 
2026-08-26 00:51:45.2700|Info|Microsoft.EntityFrameworkCore.Database.Command|CorrelationId=e3a8b6b7-d1ea-472f-b4e7-7749988eda25|Executed DbCommand (18ms) [Parameters=[@p1='?' (DbType = Int32), @p='?' (DbType = Int32)], CommandType='Text', CommandTimeout='30']
SELECT c."Id", c."FullName", c."Phone", c."Address"
FROM "Customers" AS c
WHERE NOT (c."IsDeleted")
ORDER BY c."FullName"
LIMIT @p1 OFFSET @p 
2026-08-26 00:51:45.2808|Info|SmartLoan.Application.Common.Behaviors.LoggingBehavior|CorrelationId=e3a8b6b7-d1ea-472f-b4e7-7749988eda25|Smarloan Request:GetCustomersQuery finished in 1803ms 
2026-08-26 00:51:45.2808|Info|Microsoft.AspNetCore.Mvc.Infrastructure.ObjectResultExecutor|CorrelationId=e3a8b6b7-d1ea-472f-b4e7-7749988eda25|Executing ObjectResult, writing value of type 'SmartLoan.Application.Common.PagedResponse`1[[SmartLoan.Application.Customers.CustomerDetailsDto, SmartLoan.Application, Version=1.0.0.0, Culture=neutral, PublicKeyToken=null]]'. 
2026-08-26 00:51:45.3131|Info|Microsoft.AspNetCore.Mvc.Infrastructure.ControllerActionInvoker|CorrelationId=e3a8b6b7-d1ea-472f-b4e7-7749988eda25|Executed action SmartLoan.Api.Controllers.CustomersController.GetAll (SmartLoan.Api) in 1856.6832ms 
2026-08-26 00:51:45.3131|Info|Microsoft.AspNetCore.Routing.EndpointMiddleware|CorrelationId=e3a8b6b7-d1ea-472f-b4e7-7749988eda25|Executed endpoint 'SmartLoan.Api.Controllers.CustomersController.GetAll (SmartLoan.Api)' 
2026-08-26 00:51:45.3131|Info|Microsoft.AspNetCore.Hosting.Diagnostics|CorrelationId=|Request finished HTTP/1.1 GET http://localhost:5176/api/v1/Customers - 200 - application/json;+charset=utf-8 1929.2462ms 
2026-08-26 00:52:26.2744|Info|Microsoft.AspNetCore.Hosting.Diagnostics|CorrelationId=|Request starting HTTP/1.1 GET http://localhost:5176/.well-known/appspecific/com.chrome.devtools.json - - - 
2026-08-26 00:52:26.2744|Info|Microsoft.AspNetCore.Hosting.Diagnostics|CorrelationId=|Request finished HTTP/1.1 GET http://localhost:5176/.well-known/appspecific/com.chrome.devtools.json - 404 0 - 0.7116ms 
2026-08-26 00:52:26.2744|Info|Microsoft.AspNetCore.Hosting.Diagnostics|CorrelationId=|Request reached the end of the middleware pipeline without being handled by application code. Request path: GET http://localhost:5176/.well-known/appspecific/com.chrome.devtools.json, Response status code: 404 
2026-08-26 00:52:38.1527|Info|Microsoft.AspNetCore.Hosting.Diagnostics|CorrelationId=|Request starting HTTP/1.1 GET http://localhost:5176/api/v1/Customers - - - 
2026-08-26 00:52:38.1566|Info|Microsoft.AspNetCore.Routing.EndpointMiddleware|CorrelationId=e66f94da-54a8-48b6-a725-2b50b81a2938|Executing endpoint 'SmartLoan.Api.Controllers.CustomersController.GetAll (SmartLoan.Api)' 
2026-08-26 00:52:38.1566|Info|Microsoft.AspNetCore.Mvc.Infrastructure.ControllerActionInvoker|CorrelationId=e66f94da-54a8-48b6-a725-2b50b81a2938|Route matched with {action = "GetAll", controller = "Customers"}. Executing controller action with signature System.Threading.Tasks.Task`1[Microsoft.AspNetCore.Mvc.ActionResult`1[SmartLoan.Application.Common.PagedResponse`1[SmartLoan.Application.Customers.CustomerDetailsDto]]] GetAll(SmartLoan.Application.Common.PagedRequest) on controller SmartLoan.Api.Controllers.CustomersController (SmartLoan.Api). 
2026-08-26 00:52:38.1566|Info|SmartLoan.Application.Common.Behaviors.LoggingBehavior|CorrelationId=e66f94da-54a8-48b6-a725-2b50b81a2938|smartloan Request:GetCustomersQuery starting... 
2026-08-26 00:52:38.2707|Info|Microsoft.EntityFrameworkCore.Database.Command|CorrelationId=e66f94da-54a8-48b6-a725-2b50b81a2938|Executed DbCommand (1ms) [Parameters=[], CommandType='Text', CommandTimeout='30']
SELECT count(*)::int
FROM "Customers" AS c
WHERE NOT (c."IsDeleted") 
2026-08-26 00:52:38.2707|Info|Microsoft.EntityFrameworkCore.Database.Command|CorrelationId=e66f94da-54a8-48b6-a725-2b50b81a2938|Executed DbCommand (1ms) [Parameters=[@p1='?' (DbType = Int32), @p='?' (DbType = Int32)], CommandType='Text', CommandTimeout='30']
SELECT c."Id", c."FullName", c."Phone", c."Address"
FROM "Customers" AS c
WHERE NOT (c."IsDeleted")
ORDER BY c."FullName"
LIMIT @p1 OFFSET @p 
2026-08-26 00:52:38.2707|Info|SmartLoan.Application.Common.Behaviors.LoggingBehavior|CorrelationId=e66f94da-54a8-48b6-a725-2b50b81a2938|Smarloan Request:GetCustomersQuery finished in 110ms 
2026-08-26 00:52:38.2707|Info|Microsoft.AspNetCore.Mvc.Infrastructure.ObjectResultExecutor|CorrelationId=e66f94da-54a8-48b6-a725-2b50b81a2938|Executing ObjectResult, writing value of type 'SmartLoan.Application.Common.PagedResponse`1[[SmartLoan.Application.Customers.CustomerDetailsDto, SmartLoan.Application, Version=1.0.0.0, Culture=neutral, PublicKeyToken=null]]'. 
2026-08-26 00:52:38.2707|Info|Microsoft.AspNetCore.Mvc.Infrastructure.ControllerActionInvoker|CorrelationId=e66f94da-54a8-48b6-a725-2b50b81a2938|Executed action SmartLoan.Api.Controllers.CustomersController.GetAll (SmartLoan.Api) in 113.9946ms 
2026-08-26 00:52:38.2707|Info|Microsoft.AspNetCore.Routing.EndpointMiddleware|CorrelationId=e66f94da-54a8-48b6-a725-2b50b81a2938|Executed endpoint 'SmartLoan.Api.Controllers.CustomersController.GetAll (SmartLoan.Api)' 
2026-08-26 00:52:38.2817|Info|Microsoft.AspNetCore.Hosting.Diagnostics|CorrelationId=|Request finished HTTP/1.1 GET http://localhost:5176/api/v1/Customers - 200 - application/json;+charset=utf-8 128.9958ms 
2026-08-26 00:56:01.4501|Info|Microsoft.AspNetCore.Hosting.Diagnostics|CorrelationId=|Request starting HTTP/1.1 POST http://localhost:5176/api/v1/Auth/login - application/json 57 
2026-08-26 00:56:01.4569|Info|Microsoft.AspNetCore.Cors.Infrastructure.CorsService|CorrelationId=443d6be7-983e-44a2-a79b-cf3792e509d2|CORS policy execution successful. 
2026-08-26 00:56:01.4569|Info|Microsoft.AspNetCore.Routing.EndpointMiddleware|CorrelationId=443d6be7-983e-44a2-a79b-cf3792e509d2|Executing endpoint 'SmartLoan.Api.Controllers.AuthController.Login (SmartLoan.Api)' 
2026-08-26 00:56:01.4569|Info|Microsoft.AspNetCore.Mvc.Infrastructure.ControllerActionInvoker|CorrelationId=443d6be7-983e-44a2-a79b-cf3792e509d2|Route matched with {action = "Login", controller = "Auth"}. Executing controller action with signature System.Threading.Tasks.Task`1[Microsoft.AspNetCore.Mvc.ActionResult`1[SmartLoan.Application.Users.LoginResponse]] Login(SmartLoan.Application.Users.LoginCommand) on controller SmartLoan.Api.Controllers.AuthController (SmartLoan.Api). 
2026-08-26 00:56:01.4844|Info|SmartLoan.Application.Common.Behaviors.LoggingBehavior|CorrelationId=443d6be7-983e-44a2-a79b-cf3792e509d2|smartloan Request:LoginCommand starting... 
2026-08-26 00:56:01.5885|Info|Microsoft.EntityFrameworkCore.Database.Command|CorrelationId=443d6be7-983e-44a2-a79b-cf3792e509d2|Executed DbCommand (4ms) [Parameters=[@request_Email='?', @request_Password='?'], CommandType='Text', CommandTimeout='30']
SELECT u."Id", u."Email", u."FullName", u."PasswordHash", u."RefreshToken", u."RefreshTokenExpiryTime", u."Role"
FROM "Users" AS u
WHERE u."Email" = @request_Email AND u."PasswordHash" = @request_Password
LIMIT 1 
2026-08-26 00:56:01.7923|Info|Microsoft.EntityFrameworkCore.Database.Command|CorrelationId=443d6be7-983e-44a2-a79b-cf3792e509d2|Executed DbCommand (13ms) [Parameters=[@p2='?' (DbType = Int32), @p0='?', @p1='?' (DbType = DateTime)], CommandType='Text', CommandTimeout='30']
UPDATE "Users" SET "RefreshToken" = @p0, "RefreshTokenExpiryTime" = @p1
WHERE "Id" = @p2; 
2026-08-26 00:56:01.8062|Info|SmartLoan.Application.Common.Behaviors.LoggingBehavior|CorrelationId=443d6be7-983e-44a2-a79b-cf3792e509d2|Smarloan Request:LoginCommand finished in 321ms 
2026-08-26 00:56:01.8062|Info|Microsoft.AspNetCore.Mvc.Infrastructure.ObjectResultExecutor|CorrelationId=443d6be7-983e-44a2-a79b-cf3792e509d2|Executing OkObjectResult, writing value of type 'SmartLoan.Application.Users.LoginResponse'. 
2026-08-26 00:56:01.8062|Info|Microsoft.AspNetCore.Mvc.Infrastructure.ControllerActionInvoker|CorrelationId=443d6be7-983e-44a2-a79b-cf3792e509d2|Executed action SmartLoan.Api.Controllers.AuthController.Login (SmartLoan.Api) in 343.5692ms 
2026-08-26 00:56:01.8062|Info|Microsoft.AspNetCore.Routing.EndpointMiddleware|CorrelationId=443d6be7-983e-44a2-a79b-cf3792e509d2|Executed endpoint 'SmartLoan.Api.Controllers.AuthController.Login (SmartLoan.Api)' 
2026-08-26 00:56:01.8115|Info|Microsoft.AspNetCore.Hosting.Diagnostics|CorrelationId=|Request finished HTTP/1.1 POST http://localhost:5176/api/v1/Auth/login - 200 - application/json;+charset=utf-8 361.3997ms 
2026-08-26 23:54:05.3826|Info|Microsoft.AspNetCore.DataProtection.KeyManagement.XmlKeyManager|CorrelationId=|User profile is available. Using 'C:\Users\isaac\AppData\Local\ASP.NET\DataProtection-Keys' as key repository and Windows DPAPI to encrypt keys at rest. 
2026-08-26 23:54:05.4134|Info|SmartLoan.Infrastructure.BackgroundJobs.ReportWorker|CorrelationId=|Report Worker is starting... 
2026-08-26 23:54:05.5306|Info|Microsoft.Hosting.Lifetime|CorrelationId=|Now listening on: http://localhost:5176 
2026-08-26 23:54:05.5306|Info|Microsoft.Hosting.Lifetime|CorrelationId=|Application started. Press Ctrl+C to shut down. 
2026-08-26 23:54:05.5306|Info|Microsoft.Hosting.Lifetime|CorrelationId=|Hosting environment: Development 
2026-08-26 23:54:05.5306|Info|Microsoft.Hosting.Lifetime|CorrelationId=|Content root path: D:\isaac\educational purpose only\.net\kyas pro\SmartLoanTracker\SmartLoan.Api 
