2026-09-04 10:47:10.5407|Warn|Microsoft.EntityFrameworkCore.Model.Validation|CorrelationId=|Entity 'LoanApplication' has a global query filter defined and is the required end of a relationship with the entity 'Payment'. This may lead to unexpected results when the required entity is filtered out. Either configure the navigation as optional, or define matching query filters for both entities in the navigation. See https://go.microsoft.com/fwlink/?linkid=2131316 for more information. 
2026-09-04 10:47:12.4589|Info|Microsoft.EntityFrameworkCore.Database.Command|CorrelationId=|Executed DbCommand (38ms) [Parameters=[], CommandType='Text', CommandTimeout='30']
SELECT "MigrationId", "ProductVersion"
FROM "__EFMigrationsHistory"
ORDER BY "MigrationId"; 
2026-09-04 10:47:12.7837|Info|Microsoft.EntityFrameworkCore.Database.Command|CorrelationId=|Executed DbCommand (8ms) [Parameters=[], CommandType='Text', CommandTimeout='30']
SELECT 1 
2026-09-04 10:47:12.8944|Info|Microsoft.EntityFrameworkCore.Database.Command|CorrelationId=|Executed DbCommand (9ms) [Parameters=[], CommandType='Text', CommandTimeout='30']
CREATE TABLE IF NOT EXISTS "__EFMigrationsHistory" (
    "MigrationId" character varying(150) NOT NULL,
    "ProductVersion" character varying(32) NOT NULL,
    CONSTRAINT "PK___EFMigrationsHistory" PRIMARY KEY ("MigrationId")
); 
2026-09-04 10:47:12.9241|Info|Microsoft.EntityFrameworkCore.Database.Command|CorrelationId=|Executed DbCommand (1ms) [Parameters=[], CommandType='Text', CommandTimeout='30']
LOCK TABLE "__EFMigrationsHistory" IN ACCESS EXCLUSIVE MODE 
2026-09-04 10:47:12.9241|Info|Microsoft.EntityFrameworkCore.Database.Command|CorrelationId=|Executed DbCommand (1ms) [Parameters=[], CommandType='Text', CommandTimeout='30']
SELECT "MigrationId", "ProductVersion"
FROM "__EFMigrationsHistory"
ORDER BY "MigrationId"; 
2026-09-04 10:47:12.9385|Info|Microsoft.EntityFrameworkCore.Migrations|CorrelationId=|No migrations were applied. The database is already up to date. 
2026-09-04 10:47:13.3705|Info|Microsoft.EntityFrameworkCore.Database.Command|CorrelationId=|Executed DbCommand (5ms) [Parameters=[], CommandType='Text', CommandTimeout='30']
SELECT EXISTS (
    SELECT 1
    FROM "Users" AS u
    WHERE u."Email" = 'admin@loan.com') 
2026-09-04 10:47:13.4518|Info|Microsoft.AspNetCore.DataProtection.KeyManagement.XmlKeyManager|CorrelationId=|User profile is available. Using 'C:\Users\isaac\AppData\Local\ASP.NET\DataProtection-Keys' as key repository and Windows DPAPI to encrypt keys at rest. 
2026-09-04 10:47:13.6978|Info|SmartLoan.Infrastructure.BackgroundJobs.ReportWorker|CorrelationId=|Report Worker is starting... 
2026-09-04 10:47:13.7729|Info|Microsoft.Hosting.Lifetime|CorrelationId=|Now listening on: http://localhost:5176 
2026-09-04 10:47:13.7729|Info|Microsoft.Hosting.Lifetime|CorrelationId=|Application started. Press Ctrl+C to shut down. 
2026-09-04 10:47:13.7729|Info|Microsoft.Hosting.Lifetime|CorrelationId=|Hosting environment: Development 
2026-09-04 10:47:13.7729|Info|Microsoft.Hosting.Lifetime|CorrelationId=|Content root path: D:\isaac\educational purpose only\.net\kyas pro\SmartLoanTracker\smartloan.api 
2026-09-04 10:47:36.5891|Info|Microsoft.AspNetCore.Hosting.Diagnostics|CorrelationId=|Request starting HTTP/1.1 GET http://localhost:5176/api/v1/Auth/me - - - 
2026-09-04 10:47:36.5891|Warn|Microsoft.AspNetCore.HttpsPolicy.HttpsRedirectionMiddleware|CorrelationId=eb0b1a31-1612-405e-8f8e-2ebd5a6400e0|Failed to determine the https port for redirect. 
2026-09-04 10:47:37.5590|Info|Microsoft.AspNetCore.Hosting.Diagnostics|CorrelationId=|Request starting HTTP/1.1 GET http://localhost:5176/api/v1/Auth/me - - - 
2026-09-04 10:47:37.7615|Info|Microsoft.AspNetCore.Authorization.DefaultAuthorizationService|CorrelationId=0c308973-315e-4436-bad0-411ba1eabdba|Authorization failed. These requirements were not met:
DenyAnonymousAuthorizationRequirement: Requires an authenticated user. 
2026-09-04 10:47:37.7615|Info|Microsoft.AspNetCore.Authorization.DefaultAuthorizationService|CorrelationId=eb0b1a31-1612-405e-8f8e-2ebd5a6400e0|Authorization failed. These requirements were not met:
DenyAnonymousAuthorizationRequirement: Requires an authenticated user. 
2026-09-04 10:47:37.7615|Info|Microsoft.AspNetCore.Authentication.JwtBearer.JwtBearerHandler|CorrelationId=0c308973-315e-4436-bad0-411ba1eabdba|AuthenticationScheme: Bearer was challenged. 
2026-09-04 10:47:37.7615|Info|Microsoft.AspNetCore.Authentication.JwtBearer.JwtBearerHandler|CorrelationId=eb0b1a31-1612-405e-8f8e-2ebd5a6400e0|AuthenticationScheme: Bearer was challenged. 
2026-09-04 10:47:37.7615|Info|Microsoft.AspNetCore.Hosting.Diagnostics|CorrelationId=|Request finished HTTP/1.1 GET http://localhost:5176/api/v1/Auth/me - 499 - - 1181.0391ms 
2026-09-04 10:47:37.7615|Info|Microsoft.AspNetCore.Hosting.Diagnostics|CorrelationId=|Request finished HTTP/1.1 GET http://localhost:5176/api/v1/Auth/me - 401 0 - 209.4012ms 
2026-09-04 10:47:37.7758|Info|Microsoft.AspNetCore.Hosting.Diagnostics|CorrelationId=|Request starting HTTP/1.1 GET http://localhost:5176/api/v1/Auth/me - - - 
2026-09-04 10:47:37.7758|Info|Microsoft.AspNetCore.Authorization.DefaultAuthorizationService|CorrelationId=325edd77-b680-41c9-9976-6adeb1dbbcf9|Authorization failed. These requirements were not met:
DenyAnonymousAuthorizationRequirement: Requires an authenticated user. 
2026-09-04 10:47:37.7758|Info|Microsoft.AspNetCore.Authentication.JwtBearer.JwtBearerHandler|CorrelationId=325edd77-b680-41c9-9976-6adeb1dbbcf9|AuthenticationScheme: Bearer was challenged. 
2026-09-04 10:47:37.7758|Info|Microsoft.AspNetCore.Hosting.Diagnostics|CorrelationId=|Request finished HTTP/1.1 GET http://localhost:5176/api/v1/Auth/me - 401 0 - 5.2161ms 
2026-09-04 10:47:43.8060|Info|Microsoft.AspNetCore.Hosting.Diagnostics|CorrelationId=|Request starting HTTP/1.1 POST http://localhost:5176/api/v1/auth/login - application/json 49 
2026-09-04 10:47:43.8060|Info|Microsoft.AspNetCore.Cors.Infrastructure.CorsService|CorrelationId=858ac894-81c6-47e0-93f5-d363235c8ae7|CORS policy execution successful. 
2026-09-04 10:47:43.8060|Info|Microsoft.AspNetCore.Routing.EndpointMiddleware|CorrelationId=858ac894-81c6-47e0-93f5-d363235c8ae7|Executing endpoint 'SmartLoan.Api.Controllers.AuthController.Login (SmartLoan.Api)' 
2026-09-04 10:47:43.8397|Info|Microsoft.AspNetCore.Mvc.Infrastructure.ControllerActionInvoker|CorrelationId=858ac894-81c6-47e0-93f5-d363235c8ae7|Route matched with {action = "Login", controller = "Auth"}. Executing controller action with signature System.Threading.Tasks.Task`1[Microsoft.AspNetCore.Mvc.ActionResult] Login(SmartLoan.Application.Users.LoginCommand) on controller SmartLoan.Api.Controllers.AuthController (SmartLoan.Api). 
2026-09-04 10:47:43.8531|Warn|LuckyPennySoftware.MediatR.License|CorrelationId=858ac894-81c6-47e0-93f5-d363235c8ae7|You do not have a valid license key for the Lucky Penny software MediatR. This is allowed for development and testing scenarios. If you are running in production you are required to have a licensed version. Please visit https://luckypennysoftware.com to obtain a valid license. 
2026-09-04 10:47:43.8980|Info|SmartLoan.Application.Common.Behaviors.LoggingBehavior|CorrelationId=858ac894-81c6-47e0-93f5-d363235c8ae7|smartloan Request:LoginCommand starting... 
2026-09-04 10:47:43.9868|Info|Microsoft.EntityFrameworkCore.Database.Command|CorrelationId=858ac894-81c6-47e0-93f5-d363235c8ae7|Executed DbCommand (9ms) [Parameters=[@request_Email='?'], CommandType='Text', CommandTimeout='30']
SELECT u."Id", u."Email", u."FullName", u."PasswordHash", u."RefreshToken", u."RefreshTokenExpiryTime", u."Role"
FROM "Users" AS u
WHERE u."Email" = @request_Email
LIMIT 1 
2026-09-04 10:47:44.5768|Info|Microsoft.EntityFrameworkCore.Database.Command|CorrelationId=858ac894-81c6-47e0-93f5-d363235c8ae7|Executed DbCommand (12ms) [Parameters=[@p2='?' (DbType = Int32), @p0='?', @p1='?' (DbType = DateTime)], CommandType='Text', CommandTimeout='30']
UPDATE "Users" SET "RefreshToken" = @p0, "RefreshTokenExpiryTime" = @p1
WHERE "Id" = @p2; 
2026-09-04 10:47:44.5841|Info|SmartLoan.Application.Common.Behaviors.LoggingBehavior|CorrelationId=858ac894-81c6-47e0-93f5-d363235c8ae7|Smarloan Request:LoginCommand finished in 686ms 
2026-09-04 10:47:44.5841|Info|Microsoft.AspNetCore.Mvc.Infrastructure.ObjectResultExecutor|CorrelationId=858ac894-81c6-47e0-93f5-d363235c8ae7|Executing OkObjectResult, writing value of type '<>f__AnonymousType0`2[[System.String, System.Private.CoreLib, Version=10.0.0.0, Culture=neutral, PublicKeyToken=7cec85d7bea7798e],[System.String, System.Private.CoreLib, Version=10.0.0.0, Culture=neutral, PublicKeyToken=7cec85d7bea7798e]]'. 
2026-09-04 10:47:44.6134|Info|Microsoft.AspNetCore.Mvc.Infrastructure.ControllerActionInvoker|CorrelationId=858ac894-81c6-47e0-93f5-d363235c8ae7|Executed action SmartLoan.Api.Controllers.AuthController.Login (SmartLoan.Api) in 763.1187ms 
2026-09-04 10:47:44.6134|Info|Microsoft.AspNetCore.Routing.EndpointMiddleware|CorrelationId=858ac894-81c6-47e0-93f5-d363235c8ae7|Executed endpoint 'SmartLoan.Api.Controllers.AuthController.Login (SmartLoan.Api)' 
2026-09-04 10:47:44.6201|Info|Microsoft.AspNetCore.Hosting.Diagnostics|CorrelationId=|Request finished HTTP/1.1 POST http://localhost:5176/api/v1/auth/login - 200 - application/json;+charset=utf-8 814.0255ms 
2026-09-04 10:47:44.6429|Info|Microsoft.AspNetCore.Hosting.Diagnostics|CorrelationId=|Request starting HTTP/1.1 POST http://localhost:5176/api/v1/notifications/negotiate?negotiateVersion=1 - - 0 
2026-09-04 10:47:44.6429|Info|Microsoft.AspNetCore.Cors.Infrastructure.CorsService|CorrelationId=759a218d-f37e-4131-b66a-51abe7025401|CORS policy execution successful. 
2026-09-04 10:47:44.6779|Info|Microsoft.AspNetCore.Hosting.Diagnostics|CorrelationId=|Request finished HTTP/1.1 POST http://localhost:5176/api/v1/notifications/negotiate?negotiateVersion=1 - 404 0 - 34.9870ms 
2026-09-04 10:47:44.6779|Info|Microsoft.AspNetCore.Hosting.Diagnostics|CorrelationId=|Request reached the end of the middleware pipeline without being handled by application code. Request path: POST http://localhost:5176/api/v1/notifications/negotiate, Response status code: 404 
2026-09-04 10:47:46.1494|Info|Microsoft.AspNetCore.Hosting.Diagnostics|CorrelationId=|Request starting HTTP/1.1 GET http://localhost:5176/api/v1/Loan?pageNumber=1&pageSize=20 - - - 
2026-09-04 10:47:46.1494|Info|Microsoft.AspNetCore.Hosting.Diagnostics|CorrelationId=|Request starting HTTP/1.1 GET http://localhost:5176/api/v1/Dashboard/summary - - - 
2026-09-04 10:47:46.1494|Info|Microsoft.AspNetCore.Routing.EndpointMiddleware|CorrelationId=a2e407eb-face-4868-a43d-4f84e4cfee69|Executing endpoint 'SmartLoan.Api.Controllers.LoanController.GetAll (SmartLoan.Api)' 
2026-09-04 10:47:46.1494|Info|Microsoft.AspNetCore.Routing.EndpointMiddleware|CorrelationId=04c43433-4d8f-47bf-8fac-a864f59435bb|Executing endpoint 'SmartLoan.Api.Controllers.DashboardController.GetSummary (SmartLoan.Api)' 
2026-09-04 10:47:46.1494|Info|Microsoft.AspNetCore.Mvc.Infrastructure.ControllerActionInvoker|CorrelationId=04c43433-4d8f-47bf-8fac-a864f59435bb|Route matched with {action = "GetSummary", controller = "Dashboard"}. Executing controller action with signature System.Threading.Tasks.Task`1[Microsoft.AspNetCore.Mvc.ActionResult`1[SmartLoan.Application.Dashboard.Queries.GetLoanSummary.LoanSummaryDto]] GetSummary() on controller SmartLoan.Api.Controllers.DashboardController (SmartLoan.Api). 
2026-09-04 10:47:46.1633|Info|SmartLoan.Application.Common.Behaviors.LoggingBehavior|CorrelationId=04c43433-4d8f-47bf-8fac-a864f59435bb|smartloan Request:GetLoansummatyQuery starting... 
2026-09-04 10:47:46.1633|Info|Microsoft.AspNetCore.Mvc.Infrastructure.ControllerActionInvoker|CorrelationId=a2e407eb-face-4868-a43d-4f84e4cfee69|Route matched with {action = "GetAll", controller = "Loan"}. Executing controller action with signature System.Threading.Tasks.Task`1[Microsoft.AspNetCore.Mvc.ActionResult`1[SmartLoan.Application.Common.PagedResponse`1[SmartLoan.Application.Loans.Queries.LoanDto]]] GetAll(SmartLoan.Application.Common.PagedRequest) on controller SmartLoan.Api.Controllers.LoanController (SmartLoan.Api). 
2026-09-04 10:47:46.1807|Info|SmartLoan.Application.Common.Behaviors.LoggingBehavior|CorrelationId=a2e407eb-face-4868-a43d-4f84e4cfee69|smartloan Request:GetLoansQuery starting... 
2026-09-04 10:47:46.2620|Info|Microsoft.EntityFrameworkCore.Database.Command|CorrelationId=04c43433-4d8f-47bf-8fac-a864f59435bb|Executed DbCommand (11ms) [Parameters=[], CommandType='Text', CommandTimeout='30']
SELECT COALESCE(sum(p."Amount"), 0.0)
FROM "Payments" AS p 
2026-09-04 10:47:46.2819|Info|Microsoft.EntityFrameworkCore.Database.Command|CorrelationId=04c43433-4d8f-47bf-8fac-a864f59435bb|Executed DbCommand (7ms) [Parameters=[], CommandType='Text', CommandTimeout='30']
SELECT COALESCE(sum(l."ServiceFee"), 0.0)
FROM "LoanApplications" AS l
WHERE NOT (l."IsDeleted") AND l."Status" = 'Approved' 
2026-09-04 10:47:46.2870|Info|Microsoft.EntityFrameworkCore.Database.Command|CorrelationId=04c43433-4d8f-47bf-8fac-a864f59435bb|Executed DbCommand (1ms) [Parameters=[], CommandType='Text', CommandTimeout='30']
SELECT count(*)::int
FROM "LoanApplications" AS l
WHERE NOT (l."IsDeleted") AND l."Status" = 'Saving' 
2026-09-04 10:47:46.2870|Info|Microsoft.EntityFrameworkCore.Database.Command|CorrelationId=04c43433-4d8f-47bf-8fac-a864f59435bb|Executed DbCommand (0ms) [Parameters=[], CommandType='Text', CommandTimeout='30']
SELECT count(*)::int
FROM "LoanApplications" AS l
WHERE NOT (l."IsDeleted") AND l."Status" = 'Approved' 
2026-09-04 10:47:46.2870|Info|SmartLoan.Application.Common.Behaviors.LoggingBehavior|CorrelationId=04c43433-4d8f-47bf-8fac-a864f59435bb|Smarloan Request:GetLoansummatyQuery finished in 129ms 
2026-09-04 10:47:46.2870|Info|Microsoft.AspNetCore.Mvc.Infrastructure.ObjectResultExecutor|CorrelationId=04c43433-4d8f-47bf-8fac-a864f59435bb|Executing ObjectResult, writing value of type 'SmartLoan.Application.Dashboard.Queries.GetLoanSummary.LoanSummaryDto'. 
2026-09-04 10:47:46.2870|Info|Microsoft.EntityFrameworkCore.Database.Command|CorrelationId=a2e407eb-face-4868-a43d-4f84e4cfee69|Executed DbCommand (2ms) [Parameters=[], CommandType='Text', CommandTimeout='30']
SELECT count(*)::int
FROM "LoanApplications" AS l
WHERE NOT (l."IsDeleted") 
2026-09-04 10:47:46.3029|Info|Microsoft.AspNetCore.Mvc.Infrastructure.ControllerActionInvoker|CorrelationId=04c43433-4d8f-47bf-8fac-a864f59435bb|Executed action SmartLoan.Api.Controllers.DashboardController.GetSummary (SmartLoan.Api) in 142.6258ms 
2026-09-04 10:47:46.3029|Info|Microsoft.AspNetCore.Routing.EndpointMiddleware|CorrelationId=04c43433-4d8f-47bf-8fac-a864f59435bb|Executed endpoint 'SmartLoan.Api.Controllers.DashboardController.GetSummary (SmartLoan.Api)' 
2026-09-04 10:47:46.3029|Info|Microsoft.AspNetCore.Hosting.Diagnostics|CorrelationId=|Request finished HTTP/1.1 GET http://localhost:5176/api/v1/Dashboard/summary - 200 - application/json;+charset=utf-8 153.8270ms 
2026-09-04 10:47:46.3718|Info|Microsoft.EntityFrameworkCore.Database.Command|CorrelationId=a2e407eb-face-4868-a43d-4f84e4cfee69|Executed DbCommand (4ms) [Parameters=[@p1='?' (DbType = Int32), @p='?' (DbType = Int32)], CommandType='Text', CommandTimeout='30']
SELECT l0."Id", c0."FullName", l0."DailyAmount", l0."LoanAmount", l0."ServiceFee", l0."Status", l0."CreatedAt"
FROM (
    SELECT l."Id", l."CreatedAt", l."CustomerId", l."DailyAmount", l."LoanAmount", l."ServiceFee", l."Status"
    FROM "LoanApplications" AS l
    WHERE NOT (l."IsDeleted")
    ORDER BY l."CreatedAt" DESC
    LIMIT @p1 OFFSET @p
) AS l0
INNER JOIN (
    SELECT c."Id", c."FullName"
    FROM "Customers" AS c
    WHERE NOT (c."IsDeleted")
) AS c0 ON l0."CustomerId" = c0."Id"
ORDER BY l0."CreatedAt" DESC 
2026-09-04 10:47:46.3718|Info|SmartLoan.Application.Common.Behaviors.LoggingBehavior|CorrelationId=a2e407eb-face-4868-a43d-4f84e4cfee69|Smarloan Request:GetLoansQuery finished in 192ms 
2026-09-04 10:47:46.3718|Info|Microsoft.AspNetCore.Mvc.Infrastructure.ObjectResultExecutor|CorrelationId=a2e407eb-face-4868-a43d-4f84e4cfee69|Executing ObjectResult, writing value of type 'SmartLoan.Application.Common.PagedResponse`1[[SmartLoan.Application.Loans.Queries.LoanDto, SmartLoan.Application, Version=1.0.0.0, Culture=neutral, PublicKeyToken=null]]'. 
2026-09-04 10:47:46.3865|Info|Microsoft.AspNetCore.Mvc.Infrastructure.ControllerActionInvoker|CorrelationId=a2e407eb-face-4868-a43d-4f84e4cfee69|Executed action SmartLoan.Api.Controllers.LoanController.GetAll (SmartLoan.Api) in 222.5469ms 
2026-09-04 10:47:46.3865|Info|Microsoft.AspNetCore.Routing.EndpointMiddleware|CorrelationId=a2e407eb-face-4868-a43d-4f84e4cfee69|Executed endpoint 'SmartLoan.Api.Controllers.LoanController.GetAll (SmartLoan.Api)' 
2026-09-04 10:47:46.3865|Info|Microsoft.AspNetCore.Hosting.Diagnostics|CorrelationId=|Request finished HTTP/1.1 GET http://localhost:5176/api/v1/Loan?pageNumber=1&pageSize=20 - 200 - application/json;+charset=utf-8 237.5989ms 
2026-09-04 10:47:48.7101|Info|Microsoft.AspNetCore.Hosting.Diagnostics|CorrelationId=|Request starting HTTP/1.1 POST http://localhost:5176/api/v1/Dashboard/reports - application/json 2 
2026-09-04 10:47:48.7101|Info|Microsoft.AspNetCore.Cors.Infrastructure.CorsService|CorrelationId=f68fc369-9d51-42b0-883a-dfaf3746e998|CORS policy execution successful. 
2026-09-04 10:47:48.7101|Info|Microsoft.AspNetCore.Routing.EndpointMiddleware|CorrelationId=f68fc369-9d51-42b0-883a-dfaf3746e998|Executing endpoint 'SmartLoan.Api.Controllers.DashboardController.RequestReport (SmartLoan.Api)' 
2026-09-04 10:47:48.7263|Info|Microsoft.AspNetCore.Mvc.Infrastructure.ControllerActionInvoker|CorrelationId=f68fc369-9d51-42b0-883a-dfaf3746e998|Route matched with {action = "RequestReport", controller = "Dashboard"}. Executing controller action with signature System.Threading.Tasks.Task`1[Microsoft.AspNetCore.Mvc.IActionResult] RequestReport(SmartLoan.Application.Dashboard.GenerateReportCommand) on controller SmartLoan.Api.Controllers.DashboardController (SmartLoan.Api). 
2026-09-04 10:47:48.7263|Info|Microsoft.AspNetCore.Mvc.Infrastructure.ObjectResultExecutor|CorrelationId=f68fc369-9d51-42b0-883a-dfaf3746e998|Executing BadRequestObjectResult, writing value of type 'Microsoft.AspNetCore.Mvc.ValidationProblemDetails'. 
2026-09-04 10:47:48.7519|Info|Microsoft.AspNetCore.Mvc.Infrastructure.ControllerActionInvoker|CorrelationId=f68fc369-9d51-42b0-883a-dfaf3746e998|Executed action SmartLoan.Api.Controllers.DashboardController.RequestReport (SmartLoan.Api) in 25.2868ms 
2026-09-04 10:47:48.7519|Info|Microsoft.AspNetCore.Routing.EndpointMiddleware|CorrelationId=f68fc369-9d51-42b0-883a-dfaf3746e998|Executed endpoint 'SmartLoan.Api.Controllers.DashboardController.RequestReport (SmartLoan.Api)' 
2026-09-04 10:47:48.7519|Info|Microsoft.AspNetCore.Hosting.Diagnostics|CorrelationId=|Request finished HTTP/1.1 POST http://localhost:5176/api/v1/Dashboard/reports - 400 - application/problem+json;+charset=utf-8 42.1568ms 
2026-09-04 10:47:51.3865|Info|Microsoft.AspNetCore.Hosting.Diagnostics|CorrelationId=|Request starting HTTP/1.1 POST http://localhost:5176/api/v1/Dashboard/reports - application/json 2 
2026-09-04 10:47:51.3865|Info|Microsoft.AspNetCore.Cors.Infrastructure.CorsService|CorrelationId=d650d676-7b09-4bb3-bb18-16acc85756de|CORS policy execution successful. 
2026-09-04 10:47:51.3865|Info|Microsoft.AspNetCore.Routing.EndpointMiddleware|CorrelationId=d650d676-7b09-4bb3-bb18-16acc85756de|Executing endpoint 'SmartLoan.Api.Controllers.DashboardController.RequestReport (SmartLoan.Api)' 
2026-09-04 10:47:51.3865|Info|Microsoft.AspNetCore.Mvc.Infrastructure.ControllerActionInvoker|CorrelationId=d650d676-7b09-4bb3-bb18-16acc85756de|Route matched with {action = "RequestReport", controller = "Dashboard"}. Executing controller action with signature System.Threading.Tasks.Task`1[Microsoft.AspNetCore.Mvc.IActionResult] RequestReport(SmartLoan.Application.Dashboard.GenerateReportCommand) on controller SmartLoan.Api.Controllers.DashboardController (SmartLoan.Api). 
2026-09-04 10:47:51.3865|Info|Microsoft.AspNetCore.Mvc.Infrastructure.ObjectResultExecutor|CorrelationId=d650d676-7b09-4bb3-bb18-16acc85756de|Executing BadRequestObjectResult, writing value of type 'Microsoft.AspNetCore.Mvc.ValidationProblemDetails'. 
2026-09-04 10:47:51.3865|Info|Microsoft.AspNetCore.Mvc.Infrastructure.ControllerActionInvoker|CorrelationId=d650d676-7b09-4bb3-bb18-16acc85756de|Executed action SmartLoan.Api.Controllers.DashboardController.RequestReport (SmartLoan.Api) in 1.191ms 
2026-09-04 10:47:51.3865|Info|Microsoft.AspNetCore.Routing.EndpointMiddleware|CorrelationId=d650d676-7b09-4bb3-bb18-16acc85756de|Executed endpoint 'SmartLoan.Api.Controllers.DashboardController.RequestReport (SmartLoan.Api)' 
2026-09-04 10:47:51.3865|Info|Microsoft.AspNetCore.Hosting.Diagnostics|CorrelationId=|Request finished HTTP/1.1 POST http://localhost:5176/api/v1/Dashboard/reports - 400 - application/problem+json;+charset=utf-8 3.8726ms 
2026-09-04 10:47:54.1537|Info|Microsoft.AspNetCore.Hosting.Diagnostics|CorrelationId=|Request starting HTTP/1.1 POST http://localhost:5176/api/v1/Dashboard/reports - application/json 2 
2026-09-04 10:47:54.1537|Info|Microsoft.AspNetCore.Cors.Infrastructure.CorsService|CorrelationId=d0b8180c-f36c-48f1-b907-3483e3e8a049|CORS policy execution successful. 
2026-09-04 10:47:54.1537|Info|Microsoft.AspNetCore.Routing.EndpointMiddleware|CorrelationId=d0b8180c-f36c-48f1-b907-3483e3e8a049|Executing endpoint 'SmartLoan.Api.Controllers.DashboardController.RequestReport (SmartLoan.Api)' 
2026-09-04 10:47:54.1537|Info|Microsoft.AspNetCore.Mvc.Infrastructure.ControllerActionInvoker|CorrelationId=d0b8180c-f36c-48f1-b907-3483e3e8a049|Route matched with {action = "RequestReport", controller = "Dashboard"}. Executing controller action with signature System.Threading.Tasks.Task`1[Microsoft.AspNetCore.Mvc.IActionResult] RequestReport(SmartLoan.Application.Dashboard.GenerateReportCommand) on controller SmartLoan.Api.Controllers.DashboardController (SmartLoan.Api). 
2026-09-04 10:47:54.1537|Info|Microsoft.AspNetCore.Mvc.Infrastructure.ObjectResultExecutor|CorrelationId=d0b8180c-f36c-48f1-b907-3483e3e8a049|Executing BadRequestObjectResult, writing value of type 'Microsoft.AspNetCore.Mvc.ValidationProblemDetails'. 
2026-09-04 10:47:54.1537|Info|Microsoft.AspNetCore.Mvc.Infrastructure.ControllerActionInvoker|CorrelationId=d0b8180c-f36c-48f1-b907-3483e3e8a049|Executed action SmartLoan.Api.Controllers.DashboardController.RequestReport (SmartLoan.Api) in 0.6244ms 
2026-09-04 10:47:54.1537|Info|Microsoft.AspNetCore.Routing.EndpointMiddleware|CorrelationId=d0b8180c-f36c-48f1-b907-3483e3e8a049|Executed endpoint 'SmartLoan.Api.Controllers.DashboardController.RequestReport (SmartLoan.Api)' 
2026-09-04 10:47:54.1537|Info|Microsoft.AspNetCore.Hosting.Diagnostics|CorrelationId=|Request finished HTTP/1.1 POST http://localhost:5176/api/v1/Dashboard/reports - 400 - application/problem+json;+charset=utf-8 1.9310ms 
2026-09-04 10:47:54.7167|Info|Microsoft.AspNetCore.Hosting.Diagnostics|CorrelationId=|Request starting HTTP/1.1 POST http://localhost:5176/api/v1/Dashboard/reports - application/json 2 
2026-09-04 10:47:54.7167|Info|Microsoft.AspNetCore.Cors.Infrastructure.CorsService|CorrelationId=476d726c-3a47-46d0-bddb-b4d06301b054|CORS policy execution successful. 
2026-09-04 10:47:54.7167|Info|Microsoft.AspNetCore.Routing.EndpointMiddleware|CorrelationId=476d726c-3a47-46d0-bddb-b4d06301b054|Executing endpoint 'SmartLoan.Api.Controllers.DashboardController.RequestReport (SmartLoan.Api)' 
2026-09-04 10:47:54.7167|Info|Microsoft.AspNetCore.Mvc.Infrastructure.ControllerActionInvoker|CorrelationId=476d726c-3a47-46d0-bddb-b4d06301b054|Route matched with {action = "RequestReport", controller = "Dashboard"}. Executing controller action with signature System.Threading.Tasks.Task`1[Microsoft.AspNetCore.Mvc.IActionResult] RequestReport(SmartLoan.Application.Dashboard.GenerateReportCommand) on controller SmartLoan.Api.Controllers.DashboardController (SmartLoan.Api). 
2026-09-04 10:47:54.7167|Info|Microsoft.AspNetCore.Mvc.Infrastructure.ObjectResultExecutor|CorrelationId=476d726c-3a47-46d0-bddb-b4d06301b054|Executing BadRequestObjectResult, writing value of type 'Microsoft.AspNetCore.Mvc.ValidationProblemDetails'. 
2026-09-04 10:47:54.7167|Info|Microsoft.AspNetCore.Mvc.Infrastructure.ControllerActionInvoker|CorrelationId=476d726c-3a47-46d0-bddb-b4d06301b054|Executed action SmartLoan.Api.Controllers.DashboardController.RequestReport (SmartLoan.Api) in 0.7258ms 
2026-09-04 10:47:54.7167|Info|Microsoft.AspNetCore.Routing.EndpointMiddleware|CorrelationId=476d726c-3a47-46d0-bddb-b4d06301b054|Executed endpoint 'SmartLoan.Api.Controllers.DashboardController.RequestReport (SmartLoan.Api)' 
2026-09-04 10:47:54.7167|Info|Microsoft.AspNetCore.Hosting.Diagnostics|CorrelationId=|Request finished HTTP/1.1 POST http://localhost:5176/api/v1/Dashboard/reports - 400 - application/problem+json;+charset=utf-8 2.8082ms 
2026-09-04 10:47:54.8830|Info|Microsoft.AspNetCore.Hosting.Diagnostics|CorrelationId=|Request starting HTTP/1.1 POST http://localhost:5176/api/v1/Dashboard/reports - application/json 2 
2026-09-04 10:47:54.8830|Info|Microsoft.AspNetCore.Cors.Infrastructure.CorsService|CorrelationId=527e9c22-1525-4903-8373-78a646efe060|CORS policy execution successful. 
2026-09-04 10:47:54.8830|Info|Microsoft.AspNetCore.Routing.EndpointMiddleware|CorrelationId=527e9c22-1525-4903-8373-78a646efe060|Executing endpoint 'SmartLoan.Api.Controllers.DashboardController.RequestReport (SmartLoan.Api)' 
2026-09-04 10:47:54.8830|Info|Microsoft.AspNetCore.Mvc.Infrastructure.ControllerActionInvoker|CorrelationId=527e9c22-1525-4903-8373-78a646efe060|Route matched with {action = "RequestReport", controller = "Dashboard"}. Executing controller action with signature System.Threading.Tasks.Task`1[Microsoft.AspNetCore.Mvc.IActionResult] RequestReport(SmartLoan.Application.Dashboard.GenerateReportCommand) on controller SmartLoan.Api.Controllers.DashboardController (SmartLoan.Api). 
2026-09-04 10:47:54.8830|Info|Microsoft.AspNetCore.Mvc.Infrastructure.ObjectResultExecutor|CorrelationId=527e9c22-1525-4903-8373-78a646efe060|Executing BadRequestObjectResult, writing value of type 'Microsoft.AspNetCore.Mvc.ValidationProblemDetails'. 
2026-09-04 10:47:54.8830|Info|Microsoft.AspNetCore.Mvc.Infrastructure.ControllerActionInvoker|CorrelationId=527e9c22-1525-4903-8373-78a646efe060|Executed action SmartLoan.Api.Controllers.DashboardController.RequestReport (SmartLoan.Api) in 0.4737ms 
2026-09-04 10:47:54.8830|Info|Microsoft.AspNetCore.Routing.EndpointMiddleware|CorrelationId=527e9c22-1525-4903-8373-78a646efe060|Executed endpoint 'SmartLoan.Api.Controllers.DashboardController.RequestReport (SmartLoan.Api)' 
2026-09-04 10:47:54.8830|Info|Microsoft.AspNetCore.Hosting.Diagnostics|CorrelationId=|Request finished HTTP/1.1 POST http://localhost:5176/api/v1/Dashboard/reports - 400 - application/problem+json;+charset=utf-8 1.8481ms 
2026-09-04 10:48:07.5787|Info|Microsoft.AspNetCore.Hosting.Diagnostics|CorrelationId=|Request starting HTTP/1.1 POST http://localhost:5176/api/v1/Dashboard/reports - application/json 2 
2026-09-04 10:48:07.5787|Info|Microsoft.AspNetCore.Cors.Infrastructure.CorsService|CorrelationId=4e48ac09-9015-40be-862d-d037721905d7|CORS policy execution successful. 
2026-09-04 10:48:07.5787|Info|Microsoft.AspNetCore.Routing.EndpointMiddleware|CorrelationId=4e48ac09-9015-40be-862d-d037721905d7|Executing endpoint 'SmartLoan.Api.Controllers.DashboardController.RequestReport (SmartLoan.Api)' 
2026-09-04 10:48:07.5787|Info|Microsoft.AspNetCore.Mvc.Infrastructure.ControllerActionInvoker|CorrelationId=4e48ac09-9015-40be-862d-d037721905d7|Route matched with {action = "RequestReport", controller = "Dashboard"}. Executing controller action with signature System.Threading.Tasks.Task`1[Microsoft.AspNetCore.Mvc.IActionResult] RequestReport(SmartLoan.Application.Dashboard.GenerateReportCommand) on controller SmartLoan.Api.Controllers.DashboardController (SmartLoan.Api). 
2026-09-04 10:48:07.5787|Info|Microsoft.AspNetCore.Mvc.Infrastructure.ObjectResultExecutor|CorrelationId=4e48ac09-9015-40be-862d-d037721905d7|Executing BadRequestObjectResult, writing value of type 'Microsoft.AspNetCore.Mvc.ValidationProblemDetails'. 
2026-09-04 10:48:07.5840|Info|Microsoft.AspNetCore.Mvc.Infrastructure.ControllerActionInvoker|CorrelationId=4e48ac09-9015-40be-862d-d037721905d7|Executed action SmartLoan.Api.Controllers.DashboardController.RequestReport (SmartLoan.Api) in 1.9014ms 
2026-09-04 10:48:07.5840|Info|Microsoft.AspNetCore.Routing.EndpointMiddleware|CorrelationId=4e48ac09-9015-40be-862d-d037721905d7|Executed endpoint 'SmartLoan.Api.Controllers.DashboardController.RequestReport (SmartLoan.Api)' 
2026-09-04 10:48:07.5840|Info|Microsoft.AspNetCore.Hosting.Diagnostics|CorrelationId=|Request finished HTTP/1.1 POST http://localhost:5176/api/v1/Dashboard/reports - 400 - application/problem+json;+charset=utf-8 5.9676ms 
2026-09-04 10:48:07.9824|Info|Microsoft.AspNetCore.Hosting.Diagnostics|CorrelationId=|Request starting HTTP/1.1 POST http://localhost:5176/api/v1/Dashboard/reports - application/json 2 
2026-09-04 10:48:07.9824|Info|Microsoft.AspNetCore.Cors.Infrastructure.CorsService|CorrelationId=e381308d-45f5-4bec-8ce5-7038e9a923d4|CORS policy execution successful. 
2026-09-04 10:48:07.9824|Info|Microsoft.AspNetCore.Routing.EndpointMiddleware|CorrelationId=e381308d-45f5-4bec-8ce5-7038e9a923d4|Executing endpoint 'SmartLoan.Api.Controllers.DashboardController.RequestReport (SmartLoan.Api)' 
2026-09-04 10:48:07.9824|Info|Microsoft.AspNetCore.Mvc.Infrastructure.ControllerActionInvoker|CorrelationId=e381308d-45f5-4bec-8ce5-7038e9a923d4|Route matched with {action = "RequestReport", controller = "Dashboard"}. Executing controller action with signature System.Threading.Tasks.Task`1[Microsoft.AspNetCore.Mvc.IActionResult] RequestReport(SmartLoan.Application.Dashboard.GenerateReportCommand) on controller SmartLoan.Api.Controllers.DashboardController (SmartLoan.Api). 
2026-09-04 10:48:07.9824|Info|Microsoft.AspNetCore.Mvc.Infrastructure.ObjectResultExecutor|CorrelationId=e381308d-45f5-4bec-8ce5-7038e9a923d4|Executing BadRequestObjectResult, writing value of type 'Microsoft.AspNetCore.Mvc.ValidationProblemDetails'. 
2026-09-04 10:48:07.9824|Info|Microsoft.AspNetCore.Mvc.Infrastructure.ControllerActionInvoker|CorrelationId=e381308d-45f5-4bec-8ce5-7038e9a923d4|Executed action SmartLoan.Api.Controllers.DashboardController.RequestReport (SmartLoan.Api) in 0.7411ms 
2026-09-04 10:48:07.9824|Info|Microsoft.AspNetCore.Routing.EndpointMiddleware|CorrelationId=e381308d-45f5-4bec-8ce5-7038e9a923d4|Executed endpoint 'SmartLoan.Api.Controllers.DashboardController.RequestReport (SmartLoan.Api)' 
2026-09-04 10:48:07.9824|Info|Microsoft.AspNetCore.Hosting.Diagnostics|CorrelationId=|Request finished HTTP/1.1 POST http://localhost:5176/api/v1/Dashboard/reports - 400 - application/problem+json;+charset=utf-8 3.1184ms 
2026-09-04 10:48:08.1609|Info|Microsoft.AspNetCore.Hosting.Diagnostics|CorrelationId=|Request starting HTTP/1.1 POST http://localhost:5176/api/v1/Dashboard/reports - application/json 2 
2026-09-04 10:48:08.1609|Info|Microsoft.AspNetCore.Cors.Infrastructure.CorsService|CorrelationId=f0ef31fe-be4a-405a-ac5b-5e6dbf18accf|CORS policy execution successful. 
2026-09-04 10:48:08.1622|Info|Microsoft.AspNetCore.Routing.EndpointMiddleware|CorrelationId=f0ef31fe-be4a-405a-ac5b-5e6dbf18accf|Executing endpoint 'SmartLoan.Api.Controllers.DashboardController.RequestReport (SmartLoan.Api)' 
2026-09-04 10:48:08.1622|Info|Microsoft.AspNetCore.Mvc.Infrastructure.ControllerActionInvoker|CorrelationId=f0ef31fe-be4a-405a-ac5b-5e6dbf18accf|Route matched with {action = "RequestReport", controller = "Dashboard"}. Executing controller action with signature System.Threading.Tasks.Task`1[Microsoft.AspNetCore.Mvc.IActionResult] RequestReport(SmartLoan.Application.Dashboard.GenerateReportCommand) on controller SmartLoan.Api.Controllers.DashboardController (SmartLoan.Api). 
2026-09-04 10:48:08.1622|Info|Microsoft.AspNetCore.Mvc.Infrastructure.ObjectResultExecutor|CorrelationId=f0ef31fe-be4a-405a-ac5b-5e6dbf18accf|Executing BadRequestObjectResult, writing value of type 'Microsoft.AspNetCore.Mvc.ValidationProblemDetails'. 
2026-09-04 10:48:08.1622|Info|Microsoft.AspNetCore.Mvc.Infrastructure.ControllerActionInvoker|CorrelationId=f0ef31fe-be4a-405a-ac5b-5e6dbf18accf|Executed action SmartLoan.Api.Controllers.DashboardController.RequestReport (SmartLoan.Api) in 0.9558ms 
2026-09-04 10:48:08.1622|Info|Microsoft.AspNetCore.Routing.EndpointMiddleware|CorrelationId=f0ef31fe-be4a-405a-ac5b-5e6dbf18accf|Executed endpoint 'SmartLoan.Api.Controllers.DashboardController.RequestReport (SmartLoan.Api)' 
2026-09-04 10:48:08.1622|Info|Microsoft.AspNetCore.Hosting.Diagnostics|CorrelationId=|Request finished HTTP/1.1 POST http://localhost:5176/api/v1/Dashboard/reports - 400 - application/problem+json;+charset=utf-8 3.3924ms 
2026-09-04 10:48:08.3379|Info|Microsoft.AspNetCore.Hosting.Diagnostics|CorrelationId=|Request starting HTTP/1.1 POST http://localhost:5176/api/v1/Dashboard/reports - application/json 2 
2026-09-04 10:48:08.3379|Info|Microsoft.AspNetCore.Cors.Infrastructure.CorsService|CorrelationId=6e66e436-c558-48cb-a64c-660047eb2f2c|CORS policy execution successful. 
2026-09-04 10:48:08.3379|Info|Microsoft.AspNetCore.Routing.EndpointMiddleware|CorrelationId=6e66e436-c558-48cb-a64c-660047eb2f2c|Executing endpoint 'SmartLoan.Api.Controllers.DashboardController.RequestReport (SmartLoan.Api)' 
2026-09-04 10:48:08.3379|Info|Microsoft.AspNetCore.Mvc.Infrastructure.ControllerActionInvoker|CorrelationId=6e66e436-c558-48cb-a64c-660047eb2f2c|Route matched with {action = "RequestReport", controller = "Dashboard"}. Executing controller action with signature System.Threading.Tasks.Task`1[Microsoft.AspNetCore.Mvc.IActionResult] RequestReport(SmartLoan.Application.Dashboard.GenerateReportCommand) on controller SmartLoan.Api.Controllers.DashboardController (SmartLoan.Api). 
2026-09-04 10:48:08.3379|Info|Microsoft.AspNetCore.Mvc.Infrastructure.ObjectResultExecutor|CorrelationId=6e66e436-c558-48cb-a64c-660047eb2f2c|Executing BadRequestObjectResult, writing value of type 'Microsoft.AspNetCore.Mvc.ValidationProblemDetails'. 
2026-09-04 10:48:08.3379|Info|Microsoft.AspNetCore.Mvc.Infrastructure.ControllerActionInvoker|CorrelationId=6e66e436-c558-48cb-a64c-660047eb2f2c|Executed action SmartLoan.Api.Controllers.DashboardController.RequestReport (SmartLoan.Api) in 1.0289ms 
2026-09-04 10:48:08.3379|Info|Microsoft.AspNetCore.Routing.EndpointMiddleware|CorrelationId=6e66e436-c558-48cb-a64c-660047eb2f2c|Executed endpoint 'SmartLoan.Api.Controllers.DashboardController.RequestReport (SmartLoan.Api)' 
2026-09-04 10:48:08.3379|Info|Microsoft.AspNetCore.Hosting.Diagnostics|CorrelationId=|Request finished HTTP/1.1 POST http://localhost:5176/api/v1/Dashboard/reports - 400 - application/problem+json;+charset=utf-8 3.1091ms 
2026-09-04 10:48:08.5188|Info|Microsoft.AspNetCore.Hosting.Diagnostics|CorrelationId=|Request starting HTTP/1.1 POST http://localhost:5176/api/v1/Dashboard/reports - application/json 2 
2026-09-04 10:48:08.5188|Info|Microsoft.AspNetCore.Cors.Infrastructure.CorsService|CorrelationId=c0fb7087-fb23-4f3e-94dd-a9dd2c8dffdd|CORS policy execution successful. 
2026-09-04 10:48:08.5188|Info|Microsoft.AspNetCore.Routing.EndpointMiddleware|CorrelationId=c0fb7087-fb23-4f3e-94dd-a9dd2c8dffdd|Executing endpoint 'SmartLoan.Api.Controllers.DashboardController.RequestReport (SmartLoan.Api)' 
2026-09-04 10:48:08.5188|Info|Microsoft.AspNetCore.Mvc.Infrastructure.ControllerActionInvoker|CorrelationId=c0fb7087-fb23-4f3e-94dd-a9dd2c8dffdd|Route matched with {action = "RequestReport", controller = "Dashboard"}. Executing controller action with signature System.Threading.Tasks.Task`1[Microsoft.AspNetCore.Mvc.IActionResult] RequestReport(SmartLoan.Application.Dashboard.GenerateReportCommand) on controller SmartLoan.Api.Controllers.DashboardController (SmartLoan.Api). 
2026-09-04 10:48:08.5188|Info|Microsoft.AspNetCore.Mvc.Infrastructure.ObjectResultExecutor|CorrelationId=c0fb7087-fb23-4f3e-94dd-a9dd2c8dffdd|Executing BadRequestObjectResult, writing value of type 'Microsoft.AspNetCore.Mvc.ValidationProblemDetails'. 
2026-09-04 10:48:08.5210|Info|Microsoft.AspNetCore.Mvc.Infrastructure.ControllerActionInvoker|CorrelationId=c0fb7087-fb23-4f3e-94dd-a9dd2c8dffdd|Executed action SmartLoan.Api.Controllers.DashboardController.RequestReport (SmartLoan.Api) in 0.6318ms 
2026-09-04 10:48:08.5210|Info|Microsoft.AspNetCore.Routing.EndpointMiddleware|CorrelationId=c0fb7087-fb23-4f3e-94dd-a9dd2c8dffdd|Executed endpoint 'SmartLoan.Api.Controllers.DashboardController.RequestReport (SmartLoan.Api)' 
2026-09-04 10:48:08.5210|Info|Microsoft.AspNetCore.Hosting.Diagnostics|CorrelationId=|Request finished HTTP/1.1 POST http://localhost:5176/api/v1/Dashboard/reports - 400 - application/problem+json;+charset=utf-8 2.4572ms 
2026-09-04 10:48:08.7110|Info|Microsoft.AspNetCore.Hosting.Diagnostics|CorrelationId=|Request starting HTTP/1.1 POST http://localhost:5176/api/v1/Dashboard/reports - application/json 2 
2026-09-04 10:48:08.7110|Info|Microsoft.AspNetCore.Cors.Infrastructure.CorsService|CorrelationId=8d0debfd-1d72-4b43-99bb-b43fc0753890|CORS policy execution successful. 
2026-09-04 10:48:08.7110|Info|Microsoft.AspNetCore.Routing.EndpointMiddleware|CorrelationId=8d0debfd-1d72-4b43-99bb-b43fc0753890|Executing endpoint 'SmartLoan.Api.Controllers.DashboardController.RequestReport (SmartLoan.Api)' 
2026-09-04 10:48:08.7110|Info|Microsoft.AspNetCore.Mvc.Infrastructure.ControllerActionInvoker|CorrelationId=8d0debfd-1d72-4b43-99bb-b43fc0753890|Route matched with {action = "RequestReport", controller = "Dashboard"}. Executing controller action with signature System.Threading.Tasks.Task`1[Microsoft.AspNetCore.Mvc.IActionResult] RequestReport(SmartLoan.Application.Dashboard.GenerateReportCommand) on controller SmartLoan.Api.Controllers.DashboardController (SmartLoan.Api). 
2026-09-04 10:48:08.7110|Info|Microsoft.AspNetCore.Mvc.Infrastructure.ObjectResultExecutor|CorrelationId=8d0debfd-1d72-4b43-99bb-b43fc0753890|Executing BadRequestObjectResult, writing value of type 'Microsoft.AspNetCore.Mvc.ValidationProblemDetails'. 
2026-09-04 10:48:08.7110|Info|Microsoft.AspNetCore.Mvc.Infrastructure.ControllerActionInvoker|CorrelationId=8d0debfd-1d72-4b43-99bb-b43fc0753890|Executed action SmartLoan.Api.Controllers.DashboardController.RequestReport (SmartLoan.Api) in 1.0368ms 
2026-09-04 10:48:08.7110|Info|Microsoft.AspNetCore.Routing.EndpointMiddleware|CorrelationId=8d0debfd-1d72-4b43-99bb-b43fc0753890|Executed endpoint 'SmartLoan.Api.Controllers.DashboardController.RequestReport (SmartLoan.Api)' 
2026-09-04 10:48:08.7110|Info|Microsoft.AspNetCore.Hosting.Diagnostics|CorrelationId=|Request finished HTTP/1.1 POST http://localhost:5176/api/v1/Dashboard/reports - 400 - application/problem+json;+charset=utf-8 5.6984ms 
2026-09-04 10:48:09.7225|Info|Microsoft.AspNetCore.Hosting.Diagnostics|CorrelationId=|Request starting HTTP/1.1 POST http://localhost:5176/api/v1/Dashboard/reports - application/json 2 
2026-09-04 10:48:09.7232|Info|Microsoft.AspNetCore.Cors.Infrastructure.CorsService|CorrelationId=75bbb485-a56c-49a8-ad9c-d80eed17dd0d|CORS policy execution successful. 
2026-09-04 10:48:09.7232|Info|Microsoft.AspNetCore.Routing.EndpointMiddleware|CorrelationId=75bbb485-a56c-49a8-ad9c-d80eed17dd0d|Executing endpoint 'SmartLoan.Api.Controllers.DashboardController.RequestReport (SmartLoan.Api)' 
2026-09-04 10:48:09.7232|Info|Microsoft.AspNetCore.Mvc.Infrastructure.ControllerActionInvoker|CorrelationId=75bbb485-a56c-49a8-ad9c-d80eed17dd0d|Route matched with {action = "RequestReport", controller = "Dashboard"}. Executing controller action with signature System.Threading.Tasks.Task`1[Microsoft.AspNetCore.Mvc.IActionResult] RequestReport(SmartLoan.Application.Dashboard.GenerateReportCommand) on controller SmartLoan.Api.Controllers.DashboardController (SmartLoan.Api). 
2026-09-04 10:48:09.7232|Info|Microsoft.AspNetCore.Mvc.Infrastructure.ObjectResultExecutor|CorrelationId=75bbb485-a56c-49a8-ad9c-d80eed17dd0d|Executing BadRequestObjectResult, writing value of type 'Microsoft.AspNetCore.Mvc.ValidationProblemDetails'. 
2026-09-04 10:48:09.7232|Info|Microsoft.AspNetCore.Mvc.Infrastructure.ControllerActionInvoker|CorrelationId=75bbb485-a56c-49a8-ad9c-d80eed17dd0d|Executed action SmartLoan.Api.Controllers.DashboardController.RequestReport (SmartLoan.Api) in 0.9938ms 
2026-09-04 10:48:09.7232|Info|Microsoft.AspNetCore.Routing.EndpointMiddleware|CorrelationId=75bbb485-a56c-49a8-ad9c-d80eed17dd0d|Executed endpoint 'SmartLoan.Api.Controllers.DashboardController.RequestReport (SmartLoan.Api)' 
2026-09-04 10:48:09.7232|Info|Microsoft.AspNetCore.Hosting.Diagnostics|CorrelationId=|Request finished HTTP/1.1 POST http://localhost:5176/api/v1/Dashboard/reports - 400 - application/problem+json;+charset=utf-8 3.7538ms 
2026-09-04 10:48:10.4378|Info|Microsoft.AspNetCore.Hosting.Diagnostics|CorrelationId=|Request starting HTTP/1.1 POST http://localhost:5176/api/v1/Dashboard/reports - application/json 2 
2026-09-04 10:48:10.4378|Info|Microsoft.AspNetCore.Cors.Infrastructure.CorsService|CorrelationId=ee8b329d-bad5-4c25-9c5e-cdd728d9e97c|CORS policy execution successful. 
2026-09-04 10:48:10.4378|Info|Microsoft.AspNetCore.Routing.EndpointMiddleware|CorrelationId=ee8b329d-bad5-4c25-9c5e-cdd728d9e97c|Executing endpoint 'SmartLoan.Api.Controllers.DashboardController.RequestReport (SmartLoan.Api)' 
2026-09-04 10:48:10.4378|Info|Microsoft.AspNetCore.Mvc.Infrastructure.ControllerActionInvoker|CorrelationId=ee8b329d-bad5-4c25-9c5e-cdd728d9e97c|Route matched with {action = "RequestReport", controller = "Dashboard"}. Executing controller action with signature System.Threading.Tasks.Task`1[Microsoft.AspNetCore.Mvc.IActionResult] RequestReport(SmartLoan.Application.Dashboard.GenerateReportCommand) on controller SmartLoan.Api.Controllers.DashboardController (SmartLoan.Api). 
2026-09-04 10:48:10.4378|Info|Microsoft.AspNetCore.Mvc.Infrastructure.ObjectResultExecutor|CorrelationId=ee8b329d-bad5-4c25-9c5e-cdd728d9e97c|Executing BadRequestObjectResult, writing value of type 'Microsoft.AspNetCore.Mvc.ValidationProblemDetails'. 
2026-09-04 10:48:10.4378|Info|Microsoft.AspNetCore.Mvc.Infrastructure.ControllerActionInvoker|CorrelationId=ee8b329d-bad5-4c25-9c5e-cdd728d9e97c|Executed action SmartLoan.Api.Controllers.DashboardController.RequestReport (SmartLoan.Api) in 0.7078ms 
2026-09-04 10:48:10.4378|Info|Microsoft.AspNetCore.Routing.EndpointMiddleware|CorrelationId=ee8b329d-bad5-4c25-9c5e-cdd728d9e97c|Executed endpoint 'SmartLoan.Api.Controllers.DashboardController.RequestReport (SmartLoan.Api)' 
2026-09-04 10:48:10.4378|Info|Microsoft.AspNetCore.Hosting.Diagnostics|CorrelationId=|Request finished HTTP/1.1 POST http://localhost:5176/api/v1/Dashboard/reports - 400 - application/problem+json;+charset=utf-8 2.6719ms 
2026-09-04 10:48:10.7536|Info|Microsoft.AspNetCore.Hosting.Diagnostics|CorrelationId=|Request starting HTTP/1.1 POST http://localhost:5176/api/v1/Dashboard/reports - application/json 2 
2026-09-04 10:48:10.7536|Info|Microsoft.AspNetCore.Cors.Infrastructure.CorsService|CorrelationId=a0a2f70c-f3a5-4f55-bc25-38d4173f7f74|CORS policy execution successful. 
2026-09-04 10:48:10.7536|Info|Microsoft.AspNetCore.Routing.EndpointMiddleware|CorrelationId=a0a2f70c-f3a5-4f55-bc25-38d4173f7f74|Executing endpoint 'SmartLoan.Api.Controllers.DashboardController.RequestReport (SmartLoan.Api)' 
2026-09-04 10:48:10.7536|Info|Microsoft.AspNetCore.Mvc.Infrastructure.ControllerActionInvoker|CorrelationId=a0a2f70c-f3a5-4f55-bc25-38d4173f7f74|Route matched with {action = "RequestReport", controller = "Dashboard"}. Executing controller action with signature System.Threading.Tasks.Task`1[Microsoft.AspNetCore.Mvc.IActionResult] RequestReport(SmartLoan.Application.Dashboard.GenerateReportCommand) on controller SmartLoan.Api.Controllers.DashboardController (SmartLoan.Api). 
2026-09-04 10:48:10.7536|Info|Microsoft.AspNetCore.Mvc.Infrastructure.ObjectResultExecutor|CorrelationId=a0a2f70c-f3a5-4f55-bc25-38d4173f7f74|Executing BadRequestObjectResult, writing value of type 'Microsoft.AspNetCore.Mvc.ValidationProblemDetails'. 
2026-09-04 10:48:10.7554|Info|Microsoft.AspNetCore.Mvc.Infrastructure.ControllerActionInvoker|CorrelationId=a0a2f70c-f3a5-4f55-bc25-38d4173f7f74|Executed action SmartLoan.Api.Controllers.DashboardController.RequestReport (SmartLoan.Api) in 0.5276ms 
2026-09-04 10:48:10.7554|Info|Microsoft.AspNetCore.Routing.EndpointMiddleware|CorrelationId=a0a2f70c-f3a5-4f55-bc25-38d4173f7f74|Executed endpoint 'SmartLoan.Api.Controllers.DashboardController.RequestReport (SmartLoan.Api)' 
2026-09-04 10:48:10.7554|Info|Microsoft.AspNetCore.Hosting.Diagnostics|CorrelationId=|Request finished HTTP/1.1 POST http://localhost:5176/api/v1/Dashboard/reports - 400 - application/problem+json;+charset=utf-8 2.0634ms 
2026-09-04 10:48:11.0087|Info|Microsoft.AspNetCore.Hosting.Diagnostics|CorrelationId=|Request starting HTTP/1.1 POST http://localhost:5176/api/v1/Dashboard/reports - application/json 2 
2026-09-04 10:48:11.0087|Info|Microsoft.AspNetCore.Cors.Infrastructure.CorsService|CorrelationId=680803b9-2fac-475c-a997-1c3027bce171|CORS policy execution successful. 
2026-09-04 10:48:11.0087|Info|Microsoft.AspNetCore.Routing.EndpointMiddleware|CorrelationId=680803b9-2fac-475c-a997-1c3027bce171|Executing endpoint 'SmartLoan.Api.Controllers.DashboardController.RequestReport (SmartLoan.Api)' 
2026-09-04 10:48:11.0087|Info|Microsoft.AspNetCore.Mvc.Infrastructure.ControllerActionInvoker|CorrelationId=680803b9-2fac-475c-a997-1c3027bce171|Route matched with {action = "RequestReport", controller = "Dashboard"}. Executing controller action with signature System.Threading.Tasks.Task`1[Microsoft.AspNetCore.Mvc.IActionResult] RequestReport(SmartLoan.Application.Dashboard.GenerateReportCommand) on controller SmartLoan.Api.Controllers.DashboardController (SmartLoan.Api). 
2026-09-04 10:48:11.0087|Info|Microsoft.AspNetCore.Mvc.Infrastructure.ObjectResultExecutor|CorrelationId=680803b9-2fac-475c-a997-1c3027bce171|Executing BadRequestObjectResult, writing value of type 'Microsoft.AspNetCore.Mvc.ValidationProblemDetails'. 
2026-09-04 10:48:11.0087|Info|Microsoft.AspNetCore.Mvc.Infrastructure.ControllerActionInvoker|CorrelationId=680803b9-2fac-475c-a997-1c3027bce171|Executed action SmartLoan.Api.Controllers.DashboardController.RequestReport (SmartLoan.Api) in 0.49ms 
2026-09-04 10:48:11.0087|Info|Microsoft.AspNetCore.Routing.EndpointMiddleware|CorrelationId=680803b9-2fac-475c-a997-1c3027bce171|Executed endpoint 'SmartLoan.Api.Controllers.DashboardController.RequestReport (SmartLoan.Api)' 
2026-09-04 10:48:11.0087|Info|Microsoft.AspNetCore.Hosting.Diagnostics|CorrelationId=|Request finished HTTP/1.1 POST http://localhost:5176/api/v1/Dashboard/reports - 400 - application/problem+json;+charset=utf-8 1.7181ms 
2026-09-04 10:48:12.7286|Info|Microsoft.AspNetCore.Hosting.Diagnostics|CorrelationId=|Request starting HTTP/1.1 POST http://localhost:5176/api/v1/Dashboard/reports - application/json 2 
2026-09-04 10:48:12.7286|Info|Microsoft.AspNetCore.Cors.Infrastructure.CorsService|CorrelationId=93aee475-435f-42ac-b2f6-061dc002c146|CORS policy execution successful. 
2026-09-04 10:48:12.7286|Info|Microsoft.AspNetCore.Routing.EndpointMiddleware|CorrelationId=93aee475-435f-42ac-b2f6-061dc002c146|Executing endpoint 'SmartLoan.Api.Controllers.DashboardController.RequestReport (SmartLoan.Api)' 
2026-09-04 10:48:12.7286|Info|Microsoft.AspNetCore.Mvc.Infrastructure.ControllerActionInvoker|CorrelationId=93aee475-435f-42ac-b2f6-061dc002c146|Route matched with {action = "RequestReport", controller = "Dashboard"}. Executing controller action with signature System.Threading.Tasks.Task`1[Microsoft.AspNetCore.Mvc.IActionResult] RequestReport(SmartLoan.Application.Dashboard.GenerateReportCommand) on controller SmartLoan.Api.Controllers.DashboardController (SmartLoan.Api). 
2026-09-04 10:48:12.7286|Info|Microsoft.AspNetCore.Mvc.Infrastructure.ObjectResultExecutor|CorrelationId=93aee475-435f-42ac-b2f6-061dc002c146|Executing BadRequestObjectResult, writing value of type 'Microsoft.AspNetCore.Mvc.ValidationProblemDetails'. 
2026-09-04 10:48:12.7286|Info|Microsoft.AspNetCore.Mvc.Infrastructure.ControllerActionInvoker|CorrelationId=93aee475-435f-42ac-b2f6-061dc002c146|Executed action SmartLoan.Api.Controllers.DashboardController.RequestReport (SmartLoan.Api) in 0.7201ms 
2026-09-04 10:48:12.7286|Info|Microsoft.AspNetCore.Routing.EndpointMiddleware|CorrelationId=93aee475-435f-42ac-b2f6-061dc002c146|Executed endpoint 'SmartLoan.Api.Controllers.DashboardController.RequestReport (SmartLoan.Api)' 
2026-09-04 10:48:12.7286|Info|Microsoft.AspNetCore.Hosting.Diagnostics|CorrelationId=|Request finished HTTP/1.1 POST http://localhost:5176/api/v1/Dashboard/reports - 400 - application/problem+json;+charset=utf-8 3.1253ms 
2026-09-04 10:48:12.9448|Info|Microsoft.AspNetCore.Hosting.Diagnostics|CorrelationId=|Request starting HTTP/1.1 POST http://localhost:5176/api/v1/Dashboard/reports - application/json 2 
2026-09-04 10:48:12.9448|Info|Microsoft.AspNetCore.Cors.Infrastructure.CorsService|CorrelationId=b7ef4cec-47b5-40d6-bae1-0b9430685e0b|CORS policy execution successful. 
2026-09-04 10:48:12.9448|Info|Microsoft.AspNetCore.Routing.EndpointMiddleware|CorrelationId=b7ef4cec-47b5-40d6-bae1-0b9430685e0b|Executing endpoint 'SmartLoan.Api.Controllers.DashboardController.RequestReport (SmartLoan.Api)' 
2026-09-04 10:48:12.9448|Info|Microsoft.AspNetCore.Mvc.Infrastructure.ControllerActionInvoker|CorrelationId=b7ef4cec-47b5-40d6-bae1-0b9430685e0b|Route matched with {action = "RequestReport", controller = "Dashboard"}. Executing controller action with signature System.Threading.Tasks.Task`1[Microsoft.AspNetCore.Mvc.IActionResult] RequestReport(SmartLoan.Application.Dashboard.GenerateReportCommand) on controller SmartLoan.Api.Controllers.DashboardController (SmartLoan.Api). 
2026-09-04 10:48:12.9448|Info|Microsoft.AspNetCore.Mvc.Infrastructure.ObjectResultExecutor|CorrelationId=b7ef4cec-47b5-40d6-bae1-0b9430685e0b|Executing BadRequestObjectResult, writing value of type 'Microsoft.AspNetCore.Mvc.ValidationProblemDetails'. 
2026-09-04 10:48:12.9448|Info|Microsoft.AspNetCore.Mvc.Infrastructure.ControllerActionInvoker|CorrelationId=b7ef4cec-47b5-40d6-bae1-0b9430685e0b|Executed action SmartLoan.Api.Controllers.DashboardController.RequestReport (SmartLoan.Api) in 0.5754ms 
2026-09-04 10:48:12.9448|Info|Microsoft.AspNetCore.Routing.EndpointMiddleware|CorrelationId=b7ef4cec-47b5-40d6-bae1-0b9430685e0b|Executed endpoint 'SmartLoan.Api.Controllers.DashboardController.RequestReport (SmartLoan.Api)' 
2026-09-04 10:48:12.9448|Info|Microsoft.AspNetCore.Hosting.Diagnostics|CorrelationId=|Request finished HTTP/1.1 POST http://localhost:5176/api/v1/Dashboard/reports - 400 - application/problem+json;+charset=utf-8 2.4336ms 
2026-09-04 10:48:13.3678|Info|Microsoft.AspNetCore.Hosting.Diagnostics|CorrelationId=|Request starting HTTP/1.1 POST http://localhost:5176/api/v1/Dashboard/reports - application/json 2 
2026-09-04 10:48:13.3678|Info|Microsoft.AspNetCore.Cors.Infrastructure.CorsService|CorrelationId=4a3f0eb0-e5b7-4b49-a8e3-b964bcc5fea2|CORS policy execution successful. 
2026-09-04 10:48:13.3678|Info|Microsoft.AspNetCore.Routing.EndpointMiddleware|CorrelationId=4a3f0eb0-e5b7-4b49-a8e3-b964bcc5fea2|Executing endpoint 'SmartLoan.Api.Controllers.DashboardController.RequestReport (SmartLoan.Api)' 
2026-09-04 10:48:13.3678|Info|Microsoft.AspNetCore.Mvc.Infrastructure.ControllerActionInvoker|CorrelationId=4a3f0eb0-e5b7-4b49-a8e3-b964bcc5fea2|Route matched with {action = "RequestReport", controller = "Dashboard"}. Executing controller action with signature System.Threading.Tasks.Task`1[Microsoft.AspNetCore.Mvc.IActionResult] RequestReport(SmartLoan.Application.Dashboard.GenerateReportCommand) on controller SmartLoan.Api.Controllers.DashboardController (SmartLoan.Api). 
2026-09-04 10:48:13.3678|Info|Microsoft.AspNetCore.Mvc.Infrastructure.ObjectResultExecutor|CorrelationId=4a3f0eb0-e5b7-4b49-a8e3-b964bcc5fea2|Executing BadRequestObjectResult, writing value of type 'Microsoft.AspNetCore.Mvc.ValidationProblemDetails'. 
2026-09-04 10:48:13.3678|Info|Microsoft.AspNetCore.Mvc.Infrastructure.ControllerActionInvoker|CorrelationId=4a3f0eb0-e5b7-4b49-a8e3-b964bcc5fea2|Executed action SmartLoan.Api.Controllers.DashboardController.RequestReport (SmartLoan.Api) in 1.0354ms 
2026-09-04 10:48:13.3678|Info|Microsoft.AspNetCore.Routing.EndpointMiddleware|CorrelationId=4a3f0eb0-e5b7-4b49-a8e3-b964bcc5fea2|Executed endpoint 'SmartLoan.Api.Controllers.DashboardController.RequestReport (SmartLoan.Api)' 
2026-09-04 10:48:13.3678|Info|Microsoft.AspNetCore.Hosting.Diagnostics|CorrelationId=|Request finished HTTP/1.1 POST http://localhost:5176/api/v1/Dashboard/reports - 400 - application/problem+json;+charset=utf-8 3.4652ms 
2026-09-04 10:48:13.5382|Info|Microsoft.AspNetCore.Hosting.Diagnostics|CorrelationId=|Request starting HTTP/1.1 POST http://localhost:5176/api/v1/Dashboard/reports - application/json 2 
2026-09-04 10:48:13.5382|Info|Microsoft.AspNetCore.Cors.Infrastructure.CorsService|CorrelationId=93065be5-c6de-4dc3-ba86-38917c10feec|CORS policy execution successful. 
2026-09-04 10:48:13.5382|Info|Microsoft.AspNetCore.Routing.EndpointMiddleware|CorrelationId=93065be5-c6de-4dc3-ba86-38917c10feec|Executing endpoint 'SmartLoan.Api.Controllers.DashboardController.RequestReport (SmartLoan.Api)' 
2026-09-04 10:48:13.5382|Info|Microsoft.AspNetCore.Mvc.Infrastructure.ControllerActionInvoker|CorrelationId=93065be5-c6de-4dc3-ba86-38917c10feec|Route matched with {action = "RequestReport", controller = "Dashboard"}. Executing controller action with signature System.Threading.Tasks.Task`1[Microsoft.AspNetCore.Mvc.IActionResult] RequestReport(SmartLoan.Application.Dashboard.GenerateReportCommand) on controller SmartLoan.Api.Controllers.DashboardController (SmartLoan.Api). 
2026-09-04 10:48:13.5382|Info|Microsoft.AspNetCore.Mvc.Infrastructure.ObjectResultExecutor|CorrelationId=93065be5-c6de-4dc3-ba86-38917c10feec|Executing BadRequestObjectResult, writing value of type 'Microsoft.AspNetCore.Mvc.ValidationProblemDetails'. 
2026-09-04 10:48:13.5382|Info|Microsoft.AspNetCore.Mvc.Infrastructure.ControllerActionInvoker|CorrelationId=93065be5-c6de-4dc3-ba86-38917c10feec|Executed action SmartLoan.Api.Controllers.DashboardController.RequestReport (SmartLoan.Api) in 0.5611ms 
2026-09-04 10:48:13.5382|Info|Microsoft.AspNetCore.Routing.EndpointMiddleware|CorrelationId=93065be5-c6de-4dc3-ba86-38917c10feec|Executed endpoint 'SmartLoan.Api.Controllers.DashboardController.RequestReport (SmartLoan.Api)' 
2026-09-04 10:48:13.5382|Info|Microsoft.AspNetCore.Hosting.Diagnostics|CorrelationId=|Request finished HTTP/1.1 POST http://localhost:5176/api/v1/Dashboard/reports - 400 - application/problem+json;+charset=utf-8 1.9246ms 
2026-09-04 10:48:13.7627|Info|Microsoft.AspNetCore.Hosting.Diagnostics|CorrelationId=|Request starting HTTP/1.1 POST http://localhost:5176/api/v1/Dashboard/reports - application/json 2 
2026-09-04 10:48:13.7627|Info|Microsoft.AspNetCore.Cors.Infrastructure.CorsService|CorrelationId=12db84c4-130a-4ed8-9ea1-ab290192ba58|CORS policy execution successful. 
2026-09-04 10:48:13.7627|Info|Microsoft.AspNetCore.Routing.EndpointMiddleware|CorrelationId=12db84c4-130a-4ed8-9ea1-ab290192ba58|Executing endpoint 'SmartLoan.Api.Controllers.DashboardController.RequestReport (SmartLoan.Api)' 
2026-09-04 10:48:13.7627|Info|Microsoft.AspNetCore.Mvc.Infrastructure.ControllerActionInvoker|CorrelationId=12db84c4-130a-4ed8-9ea1-ab290192ba58|Route matched with {action = "RequestReport", controller = "Dashboard"}. Executing controller action with signature System.Threading.Tasks.Task`1[Microsoft.AspNetCore.Mvc.IActionResult] RequestReport(SmartLoan.Application.Dashboard.GenerateReportCommand) on controller SmartLoan.Api.Controllers.DashboardController (SmartLoan.Api). 
2026-09-04 10:48:13.7627|Info|Microsoft.AspNetCore.Mvc.Infrastructure.ObjectResultExecutor|CorrelationId=12db84c4-130a-4ed8-9ea1-ab290192ba58|Executing BadRequestObjectResult, writing value of type 'Microsoft.AspNetCore.Mvc.ValidationProblemDetails'. 
2026-09-04 10:48:13.7627|Info|Microsoft.AspNetCore.Mvc.Infrastructure.ControllerActionInvoker|CorrelationId=12db84c4-130a-4ed8-9ea1-ab290192ba58|Executed action SmartLoan.Api.Controllers.DashboardController.RequestReport (SmartLoan.Api) in 0.637ms 
2026-09-04 10:48:13.7627|Info|Microsoft.AspNetCore.Routing.EndpointMiddleware|CorrelationId=12db84c4-130a-4ed8-9ea1-ab290192ba58|Executed endpoint 'SmartLoan.Api.Controllers.DashboardController.RequestReport (SmartLoan.Api)' 
2026-09-04 10:48:13.7627|Info|Microsoft.AspNetCore.Hosting.Diagnostics|CorrelationId=|Request finished HTTP/1.1 POST http://localhost:5176/api/v1/Dashboard/reports - 400 - application/problem+json;+charset=utf-8 2.8405ms 
2026-09-04 10:48:58.0455|Info|Microsoft.AspNetCore.Hosting.Diagnostics|CorrelationId=|Request starting HTTP/1.1 GET http://localhost:5176/api/v1/Auth/me - - - 
2026-09-04 10:48:58.0455|Info|Microsoft.AspNetCore.Routing.EndpointMiddleware|CorrelationId=1da948cd-a8f6-4c1c-b7d2-b7d64fe74cd6|Executing endpoint 'SmartLoan.Api.Controllers.AuthController.GetCurrentUser (SmartLoan.Api)' 
2026-09-04 10:48:58.0521|Info|Microsoft.AspNetCore.Mvc.Infrastructure.ControllerActionInvoker|CorrelationId=1da948cd-a8f6-4c1c-b7d2-b7d64fe74cd6|Route matched with {action = "GetCurrentUser", controller = "Auth"}. Executing controller action with signature Microsoft.AspNetCore.Mvc.IActionResult GetCurrentUser() on controller SmartLoan.Api.Controllers.AuthController (SmartLoan.Api). 
2026-09-04 10:48:58.0521|Info|Microsoft.AspNetCore.Mvc.Infrastructure.ObjectResultExecutor|CorrelationId=1da948cd-a8f6-4c1c-b7d2-b7d64fe74cd6|Executing OkObjectResult, writing value of type '<>f__AnonymousType0`2[[System.String, System.Private.CoreLib, Version=10.0.0.0, Culture=neutral, PublicKeyToken=7cec85d7bea7798e],[System.String, System.Private.CoreLib, Version=10.0.0.0, Culture=neutral, PublicKeyToken=7cec85d7bea7798e]]'. 
2026-09-04 10:48:58.0776|Info|Microsoft.AspNetCore.Mvc.Infrastructure.ControllerActionInvoker|CorrelationId=1da948cd-a8f6-4c1c-b7d2-b7d64fe74cd6|Executed action SmartLoan.Api.Controllers.AuthController.GetCurrentUser (SmartLoan.Api) in 20.8616ms 
2026-09-04 10:48:58.0776|Info|Microsoft.AspNetCore.Routing.EndpointMiddleware|CorrelationId=1da948cd-a8f6-4c1c-b7d2-b7d64fe74cd6|Executed endpoint 'SmartLoan.Api.Controllers.AuthController.GetCurrentUser (SmartLoan.Api)' 
2026-09-04 10:48:58.0776|Info|Microsoft.AspNetCore.Hosting.Diagnostics|CorrelationId=|Request finished HTTP/1.1 GET http://localhost:5176/api/v1/Auth/me - 200 - application/json;+charset=utf-8 32.6635ms 
2026-09-04 10:48:58.0977|Info|Microsoft.AspNetCore.Hosting.Diagnostics|CorrelationId=|Request starting HTTP/1.1 GET http://localhost:5176/api/v1/Auth/me - - - 
2026-09-04 10:48:58.0977|Info|Microsoft.AspNetCore.Routing.EndpointMiddleware|CorrelationId=5a3f422f-49be-4212-8ca0-a0b58a07c125|Executing endpoint 'SmartLoan.Api.Controllers.AuthController.GetCurrentUser (SmartLoan.Api)' 
2026-09-04 10:48:58.0989|Info|Microsoft.AspNetCore.Mvc.Infrastructure.ControllerActionInvoker|CorrelationId=5a3f422f-49be-4212-8ca0-a0b58a07c125|Route matched with {action = "GetCurrentUser", controller = "Auth"}. Executing controller action with signature Microsoft.AspNetCore.Mvc.IActionResult GetCurrentUser() on controller SmartLoan.Api.Controllers.AuthController (SmartLoan.Api). 
2026-09-04 10:48:58.0989|Info|Microsoft.AspNetCore.Mvc.Infrastructure.ObjectResultExecutor|CorrelationId=5a3f422f-49be-4212-8ca0-a0b58a07c125|Executing OkObjectResult, writing value of type '<>f__AnonymousType0`2[[System.String, System.Private.CoreLib, Version=10.0.0.0, Culture=neutral, PublicKeyToken=7cec85d7bea7798e],[System.String, System.Private.CoreLib, Version=10.0.0.0, Culture=neutral, PublicKeyToken=7cec85d7bea7798e]]'. 
2026-09-04 10:48:58.0989|Info|Microsoft.AspNetCore.Mvc.Infrastructure.ControllerActionInvoker|CorrelationId=5a3f422f-49be-4212-8ca0-a0b58a07c125|Executed action SmartLoan.Api.Controllers.AuthController.GetCurrentUser (SmartLoan.Api) in 3.0389ms 
2026-09-04 10:48:58.0989|Info|Microsoft.AspNetCore.Routing.EndpointMiddleware|CorrelationId=5a3f422f-49be-4212-8ca0-a0b58a07c125|Executed endpoint 'SmartLoan.Api.Controllers.AuthController.GetCurrentUser (SmartLoan.Api)' 
2026-09-04 10:48:58.0989|Info|Microsoft.AspNetCore.Hosting.Diagnostics|CorrelationId=|Request finished HTTP/1.1 GET http://localhost:5176/api/v1/Auth/me - 200 - application/json;+charset=utf-8 8.9382ms 
2026-09-04 10:48:58.1321|Info|Microsoft.AspNetCore.Hosting.Diagnostics|CorrelationId=|Request starting HTTP/1.1 POST http://localhost:5176/api/v1/notifications/negotiate?negotiateVersion=1 - - 0 
2026-09-04 10:48:58.1321|Info|Microsoft.AspNetCore.Cors.Infrastructure.CorsService|CorrelationId=eb25b602-770d-4af8-8f51-0e64d9ec5ee0|CORS policy execution successful. 
2026-09-04 10:48:58.1321|Info|Microsoft.AspNetCore.Hosting.Diagnostics|CorrelationId=|Request finished HTTP/1.1 POST http://localhost:5176/api/v1/notifications/negotiate?negotiateVersion=1 - 404 0 - 1.0202ms 
2026-09-04 10:48:58.1321|Info|Microsoft.AspNetCore.Hosting.Diagnostics|CorrelationId=|Request reached the end of the middleware pipeline without being handled by application code. Request path: POST http://localhost:5176/api/v1/notifications/negotiate, Response status code: 404 
2026-09-04 10:48:58.1771|Info|Microsoft.AspNetCore.Hosting.Diagnostics|CorrelationId=|Request starting HTTP/1.1 GET http://localhost:5176/api/v1/Loan?pageNumber=1&pageSize=20 - - - 
2026-09-04 10:48:58.1771|Info|Microsoft.AspNetCore.Routing.EndpointMiddleware|CorrelationId=c239c2e3-529e-4f9a-872a-ce1c7766bb84|Executing endpoint 'SmartLoan.Api.Controllers.LoanController.GetAll (SmartLoan.Api)' 
2026-09-04 10:48:58.1771|Info|Microsoft.AspNetCore.Mvc.Infrastructure.ControllerActionInvoker|CorrelationId=c239c2e3-529e-4f9a-872a-ce1c7766bb84|Route matched with {action = "GetAll", controller = "Loan"}. Executing controller action with signature System.Threading.Tasks.Task`1[Microsoft.AspNetCore.Mvc.ActionResult`1[SmartLoan.Application.Common.PagedResponse`1[SmartLoan.Application.Loans.Queries.LoanDto]]] GetAll(SmartLoan.Application.Common.PagedRequest) on controller SmartLoan.Api.Controllers.LoanController (SmartLoan.Api). 
2026-09-04 10:48:58.1771|Info|Microsoft.AspNetCore.Hosting.Diagnostics|CorrelationId=|Request starting HTTP/1.1 GET http://localhost:5176/api/v1/Dashboard/summary - - - 
2026-09-04 10:48:58.1771|Info|Microsoft.AspNetCore.Routing.EndpointMiddleware|CorrelationId=ba75c382-0622-4084-a7ae-48539d9310e6|Executing endpoint 'SmartLoan.Api.Controllers.DashboardController.GetSummary (SmartLoan.Api)' 
2026-09-04 10:48:58.1771|Info|Microsoft.AspNetCore.Mvc.Infrastructure.ControllerActionInvoker|CorrelationId=ba75c382-0622-4084-a7ae-48539d9310e6|Route matched with {action = "GetSummary", controller = "Dashboard"}. Executing controller action with signature System.Threading.Tasks.Task`1[Microsoft.AspNetCore.Mvc.ActionResult`1[SmartLoan.Application.Dashboard.Queries.GetLoanSummary.LoanSummaryDto]] GetSummary() on controller SmartLoan.Api.Controllers.DashboardController (SmartLoan.Api). 
2026-09-04 10:48:58.1771|Info|SmartLoan.Application.Common.Behaviors.LoggingBehavior|CorrelationId=c239c2e3-529e-4f9a-872a-ce1c7766bb84|smartloan Request:GetLoansQuery starting... 
2026-09-04 10:48:58.1771|Info|SmartLoan.Application.Common.Behaviors.LoggingBehavior|CorrelationId=ba75c382-0622-4084-a7ae-48539d9310e6|smartloan Request:GetLoansummatyQuery starting... 
2026-09-04 10:48:58.1771|Info|Microsoft.EntityFrameworkCore.Database.Command|CorrelationId=ba75c382-0622-4084-a7ae-48539d9310e6|Executed DbCommand (1ms) [Parameters=[], CommandType='Text', CommandTimeout='30']
SELECT COALESCE(sum(p."Amount"), 0.0)
FROM "Payments" AS p 
2026-09-04 10:48:58.1771|Info|Microsoft.EntityFrameworkCore.Database.Command|CorrelationId=c239c2e3-529e-4f9a-872a-ce1c7766bb84|Executed DbCommand (1ms) [Parameters=[], CommandType='Text', CommandTimeout='30']
SELECT count(*)::int
FROM "LoanApplications" AS l
WHERE NOT (l."IsDeleted") 
2026-09-04 10:48:58.1771|Info|Microsoft.EntityFrameworkCore.Database.Command|CorrelationId=ba75c382-0622-4084-a7ae-48539d9310e6|Executed DbCommand (1ms) [Parameters=[], CommandType='Text', CommandTimeout='30']
SELECT COALESCE(sum(l."ServiceFee"), 0.0)
FROM "LoanApplications" AS l
WHERE NOT (l."IsDeleted") AND l."Status" = 'Approved' 
2026-09-04 10:48:58.1771|Info|Microsoft.EntityFrameworkCore.Database.Command|CorrelationId=ba75c382-0622-4084-a7ae-48539d9310e6|Executed DbCommand (1ms) [Parameters=[], CommandType='Text', CommandTimeout='30']
SELECT count(*)::int
FROM "LoanApplications" AS l
WHERE NOT (l."IsDeleted") AND l."Status" = 'Saving' 
2026-09-04 10:48:58.1771|Info|Microsoft.EntityFrameworkCore.Database.Command|CorrelationId=ba75c382-0622-4084-a7ae-48539d9310e6|Executed DbCommand (0ms) [Parameters=[], CommandType='Text', CommandTimeout='30']
SELECT count(*)::int
FROM "LoanApplications" AS l
WHERE NOT (l."IsDeleted") AND l."Status" = 'Approved' 
2026-09-04 10:48:58.1771|Info|SmartLoan.Application.Common.Behaviors.LoggingBehavior|CorrelationId=ba75c382-0622-4084-a7ae-48539d9310e6|Smarloan Request:GetLoansummatyQuery finished in 11ms 
2026-09-04 10:48:58.1771|Info|Microsoft.AspNetCore.Mvc.Infrastructure.ObjectResultExecutor|CorrelationId=ba75c382-0622-4084-a7ae-48539d9310e6|Executing ObjectResult, writing value of type 'SmartLoan.Application.Dashboard.Queries.GetLoanSummary.LoanSummaryDto'. 
2026-09-04 10:48:58.1771|Info|Microsoft.AspNetCore.Mvc.Infrastructure.ControllerActionInvoker|CorrelationId=ba75c382-0622-4084-a7ae-48539d9310e6|Executed action SmartLoan.Api.Controllers.DashboardController.GetSummary (SmartLoan.Api) in 12.3526ms 
2026-09-04 10:48:58.1771|Info|Microsoft.AspNetCore.Routing.EndpointMiddleware|CorrelationId=ba75c382-0622-4084-a7ae-48539d9310e6|Executed endpoint 'SmartLoan.Api.Controllers.DashboardController.GetSummary (SmartLoan.Api)' 
2026-09-04 10:48:58.1928|Info|Microsoft.AspNetCore.Hosting.Diagnostics|CorrelationId=|Request finished HTTP/1.1 GET http://localhost:5176/api/v1/Dashboard/summary - 200 - application/json;+charset=utf-8 14.1616ms 
2026-09-04 10:48:58.1928|Info|Microsoft.EntityFrameworkCore.Database.Command|CorrelationId=c239c2e3-529e-4f9a-872a-ce1c7766bb84|Executed DbCommand (4ms) [Parameters=[@p1='?' (DbType = Int32), @p='?' (DbType = Int32)], CommandType='Text', CommandTimeout='30']
SELECT l0."Id", c0."FullName", l0."DailyAmount", l0."LoanAmount", l0."ServiceFee", l0."Status", l0."CreatedAt"
FROM (
    SELECT l."Id", l."CreatedAt", l."CustomerId", l."DailyAmount", l."LoanAmount", l."ServiceFee", l."Status"
    FROM "LoanApplications" AS l
    WHERE NOT (l."IsDeleted")
    ORDER BY l."CreatedAt" DESC
    LIMIT @p1 OFFSET @p
) AS l0
INNER JOIN (
    SELECT c."Id", c."FullName"
    FROM "Customers" AS c
    WHERE NOT (c."IsDeleted")
) AS c0 ON l0."CustomerId" = c0."Id"
ORDER BY l0."CreatedAt" DESC 
2026-09-04 10:48:58.1928|Info|SmartLoan.Application.Common.Behaviors.LoggingBehavior|CorrelationId=c239c2e3-529e-4f9a-872a-ce1c7766bb84|Smarloan Request:GetLoansQuery finished in 14ms 
2026-09-04 10:48:58.1928|Info|Microsoft.AspNetCore.Mvc.Infrastructure.ObjectResultExecutor|CorrelationId=c239c2e3-529e-4f9a-872a-ce1c7766bb84|Executing ObjectResult, writing value of type 'SmartLoan.Application.Common.PagedResponse`1[[SmartLoan.Application.Loans.Queries.LoanDto, SmartLoan.Application, Version=1.0.0.0, Culture=neutral, PublicKeyToken=null]]'. 
2026-09-04 10:48:58.1928|Info|Microsoft.AspNetCore.Mvc.Infrastructure.ControllerActionInvoker|CorrelationId=c239c2e3-529e-4f9a-872a-ce1c7766bb84|Executed action SmartLoan.Api.Controllers.LoanController.GetAll (SmartLoan.Api) in 16.636ms 
2026-09-04 10:48:58.1928|Info|Microsoft.AspNetCore.Routing.EndpointMiddleware|CorrelationId=c239c2e3-529e-4f9a-872a-ce1c7766bb84|Executed endpoint 'SmartLoan.Api.Controllers.LoanController.GetAll (SmartLoan.Api)' 
2026-09-04 10:48:58.1928|Info|Microsoft.AspNetCore.Hosting.Diagnostics|CorrelationId=|Request finished HTTP/1.1 GET http://localhost:5176/api/v1/Loan?pageNumber=1&pageSize=20 - 200 - application/json;+charset=utf-8 18.1190ms 
2026-09-04 10:49:13.9857|Info|Microsoft.AspNetCore.Hosting.Diagnostics|CorrelationId=|Request starting HTTP/1.1 POST http://localhost:5176/api/v1/Dashboard/reports - application/json 2 
2026-09-04 10:49:13.9857|Info|Microsoft.AspNetCore.Cors.Infrastructure.CorsService|CorrelationId=405b8194-cd7d-4835-9217-537bd00904dc|CORS policy execution successful. 
2026-09-04 10:49:13.9857|Info|Microsoft.AspNetCore.Routing.EndpointMiddleware|CorrelationId=405b8194-cd7d-4835-9217-537bd00904dc|Executing endpoint 'SmartLoan.Api.Controllers.DashboardController.RequestReport (SmartLoan.Api)' 
2026-09-04 10:49:13.9857|Info|Microsoft.AspNetCore.Mvc.Infrastructure.ControllerActionInvoker|CorrelationId=405b8194-cd7d-4835-9217-537bd00904dc|Route matched with {action = "RequestReport", controller = "Dashboard"}. Executing controller action with signature System.Threading.Tasks.Task`1[Microsoft.AspNetCore.Mvc.IActionResult] RequestReport(SmartLoan.Application.Dashboard.GenerateReportCommand) on controller SmartLoan.Api.Controllers.DashboardController (SmartLoan.Api). 
2026-09-04 10:49:13.9857|Info|Microsoft.AspNetCore.Mvc.Infrastructure.ObjectResultExecutor|CorrelationId=405b8194-cd7d-4835-9217-537bd00904dc|Executing BadRequestObjectResult, writing value of type 'Microsoft.AspNetCore.Mvc.ValidationProblemDetails'. 
2026-09-04 10:49:13.9857|Info|Microsoft.AspNetCore.Mvc.Infrastructure.ControllerActionInvoker|CorrelationId=405b8194-cd7d-4835-9217-537bd00904dc|Executed action SmartLoan.Api.Controllers.DashboardController.RequestReport (SmartLoan.Api) in 0.6003ms 
2026-09-04 10:49:13.9857|Info|Microsoft.AspNetCore.Routing.EndpointMiddleware|CorrelationId=405b8194-cd7d-4835-9217-537bd00904dc|Executed endpoint 'SmartLoan.Api.Controllers.DashboardController.RequestReport (SmartLoan.Api)' 
2026-09-04 10:49:13.9857|Info|Microsoft.AspNetCore.Hosting.Diagnostics|CorrelationId=|Request finished HTTP/1.1 POST http://localhost:5176/api/v1/Dashboard/reports - 400 - application/problem+json;+charset=utf-8 2.5067ms 
2026-09-04 10:50:55.6988|Info|Microsoft.AspNetCore.Hosting.Diagnostics|CorrelationId=|Request starting HTTP/1.1 GET http://localhost:5176/api/v1/Auth/me - - - 
2026-09-04 10:50:55.6988|Info|Microsoft.AspNetCore.Routing.EndpointMiddleware|CorrelationId=a2eb346d-f2e3-4f22-85cd-70ba39b67458|Executing endpoint 'SmartLoan.Api.Controllers.AuthController.GetCurrentUser (SmartLoan.Api)' 
2026-09-04 10:50:55.6988|Info|Microsoft.AspNetCore.Mvc.Infrastructure.ControllerActionInvoker|CorrelationId=a2eb346d-f2e3-4f22-85cd-70ba39b67458|Route matched with {action = "GetCurrentUser", controller = "Auth"}. Executing controller action with signature Microsoft.AspNetCore.Mvc.IActionResult GetCurrentUser() on controller SmartLoan.Api.Controllers.AuthController (SmartLoan.Api). 
2026-09-04 10:50:55.6988|Info|Microsoft.AspNetCore.Mvc.Infrastructure.ObjectResultExecutor|CorrelationId=a2eb346d-f2e3-4f22-85cd-70ba39b67458|Executing OkObjectResult, writing value of type '<>f__AnonymousType0`2[[System.String, System.Private.CoreLib, Version=10.0.0.0, Culture=neutral, PublicKeyToken=7cec85d7bea7798e],[System.String, System.Private.CoreLib, Version=10.0.0.0, Culture=neutral, PublicKeyToken=7cec85d7bea7798e]]'. 
2026-09-04 10:50:55.6988|Info|Microsoft.AspNetCore.Mvc.Infrastructure.ControllerActionInvoker|CorrelationId=a2eb346d-f2e3-4f22-85cd-70ba39b67458|Executed action SmartLoan.Api.Controllers.AuthController.GetCurrentUser (SmartLoan.Api) in 0.4427ms 
2026-09-04 10:50:55.6988|Info|Microsoft.AspNetCore.Routing.EndpointMiddleware|CorrelationId=a2eb346d-f2e3-4f22-85cd-70ba39b67458|Executed endpoint 'SmartLoan.Api.Controllers.AuthController.GetCurrentUser (SmartLoan.Api)' 
2026-09-04 10:50:55.6988|Info|Microsoft.AspNetCore.Hosting.Diagnostics|CorrelationId=|Request finished HTTP/1.1 GET http://localhost:5176/api/v1/Auth/me - 200 - application/json;+charset=utf-8 2.0830ms 
2026-09-04 10:50:55.6988|Info|Microsoft.AspNetCore.Hosting.Diagnostics|CorrelationId=|Request starting HTTP/1.1 GET http://localhost:5176/api/v1/Auth/me - - - 
2026-09-04 10:50:55.6988|Info|Microsoft.AspNetCore.Routing.EndpointMiddleware|CorrelationId=2381d2ef-30af-4018-93eb-3830a2804f9a|Executing endpoint 'SmartLoan.Api.Controllers.AuthController.GetCurrentUser (SmartLoan.Api)' 
2026-09-04 10:50:55.6988|Info|Microsoft.AspNetCore.Mvc.Infrastructure.ControllerActionInvoker|CorrelationId=2381d2ef-30af-4018-93eb-3830a2804f9a|Route matched with {action = "GetCurrentUser", controller = "Auth"}. Executing controller action with signature Microsoft.AspNetCore.Mvc.IActionResult GetCurrentUser() on controller SmartLoan.Api.Controllers.AuthController (SmartLoan.Api). 
2026-09-04 10:50:55.6988|Info|Microsoft.AspNetCore.Mvc.Infrastructure.ObjectResultExecutor|CorrelationId=2381d2ef-30af-4018-93eb-3830a2804f9a|Executing OkObjectResult, writing value of type '<>f__AnonymousType0`2[[System.String, System.Private.CoreLib, Version=10.0.0.0, Culture=neutral, PublicKeyToken=7cec85d7bea7798e],[System.String, System.Private.CoreLib, Version=10.0.0.0, Culture=neutral, PublicKeyToken=7cec85d7bea7798e]]'. 
2026-09-04 10:50:55.6988|Info|Microsoft.AspNetCore.Mvc.Infrastructure.ControllerActionInvoker|CorrelationId=2381d2ef-30af-4018-93eb-3830a2804f9a|Executed action SmartLoan.Api.Controllers.AuthController.GetCurrentUser (SmartLoan.Api) in 0.3403ms 
2026-09-04 10:50:55.6988|Info|Microsoft.AspNetCore.Routing.EndpointMiddleware|CorrelationId=2381d2ef-30af-4018-93eb-3830a2804f9a|Executed endpoint 'SmartLoan.Api.Controllers.AuthController.GetCurrentUser (SmartLoan.Api)' 
2026-09-04 10:50:55.6988|Info|Microsoft.AspNetCore.Hosting.Diagnostics|CorrelationId=|Request finished HTTP/1.1 GET http://localhost:5176/api/v1/Auth/me - 200 - application/json;+charset=utf-8 2.3462ms 
2026-09-04 10:50:55.7237|Info|Microsoft.AspNetCore.Hosting.Diagnostics|CorrelationId=|Request starting HTTP/1.1 POST http://localhost:5176/api/v1/notifications/negotiate?negotiateVersion=1 - - 0 
2026-09-04 10:50:55.7237|Info|Microsoft.AspNetCore.Cors.Infrastructure.CorsService|CorrelationId=d37f109f-f482-4967-a6ed-1ea4207869ad|CORS policy execution successful. 
2026-09-04 10:50:55.7237|Info|Microsoft.AspNetCore.Hosting.Diagnostics|CorrelationId=|Request finished HTTP/1.1 POST http://localhost:5176/api/v1/notifications/negotiate?negotiateVersion=1 - 404 0 - 0.5239ms 
2026-09-04 10:50:55.7237|Info|Microsoft.AspNetCore.Hosting.Diagnostics|CorrelationId=|Request reached the end of the middleware pipeline without being handled by application code. Request path: POST http://localhost:5176/api/v1/notifications/negotiate, Response status code: 404 
2026-09-04 10:50:55.7821|Info|Microsoft.AspNetCore.Hosting.Diagnostics|CorrelationId=|Request starting HTTP/1.1 GET http://localhost:5176/api/v1/Loan?pageNumber=1&pageSize=20 - - - 
2026-09-04 10:50:55.7821|Info|Microsoft.AspNetCore.Hosting.Diagnostics|CorrelationId=|Request starting HTTP/1.1 GET http://localhost:5176/api/v1/Dashboard/summary - - - 
2026-09-04 10:50:55.7821|Info|Microsoft.AspNetCore.Routing.EndpointMiddleware|CorrelationId=737ca9de-dcc4-44ea-b7c7-9f0e040e323c|Executing endpoint 'SmartLoan.Api.Controllers.DashboardController.GetSummary (SmartLoan.Api)' 
2026-09-04 10:50:55.7821|Info|Microsoft.AspNetCore.Routing.EndpointMiddleware|CorrelationId=661ceacf-f725-4179-90fa-4442ab3eae8a|Executing endpoint 'SmartLoan.Api.Controllers.LoanController.GetAll (SmartLoan.Api)' 
2026-09-04 10:50:55.7821|Info|Microsoft.AspNetCore.Mvc.Infrastructure.ControllerActionInvoker|CorrelationId=737ca9de-dcc4-44ea-b7c7-9f0e040e323c|Route matched with {action = "GetSummary", controller = "Dashboard"}. Executing controller action with signature System.Threading.Tasks.Task`1[Microsoft.AspNetCore.Mvc.ActionResult`1[SmartLoan.Application.Dashboard.Queries.GetLoanSummary.LoanSummaryDto]] GetSummary() on controller SmartLoan.Api.Controllers.DashboardController (SmartLoan.Api). 
2026-09-04 10:50:55.7821|Info|Microsoft.AspNetCore.Mvc.Infrastructure.ControllerActionInvoker|CorrelationId=661ceacf-f725-4179-90fa-4442ab3eae8a|Route matched with {action = "GetAll", controller = "Loan"}. Executing controller action with signature System.Threading.Tasks.Task`1[Microsoft.AspNetCore.Mvc.ActionResult`1[SmartLoan.Application.Common.PagedResponse`1[SmartLoan.Application.Loans.Queries.LoanDto]]] GetAll(SmartLoan.Application.Common.PagedRequest) on controller SmartLoan.Api.Controllers.LoanController (SmartLoan.Api). 
2026-09-04 10:50:55.7821|Info|SmartLoan.Application.Common.Behaviors.LoggingBehavior|CorrelationId=737ca9de-dcc4-44ea-b7c7-9f0e040e323c|smartloan Request:GetLoansummatyQuery starting... 
2026-09-04 10:50:55.7821|Info|SmartLoan.Application.Common.Behaviors.LoggingBehavior|CorrelationId=661ceacf-f725-4179-90fa-4442ab3eae8a|smartloan Request:GetLoansQuery starting... 
2026-09-04 10:50:55.7867|Info|Microsoft.EntityFrameworkCore.Database.Command|CorrelationId=661ceacf-f725-4179-90fa-4442ab3eae8a|Executed DbCommand (1ms) [Parameters=[], CommandType='Text', CommandTimeout='30']
SELECT count(*)::int
FROM "LoanApplications" AS l
WHERE NOT (l."IsDeleted") 
2026-09-04 10:50:55.7867|Info|Microsoft.EntityFrameworkCore.Database.Command|CorrelationId=737ca9de-dcc4-44ea-b7c7-9f0e040e323c|Executed DbCommand (1ms) [Parameters=[], CommandType='Text', CommandTimeout='30']
SELECT COALESCE(sum(p."Amount"), 0.0)
FROM "Payments" AS p 
2026-09-04 10:50:55.7867|Info|Microsoft.EntityFrameworkCore.Database.Command|CorrelationId=737ca9de-dcc4-44ea-b7c7-9f0e040e323c|Executed DbCommand (1ms) [Parameters=[], CommandType='Text', CommandTimeout='30']
SELECT COALESCE(sum(l."ServiceFee"), 0.0)
FROM "LoanApplications" AS l
WHERE NOT (l."IsDeleted") AND l."Status" = 'Approved' 
2026-09-04 10:50:55.7867|Info|Microsoft.EntityFrameworkCore.Database.Command|CorrelationId=661ceacf-f725-4179-90fa-4442ab3eae8a|Executed DbCommand (1ms) [Parameters=[@p1='?' (DbType = Int32), @p='?' (DbType = Int32)], CommandType='Text', CommandTimeout='30']
SELECT l0."Id", c0."FullName", l0."DailyAmount", l0."LoanAmount", l0."ServiceFee", l0."Status", l0."CreatedAt"
FROM (
    SELECT l."Id", l."CreatedAt", l."CustomerId", l."DailyAmount", l."LoanAmount", l."ServiceFee", l."Status"
    FROM "LoanApplications" AS l
    WHERE NOT (l."IsDeleted")
    ORDER BY l."CreatedAt" DESC
    LIMIT @p1 OFFSET @p
) AS l0
INNER JOIN (
    SELECT c."Id", c."FullName"
    FROM "Customers" AS c
    WHERE NOT (c."IsDeleted")
) AS c0 ON l0."CustomerId" = c0."Id"
ORDER BY l0."CreatedAt" DESC 
2026-09-04 10:50:55.7867|Info|SmartLoan.Application.Common.Behaviors.LoggingBehavior|CorrelationId=661ceacf-f725-4179-90fa-4442ab3eae8a|Smarloan Request:GetLoansQuery finished in 5ms 
2026-09-04 10:50:55.7867|Info|Microsoft.EntityFrameworkCore.Database.Command|CorrelationId=737ca9de-dcc4-44ea-b7c7-9f0e040e323c|Executed DbCommand (0ms) [Parameters=[], CommandType='Text', CommandTimeout='30']
SELECT count(*)::int
FROM "LoanApplications" AS l
WHERE NOT (l."IsDeleted") AND l."Status" = 'Saving' 
2026-09-04 10:50:55.7867|Info|Microsoft.AspNetCore.Mvc.Infrastructure.ObjectResultExecutor|CorrelationId=661ceacf-f725-4179-90fa-4442ab3eae8a|Executing ObjectResult, writing value of type 'SmartLoan.Application.Common.PagedResponse`1[[SmartLoan.Application.Loans.Queries.LoanDto, SmartLoan.Application, Version=1.0.0.0, Culture=neutral, PublicKeyToken=null]]'. 
2026-09-04 10:50:55.7867|Info|Microsoft.AspNetCore.Mvc.Infrastructure.ControllerActionInvoker|CorrelationId=661ceacf-f725-4179-90fa-4442ab3eae8a|Executed action SmartLoan.Api.Controllers.LoanController.GetAll (SmartLoan.Api) in 6.1889ms 
2026-09-04 10:50:55.7867|Info|Microsoft.AspNetCore.Routing.EndpointMiddleware|CorrelationId=661ceacf-f725-4179-90fa-4442ab3eae8a|Executed endpoint 'SmartLoan.Api.Controllers.LoanController.GetAll (SmartLoan.Api)' 
2026-09-04 10:50:55.7867|Info|Microsoft.AspNetCore.Hosting.Diagnostics|CorrelationId=|Request finished HTTP/1.1 GET http://localhost:5176/api/v1/Loan?pageNumber=1&pageSize=20 - 200 - application/json;+charset=utf-8 7.4714ms 
2026-09-04 10:50:55.7867|Info|Microsoft.EntityFrameworkCore.Database.Command|CorrelationId=737ca9de-dcc4-44ea-b7c7-9f0e040e323c|Executed DbCommand (1ms) [Parameters=[], CommandType='Text', CommandTimeout='30']
SELECT count(*)::int
FROM "LoanApplications" AS l
WHERE NOT (l."IsDeleted") AND l."Status" = 'Approved' 
2026-09-04 10:50:55.7867|Info|SmartLoan.Application.Common.Behaviors.LoggingBehavior|CorrelationId=737ca9de-dcc4-44ea-b7c7-9f0e040e323c|Smarloan Request:GetLoansummatyQuery finished in 6ms 
2026-09-04 10:50:55.7867|Info|Microsoft.AspNetCore.Mvc.Infrastructure.ObjectResultExecutor|CorrelationId=737ca9de-dcc4-44ea-b7c7-9f0e040e323c|Executing ObjectResult, writing value of type 'SmartLoan.Application.Dashboard.Queries.GetLoanSummary.LoanSummaryDto'. 
2026-09-04 10:50:55.7867|Info|Microsoft.AspNetCore.Mvc.Infrastructure.ControllerActionInvoker|CorrelationId=737ca9de-dcc4-44ea-b7c7-9f0e040e323c|Executed action SmartLoan.Api.Controllers.DashboardController.GetSummary (SmartLoan.Api) in 7.7669ms 
2026-09-04 10:50:55.7867|Info|Microsoft.AspNetCore.Routing.EndpointMiddleware|CorrelationId=737ca9de-dcc4-44ea-b7c7-9f0e040e323c|Executed endpoint 'SmartLoan.Api.Controllers.DashboardController.GetSummary (SmartLoan.Api)' 
2026-09-04 10:50:55.7867|Info|Microsoft.AspNetCore.Hosting.Diagnostics|CorrelationId=|Request finished HTTP/1.1 GET http://localhost:5176/api/v1/Dashboard/summary - 200 - application/json;+charset=utf-8 8.7755ms 
2026-09-04 10:51:07.2725|Info|Microsoft.AspNetCore.Hosting.Diagnostics|CorrelationId=|Request starting HTTP/1.1 POST http://localhost:5176/api/v1/Dashboard/reports - application/json 2 
2026-09-04 10:51:07.2725|Info|Microsoft.AspNetCore.Cors.Infrastructure.CorsService|CorrelationId=c1d137f0-e17f-47d0-9397-c8761617165e|CORS policy execution successful. 
2026-09-04 10:51:07.2725|Info|Microsoft.AspNetCore.Routing.EndpointMiddleware|CorrelationId=c1d137f0-e17f-47d0-9397-c8761617165e|Executing endpoint 'SmartLoan.Api.Controllers.DashboardController.RequestReport (SmartLoan.Api)' 
2026-09-04 10:51:07.2725|Info|Microsoft.AspNetCore.Mvc.Infrastructure.ControllerActionInvoker|CorrelationId=c1d137f0-e17f-47d0-9397-c8761617165e|Route matched with {action = "RequestReport", controller = "Dashboard"}. Executing controller action with signature System.Threading.Tasks.Task`1[Microsoft.AspNetCore.Mvc.IActionResult] RequestReport(SmartLoan.Application.Dashboard.GenerateReportCommand) on controller SmartLoan.Api.Controllers.DashboardController (SmartLoan.Api). 
2026-09-04 10:51:07.2725|Info|Microsoft.AspNetCore.Mvc.Infrastructure.ObjectResultExecutor|CorrelationId=c1d137f0-e17f-47d0-9397-c8761617165e|Executing BadRequestObjectResult, writing value of type 'Microsoft.AspNetCore.Mvc.ValidationProblemDetails'. 
2026-09-04 10:51:07.2725|Info|Microsoft.AspNetCore.Mvc.Infrastructure.ControllerActionInvoker|CorrelationId=c1d137f0-e17f-47d0-9397-c8761617165e|Executed action SmartLoan.Api.Controllers.DashboardController.RequestReport (SmartLoan.Api) in 0.641ms 
2026-09-04 10:51:07.2725|Info|Microsoft.AspNetCore.Routing.EndpointMiddleware|CorrelationId=c1d137f0-e17f-47d0-9397-c8761617165e|Executed endpoint 'SmartLoan.Api.Controllers.DashboardController.RequestReport (SmartLoan.Api)' 
2026-09-04 10:51:07.2725|Info|Microsoft.AspNetCore.Hosting.Diagnostics|CorrelationId=|Request finished HTTP/1.1 POST http://localhost:5176/api/v1/Dashboard/reports - 400 - application/problem+json;+charset=utf-8 2.6502ms 
2026-09-04 10:55:37.8470|Info|Microsoft.AspNetCore.Hosting.Diagnostics|CorrelationId=|Request starting HTTP/1.1 GET http://localhost:5176/api/v1/Auth/me - - - 
2026-09-04 10:55:37.8486|Info|Microsoft.AspNetCore.Routing.EndpointMiddleware|CorrelationId=02b85057-146d-4752-aa29-45d04b8fa8aa|Executing endpoint 'SmartLoan.Api.Controllers.AuthController.GetCurrentUser (SmartLoan.Api)' 
2026-09-04 10:55:37.8732|Info|Microsoft.AspNetCore.Mvc.Infrastructure.ControllerActionInvoker|CorrelationId=02b85057-146d-4752-aa29-45d04b8fa8aa|Route matched with {action = "GetCurrentUser", controller = "Auth"}. Executing controller action with signature Microsoft.AspNetCore.Mvc.IActionResult GetCurrentUser() on controller SmartLoan.Api.Controllers.AuthController (SmartLoan.Api). 
2026-09-04 10:55:37.8732|Info|Microsoft.AspNetCore.Mvc.Infrastructure.ObjectResultExecutor|CorrelationId=02b85057-146d-4752-aa29-45d04b8fa8aa|Executing OkObjectResult, writing value of type '<>f__AnonymousType0`2[[System.String, System.Private.CoreLib, Version=10.0.0.0, Culture=neutral, PublicKeyToken=7cec85d7bea7798e],[System.String, System.Private.CoreLib, Version=10.0.0.0, Culture=neutral, PublicKeyToken=7cec85d7bea7798e]]'. 
2026-09-04 10:55:37.8732|Info|Microsoft.AspNetCore.Mvc.Infrastructure.ControllerActionInvoker|CorrelationId=02b85057-146d-4752-aa29-45d04b8fa8aa|Executed action SmartLoan.Api.Controllers.AuthController.GetCurrentUser (SmartLoan.Api) in 2.5623ms 
2026-09-04 10:55:37.8856|Info|Microsoft.AspNetCore.Routing.EndpointMiddleware|CorrelationId=02b85057-146d-4752-aa29-45d04b8fa8aa|Executed endpoint 'SmartLoan.Api.Controllers.AuthController.GetCurrentUser (SmartLoan.Api)' 
2026-09-04 10:55:37.8856|Info|Microsoft.AspNetCore.Hosting.Diagnostics|CorrelationId=|Request finished HTTP/1.1 GET http://localhost:5176/api/v1/Auth/me - 200 - application/json;+charset=utf-8 41.8831ms 
2026-09-04 10:55:37.8856|Info|Microsoft.AspNetCore.Hosting.Diagnostics|CorrelationId=|Request starting HTTP/1.1 GET http://localhost:5176/api/v1/Auth/me - - - 
2026-09-04 10:55:37.8856|Info|Microsoft.AspNetCore.Routing.EndpointMiddleware|CorrelationId=af558dd8-dc51-4cbd-bd71-39af1c00ba2a|Executing endpoint 'SmartLoan.Api.Controllers.AuthController.GetCurrentUser (SmartLoan.Api)' 
2026-09-04 10:55:37.8856|Info|Microsoft.AspNetCore.Mvc.Infrastructure.ControllerActionInvoker|CorrelationId=af558dd8-dc51-4cbd-bd71-39af1c00ba2a|Route matched with {action = "GetCurrentUser", controller = "Auth"}. Executing controller action with signature Microsoft.AspNetCore.Mvc.IActionResult GetCurrentUser() on controller SmartLoan.Api.Controllers.AuthController (SmartLoan.Api). 
2026-09-04 10:55:37.8965|Info|Microsoft.AspNetCore.Mvc.Infrastructure.ObjectResultExecutor|CorrelationId=af558dd8-dc51-4cbd-bd71-39af1c00ba2a|Executing OkObjectResult, writing value of type '<>f__AnonymousType0`2[[System.String, System.Private.CoreLib, Version=10.0.0.0, Culture=neutral, PublicKeyToken=7cec85d7bea7798e],[System.String, System.Private.CoreLib, Version=10.0.0.0, Culture=neutral, PublicKeyToken=7cec85d7bea7798e]]'. 
2026-09-04 10:55:37.8965|Info|Microsoft.AspNetCore.Mvc.Infrastructure.ControllerActionInvoker|CorrelationId=af558dd8-dc51-4cbd-bd71-39af1c00ba2a|Executed action SmartLoan.Api.Controllers.AuthController.GetCurrentUser (SmartLoan.Api) in 5.8519ms 
2026-09-04 10:55:37.8965|Info|Microsoft.AspNetCore.Routing.EndpointMiddleware|CorrelationId=af558dd8-dc51-4cbd-bd71-39af1c00ba2a|Executed endpoint 'SmartLoan.Api.Controllers.AuthController.GetCurrentUser (SmartLoan.Api)' 
2026-09-04 10:55:37.8965|Info|Microsoft.AspNetCore.Hosting.Diagnostics|CorrelationId=|Request finished HTTP/1.1 GET http://localhost:5176/api/v1/Auth/me - 200 - application/json;+charset=utf-8 20.7255ms 
2026-09-04 10:55:37.9183|Info|Microsoft.AspNetCore.Hosting.Diagnostics|CorrelationId=|Request starting HTTP/1.1 POST http://localhost:5176/api/v1/notifications/negotiate?negotiateVersion=1 - - 0 
2026-09-04 10:55:37.9183|Info|Microsoft.AspNetCore.Cors.Infrastructure.CorsService|CorrelationId=a49c6829-7f2b-4b22-9333-556ad26688b8|CORS policy execution successful. 
2026-09-04 10:55:37.9183|Info|Microsoft.AspNetCore.Hosting.Diagnostics|CorrelationId=|Request finished HTTP/1.1 POST http://localhost:5176/api/v1/notifications/negotiate?negotiateVersion=1 - 404 0 - 1.5051ms 
2026-09-04 10:55:37.9183|Info|Microsoft.AspNetCore.Hosting.Diagnostics|CorrelationId=|Request reached the end of the middleware pipeline without being handled by application code. Request path: POST http://localhost:5176/api/v1/notifications/negotiate, Response status code: 404 
2026-09-04 10:55:37.9881|Info|Microsoft.AspNetCore.Hosting.Diagnostics|CorrelationId=|Request starting HTTP/1.1 GET http://localhost:5176/api/v1/Loan?pageNumber=1&pageSize=20 - - - 
2026-09-04 10:55:37.9881|Info|Microsoft.AspNetCore.Routing.EndpointMiddleware|CorrelationId=d4cd2a6a-fd05-4848-801a-a9774724e2a4|Executing endpoint 'SmartLoan.Api.Controllers.LoanController.GetAll (SmartLoan.Api)' 
2026-09-04 10:55:37.9904|Info|Microsoft.AspNetCore.Mvc.Infrastructure.ControllerActionInvoker|CorrelationId=d4cd2a6a-fd05-4848-801a-a9774724e2a4|Route matched with {action = "GetAll", controller = "Loan"}. Executing controller action with signature System.Threading.Tasks.Task`1[Microsoft.AspNetCore.Mvc.ActionResult`1[SmartLoan.Application.Common.PagedResponse`1[SmartLoan.Application.Loans.Queries.LoanDto]]] GetAll(SmartLoan.Application.Common.PagedRequest) on controller SmartLoan.Api.Controllers.LoanController (SmartLoan.Api). 
2026-09-04 10:55:37.9904|Info|SmartLoan.Application.Common.Behaviors.LoggingBehavior|CorrelationId=d4cd2a6a-fd05-4848-801a-a9774724e2a4|smartloan Request:GetLoansQuery starting... 
2026-09-04 10:55:37.9904|Info|Microsoft.AspNetCore.Hosting.Diagnostics|CorrelationId=|Request starting HTTP/1.1 GET http://localhost:5176/api/v1/Dashboard/summary - - - 
2026-09-04 10:55:37.9904|Info|Microsoft.AspNetCore.Routing.EndpointMiddleware|CorrelationId=1dc8e100-8575-496c-9f29-d4d153947273|Executing endpoint 'SmartLoan.Api.Controllers.DashboardController.GetSummary (SmartLoan.Api)' 
2026-09-04 10:55:37.9904|Info|Microsoft.AspNetCore.Mvc.Infrastructure.ControllerActionInvoker|CorrelationId=1dc8e100-8575-496c-9f29-d4d153947273|Route matched with {action = "GetSummary", controller = "Dashboard"}. Executing controller action with signature System.Threading.Tasks.Task`1[Microsoft.AspNetCore.Mvc.ActionResult`1[SmartLoan.Application.Dashboard.Queries.GetLoanSummary.LoanSummaryDto]] GetSummary() on controller SmartLoan.Api.Controllers.DashboardController (SmartLoan.Api). 
2026-09-04 10:55:38.0053|Info|SmartLoan.Application.Common.Behaviors.LoggingBehavior|CorrelationId=1dc8e100-8575-496c-9f29-d4d153947273|smartloan Request:GetLoansummatyQuery starting... 
2026-09-04 10:55:38.0616|Info|Microsoft.EntityFrameworkCore.Database.Command|CorrelationId=d4cd2a6a-fd05-4848-801a-a9774724e2a4|Executed DbCommand (6ms) [Parameters=[], CommandType='Text', CommandTimeout='30']
SELECT count(*)::int
FROM "LoanApplications" AS l
WHERE NOT (l."IsDeleted") 
2026-09-04 10:55:38.0681|Info|Microsoft.EntityFrameworkCore.Database.Command|CorrelationId=d4cd2a6a-fd05-4848-801a-a9774724e2a4|Executed DbCommand (5ms) [Parameters=[@p1='?' (DbType = Int32), @p='?' (DbType = Int32)], CommandType='Text', CommandTimeout='30']
SELECT l0."Id", c0."FullName", l0."DailyAmount", l0."LoanAmount", l0."ServiceFee", l0."Status", l0."CreatedAt"
FROM (
    SELECT l."Id", l."CreatedAt", l."CustomerId", l."DailyAmount", l."LoanAmount", l."ServiceFee", l."Status"
    FROM "LoanApplications" AS l
    WHERE NOT (l."IsDeleted")
    ORDER BY l."CreatedAt" DESC
    LIMIT @p1 OFFSET @p
) AS l0
INNER JOIN (
    SELECT c."Id", c."FullName"
    FROM "Customers" AS c
    WHERE NOT (c."IsDeleted")
) AS c0 ON l0."CustomerId" = c0."Id"
ORDER BY l0."CreatedAt" DESC 
2026-09-04 10:55:38.0681|Info|Microsoft.EntityFrameworkCore.Database.Command|CorrelationId=1dc8e100-8575-496c-9f29-d4d153947273|Executed DbCommand (12ms) [Parameters=[], CommandType='Text', CommandTimeout='30']
SELECT COALESCE(sum(p."Amount"), 0.0)
FROM "Payments" AS p 
2026-09-04 10:55:38.0832|Info|SmartLoan.Application.Common.Behaviors.LoggingBehavior|CorrelationId=d4cd2a6a-fd05-4848-801a-a9774724e2a4|Smarloan Request:GetLoansQuery finished in 91ms 
2026-09-04 10:55:38.0832|Info|Microsoft.AspNetCore.Mvc.Infrastructure.ObjectResultExecutor|CorrelationId=d4cd2a6a-fd05-4848-801a-a9774724e2a4|Executing ObjectResult, writing value of type 'SmartLoan.Application.Common.PagedResponse`1[[SmartLoan.Application.Loans.Queries.LoanDto, SmartLoan.Application, Version=1.0.0.0, Culture=neutral, PublicKeyToken=null]]'. 
2026-09-04 10:55:38.0832|Info|Microsoft.EntityFrameworkCore.Database.Command|CorrelationId=1dc8e100-8575-496c-9f29-d4d153947273|Executed DbCommand (1ms) [Parameters=[], CommandType='Text', CommandTimeout='30']
SELECT COALESCE(sum(l."ServiceFee"), 0.0)
FROM "LoanApplications" AS l
WHERE NOT (l."IsDeleted") AND l."Status" = 'Approved' 
2026-09-04 10:55:38.0832|Info|Microsoft.AspNetCore.Mvc.Infrastructure.ControllerActionInvoker|CorrelationId=d4cd2a6a-fd05-4848-801a-a9774724e2a4|Executed action SmartLoan.Api.Controllers.LoanController.GetAll (SmartLoan.Api) in 94.7853ms 
2026-09-04 10:55:38.0832|Info|Microsoft.AspNetCore.Routing.EndpointMiddleware|CorrelationId=d4cd2a6a-fd05-4848-801a-a9774724e2a4|Executed endpoint 'SmartLoan.Api.Controllers.LoanController.GetAll (SmartLoan.Api)' 
2026-09-04 10:55:38.0832|Info|Microsoft.AspNetCore.Hosting.Diagnostics|CorrelationId=|Request finished HTTP/1.1 GET http://localhost:5176/api/v1/Loan?pageNumber=1&pageSize=20 - 200 - application/json;+charset=utf-8 98.5127ms 
2026-09-04 10:55:38.0832|Info|Microsoft.EntityFrameworkCore.Database.Command|CorrelationId=1dc8e100-8575-496c-9f29-d4d153947273|Executed DbCommand (5ms) [Parameters=[], CommandType='Text', CommandTimeout='30']
SELECT count(*)::int
FROM "LoanApplications" AS l
WHERE NOT (l."IsDeleted") AND l."Status" = 'Saving' 
2026-09-04 10:55:38.0832|Info|Microsoft.EntityFrameworkCore.Database.Command|CorrelationId=1dc8e100-8575-496c-9f29-d4d153947273|Executed DbCommand (1ms) [Parameters=[], CommandType='Text', CommandTimeout='30']
SELECT count(*)::int
FROM "LoanApplications" AS l
WHERE NOT (l."IsDeleted") AND l."Status" = 'Approved' 
2026-09-04 10:55:38.0832|Info|SmartLoan.Application.Common.Behaviors.LoggingBehavior|CorrelationId=1dc8e100-8575-496c-9f29-d4d153947273|Smarloan Request:GetLoansummatyQuery finished in 88ms 
2026-09-04 10:55:38.0832|Info|Microsoft.AspNetCore.Mvc.Infrastructure.ObjectResultExecutor|CorrelationId=1dc8e100-8575-496c-9f29-d4d153947273|Executing ObjectResult, writing value of type 'SmartLoan.Application.Dashboard.Queries.GetLoanSummary.LoanSummaryDto'. 
2026-09-04 10:55:38.0832|Info|Microsoft.AspNetCore.Mvc.Infrastructure.ControllerActionInvoker|CorrelationId=1dc8e100-8575-496c-9f29-d4d153947273|Executed action SmartLoan.Api.Controllers.DashboardController.GetSummary (SmartLoan.Api) in 89.4463ms 
2026-09-04 10:55:38.0832|Info|Microsoft.AspNetCore.Routing.EndpointMiddleware|CorrelationId=1dc8e100-8575-496c-9f29-d4d153947273|Executed endpoint 'SmartLoan.Api.Controllers.DashboardController.GetSummary (SmartLoan.Api)' 
2026-09-04 10:55:38.0832|Info|Microsoft.AspNetCore.Hosting.Diagnostics|CorrelationId=|Request finished HTTP/1.1 GET http://localhost:5176/api/v1/Dashboard/summary - 200 - application/json;+charset=utf-8 97.7956ms 
2026-09-04 10:56:27.3345|Info|Microsoft.AspNetCore.Hosting.Diagnostics|CorrelationId=|Request starting HTTP/1.1 GET http://localhost:5176/api/v1/Auth/me - - - 
2026-09-04 10:56:27.3345|Info|Microsoft.AspNetCore.Routing.EndpointMiddleware|CorrelationId=50c61569-924e-48ec-9a5d-877f5e09a089|Executing endpoint 'SmartLoan.Api.Controllers.AuthController.GetCurrentUser (SmartLoan.Api)' 
2026-09-04 10:56:27.3345|Info|Microsoft.AspNetCore.Mvc.Infrastructure.ControllerActionInvoker|CorrelationId=50c61569-924e-48ec-9a5d-877f5e09a089|Route matched with {action = "GetCurrentUser", controller = "Auth"}. Executing controller action with signature Microsoft.AspNetCore.Mvc.IActionResult GetCurrentUser() on controller SmartLoan.Api.Controllers.AuthController (SmartLoan.Api). 
2026-09-04 10:56:27.3345|Info|Microsoft.AspNetCore.Mvc.Infrastructure.ObjectResultExecutor|CorrelationId=50c61569-924e-48ec-9a5d-877f5e09a089|Executing OkObjectResult, writing value of type '<>f__AnonymousType0`2[[System.String, System.Private.CoreLib, Version=10.0.0.0, Culture=neutral, PublicKeyToken=7cec85d7bea7798e],[System.String, System.Private.CoreLib, Version=10.0.0.0, Culture=neutral, PublicKeyToken=7cec85d7bea7798e]]'. 
2026-09-04 10:56:27.3345|Info|Microsoft.AspNetCore.Mvc.Infrastructure.ControllerActionInvoker|CorrelationId=50c61569-924e-48ec-9a5d-877f5e09a089|Executed action SmartLoan.Api.Controllers.AuthController.GetCurrentUser (SmartLoan.Api) in 0.2985ms 
2026-09-04 10:56:27.3345|Info|Microsoft.AspNetCore.Routing.EndpointMiddleware|CorrelationId=50c61569-924e-48ec-9a5d-877f5e09a089|Executed endpoint 'SmartLoan.Api.Controllers.AuthController.GetCurrentUser (SmartLoan.Api)' 
2026-09-04 10:56:27.3345|Info|Microsoft.AspNetCore.Hosting.Diagnostics|CorrelationId=|Request finished HTTP/1.1 GET http://localhost:5176/api/v1/Auth/me - 200 - application/json;+charset=utf-8 1.8307ms 
2026-09-04 10:56:27.3345|Info|Microsoft.AspNetCore.Hosting.Diagnostics|CorrelationId=|Request starting HTTP/1.1 GET http://localhost:5176/api/v1/Auth/me - - - 
2026-09-04 10:56:27.3345|Info|Microsoft.AspNetCore.Routing.EndpointMiddleware|CorrelationId=1e39df87-c1fe-47b8-8499-ef93a25ef2ec|Executing endpoint 'SmartLoan.Api.Controllers.AuthController.GetCurrentUser (SmartLoan.Api)' 
2026-09-04 10:56:27.3345|Info|Microsoft.AspNetCore.Mvc.Infrastructure.ControllerActionInvoker|CorrelationId=1e39df87-c1fe-47b8-8499-ef93a25ef2ec|Route matched with {action = "GetCurrentUser", controller = "Auth"}. Executing controller action with signature Microsoft.AspNetCore.Mvc.IActionResult GetCurrentUser() on controller SmartLoan.Api.Controllers.AuthController (SmartLoan.Api). 
2026-09-04 10:56:27.3345|Info|Microsoft.AspNetCore.Mvc.Infrastructure.ObjectResultExecutor|CorrelationId=1e39df87-c1fe-47b8-8499-ef93a25ef2ec|Executing OkObjectResult, writing value of type '<>f__AnonymousType0`2[[System.String, System.Private.CoreLib, Version=10.0.0.0, Culture=neutral, PublicKeyToken=7cec85d7bea7798e],[System.String, System.Private.CoreLib, Version=10.0.0.0, Culture=neutral, PublicKeyToken=7cec85d7bea7798e]]'. 
2026-09-04 10:56:27.3345|Info|Microsoft.AspNetCore.Mvc.Infrastructure.ControllerActionInvoker|CorrelationId=1e39df87-c1fe-47b8-8499-ef93a25ef2ec|Executed action SmartLoan.Api.Controllers.AuthController.GetCurrentUser (SmartLoan.Api) in 0.6161ms 
2026-09-04 10:56:27.3345|Info|Microsoft.AspNetCore.Routing.EndpointMiddleware|CorrelationId=1e39df87-c1fe-47b8-8499-ef93a25ef2ec|Executed endpoint 'SmartLoan.Api.Controllers.AuthController.GetCurrentUser (SmartLoan.Api)' 
2026-09-04 10:56:27.3345|Info|Microsoft.AspNetCore.Hosting.Diagnostics|CorrelationId=|Request finished HTTP/1.1 GET http://localhost:5176/api/v1/Auth/me - 200 - application/json;+charset=utf-8 2.7046ms 
2026-09-04 10:56:27.3864|Info|Microsoft.AspNetCore.Hosting.Diagnostics|CorrelationId=|Request starting HTTP/1.1 POST http://localhost:5176/api/v1/notifications/negotiate?negotiateVersion=1 - - 0 
2026-09-04 10:56:27.3864|Info|Microsoft.AspNetCore.Cors.Infrastructure.CorsService|CorrelationId=7688ae45-3780-43bf-83c6-81417fae6823|CORS policy execution successful. 
2026-09-04 10:56:27.3864|Info|Microsoft.AspNetCore.Hosting.Diagnostics|CorrelationId=|Request finished HTTP/1.1 POST http://localhost:5176/api/v1/notifications/negotiate?negotiateVersion=1 - 404 0 - 2.2870ms 
2026-09-04 10:56:27.3864|Info|Microsoft.AspNetCore.Hosting.Diagnostics|CorrelationId=|Request reached the end of the middleware pipeline without being handled by application code. Request path: POST http://localhost:5176/api/v1/notifications/negotiate, Response status code: 404 
2026-09-04 10:56:27.4912|Info|Microsoft.AspNetCore.Hosting.Diagnostics|CorrelationId=|Request starting HTTP/1.1 GET http://localhost:5176/api/v1/Loan?pageNumber=1&pageSize=20 - - - 
2026-09-04 10:56:27.4912|Info|Microsoft.AspNetCore.Hosting.Diagnostics|CorrelationId=|Request starting HTTP/1.1 GET http://localhost:5176/api/v1/Dashboard/summary - - - 
2026-09-04 10:56:27.4912|Info|Microsoft.AspNetCore.Routing.EndpointMiddleware|CorrelationId=55df800b-f322-4e3e-bba0-f6f36f876755|Executing endpoint 'SmartLoan.Api.Controllers.LoanController.GetAll (SmartLoan.Api)' 
2026-09-04 10:56:27.4912|Info|Microsoft.AspNetCore.Mvc.Infrastructure.ControllerActionInvoker|CorrelationId=55df800b-f322-4e3e-bba0-f6f36f876755|Route matched with {action = "GetAll", controller = "Loan"}. Executing controller action with signature System.Threading.Tasks.Task`1[Microsoft.AspNetCore.Mvc.ActionResult`1[SmartLoan.Application.Common.PagedResponse`1[SmartLoan.Application.Loans.Queries.LoanDto]]] GetAll(SmartLoan.Application.Common.PagedRequest) on controller SmartLoan.Api.Controllers.LoanController (SmartLoan.Api). 
2026-09-04 10:56:27.4912|Info|Microsoft.AspNetCore.Routing.EndpointMiddleware|CorrelationId=2bc10636-952d-410f-9f02-10bc36d29ea9|Executing endpoint 'SmartLoan.Api.Controllers.DashboardController.GetSummary (SmartLoan.Api)' 
2026-09-04 10:56:27.4912|Info|Microsoft.AspNetCore.Mvc.Infrastructure.ControllerActionInvoker|CorrelationId=2bc10636-952d-410f-9f02-10bc36d29ea9|Route matched with {action = "GetSummary", controller = "Dashboard"}. Executing controller action with signature System.Threading.Tasks.Task`1[Microsoft.AspNetCore.Mvc.ActionResult`1[SmartLoan.Application.Dashboard.Queries.GetLoanSummary.LoanSummaryDto]] GetSummary() on controller SmartLoan.Api.Controllers.DashboardController (SmartLoan.Api). 
2026-09-04 10:56:27.4912|Info|SmartLoan.Application.Common.Behaviors.LoggingBehavior|CorrelationId=55df800b-f322-4e3e-bba0-f6f36f876755|smartloan Request:GetLoansQuery starting... 
2026-09-04 10:56:27.4912|Info|SmartLoan.Application.Common.Behaviors.LoggingBehavior|CorrelationId=2bc10636-952d-410f-9f02-10bc36d29ea9|smartloan Request:GetLoansummatyQuery starting... 
2026-09-04 10:56:27.4912|Info|Microsoft.EntityFrameworkCore.Database.Command|CorrelationId=55df800b-f322-4e3e-bba0-f6f36f876755|Executed DbCommand (1ms) [Parameters=[], CommandType='Text', CommandTimeout='30']
SELECT count(*)::int
FROM "LoanApplications" AS l
WHERE NOT (l."IsDeleted") 
2026-09-04 10:56:27.5060|Info|Microsoft.EntityFrameworkCore.Database.Command|CorrelationId=2bc10636-952d-410f-9f02-10bc36d29ea9|Executed DbCommand (4ms) [Parameters=[], CommandType='Text', CommandTimeout='30']
SELECT COALESCE(sum(p."Amount"), 0.0)
FROM "Payments" AS p 
2026-09-04 10:56:27.5060|Info|Microsoft.EntityFrameworkCore.Database.Command|CorrelationId=2bc10636-952d-410f-9f02-10bc36d29ea9|Executed DbCommand (1ms) [Parameters=[], CommandType='Text', CommandTimeout='30']
SELECT COALESCE(sum(l."ServiceFee"), 0.0)
FROM "LoanApplications" AS l
WHERE NOT (l."IsDeleted") AND l."Status" = 'Approved' 
2026-09-04 10:56:27.5060|Info|Microsoft.EntityFrameworkCore.Database.Command|CorrelationId=2bc10636-952d-410f-9f02-10bc36d29ea9|Executed DbCommand (1ms) [Parameters=[], CommandType='Text', CommandTimeout='30']
SELECT count(*)::int
FROM "LoanApplications" AS l
WHERE NOT (l."IsDeleted") AND l."Status" = 'Saving' 
2026-09-04 10:56:27.5060|Info|Microsoft.EntityFrameworkCore.Database.Command|CorrelationId=55df800b-f322-4e3e-bba0-f6f36f876755|Executed DbCommand (4ms) [Parameters=[@p1='?' (DbType = Int32), @p='?' (DbType = Int32)], CommandType='Text', CommandTimeout='30']
SELECT l0."Id", c0."FullName", l0."DailyAmount", l0."LoanAmount", l0."ServiceFee", l0."Status", l0."CreatedAt"
FROM (
    SELECT l."Id", l."CreatedAt", l."CustomerId", l."DailyAmount", l."LoanAmount", l."ServiceFee", l."Status"
    FROM "LoanApplications" AS l
    WHERE NOT (l."IsDeleted")
    ORDER BY l."CreatedAt" DESC
    LIMIT @p1 OFFSET @p
) AS l0
INNER JOIN (
    SELECT c."Id", c."FullName"
    FROM "Customers" AS c
    WHERE NOT (c."IsDeleted")
) AS c0 ON l0."CustomerId" = c0."Id"
ORDER BY l0."CreatedAt" DESC 
2026-09-04 10:56:27.5060|Info|Microsoft.EntityFrameworkCore.Database.Command|CorrelationId=2bc10636-952d-410f-9f02-10bc36d29ea9|Executed DbCommand (1ms) [Parameters=[], CommandType='Text', CommandTimeout='30']
SELECT count(*)::int
FROM "LoanApplications" AS l
WHERE NOT (l."IsDeleted") AND l."Status" = 'Approved' 
2026-09-04 10:56:27.5060|Info|SmartLoan.Application.Common.Behaviors.LoggingBehavior|CorrelationId=55df800b-f322-4e3e-bba0-f6f36f876755|Smarloan Request:GetLoansQuery finished in 12ms 
2026-09-04 10:56:27.5060|Info|SmartLoan.Application.Common.Behaviors.LoggingBehavior|CorrelationId=2bc10636-952d-410f-9f02-10bc36d29ea9|Smarloan Request:GetLoansummatyQuery finished in 11ms 
2026-09-04 10:56:27.5060|Info|Microsoft.AspNetCore.Mvc.Infrastructure.ObjectResultExecutor|CorrelationId=55df800b-f322-4e3e-bba0-f6f36f876755|Executing ObjectResult, writing value of type 'SmartLoan.Application.Common.PagedResponse`1[[SmartLoan.Application.Loans.Queries.LoanDto, SmartLoan.Application, Version=1.0.0.0, Culture=neutral, PublicKeyToken=null]]'. 
2026-09-04 10:56:27.5060|Info|Microsoft.AspNetCore.Mvc.Infrastructure.ObjectResultExecutor|CorrelationId=2bc10636-952d-410f-9f02-10bc36d29ea9|Executing ObjectResult, writing value of type 'SmartLoan.Application.Dashboard.Queries.GetLoanSummary.LoanSummaryDto'. 
2026-09-04 10:56:27.5060|Info|Microsoft.AspNetCore.Mvc.Infrastructure.ControllerActionInvoker|CorrelationId=55df800b-f322-4e3e-bba0-f6f36f876755|Executed action SmartLoan.Api.Controllers.LoanController.GetAll (SmartLoan.Api) in 12.9842ms 
2026-09-04 10:56:27.5060|Info|Microsoft.AspNetCore.Mvc.Infrastructure.ControllerActionInvoker|CorrelationId=2bc10636-952d-410f-9f02-10bc36d29ea9|Executed action SmartLoan.Api.Controllers.DashboardController.GetSummary (SmartLoan.Api) in 12.5079ms 
2026-09-04 10:56:27.5060|Info|Microsoft.AspNetCore.Routing.EndpointMiddleware|CorrelationId=55df800b-f322-4e3e-bba0-f6f36f876755|Executed endpoint 'SmartLoan.Api.Controllers.LoanController.GetAll (SmartLoan.Api)' 
2026-09-04 10:56:27.5060|Info|Microsoft.AspNetCore.Routing.EndpointMiddleware|CorrelationId=2bc10636-952d-410f-9f02-10bc36d29ea9|Executed endpoint 'SmartLoan.Api.Controllers.DashboardController.GetSummary (SmartLoan.Api)' 
2026-09-04 10:56:27.5060|Info|Microsoft.AspNetCore.Hosting.Diagnostics|CorrelationId=|Request finished HTTP/1.1 GET http://localhost:5176/api/v1/Loan?pageNumber=1&pageSize=20 - 200 - application/json;+charset=utf-8 23.1845ms 
2026-09-04 10:56:27.5060|Info|Microsoft.AspNetCore.Hosting.Diagnostics|CorrelationId=|Request finished HTTP/1.1 GET http://localhost:5176/api/v1/Dashboard/summary - 200 - application/json;+charset=utf-8 19.4986ms 
2026-09-04 10:56:30.1732|Info|Microsoft.AspNetCore.Hosting.Diagnostics|CorrelationId=|Request starting HTTP/1.1 GET http://localhost:5176/api/v1/Dashboard/summary - - - 
2026-09-04 10:56:30.1732|Info|Microsoft.AspNetCore.Routing.EndpointMiddleware|CorrelationId=5afdc1dc-de2b-4294-ba42-9fb603a49c4c|Executing endpoint 'SmartLoan.Api.Controllers.DashboardController.GetSummary (SmartLoan.Api)' 
2026-09-04 10:56:30.1732|Info|Microsoft.AspNetCore.Mvc.Infrastructure.ControllerActionInvoker|CorrelationId=5afdc1dc-de2b-4294-ba42-9fb603a49c4c|Route matched with {action = "GetSummary", controller = "Dashboard"}. Executing controller action with signature System.Threading.Tasks.Task`1[Microsoft.AspNetCore.Mvc.ActionResult`1[SmartLoan.Application.Dashboard.Queries.GetLoanSummary.LoanSummaryDto]] GetSummary() on controller SmartLoan.Api.Controllers.DashboardController (SmartLoan.Api). 
2026-09-04 10:56:30.1732|Info|SmartLoan.Application.Common.Behaviors.LoggingBehavior|CorrelationId=5afdc1dc-de2b-4294-ba42-9fb603a49c4c|smartloan Request:GetLoansummatyQuery starting... 
2026-09-04 10:56:30.1732|Info|Microsoft.EntityFrameworkCore.Database.Command|CorrelationId=5afdc1dc-de2b-4294-ba42-9fb603a49c4c|Executed DbCommand (1ms) [Parameters=[], CommandType='Text', CommandTimeout='30']
SELECT COALESCE(sum(p."Amount"), 0.0)
FROM "Payments" AS p 
2026-09-04 10:56:30.1784|Info|Microsoft.EntityFrameworkCore.Database.Command|CorrelationId=5afdc1dc-de2b-4294-ba42-9fb603a49c4c|Executed DbCommand (1ms) [Parameters=[], CommandType='Text', CommandTimeout='30']
SELECT COALESCE(sum(l."ServiceFee"), 0.0)
FROM "LoanApplications" AS l
WHERE NOT (l."IsDeleted") AND l."Status" = 'Approved' 
2026-09-04 10:56:30.1784|Info|Microsoft.EntityFrameworkCore.Database.Command|CorrelationId=5afdc1dc-de2b-4294-ba42-9fb603a49c4c|Executed DbCommand (1ms) [Parameters=[], CommandType='Text', CommandTimeout='30']
SELECT count(*)::int
FROM "LoanApplications" AS l
WHERE NOT (l."IsDeleted") AND l."Status" = 'Saving' 
2026-09-04 10:56:30.1784|Info|Microsoft.EntityFrameworkCore.Database.Command|CorrelationId=5afdc1dc-de2b-4294-ba42-9fb603a49c4c|Executed DbCommand (1ms) [Parameters=[], CommandType='Text', CommandTimeout='30']
SELECT count(*)::int
FROM "LoanApplications" AS l
WHERE NOT (l."IsDeleted") AND l."Status" = 'Approved' 
2026-09-04 10:56:30.1784|Info|SmartLoan.Application.Common.Behaviors.LoggingBehavior|CorrelationId=5afdc1dc-de2b-4294-ba42-9fb603a49c4c|Smarloan Request:GetLoansummatyQuery finished in 7ms 
2026-09-04 10:56:30.1784|Info|Microsoft.AspNetCore.Mvc.Infrastructure.ObjectResultExecutor|CorrelationId=5afdc1dc-de2b-4294-ba42-9fb603a49c4c|Executing ObjectResult, writing value of type 'SmartLoan.Application.Dashboard.Queries.GetLoanSummary.LoanSummaryDto'. 
2026-09-04 10:56:30.1784|Info|Microsoft.AspNetCore.Mvc.Infrastructure.ControllerActionInvoker|CorrelationId=5afdc1dc-de2b-4294-ba42-9fb603a49c4c|Executed action SmartLoan.Api.Controllers.DashboardController.GetSummary (SmartLoan.Api) in 8.0764ms 
2026-09-04 10:56:30.1784|Info|Microsoft.AspNetCore.Routing.EndpointMiddleware|CorrelationId=5afdc1dc-de2b-4294-ba42-9fb603a49c4c|Executed endpoint 'SmartLoan.Api.Controllers.DashboardController.GetSummary (SmartLoan.Api)' 
2026-09-04 10:56:30.1784|Info|Microsoft.AspNetCore.Hosting.Diagnostics|CorrelationId=|Request finished HTTP/1.1 GET http://localhost:5176/api/v1/Dashboard/summary - 200 - application/json;+charset=utf-8 9.3300ms 
2026-09-04 10:58:30.8360|Info|Microsoft.AspNetCore.Hosting.Diagnostics|CorrelationId=|Request starting HTTP/1.1 GET http://localhost:5176/api/v1/Auth/me - - - 
2026-09-04 10:58:30.8360|Info|Microsoft.AspNetCore.Routing.EndpointMiddleware|CorrelationId=d804eec3-3eb3-45df-8728-7c97ea198681|Executing endpoint 'SmartLoan.Api.Controllers.AuthController.GetCurrentUser (SmartLoan.Api)' 
2026-09-04 10:58:30.8360|Info|Microsoft.AspNetCore.Mvc.Infrastructure.ControllerActionInvoker|CorrelationId=d804eec3-3eb3-45df-8728-7c97ea198681|Route matched with {action = "GetCurrentUser", controller = "Auth"}. Executing controller action with signature Microsoft.AspNetCore.Mvc.IActionResult GetCurrentUser() on controller SmartLoan.Api.Controllers.AuthController (SmartLoan.Api). 
2026-09-04 10:58:30.8360|Info|Microsoft.AspNetCore.Mvc.Infrastructure.ObjectResultExecutor|CorrelationId=d804eec3-3eb3-45df-8728-7c97ea198681|Executing OkObjectResult, writing value of type '<>f__AnonymousType0`2[[System.String, System.Private.CoreLib, Version=10.0.0.0, Culture=neutral, PublicKeyToken=7cec85d7bea7798e],[System.String, System.Private.CoreLib, Version=10.0.0.0, Culture=neutral, PublicKeyToken=7cec85d7bea7798e]]'. 
2026-09-04 10:58:30.8360|Info|Microsoft.AspNetCore.Mvc.Infrastructure.ControllerActionInvoker|CorrelationId=d804eec3-3eb3-45df-8728-7c97ea198681|Executed action SmartLoan.Api.Controllers.AuthController.GetCurrentUser (SmartLoan.Api) in 0.329ms 
2026-09-04 10:58:30.8360|Info|Microsoft.AspNetCore.Routing.EndpointMiddleware|CorrelationId=d804eec3-3eb3-45df-8728-7c97ea198681|Executed endpoint 'SmartLoan.Api.Controllers.AuthController.GetCurrentUser (SmartLoan.Api)' 
2026-09-04 10:58:30.8360|Info|Microsoft.AspNetCore.Hosting.Diagnostics|CorrelationId=|Request finished HTTP/1.1 GET http://localhost:5176/api/v1/Auth/me - 200 - application/json;+charset=utf-8 1.7895ms 
2026-09-04 10:58:30.8360|Info|Microsoft.AspNetCore.Hosting.Diagnostics|CorrelationId=|Request starting HTTP/1.1 GET http://localhost:5176/api/v1/Auth/me - - - 
2026-09-04 10:58:30.8360|Info|Microsoft.AspNetCore.Routing.EndpointMiddleware|CorrelationId=1a8d7192-79b0-42b6-97ff-1a3a75fd1809|Executing endpoint 'SmartLoan.Api.Controllers.AuthController.GetCurrentUser (SmartLoan.Api)' 
2026-09-04 10:58:30.8360|Info|Microsoft.AspNetCore.Mvc.Infrastructure.ControllerActionInvoker|CorrelationId=1a8d7192-79b0-42b6-97ff-1a3a75fd1809|Route matched with {action = "GetCurrentUser", controller = "Auth"}. Executing controller action with signature Microsoft.AspNetCore.Mvc.IActionResult GetCurrentUser() on controller SmartLoan.Api.Controllers.AuthController (SmartLoan.Api). 
2026-09-04 10:58:30.8360|Info|Microsoft.AspNetCore.Mvc.Infrastructure.ObjectResultExecutor|CorrelationId=1a8d7192-79b0-42b6-97ff-1a3a75fd1809|Executing OkObjectResult, writing value of type '<>f__AnonymousType0`2[[System.String, System.Private.CoreLib, Version=10.0.0.0, Culture=neutral, PublicKeyToken=7cec85d7bea7798e],[System.String, System.Private.CoreLib, Version=10.0.0.0, Culture=neutral, PublicKeyToken=7cec85d7bea7798e]]'. 
2026-09-04 10:58:30.8360|Info|Microsoft.AspNetCore.Mvc.Infrastructure.ControllerActionInvoker|CorrelationId=1a8d7192-79b0-42b6-97ff-1a3a75fd1809|Executed action SmartLoan.Api.Controllers.AuthController.GetCurrentUser (SmartLoan.Api) in 0.4938ms 
2026-09-04 10:58:30.8360|Info|Microsoft.AspNetCore.Routing.EndpointMiddleware|CorrelationId=1a8d7192-79b0-42b6-97ff-1a3a75fd1809|Executed endpoint 'SmartLoan.Api.Controllers.AuthController.GetCurrentUser (SmartLoan.Api)' 
2026-09-04 10:58:30.8360|Info|Microsoft.AspNetCore.Hosting.Diagnostics|CorrelationId=|Request finished HTTP/1.1 GET http://localhost:5176/api/v1/Auth/me - 200 - application/json;+charset=utf-8 2.8042ms 
2026-09-04 10:58:30.8967|Info|Microsoft.AspNetCore.Hosting.Diagnostics|CorrelationId=|Request starting HTTP/1.1 POST http://localhost:5176/api/v1/notifications/negotiate?negotiateVersion=1 - - 0 
2026-09-04 10:58:30.8967|Info|Microsoft.AspNetCore.Cors.Infrastructure.CorsService|CorrelationId=31f8da5f-e66d-4319-94ee-11343db686f7|CORS policy execution successful. 
2026-09-04 10:58:30.8967|Info|Microsoft.AspNetCore.Hosting.Diagnostics|CorrelationId=|Request finished HTTP/1.1 POST http://localhost:5176/api/v1/notifications/negotiate?negotiateVersion=1 - 404 0 - 1.4994ms 
2026-09-04 10:58:30.8967|Info|Microsoft.AspNetCore.Hosting.Diagnostics|CorrelationId=|Request reached the end of the middleware pipeline without being handled by application code. Request path: POST http://localhost:5176/api/v1/notifications/negotiate, Response status code: 404 
2026-09-04 10:58:30.9688|Info|Microsoft.AspNetCore.Hosting.Diagnostics|CorrelationId=|Request starting HTTP/1.1 GET http://localhost:5176/api/v1/Loan?pageNumber=1&pageSize=20 - - - 
2026-09-04 10:58:30.9688|Info|Microsoft.AspNetCore.Hosting.Diagnostics|CorrelationId=|Request starting HTTP/1.1 GET http://localhost:5176/api/v1/Dashboard/summary - - - 
2026-09-04 10:58:30.9688|Info|Microsoft.AspNetCore.Routing.EndpointMiddleware|CorrelationId=706d690a-018b-4c06-8dc8-5309238e219e|Executing endpoint 'SmartLoan.Api.Controllers.LoanController.GetAll (SmartLoan.Api)' 
2026-09-04 10:58:30.9688|Info|Microsoft.AspNetCore.Routing.EndpointMiddleware|CorrelationId=9b68ca19-488f-4d94-a7bf-3a02b59fd6fb|Executing endpoint 'SmartLoan.Api.Controllers.DashboardController.GetSummary (SmartLoan.Api)' 
2026-09-04 10:58:30.9688|Info|Microsoft.AspNetCore.Mvc.Infrastructure.ControllerActionInvoker|CorrelationId=9b68ca19-488f-4d94-a7bf-3a02b59fd6fb|Route matched with {action = "GetSummary", controller = "Dashboard"}. Executing controller action with signature System.Threading.Tasks.Task`1[Microsoft.AspNetCore.Mvc.ActionResult`1[SmartLoan.Application.Dashboard.Queries.GetLoanSummary.LoanSummaryDto]] GetSummary() on controller SmartLoan.Api.Controllers.DashboardController (SmartLoan.Api). 
2026-09-04 10:58:30.9688|Info|Microsoft.AspNetCore.Mvc.Infrastructure.ControllerActionInvoker|CorrelationId=706d690a-018b-4c06-8dc8-5309238e219e|Route matched with {action = "GetAll", controller = "Loan"}. Executing controller action with signature System.Threading.Tasks.Task`1[Microsoft.AspNetCore.Mvc.ActionResult`1[SmartLoan.Application.Common.PagedResponse`1[SmartLoan.Application.Loans.Queries.LoanDto]]] GetAll(SmartLoan.Application.Common.PagedRequest) on controller SmartLoan.Api.Controllers.LoanController (SmartLoan.Api). 
2026-09-04 10:58:30.9688|Info|SmartLoan.Application.Common.Behaviors.LoggingBehavior|CorrelationId=9b68ca19-488f-4d94-a7bf-3a02b59fd6fb|smartloan Request:GetLoansummatyQuery starting... 
2026-09-04 10:58:30.9688|Info|SmartLoan.Application.Common.Behaviors.LoggingBehavior|CorrelationId=706d690a-018b-4c06-8dc8-5309238e219e|smartloan Request:GetLoansQuery starting... 
2026-09-04 10:58:30.9688|Info|Microsoft.EntityFrameworkCore.Database.Command|CorrelationId=706d690a-018b-4c06-8dc8-5309238e219e|Executed DbCommand (1ms) [Parameters=[], CommandType='Text', CommandTimeout='30']
SELECT count(*)::int
FROM "LoanApplications" AS l
WHERE NOT (l."IsDeleted") 
2026-09-04 10:58:30.9688|Info|Microsoft.EntityFrameworkCore.Database.Command|CorrelationId=9b68ca19-488f-4d94-a7bf-3a02b59fd6fb|Executed DbCommand (1ms) [Parameters=[], CommandType='Text', CommandTimeout='30']
SELECT COALESCE(sum(p."Amount"), 0.0)
FROM "Payments" AS p 
2026-09-04 10:58:30.9688|Info|Microsoft.EntityFrameworkCore.Database.Command|CorrelationId=9b68ca19-488f-4d94-a7bf-3a02b59fd6fb|Executed DbCommand (1ms) [Parameters=[], CommandType='Text', CommandTimeout='30']
SELECT COALESCE(sum(l."ServiceFee"), 0.0)
FROM "LoanApplications" AS l
WHERE NOT (l."IsDeleted") AND l."Status" = 'Approved' 
2026-09-04 10:58:30.9688|Info|Microsoft.EntityFrameworkCore.Database.Command|CorrelationId=706d690a-018b-4c06-8dc8-5309238e219e|Executed DbCommand (1ms) [Parameters=[@p1='?' (DbType = Int32), @p='?' (DbType = Int32)], CommandType='Text', CommandTimeout='30']
SELECT l0."Id", c0."FullName", l0."DailyAmount", l0."LoanAmount", l0."ServiceFee", l0."Status", l0."CreatedAt"
FROM (
    SELECT l."Id", l."CreatedAt", l."CustomerId", l."DailyAmount", l."LoanAmount", l."ServiceFee", l."Status"
    FROM "LoanApplications" AS l
    WHERE NOT (l."IsDeleted")
    ORDER BY l."CreatedAt" DESC
    LIMIT @p1 OFFSET @p
) AS l0
INNER JOIN (
    SELECT c."Id", c."FullName"
    FROM "Customers" AS c
    WHERE NOT (c."IsDeleted")
) AS c0 ON l0."CustomerId" = c0."Id"
ORDER BY l0."CreatedAt" DESC 
2026-09-04 10:58:30.9688|Info|Microsoft.EntityFrameworkCore.Database.Command|CorrelationId=9b68ca19-488f-4d94-a7bf-3a02b59fd6fb|Executed DbCommand (1ms) [Parameters=[], CommandType='Text', CommandTimeout='30']
SELECT count(*)::int
FROM "LoanApplications" AS l
WHERE NOT (l."IsDeleted") AND l."Status" = 'Saving' 
2026-09-04 10:58:30.9752|Info|SmartLoan.Application.Common.Behaviors.LoggingBehavior|CorrelationId=706d690a-018b-4c06-8dc8-5309238e219e|Smarloan Request:GetLoansQuery finished in 5ms 
2026-09-04 10:58:30.9752|Info|Microsoft.AspNetCore.Mvc.Infrastructure.ObjectResultExecutor|CorrelationId=706d690a-018b-4c06-8dc8-5309238e219e|Executing ObjectResult, writing value of type 'SmartLoan.Application.Common.PagedResponse`1[[SmartLoan.Application.Loans.Queries.LoanDto, SmartLoan.Application, Version=1.0.0.0, Culture=neutral, PublicKeyToken=null]]'. 
2026-09-04 10:58:30.9752|Info|Microsoft.EntityFrameworkCore.Database.Command|CorrelationId=9b68ca19-488f-4d94-a7bf-3a02b59fd6fb|Executed DbCommand (1ms) [Parameters=[], CommandType='Text', CommandTimeout='30']
SELECT count(*)::int
FROM "LoanApplications" AS l
WHERE NOT (l."IsDeleted") AND l."Status" = 'Approved' 
2026-09-04 10:58:30.9752|Info|SmartLoan.Application.Common.Behaviors.LoggingBehavior|CorrelationId=9b68ca19-488f-4d94-a7bf-3a02b59fd6fb|Smarloan Request:GetLoansummatyQuery finished in 6ms 
2026-09-04 10:58:30.9752|Info|Microsoft.AspNetCore.Mvc.Infrastructure.ControllerActionInvoker|CorrelationId=706d690a-018b-4c06-8dc8-5309238e219e|Executed action SmartLoan.Api.Controllers.LoanController.GetAll (SmartLoan.Api) in 6.8668ms 
2026-09-04 10:58:30.9752|Info|Microsoft.AspNetCore.Mvc.Infrastructure.ObjectResultExecutor|CorrelationId=9b68ca19-488f-4d94-a7bf-3a02b59fd6fb|Executing ObjectResult, writing value of type 'SmartLoan.Application.Dashboard.Queries.GetLoanSummary.LoanSummaryDto'. 
2026-09-04 10:58:30.9752|Info|Microsoft.AspNetCore.Routing.EndpointMiddleware|CorrelationId=706d690a-018b-4c06-8dc8-5309238e219e|Executed endpoint 'SmartLoan.Api.Controllers.LoanController.GetAll (SmartLoan.Api)' 
2026-09-04 10:58:30.9752|Info|Microsoft.AspNetCore.Mvc.Infrastructure.ControllerActionInvoker|CorrelationId=9b68ca19-488f-4d94-a7bf-3a02b59fd6fb|Executed action SmartLoan.Api.Controllers.DashboardController.GetSummary (SmartLoan.Api) in 7.3353ms 
2026-09-04 10:58:30.9752|Info|Microsoft.AspNetCore.Hosting.Diagnostics|CorrelationId=|Request finished HTTP/1.1 GET http://localhost:5176/api/v1/Loan?pageNumber=1&pageSize=20 - 200 - application/json;+charset=utf-8 8.3041ms 
2026-09-04 10:58:30.9752|Info|Microsoft.AspNetCore.Routing.EndpointMiddleware|CorrelationId=9b68ca19-488f-4d94-a7bf-3a02b59fd6fb|Executed endpoint 'SmartLoan.Api.Controllers.DashboardController.GetSummary (SmartLoan.Api)' 
2026-09-04 10:58:30.9752|Info|Microsoft.AspNetCore.Hosting.Diagnostics|CorrelationId=|Request finished HTTP/1.1 GET http://localhost:5176/api/v1/Dashboard/summary - 200 - application/json;+charset=utf-8 13.3117ms 
2026-09-04 11:00:40.2843|Info|Microsoft.AspNetCore.Hosting.Diagnostics|CorrelationId=|Request starting HTTP/1.1 GET http://localhost:5176/api/v1/Auth/me - - - 
2026-09-04 11:00:40.2959|Info|Microsoft.AspNetCore.Routing.EndpointMiddleware|CorrelationId=2d198a7f-3b1e-4917-818a-9f37beed495d|Executing endpoint 'SmartLoan.Api.Controllers.AuthController.GetCurrentUser (SmartLoan.Api)' 
2026-09-04 11:00:40.2959|Info|Microsoft.AspNetCore.Mvc.Infrastructure.ControllerActionInvoker|CorrelationId=2d198a7f-3b1e-4917-818a-9f37beed495d|Route matched with {action = "GetCurrentUser", controller = "Auth"}. Executing controller action with signature Microsoft.AspNetCore.Mvc.IActionResult GetCurrentUser() on controller SmartLoan.Api.Controllers.AuthController (SmartLoan.Api). 
2026-09-04 11:00:40.2959|Info|Microsoft.AspNetCore.Mvc.Infrastructure.ObjectResultExecutor|CorrelationId=2d198a7f-3b1e-4917-818a-9f37beed495d|Executing OkObjectResult, writing value of type '<>f__AnonymousType0`2[[System.String, System.Private.CoreLib, Version=10.0.0.0, Culture=neutral, PublicKeyToken=7cec85d7bea7798e],[System.String, System.Private.CoreLib, Version=10.0.0.0, Culture=neutral, PublicKeyToken=7cec85d7bea7798e]]'. 
2026-09-04 11:00:40.3035|Info|Microsoft.AspNetCore.Mvc.Infrastructure.ControllerActionInvoker|CorrelationId=2d198a7f-3b1e-4917-818a-9f37beed495d|Executed action SmartLoan.Api.Controllers.AuthController.GetCurrentUser (SmartLoan.Api) in 4.5046ms 
2026-09-04 11:00:40.3035|Info|Microsoft.AspNetCore.Routing.EndpointMiddleware|CorrelationId=2d198a7f-3b1e-4917-818a-9f37beed495d|Executed endpoint 'SmartLoan.Api.Controllers.AuthController.GetCurrentUser (SmartLoan.Api)' 
2026-09-04 11:00:40.3035|Info|Microsoft.AspNetCore.Hosting.Diagnostics|CorrelationId=|Request finished HTTP/1.1 GET http://localhost:5176/api/v1/Auth/me - 200 - application/json;+charset=utf-8 21.1423ms 
2026-09-04 11:00:40.3228|Info|Microsoft.AspNetCore.Hosting.Diagnostics|CorrelationId=|Request starting HTTP/1.1 GET http://localhost:5176/api/v1/Auth/me - - - 
2026-09-04 11:00:40.3228|Info|Microsoft.AspNetCore.Routing.EndpointMiddleware|CorrelationId=b066579d-fee7-4c34-ae61-48e54973ead6|Executing endpoint 'SmartLoan.Api.Controllers.AuthController.GetCurrentUser (SmartLoan.Api)' 
2026-09-04 11:00:40.3228|Info|Microsoft.AspNetCore.Mvc.Infrastructure.ControllerActionInvoker|CorrelationId=b066579d-fee7-4c34-ae61-48e54973ead6|Route matched with {action = "GetCurrentUser", controller = "Auth"}. Executing controller action with signature Microsoft.AspNetCore.Mvc.IActionResult GetCurrentUser() on controller SmartLoan.Api.Controllers.AuthController (SmartLoan.Api). 
2026-09-04 11:00:40.3228|Info|Microsoft.AspNetCore.Mvc.Infrastructure.ObjectResultExecutor|CorrelationId=b066579d-fee7-4c34-ae61-48e54973ead6|Executing OkObjectResult, writing value of type '<>f__AnonymousType0`2[[System.String, System.Private.CoreLib, Version=10.0.0.0, Culture=neutral, PublicKeyToken=7cec85d7bea7798e],[System.String, System.Private.CoreLib, Version=10.0.0.0, Culture=neutral, PublicKeyToken=7cec85d7bea7798e]]'. 
2026-09-04 11:00:40.3228|Info|Microsoft.AspNetCore.Mvc.Infrastructure.ControllerActionInvoker|CorrelationId=b066579d-fee7-4c34-ae61-48e54973ead6|Executed action SmartLoan.Api.Controllers.AuthController.GetCurrentUser (SmartLoan.Api) in 0.3384ms 
2026-09-04 11:00:40.3228|Info|Microsoft.AspNetCore.Routing.EndpointMiddleware|CorrelationId=b066579d-fee7-4c34-ae61-48e54973ead6|Executed endpoint 'SmartLoan.Api.Controllers.AuthController.GetCurrentUser (SmartLoan.Api)' 
2026-09-04 11:00:40.3228|Info|Microsoft.AspNetCore.Hosting.Diagnostics|CorrelationId=|Request finished HTTP/1.1 GET http://localhost:5176/api/v1/Auth/me - 200 - application/json;+charset=utf-8 5.4093ms 
2026-09-04 11:00:40.3228|Info|Microsoft.AspNetCore.Hosting.Diagnostics|CorrelationId=|Request starting HTTP/1.1 POST http://localhost:5176/api/v1/notifications/negotiate?negotiateVersion=1 - - 0 
2026-09-04 11:00:40.3228|Info|Microsoft.AspNetCore.Cors.Infrastructure.CorsService|CorrelationId=7456e578-7f9e-4ed2-a7c1-23b10fe1b32b|CORS policy execution successful. 
2026-09-04 11:00:40.3228|Info|Microsoft.AspNetCore.Hosting.Diagnostics|CorrelationId=|Request finished HTTP/1.1 POST http://localhost:5176/api/v1/notifications/negotiate?negotiateVersion=1 - 404 0 - 0.7865ms 
2026-09-04 11:00:40.3228|Info|Microsoft.AspNetCore.Hosting.Diagnostics|CorrelationId=|Request reached the end of the middleware pipeline without being handled by application code. Request path: POST http://localhost:5176/api/v1/notifications/negotiate, Response status code: 404 
2026-09-04 11:00:40.4168|Info|Microsoft.AspNetCore.Hosting.Diagnostics|CorrelationId=|Request starting HTTP/1.1 GET http://localhost:5176/api/v1/Loan?pageNumber=1&pageSize=20 - - - 
2026-09-04 11:00:40.4168|Info|Microsoft.AspNetCore.Routing.EndpointMiddleware|CorrelationId=88bc1d08-b746-41bc-80c3-47e4b92219d3|Executing endpoint 'SmartLoan.Api.Controllers.LoanController.GetAll (SmartLoan.Api)' 
2026-09-04 11:00:40.4168|Info|Microsoft.AspNetCore.Mvc.Infrastructure.ControllerActionInvoker|CorrelationId=88bc1d08-b746-41bc-80c3-47e4b92219d3|Route matched with {action = "GetAll", controller = "Loan"}. Executing controller action with signature System.Threading.Tasks.Task`1[Microsoft.AspNetCore.Mvc.ActionResult`1[SmartLoan.Application.Common.PagedResponse`1[SmartLoan.Application.Loans.Queries.LoanDto]]] GetAll(SmartLoan.Application.Common.PagedRequest) on controller SmartLoan.Api.Controllers.LoanController (SmartLoan.Api). 
2026-09-04 11:00:40.4168|Info|SmartLoan.Application.Common.Behaviors.LoggingBehavior|CorrelationId=88bc1d08-b746-41bc-80c3-47e4b92219d3|smartloan Request:GetLoansQuery starting... 
2026-09-04 11:00:40.4348|Info|Microsoft.AspNetCore.Hosting.Diagnostics|CorrelationId=|Request starting HTTP/1.1 GET http://localhost:5176/api/v1/Dashboard/summary - - - 
2026-09-04 11:00:40.4348|Info|Microsoft.AspNetCore.Routing.EndpointMiddleware|CorrelationId=e8f28840-a6bf-415f-9b84-27ceb2239e0f|Executing endpoint 'SmartLoan.Api.Controllers.DashboardController.GetSummary (SmartLoan.Api)' 
2026-09-04 11:00:40.4456|Info|Microsoft.AspNetCore.Mvc.Infrastructure.ControllerActionInvoker|CorrelationId=e8f28840-a6bf-415f-9b84-27ceb2239e0f|Route matched with {action = "GetSummary", controller = "Dashboard"}. Executing controller action with signature System.Threading.Tasks.Task`1[Microsoft.AspNetCore.Mvc.ActionResult`1[SmartLoan.Application.Dashboard.Queries.GetLoanSummary.LoanSummaryDto]] GetSummary() on controller SmartLoan.Api.Controllers.DashboardController (SmartLoan.Api). 
2026-09-04 11:00:40.4456|Info|SmartLoan.Application.Common.Behaviors.LoggingBehavior|CorrelationId=e8f28840-a6bf-415f-9b84-27ceb2239e0f|smartloan Request:GetLoansummatyQuery starting... 
2026-09-04 11:00:40.5569|Info|Microsoft.EntityFrameworkCore.Database.Command|CorrelationId=88bc1d08-b746-41bc-80c3-47e4b92219d3|Executed DbCommand (5ms) [Parameters=[], CommandType='Text', CommandTimeout='30']
SELECT count(*)::int
FROM "LoanApplications" AS l
WHERE NOT (l."IsDeleted") 
2026-09-04 11:00:40.5569|Info|Microsoft.EntityFrameworkCore.Database.Command|CorrelationId=88bc1d08-b746-41bc-80c3-47e4b92219d3|Executed DbCommand (4ms) [Parameters=[@p1='?' (DbType = Int32), @p='?' (DbType = Int32)], CommandType='Text', CommandTimeout='30']
SELECT l0."Id", c0."FullName", l0."DailyAmount", l0."LoanAmount", l0."ServiceFee", l0."Status", l0."CreatedAt"
FROM (
    SELECT l."Id", l."CreatedAt", l."CustomerId", l."DailyAmount", l."LoanAmount", l."ServiceFee", l."Status"
    FROM "LoanApplications" AS l
    WHERE NOT (l."IsDeleted")
    ORDER BY l."CreatedAt" DESC
    LIMIT @p1 OFFSET @p
) AS l0
INNER JOIN (
    SELECT c."Id", c."FullName"
    FROM "Customers" AS c
    WHERE NOT (c."IsDeleted")
) AS c0 ON l0."CustomerId" = c0."Id"
ORDER BY l0."CreatedAt" DESC 
2026-09-04 11:00:40.5569|Info|SmartLoan.Application.Common.Behaviors.LoggingBehavior|CorrelationId=88bc1d08-b746-41bc-80c3-47e4b92219d3|Smarloan Request:GetLoansQuery finished in 147ms 
2026-09-04 11:00:40.5569|Info|Microsoft.AspNetCore.Mvc.Infrastructure.ObjectResultExecutor|CorrelationId=88bc1d08-b746-41bc-80c3-47e4b92219d3|Executing ObjectResult, writing value of type 'SmartLoan.Application.Common.PagedResponse`1[[SmartLoan.Application.Loans.Queries.LoanDto, SmartLoan.Application, Version=1.0.0.0, Culture=neutral, PublicKeyToken=null]]'. 
2026-09-04 11:00:40.5569|Info|Microsoft.AspNetCore.Mvc.Infrastructure.ControllerActionInvoker|CorrelationId=88bc1d08-b746-41bc-80c3-47e4b92219d3|Executed action SmartLoan.Api.Controllers.LoanController.GetAll (SmartLoan.Api) in 148.2381ms 
2026-09-04 11:00:40.5569|Info|Microsoft.AspNetCore.Routing.EndpointMiddleware|CorrelationId=88bc1d08-b746-41bc-80c3-47e4b92219d3|Executed endpoint 'SmartLoan.Api.Controllers.LoanController.GetAll (SmartLoan.Api)' 
2026-09-04 11:00:40.5569|Info|Microsoft.AspNetCore.Hosting.Diagnostics|CorrelationId=|Request finished HTTP/1.1 GET http://localhost:5176/api/v1/Loan?pageNumber=1&pageSize=20 - 200 - application/json;+charset=utf-8 150.2105ms 
2026-09-04 11:00:40.5706|Info|Microsoft.EntityFrameworkCore.Database.Command|CorrelationId=e8f28840-a6bf-415f-9b84-27ceb2239e0f|Executed DbCommand (5ms) [Parameters=[], CommandType='Text', CommandTimeout='30']
SELECT COALESCE(sum(p."Amount"), 0.0)
FROM "Payments" AS p 
2026-09-04 11:00:40.5706|Info|Microsoft.EntityFrameworkCore.Database.Command|CorrelationId=e8f28840-a6bf-415f-9b84-27ceb2239e0f|Executed DbCommand (1ms) [Parameters=[], CommandType='Text', CommandTimeout='30']
SELECT COALESCE(sum(l."ServiceFee"), 0.0)
FROM "LoanApplications" AS l
WHERE NOT (l."IsDeleted") AND l."Status" = 'Approved' 
2026-09-04 11:00:40.5706|Info|Microsoft.EntityFrameworkCore.Database.Command|CorrelationId=e8f28840-a6bf-415f-9b84-27ceb2239e0f|Executed DbCommand (5ms) [Parameters=[], CommandType='Text', CommandTimeout='30']
SELECT count(*)::int
FROM "LoanApplications" AS l
WHERE NOT (l."IsDeleted") AND l."Status" = 'Saving' 
2026-09-04 11:00:40.5706|Info|Microsoft.EntityFrameworkCore.Database.Command|CorrelationId=e8f28840-a6bf-415f-9b84-27ceb2239e0f|Executed DbCommand (1ms) [Parameters=[], CommandType='Text', CommandTimeout='30']
SELECT count(*)::int
FROM "LoanApplications" AS l
WHERE NOT (l."IsDeleted") AND l."Status" = 'Approved' 
2026-09-04 11:00:40.5706|Info|SmartLoan.Application.Common.Behaviors.LoggingBehavior|CorrelationId=e8f28840-a6bf-415f-9b84-27ceb2239e0f|Smarloan Request:GetLoansummatyQuery finished in 135ms 
2026-09-04 11:00:40.5842|Info|Microsoft.AspNetCore.Mvc.Infrastructure.ObjectResultExecutor|CorrelationId=e8f28840-a6bf-415f-9b84-27ceb2239e0f|Executing ObjectResult, writing value of type 'SmartLoan.Application.Dashboard.Queries.GetLoanSummary.LoanSummaryDto'. 
2026-09-04 11:00:40.5842|Info|Microsoft.AspNetCore.Mvc.Infrastructure.ControllerActionInvoker|CorrelationId=e8f28840-a6bf-415f-9b84-27ceb2239e0f|Executed action SmartLoan.Api.Controllers.DashboardController.GetSummary (SmartLoan.Api) in 139.7282ms 
2026-09-04 11:00:40.5842|Info|Microsoft.AspNetCore.Routing.EndpointMiddleware|CorrelationId=e8f28840-a6bf-415f-9b84-27ceb2239e0f|Executed endpoint 'SmartLoan.Api.Controllers.DashboardController.GetSummary (SmartLoan.Api)' 
2026-09-04 11:00:40.5842|Info|Microsoft.AspNetCore.Hosting.Diagnostics|CorrelationId=|Request finished HTTP/1.1 GET http://localhost:5176/api/v1/Dashboard/summary - 200 - application/json;+charset=utf-8 152.1595ms 
2026-09-04 11:04:12.8088|Info|Microsoft.AspNetCore.Hosting.Diagnostics|CorrelationId=|Request starting HTTP/1.1 POST http://localhost:5176/api/v1/Dashboard/reports - application/json 2 
2026-09-04 11:04:12.8088|Info|Microsoft.AspNetCore.Cors.Infrastructure.CorsService|CorrelationId=22a4a9cf-6a29-40f4-a630-9569734310c3|CORS policy execution successful. 
2026-09-04 11:04:12.8088|Info|Microsoft.AspNetCore.Authentication.JwtBearer.JwtBearerHandler|CorrelationId=22a4a9cf-6a29-40f4-a630-9569734310c3|Failed to validate the token. Microsoft.IdentityModel.Tokens.SecurityTokenExpiredException: IDX10223: Lifetime validation failed. The token is expired. ValidTo (UTC): '9/4/2026 8:02:44 AM', Current time (UTC): '9/4/2026 8:04:12 AM'.
   at Microsoft.IdentityModel.Tokens.ValidatorUtilities.ValidateLifetime(Nullable`1 notBefore, Nullable`1 expires, SecurityToken securityToken, TokenValidationParameters validationParameters)
   at Microsoft.IdentityModel.Tokens.Validators.ValidateLifetime(Nullable`1 notBefore, Nullable`1 expires, SecurityToken securityToken, TokenValidationParameters validationParameters)
   at Microsoft.IdentityModel.JsonWebTokens.JsonWebTokenHandler.ValidateTokenPayloadAsync(JsonWebToken jsonWebToken, TokenValidationParameters validationParameters, BaseConfiguration configuration)
   at Microsoft.IdentityModel.JsonWebTokens.JsonWebTokenHandler.ValidateJWSAsync(JsonWebToken jsonWebToken, TokenValidationParameters validationParameters, BaseConfiguration configuration)
2026-09-04 11:04:12.8301|Info|Microsoft.AspNetCore.Authentication.JwtBearer.JwtBearerHandler|CorrelationId=22a4a9cf-6a29-40f4-a630-9569734310c3|Bearer was not authenticated. Failure message: IDX10223: Lifetime validation failed. The token is expired. ValidTo (UTC): '9/4/2026 8:02:44 AM', Current time (UTC): '9/4/2026 8:04:12 AM'. 
2026-09-04 11:04:12.8301|Info|Microsoft.AspNetCore.Authorization.DefaultAuthorizationService|CorrelationId=22a4a9cf-6a29-40f4-a630-9569734310c3|Authorization failed. These requirements were not met:
RolesAuthorizationRequirement:User.IsInRole must be true for one of the following roles: (Administrator) 
2026-09-04 11:04:12.8301|Info|Microsoft.AspNetCore.Authentication.JwtBearer.JwtBearerHandler|CorrelationId=22a4a9cf-6a29-40f4-a630-9569734310c3|AuthenticationScheme: Bearer was challenged. 
2026-09-04 11:04:12.8301|Info|Microsoft.AspNetCore.Hosting.Diagnostics|CorrelationId=|Request finished HTTP/1.1 POST http://localhost:5176/api/v1/Dashboard/reports - 401 0 - 23.4667ms 
2026-09-04 11:04:12.8448|Info|Microsoft.AspNetCore.Hosting.Diagnostics|CorrelationId=|Request starting HTTP/1.1 POST http://localhost:5176/api/v1/Auth/refresh - application/json 2 
2026-09-04 11:04:12.8448|Info|Microsoft.AspNetCore.Cors.Infrastructure.CorsService|CorrelationId=0daab856-7ce7-442d-b1fb-a592b6a0c87b|CORS policy execution successful. 
2026-09-04 11:04:12.8448|Info|Microsoft.AspNetCore.Authentication.JwtBearer.JwtBearerHandler|CorrelationId=0daab856-7ce7-442d-b1fb-a592b6a0c87b|Failed to validate the token. Microsoft.IdentityModel.Tokens.SecurityTokenExpiredException: IDX10223: Lifetime validation failed. The token is expired. ValidTo (UTC): '9/4/2026 8:02:44 AM', Current time (UTC): '9/4/2026 8:04:12 AM'.
   at Microsoft.IdentityModel.Tokens.ValidatorUtilities.ValidateLifetime(Nullable`1 notBefore, Nullable`1 expires, SecurityToken securityToken, TokenValidationParameters validationParameters)
   at Microsoft.IdentityModel.Tokens.Validators.ValidateLifetime(Nullable`1 notBefore, Nullable`1 expires, SecurityToken securityToken, TokenValidationParameters validationParameters)
   at Microsoft.IdentityModel.JsonWebTokens.JsonWebTokenHandler.ValidateTokenPayloadAsync(JsonWebToken jsonWebToken, TokenValidationParameters validationParameters, BaseConfiguration configuration)
   at Microsoft.IdentityModel.JsonWebTokens.JsonWebTokenHandler.ValidateJWSAsync(JsonWebToken jsonWebToken, TokenValidationParameters validationParameters, BaseConfiguration configuration)
2026-09-04 11:04:12.8448|Info|Microsoft.AspNetCore.Authentication.JwtBearer.JwtBearerHandler|CorrelationId=0daab856-7ce7-442d-b1fb-a592b6a0c87b|Bearer was not authenticated. Failure message: IDX10223: Lifetime validation failed. The token is expired. ValidTo (UTC): '9/4/2026 8:02:44 AM', Current time (UTC): '9/4/2026 8:04:12 AM'. 
2026-09-04 11:04:12.8448|Info|Microsoft.AspNetCore.Routing.EndpointMiddleware|CorrelationId=0daab856-7ce7-442d-b1fb-a592b6a0c87b|Executing endpoint 'SmartLoan.Api.Controllers.AuthController.Refresh (SmartLoan.Api)' 
2026-09-04 11:04:12.8577|Info|Microsoft.AspNetCore.Mvc.Infrastructure.ControllerActionInvoker|CorrelationId=0daab856-7ce7-442d-b1fb-a592b6a0c87b|Route matched with {action = "Refresh", controller = "Auth"}. Executing controller action with signature System.Threading.Tasks.Task`1[Microsoft.AspNetCore.Mvc.ActionResult] Refresh(SmartLoan.Application.Users.Commands.RefreshToken.RefreshTokenRequest) on controller SmartLoan.Api.Controllers.AuthController (SmartLoan.Api). 
2026-09-04 11:04:12.8577|Info|Microsoft.AspNetCore.Mvc.Infrastructure.ObjectResultExecutor|CorrelationId=0daab856-7ce7-442d-b1fb-a592b6a0c87b|Executing BadRequestObjectResult, writing value of type 'Microsoft.AspNetCore.Mvc.ValidationProblemDetails'. 
2026-09-04 11:04:12.8577|Info|Microsoft.AspNetCore.Mvc.Infrastructure.ControllerActionInvoker|CorrelationId=0daab856-7ce7-442d-b1fb-a592b6a0c87b|Executed action SmartLoan.Api.Controllers.AuthController.Refresh (SmartLoan.Api) in 3.0534ms 
2026-09-04 11:04:12.8577|Info|Microsoft.AspNetCore.Routing.EndpointMiddleware|CorrelationId=0daab856-7ce7-442d-b1fb-a592b6a0c87b|Executed endpoint 'SmartLoan.Api.Controllers.AuthController.Refresh (SmartLoan.Api)' 
2026-09-04 11:04:12.8577|Info|Microsoft.AspNetCore.Hosting.Diagnostics|CorrelationId=|Request finished HTTP/1.1 POST http://localhost:5176/api/v1/Auth/refresh - 400 - application/problem+json;+charset=utf-8 16.4552ms 
2026-09-04 11:05:12.4612|Info|Microsoft.AspNetCore.Hosting.Diagnostics|CorrelationId=|Request starting HTTP/1.1 POST http://localhost:5176/api/v1/auth/login - application/json 49 
2026-09-04 11:05:12.4612|Info|Microsoft.AspNetCore.Cors.Infrastructure.CorsService|CorrelationId=5d387599-7be5-47eb-add3-b61bec12194d|CORS policy execution successful. 
2026-09-04 11:05:12.4612|Info|Microsoft.AspNetCore.Authentication.JwtBearer.JwtBearerHandler|CorrelationId=5d387599-7be5-47eb-add3-b61bec12194d|Failed to validate the token. Microsoft.IdentityModel.Tokens.SecurityTokenExpiredException: IDX10223: Lifetime validation failed. The token is expired. ValidTo (UTC): '9/4/2026 8:02:44 AM', Current time (UTC): '9/4/2026 8:05:12 AM'.
   at Microsoft.IdentityModel.Tokens.ValidatorUtilities.ValidateLifetime(Nullable`1 notBefore, Nullable`1 expires, SecurityToken securityToken, TokenValidationParameters validationParameters)
   at Microsoft.IdentityModel.Tokens.Validators.ValidateLifetime(Nullable`1 notBefore, Nullable`1 expires, SecurityToken securityToken, TokenValidationParameters validationParameters)
   at Microsoft.IdentityModel.JsonWebTokens.JsonWebTokenHandler.ValidateTokenPayloadAsync(JsonWebToken jsonWebToken, TokenValidationParameters validationParameters, BaseConfiguration configuration)
   at Microsoft.IdentityModel.JsonWebTokens.JsonWebTokenHandler.ValidateJWSAsync(JsonWebToken jsonWebToken, TokenValidationParameters validationParameters, BaseConfiguration configuration)
2026-09-04 11:05:12.4612|Info|Microsoft.AspNetCore.Authentication.JwtBearer.JwtBearerHandler|CorrelationId=5d387599-7be5-47eb-add3-b61bec12194d|Bearer was not authenticated. Failure message: IDX10223: Lifetime validation failed. The token is expired. ValidTo (UTC): '9/4/2026 8:02:44 AM', Current time (UTC): '9/4/2026 8:05:12 AM'. 
2026-09-04 11:05:12.4612|Info|Microsoft.AspNetCore.Routing.EndpointMiddleware|CorrelationId=5d387599-7be5-47eb-add3-b61bec12194d|Executing endpoint 'SmartLoan.Api.Controllers.AuthController.Login (SmartLoan.Api)' 
2026-09-04 11:05:12.4612|Info|Microsoft.AspNetCore.Mvc.Infrastructure.ControllerActionInvoker|CorrelationId=5d387599-7be5-47eb-add3-b61bec12194d|Route matched with {action = "Login", controller = "Auth"}. Executing controller action with signature System.Threading.Tasks.Task`1[Microsoft.AspNetCore.Mvc.ActionResult] Login(SmartLoan.Application.Users.LoginCommand) on controller SmartLoan.Api.Controllers.AuthController (SmartLoan.Api). 
2026-09-04 11:05:12.4612|Info|SmartLoan.Application.Common.Behaviors.LoggingBehavior|CorrelationId=5d387599-7be5-47eb-add3-b61bec12194d|smartloan Request:LoginCommand starting... 
2026-09-04 11:05:12.4612|Info|Microsoft.EntityFrameworkCore.Database.Command|CorrelationId=5d387599-7be5-47eb-add3-b61bec12194d|Executed DbCommand (4ms) [Parameters=[@request_Email='?'], CommandType='Text', CommandTimeout='30']
SELECT u."Id", u."Email", u."FullName", u."PasswordHash", u."RefreshToken", u."RefreshTokenExpiryTime", u."Role"
FROM "Users" AS u
WHERE u."Email" = @request_Email
LIMIT 1 
2026-09-04 11:05:12.8413|Info|Microsoft.EntityFrameworkCore.Database.Command|CorrelationId=5d387599-7be5-47eb-add3-b61bec12194d|Executed DbCommand (3ms) [Parameters=[@p2='?' (DbType = Int32), @p0='?', @p1='?' (DbType = DateTime)], CommandType='Text', CommandTimeout='30']
UPDATE "Users" SET "RefreshToken" = @p0, "RefreshTokenExpiryTime" = @p1
WHERE "Id" = @p2; 
2026-09-04 11:05:12.8413|Info|SmartLoan.Application.Common.Behaviors.LoggingBehavior|CorrelationId=5d387599-7be5-47eb-add3-b61bec12194d|Smarloan Request:LoginCommand finished in 376ms 
2026-09-04 11:05:12.8413|Info|Microsoft.AspNetCore.Mvc.Infrastructure.ObjectResultExecutor|CorrelationId=5d387599-7be5-47eb-add3-b61bec12194d|Executing OkObjectResult, writing value of type '<>f__AnonymousType0`2[[System.String, System.Private.CoreLib, Version=10.0.0.0, Culture=neutral, PublicKeyToken=7cec85d7bea7798e],[System.String, System.Private.CoreLib, Version=10.0.0.0, Culture=neutral, PublicKeyToken=7cec85d7bea7798e]]'. 
2026-09-04 11:05:12.8413|Info|Microsoft.AspNetCore.Mvc.Infrastructure.ControllerActionInvoker|CorrelationId=5d387599-7be5-47eb-add3-b61bec12194d|Executed action SmartLoan.Api.Controllers.AuthController.Login (SmartLoan.Api) in 379.0203ms 
2026-09-04 11:05:12.8413|Info|Microsoft.AspNetCore.Routing.EndpointMiddleware|CorrelationId=5d387599-7be5-47eb-add3-b61bec12194d|Executed endpoint 'SmartLoan.Api.Controllers.AuthController.Login (SmartLoan.Api)' 
2026-09-04 11:05:12.8413|Info|Microsoft.AspNetCore.Hosting.Diagnostics|CorrelationId=|Request finished HTTP/1.1 POST http://localhost:5176/api/v1/auth/login - 200 - application/json;+charset=utf-8 382.3811ms 
2026-09-04 11:05:12.8633|Info|Microsoft.AspNetCore.Hosting.Diagnostics|CorrelationId=|Request starting HTTP/1.1 POST http://localhost:5176/api/v1/notifications/negotiate?negotiateVersion=1 - - 0 
2026-09-04 11:05:12.8633|Info|Microsoft.AspNetCore.Cors.Infrastructure.CorsService|CorrelationId=2ccc8c29-7e96-4238-91c4-00c200e3e190|CORS policy execution successful. 
2026-09-04 11:05:12.8641|Info|Microsoft.AspNetCore.Hosting.Diagnostics|CorrelationId=|Request finished HTTP/1.1 POST http://localhost:5176/api/v1/notifications/negotiate?negotiateVersion=1 - 404 0 - 0.8160ms 
2026-09-04 11:05:12.8641|Info|Microsoft.AspNetCore.Hosting.Diagnostics|CorrelationId=|Request reached the end of the middleware pipeline without being handled by application code. Request path: POST http://localhost:5176/api/v1/notifications/negotiate, Response status code: 404 
2026-09-04 11:05:17.9386|Info|Microsoft.AspNetCore.Hosting.Diagnostics|CorrelationId=|Request starting HTTP/1.1 GET http://localhost:5176/api/v1/Loan?pageNumber=1&pageSize=20 - - - 
2026-09-04 11:05:17.9386|Info|Microsoft.AspNetCore.Hosting.Diagnostics|CorrelationId=|Request starting HTTP/1.1 GET http://localhost:5176/api/v1/Dashboard/summary - - - 
2026-09-04 11:05:17.9386|Info|Microsoft.AspNetCore.Routing.EndpointMiddleware|CorrelationId=795423f8-4632-4559-965f-bf31897ebc4d|Executing endpoint 'SmartLoan.Api.Controllers.DashboardController.GetSummary (SmartLoan.Api)' 
2026-09-04 11:05:17.9386|Info|Microsoft.AspNetCore.Routing.EndpointMiddleware|CorrelationId=62dc11f2-3e6a-41ab-9f13-4d4c53c65819|Executing endpoint 'SmartLoan.Api.Controllers.LoanController.GetAll (SmartLoan.Api)' 
2026-09-04 11:05:17.9386|Info|Microsoft.AspNetCore.Mvc.Infrastructure.ControllerActionInvoker|CorrelationId=795423f8-4632-4559-965f-bf31897ebc4d|Route matched with {action = "GetSummary", controller = "Dashboard"}. Executing controller action with signature System.Threading.Tasks.Task`1[Microsoft.AspNetCore.Mvc.ActionResult`1[SmartLoan.Application.Dashboard.Queries.GetLoanSummary.LoanSummaryDto]] GetSummary() on controller SmartLoan.Api.Controllers.DashboardController (SmartLoan.Api). 
2026-09-04 11:05:17.9386|Info|Microsoft.AspNetCore.Mvc.Infrastructure.ControllerActionInvoker|CorrelationId=62dc11f2-3e6a-41ab-9f13-4d4c53c65819|Route matched with {action = "GetAll", controller = "Loan"}. Executing controller action with signature System.Threading.Tasks.Task`1[Microsoft.AspNetCore.Mvc.ActionResult`1[SmartLoan.Application.Common.PagedResponse`1[SmartLoan.Application.Loans.Queries.LoanDto]]] GetAll(SmartLoan.Application.Common.PagedRequest) on controller SmartLoan.Api.Controllers.LoanController (SmartLoan.Api). 
2026-09-04 11:05:17.9386|Info|SmartLoan.Application.Common.Behaviors.LoggingBehavior|CorrelationId=795423f8-4632-4559-965f-bf31897ebc4d|smartloan Request:GetLoansummatyQuery starting... 
2026-09-04 11:05:17.9386|Info|SmartLoan.Application.Common.Behaviors.LoggingBehavior|CorrelationId=62dc11f2-3e6a-41ab-9f13-4d4c53c65819|smartloan Request:GetLoansQuery starting... 
2026-09-04 11:05:17.9386|Info|Microsoft.EntityFrameworkCore.Database.Command|CorrelationId=62dc11f2-3e6a-41ab-9f13-4d4c53c65819|Executed DbCommand (0ms) [Parameters=[], CommandType='Text', CommandTimeout='30']
SELECT count(*)::int
FROM "LoanApplications" AS l
WHERE NOT (l."IsDeleted") 
2026-09-04 11:05:17.9386|Info|Microsoft.EntityFrameworkCore.Database.Command|CorrelationId=795423f8-4632-4559-965f-bf31897ebc4d|Executed DbCommand (1ms) [Parameters=[], CommandType='Text', CommandTimeout='30']
SELECT COALESCE(sum(p."Amount"), 0.0)
FROM "Payments" AS p 
2026-09-04 11:05:17.9439|Info|Microsoft.EntityFrameworkCore.Database.Command|CorrelationId=795423f8-4632-4559-965f-bf31897ebc4d|Executed DbCommand (2ms) [Parameters=[], CommandType='Text', CommandTimeout='30']
SELECT COALESCE(sum(l."ServiceFee"), 0.0)
FROM "LoanApplications" AS l
WHERE NOT (l."IsDeleted") AND l."Status" = 'Approved' 
2026-09-04 11:05:17.9439|Info|Microsoft.EntityFrameworkCore.Database.Command|CorrelationId=795423f8-4632-4559-965f-bf31897ebc4d|Executed DbCommand (2ms) [Parameters=[], CommandType='Text', CommandTimeout='30']
SELECT count(*)::int
FROM "LoanApplications" AS l
WHERE NOT (l."IsDeleted") AND l."Status" = 'Saving' 
2026-09-04 11:05:17.9439|Info|Microsoft.EntityFrameworkCore.Database.Command|CorrelationId=62dc11f2-3e6a-41ab-9f13-4d4c53c65819|Executed DbCommand (6ms) [Parameters=[@p1='?' (DbType = Int32), @p='?' (DbType = Int32)], CommandType='Text', CommandTimeout='30']
SELECT l0."Id", c0."FullName", l0."DailyAmount", l0."LoanAmount", l0."ServiceFee", l0."Status", l0."CreatedAt"
FROM (
    SELECT l."Id", l."CreatedAt", l."CustomerId", l."DailyAmount", l."LoanAmount", l."ServiceFee", l."Status"
    FROM "LoanApplications" AS l
    WHERE NOT (l."IsDeleted")
    ORDER BY l."CreatedAt" DESC
    LIMIT @p1 OFFSET @p
) AS l0
INNER JOIN (
    SELECT c."Id", c."FullName"
    FROM "Customers" AS c
    WHERE NOT (c."IsDeleted")
) AS c0 ON l0."CustomerId" = c0."Id"
ORDER BY l0."CreatedAt" DESC 
2026-09-04 11:05:17.9439|Info|SmartLoan.Application.Common.Behaviors.LoggingBehavior|CorrelationId=62dc11f2-3e6a-41ab-9f13-4d4c53c65819|Smarloan Request:GetLoansQuery finished in 8ms 
2026-09-04 11:05:17.9439|Info|Microsoft.AspNetCore.Mvc.Infrastructure.ObjectResultExecutor|CorrelationId=62dc11f2-3e6a-41ab-9f13-4d4c53c65819|Executing ObjectResult, writing value of type 'SmartLoan.Application.Common.PagedResponse`1[[SmartLoan.Application.Loans.Queries.LoanDto, SmartLoan.Application, Version=1.0.0.0, Culture=neutral, PublicKeyToken=null]]'. 
2026-09-04 11:05:17.9439|Info|Microsoft.EntityFrameworkCore.Database.Command|CorrelationId=795423f8-4632-4559-965f-bf31897ebc4d|Executed DbCommand (1ms) [Parameters=[], CommandType='Text', CommandTimeout='30']
SELECT count(*)::int
FROM "LoanApplications" AS l
WHERE NOT (l."IsDeleted") AND l."Status" = 'Approved' 
2026-09-04 11:05:17.9439|Info|Microsoft.AspNetCore.Mvc.Infrastructure.ControllerActionInvoker|CorrelationId=62dc11f2-3e6a-41ab-9f13-4d4c53c65819|Executed action SmartLoan.Api.Controllers.LoanController.GetAll (SmartLoan.Api) in 9.6241ms 
2026-09-04 11:05:17.9439|Info|Microsoft.AspNetCore.Routing.EndpointMiddleware|CorrelationId=62dc11f2-3e6a-41ab-9f13-4d4c53c65819|Executed endpoint 'SmartLoan.Api.Controllers.LoanController.GetAll (SmartLoan.Api)' 
2026-09-04 11:05:17.9439|Info|SmartLoan.Application.Common.Behaviors.LoggingBehavior|CorrelationId=795423f8-4632-4559-965f-bf31897ebc4d|Smarloan Request:GetLoansummatyQuery finished in 10ms 
2026-09-04 11:05:17.9439|Info|Microsoft.AspNetCore.Hosting.Diagnostics|CorrelationId=|Request finished HTTP/1.1 GET http://localhost:5176/api/v1/Loan?pageNumber=1&pageSize=20 - 200 - application/json;+charset=utf-8 11.3266ms 
2026-09-04 11:05:17.9439|Info|Microsoft.AspNetCore.Mvc.Infrastructure.ObjectResultExecutor|CorrelationId=795423f8-4632-4559-965f-bf31897ebc4d|Executing ObjectResult, writing value of type 'SmartLoan.Application.Dashboard.Queries.GetLoanSummary.LoanSummaryDto'. 
2026-09-04 11:05:17.9439|Info|Microsoft.AspNetCore.Mvc.Infrastructure.ControllerActionInvoker|CorrelationId=795423f8-4632-4559-965f-bf31897ebc4d|Executed action SmartLoan.Api.Controllers.DashboardController.GetSummary (SmartLoan.Api) in 11.1549ms 
2026-09-04 11:05:17.9439|Info|Microsoft.AspNetCore.Routing.EndpointMiddleware|CorrelationId=795423f8-4632-4559-965f-bf31897ebc4d|Executed endpoint 'SmartLoan.Api.Controllers.DashboardController.GetSummary (SmartLoan.Api)' 
2026-09-04 11:05:17.9439|Info|Microsoft.AspNetCore.Hosting.Diagnostics|CorrelationId=|Request finished HTTP/1.1 GET http://localhost:5176/api/v1/Dashboard/summary - 200 - application/json;+charset=utf-8 13.3095ms 
2026-09-04 11:06:22.6564|Info|Microsoft.AspNetCore.Hosting.Diagnostics|CorrelationId=|Request starting HTTP/1.1 GET http://localhost:5176/scalar/ - - - 
2026-09-04 11:06:22.6564|Info|Microsoft.AspNetCore.Routing.EndpointMiddleware|CorrelationId=7d423f61-69ae-43c0-8b1b-14b350b1124a|Executing endpoint 'HTTP: GET /scalar/{documentName?}' 
2026-09-04 11:06:22.8595|Info|Microsoft.AspNetCore.Http.Result.ContentResult|CorrelationId=7d423f61-69ae-43c0-8b1b-14b350b1124a|Write content with HTTP Response ContentType of text/html 
2026-09-04 11:06:22.8595|Info|Microsoft.AspNetCore.Routing.EndpointMiddleware|CorrelationId=7d423f61-69ae-43c0-8b1b-14b350b1124a|Executed endpoint 'HTTP: GET /scalar/{documentName?}' 
2026-09-04 11:06:22.8595|Info|Microsoft.AspNetCore.Hosting.Diagnostics|CorrelationId=|Request finished HTTP/1.1 GET http://localhost:5176/scalar/ - 200 637 text/html 203.7712ms 
2026-09-04 11:06:22.8906|Info|Microsoft.AspNetCore.Hosting.Diagnostics|CorrelationId=|Request starting HTTP/1.1 GET http://localhost:5176/scalar/scalar.aspnetcore.js - - - 
2026-09-04 11:06:22.8906|Info|Microsoft.AspNetCore.Cors.Infrastructure.CorsService|CorrelationId=56c9b911-7983-4539-9dce-13d22bfb0f4c|CORS policy execution failed. 
2026-09-04 11:06:22.8906|Info|Microsoft.AspNetCore.Hosting.Diagnostics|CorrelationId=|Request starting HTTP/1.1 GET http://localhost:5176/scalar/scalar.js - - - 
2026-09-04 11:06:22.8906|Info|Microsoft.AspNetCore.Cors.Infrastructure.CorsService|CorrelationId=56c9b911-7983-4539-9dce-13d22bfb0f4c|Request origin http://localhost:5176 does not have permission to access the resource. 
2026-09-04 11:06:22.8906|Info|Microsoft.AspNetCore.Routing.EndpointMiddleware|CorrelationId=56c9b911-7983-4539-9dce-13d22bfb0f4c|Executing endpoint 'HTTP: GET /scalar/scalar.aspnetcore.js' 
2026-09-04 11:06:22.8906|Info|Microsoft.AspNetCore.Routing.EndpointMiddleware|CorrelationId=750e0a80-c138-4a29-a86e-cbab008c40c3|Executing endpoint 'HTTP: GET /scalar/scalar.js' 
2026-09-04 11:06:22.8962|Info|Microsoft.AspNetCore.Http.Result.FileStreamResult|CorrelationId=56c9b911-7983-4539-9dce-13d22bfb0f4c|Sending file with download name ''. 
2026-09-04 11:06:22.8962|Info|Microsoft.AspNetCore.Routing.EndpointMiddleware|CorrelationId=56c9b911-7983-4539-9dce-13d22bfb0f4c|Executed endpoint 'HTTP: GET /scalar/scalar.aspnetcore.js' 
2026-09-04 11:06:22.8962|Info|Microsoft.AspNetCore.Hosting.Diagnostics|CorrelationId=|Request finished HTTP/1.1 GET http://localhost:5176/scalar/scalar.aspnetcore.js - 200 1111 text/javascript 11.1171ms 
2026-09-04 11:06:22.8962|Info|Microsoft.AspNetCore.Http.Result.FileStreamResult|CorrelationId=750e0a80-c138-4a29-a86e-cbab008c40c3|Sending file with download name ''. 
2026-09-04 11:06:22.9460|Info|Microsoft.AspNetCore.Routing.EndpointMiddleware|CorrelationId=750e0a80-c138-4a29-a86e-cbab008c40c3|Executed endpoint 'HTTP: GET /scalar/scalar.js' 
2026-09-04 11:06:22.9460|Info|Microsoft.AspNetCore.Hosting.Diagnostics|CorrelationId=|Request finished HTTP/1.1 GET http://localhost:5176/scalar/scalar.js - 200 1070166 text/javascript 55.1746ms 
2026-09-04 11:06:23.2915|Info|Microsoft.AspNetCore.Hosting.Diagnostics|CorrelationId=|Request starting HTTP/1.1 GET http://localhost:5176/openapi/v1.json - - - 
2026-09-04 11:06:23.2915|Info|Microsoft.AspNetCore.Routing.EndpointMiddleware|CorrelationId=597a7790-3119-4ddd-ac55-b91d60421830|Executing endpoint 'HTTP: GET /openapi/{documentName}.json' 
2026-09-04 11:06:23.4760|Info|Microsoft.AspNetCore.Routing.EndpointMiddleware|CorrelationId=597a7790-3119-4ddd-ac55-b91d60421830|Executed endpoint 'HTTP: GET /openapi/{documentName}.json' 
2026-09-04 11:06:23.4760|Info|Microsoft.AspNetCore.Hosting.Diagnostics|CorrelationId=|Request finished HTTP/1.1 GET http://localhost:5176/openapi/v1.json - 200 - application/json;charset=utf-8 184.7040ms 
2026-09-04 11:06:24.1253|Info|Microsoft.AspNetCore.Hosting.Diagnostics|CorrelationId=|Request starting HTTP/1.1 GET http://localhost:5176/scalar/favicon.svg - - - 
2026-09-04 11:06:24.1253|Info|Microsoft.AspNetCore.Routing.EndpointMiddleware|CorrelationId=0b4a3fa5-cccd-4d4d-a943-ace0725dc726|Executing endpoint 'HTTP: GET /scalar/favicon.svg' 
2026-09-04 11:06:24.1253|Info|Microsoft.AspNetCore.Http.Result.FileStreamResult|CorrelationId=0b4a3fa5-cccd-4d4d-a943-ace0725dc726|Sending file with download name ''. 
2026-09-04 11:06:24.1253|Info|Microsoft.AspNetCore.Routing.EndpointMiddleware|CorrelationId=0b4a3fa5-cccd-4d4d-a943-ace0725dc726|Executed endpoint 'HTTP: GET /scalar/favicon.svg' 
2026-09-04 11:06:24.1253|Info|Microsoft.AspNetCore.Hosting.Diagnostics|CorrelationId=|Request finished HTTP/1.1 GET http://localhost:5176/scalar/favicon.svg - 200 533 image/svg+xml 1.7368ms 
2026-09-04 11:09:07.3086|Info|Microsoft.AspNetCore.Hosting.Diagnostics|CorrelationId=|Request starting HTTP/1.1 GET http://localhost:5176/api/v1/Auth/me - - - 
2026-09-04 11:09:07.3086|Info|Microsoft.AspNetCore.Routing.EndpointMiddleware|CorrelationId=e9feca81-5de1-4244-a009-cd06dffa4e2d|Executing endpoint 'SmartLoan.Api.Controllers.AuthController.GetCurrentUser (SmartLoan.Api)' 
2026-09-04 11:09:07.3086|Info|Microsoft.AspNetCore.Mvc.Infrastructure.ControllerActionInvoker|CorrelationId=e9feca81-5de1-4244-a009-cd06dffa4e2d|Route matched with {action = "GetCurrentUser", controller = "Auth"}. Executing controller action with signature Microsoft.AspNetCore.Mvc.IActionResult GetCurrentUser() on controller SmartLoan.Api.Controllers.AuthController (SmartLoan.Api). 
2026-09-04 11:09:07.3086|Info|Microsoft.AspNetCore.Mvc.Infrastructure.ObjectResultExecutor|CorrelationId=e9feca81-5de1-4244-a009-cd06dffa4e2d|Executing OkObjectResult, writing value of type '<>f__AnonymousType0`2[[System.String, System.Private.CoreLib, Version=10.0.0.0, Culture=neutral, PublicKeyToken=7cec85d7bea7798e],[System.String, System.Private.CoreLib, Version=10.0.0.0, Culture=neutral, PublicKeyToken=7cec85d7bea7798e]]'. 
2026-09-04 11:09:07.3086|Info|Microsoft.AspNetCore.Mvc.Infrastructure.ControllerActionInvoker|CorrelationId=e9feca81-5de1-4244-a009-cd06dffa4e2d|Executed action SmartLoan.Api.Controllers.AuthController.GetCurrentUser (SmartLoan.Api) in 0.6905ms 
2026-09-04 11:09:07.3086|Info|Microsoft.AspNetCore.Routing.EndpointMiddleware|CorrelationId=e9feca81-5de1-4244-a009-cd06dffa4e2d|Executed endpoint 'SmartLoan.Api.Controllers.AuthController.GetCurrentUser (SmartLoan.Api)' 
2026-09-04 11:09:07.3086|Info|Microsoft.AspNetCore.Hosting.Diagnostics|CorrelationId=|Request finished HTTP/1.1 GET http://localhost:5176/api/v1/Auth/me - 200 - application/json;+charset=utf-8 2.0353ms 
2026-09-04 11:09:07.3086|Info|Microsoft.AspNetCore.Hosting.Diagnostics|CorrelationId=|Request starting HTTP/1.1 GET http://localhost:5176/api/v1/Auth/me - - - 
2026-09-04 11:09:07.3086|Info|Microsoft.AspNetCore.Routing.EndpointMiddleware|CorrelationId=9a144ec7-e880-42f2-96ff-5df0bcc3b898|Executing endpoint 'SmartLoan.Api.Controllers.AuthController.GetCurrentUser (SmartLoan.Api)' 
2026-09-04 11:09:07.3086|Info|Microsoft.AspNetCore.Mvc.Infrastructure.ControllerActionInvoker|CorrelationId=9a144ec7-e880-42f2-96ff-5df0bcc3b898|Route matched with {action = "GetCurrentUser", controller = "Auth"}. Executing controller action with signature Microsoft.AspNetCore.Mvc.IActionResult GetCurrentUser() on controller SmartLoan.Api.Controllers.AuthController (SmartLoan.Api). 
2026-09-04 11:09:07.3086|Info|Microsoft.AspNetCore.Mvc.Infrastructure.ObjectResultExecutor|CorrelationId=9a144ec7-e880-42f2-96ff-5df0bcc3b898|Executing OkObjectResult, writing value of type '<>f__AnonymousType0`2[[System.String, System.Private.CoreLib, Version=10.0.0.0, Culture=neutral, PublicKeyToken=7cec85d7bea7798e],[System.String, System.Private.CoreLib, Version=10.0.0.0, Culture=neutral, PublicKeyToken=7cec85d7bea7798e]]'. 
2026-09-04 11:09:07.3086|Info|Microsoft.AspNetCore.Mvc.Infrastructure.ControllerActionInvoker|CorrelationId=9a144ec7-e880-42f2-96ff-5df0bcc3b898|Executed action SmartLoan.Api.Controllers.AuthController.GetCurrentUser (SmartLoan.Api) in 0.2868ms 
2026-09-04 11:09:07.3086|Info|Microsoft.AspNetCore.Routing.EndpointMiddleware|CorrelationId=9a144ec7-e880-42f2-96ff-5df0bcc3b898|Executed endpoint 'SmartLoan.Api.Controllers.AuthController.GetCurrentUser (SmartLoan.Api)' 
2026-09-04 11:09:07.3086|Info|Microsoft.AspNetCore.Hosting.Diagnostics|CorrelationId=|Request finished HTTP/1.1 GET http://localhost:5176/api/v1/Auth/me - 200 - application/json;+charset=utf-8 1.5470ms 
2026-09-04 11:09:07.3373|Info|Microsoft.AspNetCore.Hosting.Diagnostics|CorrelationId=|Request starting HTTP/1.1 POST http://localhost:5176/api/v1/notifications/negotiate?negotiateVersion=1 - - 0 
2026-09-04 11:09:07.3373|Info|Microsoft.AspNetCore.Cors.Infrastructure.CorsService|CorrelationId=a1b4e9c5-3746-4812-88f6-47d5f3e507ef|CORS policy execution successful. 
2026-09-04 11:09:07.3373|Info|Microsoft.AspNetCore.Hosting.Diagnostics|CorrelationId=|Request finished HTTP/1.1 POST http://localhost:5176/api/v1/notifications/negotiate?negotiateVersion=1 - 404 0 - 0.5249ms 
2026-09-04 11:09:07.3373|Info|Microsoft.AspNetCore.Hosting.Diagnostics|CorrelationId=|Request reached the end of the middleware pipeline without being handled by application code. Request path: POST http://localhost:5176/api/v1/notifications/negotiate, Response status code: 404 
2026-09-04 11:09:07.4185|Info|Microsoft.AspNetCore.Hosting.Diagnostics|CorrelationId=|Request starting HTTP/1.1 GET http://localhost:5176/api/v1/Loan?pageNumber=1&pageSize=20 - - - 
2026-09-04 11:09:07.4185|Info|Microsoft.AspNetCore.Routing.EndpointMiddleware|CorrelationId=c24a5913-0eb0-4446-8e48-23766a8c90b4|Executing endpoint 'SmartLoan.Api.Controllers.LoanController.GetAll (SmartLoan.Api)' 
2026-09-04 11:09:07.4185|Info|Microsoft.AspNetCore.Mvc.Infrastructure.ControllerActionInvoker|CorrelationId=c24a5913-0eb0-4446-8e48-23766a8c90b4|Route matched with {action = "GetAll", controller = "Loan"}. Executing controller action with signature System.Threading.Tasks.Task`1[Microsoft.AspNetCore.Mvc.ActionResult`1[SmartLoan.Application.Common.PagedResponse`1[SmartLoan.Application.Loans.Queries.LoanDto]]] GetAll(SmartLoan.Application.Common.PagedRequest) on controller SmartLoan.Api.Controllers.LoanController (SmartLoan.Api). 
2026-09-04 11:09:07.4185|Info|SmartLoan.Application.Common.Behaviors.LoggingBehavior|CorrelationId=c24a5913-0eb0-4446-8e48-23766a8c90b4|smartloan Request:GetLoansQuery starting... 
2026-09-04 11:09:07.4280|Info|Microsoft.AspNetCore.Hosting.Diagnostics|CorrelationId=|Request starting HTTP/1.1 GET http://localhost:5176/api/v1/Dashboard/summary - - - 
2026-09-04 11:09:07.4280|Info|Microsoft.AspNetCore.Routing.EndpointMiddleware|CorrelationId=5e350118-16e3-4e2d-9b6b-178473aa859d|Executing endpoint 'SmartLoan.Api.Controllers.DashboardController.GetSummary (SmartLoan.Api)' 
2026-09-04 11:09:07.4280|Info|Microsoft.AspNetCore.Mvc.Infrastructure.ControllerActionInvoker|CorrelationId=5e350118-16e3-4e2d-9b6b-178473aa859d|Route matched with {action = "GetSummary", controller = "Dashboard"}. Executing controller action with signature System.Threading.Tasks.Task`1[Microsoft.AspNetCore.Mvc.ActionResult`1[SmartLoan.Application.Dashboard.Queries.GetLoanSummary.LoanSummaryDto]] GetSummary() on controller SmartLoan.Api.Controllers.DashboardController (SmartLoan.Api). 
2026-09-04 11:09:07.4280|Info|SmartLoan.Application.Common.Behaviors.LoggingBehavior|CorrelationId=5e350118-16e3-4e2d-9b6b-178473aa859d|smartloan Request:GetLoansummatyQuery starting... 
2026-09-04 11:09:07.4875|Info|Microsoft.EntityFrameworkCore.Database.Command|CorrelationId=c24a5913-0eb0-4446-8e48-23766a8c90b4|Executed DbCommand (5ms) [Parameters=[], CommandType='Text', CommandTimeout='30']
SELECT count(*)::int
FROM "LoanApplications" AS l
WHERE NOT (l."IsDeleted") 
2026-09-04 11:09:07.4935|Info|Microsoft.EntityFrameworkCore.Database.Command|CorrelationId=5e350118-16e3-4e2d-9b6b-178473aa859d|Executed DbCommand (6ms) [Parameters=[], CommandType='Text', CommandTimeout='30']
SELECT COALESCE(sum(p."Amount"), 0.0)
FROM "Payments" AS p 
2026-09-04 11:09:07.4935|Info|Microsoft.EntityFrameworkCore.Database.Command|CorrelationId=c24a5913-0eb0-4446-8e48-23766a8c90b4|Executed DbCommand (4ms) [Parameters=[@p1='?' (DbType = Int32), @p='?' (DbType = Int32)], CommandType='Text', CommandTimeout='30']
SELECT l0."Id", c0."FullName", l0."DailyAmount", l0."LoanAmount", l0."ServiceFee", l0."Status", l0."CreatedAt"
FROM (
    SELECT l."Id", l."CreatedAt", l."CustomerId", l."DailyAmount", l."LoanAmount", l."ServiceFee", l."Status"
    FROM "LoanApplications" AS l
    WHERE NOT (l."IsDeleted")
    ORDER BY l."CreatedAt" DESC
    LIMIT @p1 OFFSET @p
) AS l0
INNER JOIN (
    SELECT c."Id", c."FullName"
    FROM "Customers" AS c
    WHERE NOT (c."IsDeleted")
) AS c0 ON l0."CustomerId" = c0."Id"
ORDER BY l0."CreatedAt" DESC 
2026-09-04 11:09:07.4935|Info|SmartLoan.Application.Common.Behaviors.LoggingBehavior|CorrelationId=c24a5913-0eb0-4446-8e48-23766a8c90b4|Smarloan Request:GetLoansQuery finished in 76ms 
2026-09-04 11:09:07.4935|Info|Microsoft.AspNetCore.Mvc.Infrastructure.ObjectResultExecutor|CorrelationId=c24a5913-0eb0-4446-8e48-23766a8c90b4|Executing ObjectResult, writing value of type 'SmartLoan.Application.Common.PagedResponse`1[[SmartLoan.Application.Loans.Queries.LoanDto, SmartLoan.Application, Version=1.0.0.0, Culture=neutral, PublicKeyToken=null]]'. 
2026-09-04 11:09:07.4935|Info|Microsoft.AspNetCore.Mvc.Infrastructure.ControllerActionInvoker|CorrelationId=c24a5913-0eb0-4446-8e48-23766a8c90b4|Executed action SmartLoan.Api.Controllers.LoanController.GetAll (SmartLoan.Api) in 77.3768ms 
2026-09-04 11:09:07.4935|Info|Microsoft.AspNetCore.Routing.EndpointMiddleware|CorrelationId=c24a5913-0eb0-4446-8e48-23766a8c90b4|Executed endpoint 'SmartLoan.Api.Controllers.LoanController.GetAll (SmartLoan.Api)' 
2026-09-04 11:09:07.4935|Info|Microsoft.AspNetCore.Hosting.Diagnostics|CorrelationId=|Request finished HTTP/1.1 GET http://localhost:5176/api/v1/Loan?pageNumber=1&pageSize=20 - 200 - application/json;+charset=utf-8 78.3948ms 
2026-09-04 11:09:07.4935|Info|Microsoft.EntityFrameworkCore.Database.Command|CorrelationId=5e350118-16e3-4e2d-9b6b-178473aa859d|Executed DbCommand (4ms) [Parameters=[], CommandType='Text', CommandTimeout='30']
SELECT COALESCE(sum(l."ServiceFee"), 0.0)
FROM "LoanApplications" AS l
WHERE NOT (l."IsDeleted") AND l."Status" = 'Approved' 
2026-09-04 11:09:07.4935|Info|Microsoft.EntityFrameworkCore.Database.Command|CorrelationId=5e350118-16e3-4e2d-9b6b-178473aa859d|Executed DbCommand (1ms) [Parameters=[], CommandType='Text', CommandTimeout='30']
SELECT count(*)::int
FROM "LoanApplications" AS l
WHERE NOT (l."IsDeleted") AND l."Status" = 'Saving' 
2026-09-04 11:09:07.4935|Info|Microsoft.EntityFrameworkCore.Database.Command|CorrelationId=5e350118-16e3-4e2d-9b6b-178473aa859d|Executed DbCommand (1ms) [Parameters=[], CommandType='Text', CommandTimeout='30']
SELECT count(*)::int
FROM "LoanApplications" AS l
WHERE NOT (l."IsDeleted") AND l."Status" = 'Approved' 
2026-09-04 11:09:07.4935|Info|SmartLoan.Application.Common.Behaviors.LoggingBehavior|CorrelationId=5e350118-16e3-4e2d-9b6b-178473aa859d|Smarloan Request:GetLoansummatyQuery finished in 71ms 
2026-09-04 11:09:07.4935|Info|Microsoft.AspNetCore.Mvc.Infrastructure.ObjectResultExecutor|CorrelationId=5e350118-16e3-4e2d-9b6b-178473aa859d|Executing ObjectResult, writing value of type 'SmartLoan.Application.Dashboard.Queries.GetLoanSummary.LoanSummaryDto'. 
2026-09-04 11:09:07.4935|Info|Microsoft.AspNetCore.Mvc.Infrastructure.ControllerActionInvoker|CorrelationId=5e350118-16e3-4e2d-9b6b-178473aa859d|Executed action SmartLoan.Api.Controllers.DashboardController.GetSummary (SmartLoan.Api) in 71.8163ms 
2026-09-04 11:09:07.4935|Info|Microsoft.AspNetCore.Routing.EndpointMiddleware|CorrelationId=5e350118-16e3-4e2d-9b6b-178473aa859d|Executed endpoint 'SmartLoan.Api.Controllers.DashboardController.GetSummary (SmartLoan.Api)' 
2026-09-04 11:09:07.4935|Info|Microsoft.AspNetCore.Hosting.Diagnostics|CorrelationId=|Request finished HTTP/1.1 GET http://localhost:5176/api/v1/Dashboard/summary - 200 - application/json;+charset=utf-8 73.1747ms 
2026-09-04 11:11:12.3125|Info|Microsoft.AspNetCore.Hosting.Diagnostics|CorrelationId=|Request starting HTTP/1.1 GET http://localhost:5176/api/v1/Auth/me - - - 
2026-09-04 11:11:12.3125|Info|Microsoft.AspNetCore.Routing.EndpointMiddleware|CorrelationId=39d0a50b-1e74-412d-9bbe-877c8480205c|Executing endpoint 'SmartLoan.Api.Controllers.AuthController.GetCurrentUser (SmartLoan.Api)' 
2026-09-04 11:11:12.3125|Info|Microsoft.AspNetCore.Mvc.Infrastructure.ControllerActionInvoker|CorrelationId=39d0a50b-1e74-412d-9bbe-877c8480205c|Route matched with {action = "GetCurrentUser", controller = "Auth"}. Executing controller action with signature Microsoft.AspNetCore.Mvc.IActionResult GetCurrentUser() on controller SmartLoan.Api.Controllers.AuthController (SmartLoan.Api). 
2026-09-04 11:11:12.3125|Info|Microsoft.AspNetCore.Mvc.Infrastructure.ObjectResultExecutor|CorrelationId=39d0a50b-1e74-412d-9bbe-877c8480205c|Executing OkObjectResult, writing value of type '<>f__AnonymousType0`2[[System.String, System.Private.CoreLib, Version=10.0.0.0, Culture=neutral, PublicKeyToken=7cec85d7bea7798e],[System.String, System.Private.CoreLib, Version=10.0.0.0, Culture=neutral, PublicKeyToken=7cec85d7bea7798e]]'. 
2026-09-04 11:11:12.3125|Info|Microsoft.AspNetCore.Mvc.Infrastructure.ControllerActionInvoker|CorrelationId=39d0a50b-1e74-412d-9bbe-877c8480205c|Executed action SmartLoan.Api.Controllers.AuthController.GetCurrentUser (SmartLoan.Api) in 0.3421ms 
2026-09-04 11:11:12.3125|Info|Microsoft.AspNetCore.Routing.EndpointMiddleware|CorrelationId=39d0a50b-1e74-412d-9bbe-877c8480205c|Executed endpoint 'SmartLoan.Api.Controllers.AuthController.GetCurrentUser (SmartLoan.Api)' 
2026-09-04 11:11:12.3125|Info|Microsoft.AspNetCore.Hosting.Diagnostics|CorrelationId=|Request finished HTTP/1.1 GET http://localhost:5176/api/v1/Auth/me - 200 - application/json;+charset=utf-8 1.8296ms 
2026-09-04 11:11:12.3197|Info|Microsoft.AspNetCore.Hosting.Diagnostics|CorrelationId=|Request starting HTTP/1.1 GET http://localhost:5176/api/v1/Auth/me - - - 
2026-09-04 11:11:12.3197|Info|Microsoft.AspNetCore.Routing.EndpointMiddleware|CorrelationId=122d4972-81a8-4487-984b-f11388c2a995|Executing endpoint 'SmartLoan.Api.Controllers.AuthController.GetCurrentUser (SmartLoan.Api)' 
2026-09-04 11:11:12.3197|Info|Microsoft.AspNetCore.Mvc.Infrastructure.ControllerActionInvoker|CorrelationId=122d4972-81a8-4487-984b-f11388c2a995|Route matched with {action = "GetCurrentUser", controller = "Auth"}. Executing controller action with signature Microsoft.AspNetCore.Mvc.IActionResult GetCurrentUser() on controller SmartLoan.Api.Controllers.AuthController (SmartLoan.Api). 
2026-09-04 11:11:12.3197|Info|Microsoft.AspNetCore.Mvc.Infrastructure.ObjectResultExecutor|CorrelationId=122d4972-81a8-4487-984b-f11388c2a995|Executing OkObjectResult, writing value of type '<>f__AnonymousType0`2[[System.String, System.Private.CoreLib, Version=10.0.0.0, Culture=neutral, PublicKeyToken=7cec85d7bea7798e],[System.String, System.Private.CoreLib, Version=10.0.0.0, Culture=neutral, PublicKeyToken=7cec85d7bea7798e]]'. 
2026-09-04 11:11:12.3197|Info|Microsoft.AspNetCore.Mvc.Infrastructure.ControllerActionInvoker|CorrelationId=122d4972-81a8-4487-984b-f11388c2a995|Executed action SmartLoan.Api.Controllers.AuthController.GetCurrentUser (SmartLoan.Api) in 0.4014ms 
2026-09-04 11:11:12.3197|Info|Microsoft.AspNetCore.Routing.EndpointMiddleware|CorrelationId=122d4972-81a8-4487-984b-f11388c2a995|Executed endpoint 'SmartLoan.Api.Controllers.AuthController.GetCurrentUser (SmartLoan.Api)' 
2026-09-04 11:11:12.3197|Info|Microsoft.AspNetCore.Hosting.Diagnostics|CorrelationId=|Request finished HTTP/1.1 GET http://localhost:5176/api/v1/Auth/me - 200 - application/json;+charset=utf-8 5.2787ms 
2026-09-04 11:11:12.3498|Info|Microsoft.AspNetCore.Hosting.Diagnostics|CorrelationId=|Request starting HTTP/1.1 POST http://localhost:5176/api/v1/notifications/negotiate?negotiateVersion=1 - - 0 
2026-09-04 11:11:12.3498|Info|Microsoft.AspNetCore.Cors.Infrastructure.CorsService|CorrelationId=42ea6c77-a83e-4d6a-9839-541332010978|CORS policy execution successful. 
2026-09-04 11:11:12.3498|Info|Microsoft.AspNetCore.Hosting.Diagnostics|CorrelationId=|Request finished HTTP/1.1 POST http://localhost:5176/api/v1/notifications/negotiate?negotiateVersion=1 - 404 0 - 0.5547ms 
2026-09-04 11:11:12.3498|Info|Microsoft.AspNetCore.Hosting.Diagnostics|CorrelationId=|Request reached the end of the middleware pipeline without being handled by application code. Request path: POST http://localhost:5176/api/v1/notifications/negotiate, Response status code: 404 
2026-09-04 11:11:12.5068|Info|Microsoft.AspNetCore.Hosting.Diagnostics|CorrelationId=|Request starting HTTP/1.1 GET http://localhost:5176/api/v1/Loan?pageNumber=1&pageSize=20 - - - 
2026-09-04 11:11:12.5068|Info|Microsoft.AspNetCore.Routing.EndpointMiddleware|CorrelationId=e23bc451-0ca5-4a40-887b-7b40d6f46452|Executing endpoint 'SmartLoan.Api.Controllers.LoanController.GetAll (SmartLoan.Api)' 
2026-09-04 11:11:12.5068|Info|Microsoft.AspNetCore.Mvc.Infrastructure.ControllerActionInvoker|CorrelationId=e23bc451-0ca5-4a40-887b-7b40d6f46452|Route matched with {action = "GetAll", controller = "Loan"}. Executing controller action with signature System.Threading.Tasks.Task`1[Microsoft.AspNetCore.Mvc.ActionResult`1[SmartLoan.Application.Common.PagedResponse`1[SmartLoan.Application.Loans.Queries.LoanDto]]] GetAll(SmartLoan.Application.Common.PagedRequest) on controller SmartLoan.Api.Controllers.LoanController (SmartLoan.Api). 
2026-09-04 11:11:12.5068|Info|SmartLoan.Application.Common.Behaviors.LoggingBehavior|CorrelationId=e23bc451-0ca5-4a40-887b-7b40d6f46452|smartloan Request:GetLoansQuery starting... 
2026-09-04 11:11:12.5068|Info|Microsoft.EntityFrameworkCore.Database.Command|CorrelationId=e23bc451-0ca5-4a40-887b-7b40d6f46452|Executed DbCommand (1ms) [Parameters=[], CommandType='Text', CommandTimeout='30']
SELECT count(*)::int
FROM "LoanApplications" AS l
WHERE NOT (l."IsDeleted") 
2026-09-04 11:11:12.5068|Info|Microsoft.EntityFrameworkCore.Database.Command|CorrelationId=e23bc451-0ca5-4a40-887b-7b40d6f46452|Executed DbCommand (4ms) [Parameters=[@p1='?' (DbType = Int32), @p='?' (DbType = Int32)], CommandType='Text', CommandTimeout='30']
SELECT l0."Id", c0."FullName", l0."DailyAmount", l0."LoanAmount", l0."ServiceFee", l0."Status", l0."CreatedAt"
FROM (
    SELECT l."Id", l."CreatedAt", l."CustomerId", l."DailyAmount", l."LoanAmount", l."ServiceFee", l."Status"
    FROM "LoanApplications" AS l
    WHERE NOT (l."IsDeleted")
    ORDER BY l."CreatedAt" DESC
    LIMIT @p1 OFFSET @p
) AS l0
INNER JOIN (
    SELECT c."Id", c."FullName"
    FROM "Customers" AS c
    WHERE NOT (c."IsDeleted")
) AS c0 ON l0."CustomerId" = c0."Id"
ORDER BY l0."CreatedAt" DESC 
2026-09-04 11:11:12.5068|Info|SmartLoan.Application.Common.Behaviors.LoggingBehavior|CorrelationId=e23bc451-0ca5-4a40-887b-7b40d6f46452|Smarloan Request:GetLoansQuery finished in 7ms 
2026-09-04 11:11:12.5068|Info|Microsoft.AspNetCore.Mvc.Infrastructure.ObjectResultExecutor|CorrelationId=e23bc451-0ca5-4a40-887b-7b40d6f46452|Executing ObjectResult, writing value of type 'SmartLoan.Application.Common.PagedResponse`1[[SmartLoan.Application.Loans.Queries.LoanDto, SmartLoan.Application, Version=1.0.0.0, Culture=neutral, PublicKeyToken=null]]'. 
2026-09-04 11:11:12.5068|Info|Microsoft.AspNetCore.Mvc.Infrastructure.ControllerActionInvoker|CorrelationId=e23bc451-0ca5-4a40-887b-7b40d6f46452|Executed action SmartLoan.Api.Controllers.LoanController.GetAll (SmartLoan.Api) in 8.1027ms 
2026-09-04 11:11:12.5068|Info|Microsoft.AspNetCore.Routing.EndpointMiddleware|CorrelationId=e23bc451-0ca5-4a40-887b-7b40d6f46452|Executed endpoint 'SmartLoan.Api.Controllers.LoanController.GetAll (SmartLoan.Api)' 
2026-09-04 11:11:12.5068|Info|Microsoft.AspNetCore.Hosting.Diagnostics|CorrelationId=|Request finished HTTP/1.1 GET http://localhost:5176/api/v1/Loan?pageNumber=1&pageSize=20 - 200 - application/json;+charset=utf-8 9.7098ms 
2026-09-04 11:11:12.5068|Info|Microsoft.AspNetCore.Hosting.Diagnostics|CorrelationId=|Request starting HTTP/1.1 GET http://localhost:5176/api/v1/Dashboard/summary - - - 
2026-09-04 11:11:12.5068|Info|Microsoft.AspNetCore.Routing.EndpointMiddleware|CorrelationId=721aac67-fc60-495d-89bd-0f1661d0e1a1|Executing endpoint 'SmartLoan.Api.Controllers.DashboardController.GetSummary (SmartLoan.Api)' 
2026-09-04 11:11:12.5068|Info|Microsoft.AspNetCore.Mvc.Infrastructure.ControllerActionInvoker|CorrelationId=721aac67-fc60-495d-89bd-0f1661d0e1a1|Route matched with {action = "GetSummary", controller = "Dashboard"}. Executing controller action with signature System.Threading.Tasks.Task`1[Microsoft.AspNetCore.Mvc.ActionResult`1[SmartLoan.Application.Dashboard.Queries.GetLoanSummary.LoanSummaryDto]] GetSummary() on controller SmartLoan.Api.Controllers.DashboardController (SmartLoan.Api). 
2026-09-04 11:11:12.5203|Info|SmartLoan.Application.Common.Behaviors.LoggingBehavior|CorrelationId=721aac67-fc60-495d-89bd-0f1661d0e1a1|smartloan Request:GetLoansummatyQuery starting... 
2026-09-04 11:11:12.5203|Info|Microsoft.EntityFrameworkCore.Database.Command|CorrelationId=721aac67-fc60-495d-89bd-0f1661d0e1a1|Executed DbCommand (4ms) [Parameters=[], CommandType='Text', CommandTimeout='30']
SELECT COALESCE(sum(p."Amount"), 0.0)
FROM "Payments" AS p 
2026-09-04 11:11:12.5203|Info|Microsoft.EntityFrameworkCore.Database.Command|CorrelationId=721aac67-fc60-495d-89bd-0f1661d0e1a1|Executed DbCommand (1ms) [Parameters=[], CommandType='Text', CommandTimeout='30']
SELECT COALESCE(sum(l."ServiceFee"), 0.0)
FROM "LoanApplications" AS l
WHERE NOT (l."IsDeleted") AND l."Status" = 'Approved' 
2026-09-04 11:11:12.5203|Info|Microsoft.EntityFrameworkCore.Database.Command|CorrelationId=721aac67-fc60-495d-89bd-0f1661d0e1a1|Executed DbCommand (0ms) [Parameters=[], CommandType='Text', CommandTimeout='30']
SELECT count(*)::int
FROM "LoanApplications" AS l
WHERE NOT (l."IsDeleted") AND l."Status" = 'Saving' 
2026-09-04 11:11:12.5203|Info|Microsoft.EntityFrameworkCore.Database.Command|CorrelationId=721aac67-fc60-495d-89bd-0f1661d0e1a1|Executed DbCommand (0ms) [Parameters=[], CommandType='Text', CommandTimeout='30']
SELECT count(*)::int
FROM "LoanApplications" AS l
WHERE NOT (l."IsDeleted") AND l."Status" = 'Approved' 
2026-09-04 11:11:12.5203|Info|SmartLoan.Application.Common.Behaviors.LoggingBehavior|CorrelationId=721aac67-fc60-495d-89bd-0f1661d0e1a1|Smarloan Request:GetLoansummatyQuery finished in 12ms 
2026-09-04 11:11:12.5203|Info|Microsoft.AspNetCore.Mvc.Infrastructure.ObjectResultExecutor|CorrelationId=721aac67-fc60-495d-89bd-0f1661d0e1a1|Executing ObjectResult, writing value of type 'SmartLoan.Application.Dashboard.Queries.GetLoanSummary.LoanSummaryDto'. 
2026-09-04 11:11:12.5203|Info|Microsoft.AspNetCore.Mvc.Infrastructure.ControllerActionInvoker|CorrelationId=721aac67-fc60-495d-89bd-0f1661d0e1a1|Executed action SmartLoan.Api.Controllers.DashboardController.GetSummary (SmartLoan.Api) in 12.8341ms 
2026-09-04 11:11:12.5203|Info|Microsoft.AspNetCore.Routing.EndpointMiddleware|CorrelationId=721aac67-fc60-495d-89bd-0f1661d0e1a1|Executed endpoint 'SmartLoan.Api.Controllers.DashboardController.GetSummary (SmartLoan.Api)' 
2026-09-04 11:11:12.5361|Info|Microsoft.AspNetCore.Hosting.Diagnostics|CorrelationId=|Request finished HTTP/1.1 GET http://localhost:5176/api/v1/Dashboard/summary - 200 - application/json;+charset=utf-8 16.8933ms 
2026-09-04 11:11:21.6712|Info|Microsoft.AspNetCore.Hosting.Diagnostics|CorrelationId=|Request starting HTTP/1.1 GET http://localhost:5176/api/v1/Auth/me - - - 
2026-09-04 11:11:21.6712|Info|Microsoft.AspNetCore.Routing.EndpointMiddleware|CorrelationId=6dfaad42-1a2c-42d8-b5fb-220707fbdb89|Executing endpoint 'SmartLoan.Api.Controllers.AuthController.GetCurrentUser (SmartLoan.Api)' 
2026-09-04 11:11:21.6712|Info|Microsoft.AspNetCore.Mvc.Infrastructure.ControllerActionInvoker|CorrelationId=6dfaad42-1a2c-42d8-b5fb-220707fbdb89|Route matched with {action = "GetCurrentUser", controller = "Auth"}. Executing controller action with signature Microsoft.AspNetCore.Mvc.IActionResult GetCurrentUser() on controller SmartLoan.Api.Controllers.AuthController (SmartLoan.Api). 
2026-09-04 11:11:21.6712|Info|Microsoft.AspNetCore.Mvc.Infrastructure.ObjectResultExecutor|CorrelationId=6dfaad42-1a2c-42d8-b5fb-220707fbdb89|Executing OkObjectResult, writing value of type '<>f__AnonymousType0`2[[System.String, System.Private.CoreLib, Version=10.0.0.0, Culture=neutral, PublicKeyToken=7cec85d7bea7798e],[System.String, System.Private.CoreLib, Version=10.0.0.0, Culture=neutral, PublicKeyToken=7cec85d7bea7798e]]'. 
2026-09-04 11:11:21.6712|Info|Microsoft.AspNetCore.Mvc.Infrastructure.ControllerActionInvoker|CorrelationId=6dfaad42-1a2c-42d8-b5fb-220707fbdb89|Executed action SmartLoan.Api.Controllers.AuthController.GetCurrentUser (SmartLoan.Api) in 0.6431ms 
2026-09-04 11:11:21.6712|Info|Microsoft.AspNetCore.Routing.EndpointMiddleware|CorrelationId=6dfaad42-1a2c-42d8-b5fb-220707fbdb89|Executed endpoint 'SmartLoan.Api.Controllers.AuthController.GetCurrentUser (SmartLoan.Api)' 
2026-09-04 11:11:21.6712|Info|Microsoft.AspNetCore.Hosting.Diagnostics|CorrelationId=|Request finished HTTP/1.1 GET http://localhost:5176/api/v1/Auth/me - 200 - application/json;+charset=utf-8 1.9157ms 
2026-09-04 11:11:21.6767|Info|Microsoft.AspNetCore.Hosting.Diagnostics|CorrelationId=|Request starting HTTP/1.1 GET http://localhost:5176/api/v1/Auth/me - - - 
2026-09-04 11:11:21.6767|Info|Microsoft.AspNetCore.Routing.EndpointMiddleware|CorrelationId=e82698a0-14db-4e4f-8c22-0cd7d9f706ec|Executing endpoint 'SmartLoan.Api.Controllers.AuthController.GetCurrentUser (SmartLoan.Api)' 
2026-09-04 11:11:21.6767|Info|Microsoft.AspNetCore.Mvc.Infrastructure.ControllerActionInvoker|CorrelationId=e82698a0-14db-4e4f-8c22-0cd7d9f706ec|Route matched with {action = "GetCurrentUser", controller = "Auth"}. Executing controller action with signature Microsoft.AspNetCore.Mvc.IActionResult GetCurrentUser() on controller SmartLoan.Api.Controllers.AuthController (SmartLoan.Api). 
2026-09-04 11:11:21.6767|Info|Microsoft.AspNetCore.Mvc.Infrastructure.ObjectResultExecutor|CorrelationId=e82698a0-14db-4e4f-8c22-0cd7d9f706ec|Executing OkObjectResult, writing value of type '<>f__AnonymousType0`2[[System.String, System.Private.CoreLib, Version=10.0.0.0, Culture=neutral, PublicKeyToken=7cec85d7bea7798e],[System.String, System.Private.CoreLib, Version=10.0.0.0, Culture=neutral, PublicKeyToken=7cec85d7bea7798e]]'. 
2026-09-04 11:11:21.6767|Info|Microsoft.AspNetCore.Mvc.Infrastructure.ControllerActionInvoker|CorrelationId=e82698a0-14db-4e4f-8c22-0cd7d9f706ec|Executed action SmartLoan.Api.Controllers.AuthController.GetCurrentUser (SmartLoan.Api) in 0.7659ms 
2026-09-04 11:11:21.6767|Info|Microsoft.AspNetCore.Routing.EndpointMiddleware|CorrelationId=e82698a0-14db-4e4f-8c22-0cd7d9f706ec|Executed endpoint 'SmartLoan.Api.Controllers.AuthController.GetCurrentUser (SmartLoan.Api)' 
2026-09-04 11:11:21.6767|Info|Microsoft.AspNetCore.Hosting.Diagnostics|CorrelationId=|Request finished HTTP/1.1 GET http://localhost:5176/api/v1/Auth/me - 200 - application/json;+charset=utf-8 1.9570ms 
2026-09-04 11:11:21.7393|Info|Microsoft.AspNetCore.Hosting.Diagnostics|CorrelationId=|Request starting HTTP/1.1 POST http://localhost:5176/api/v1/notifications/negotiate?negotiateVersion=1 - - 0 
2026-09-04 11:11:21.7393|Info|Microsoft.AspNetCore.Cors.Infrastructure.CorsService|CorrelationId=e85206ef-cce7-4c77-8c14-73ba16bf30ab|CORS policy execution successful. 
2026-09-04 11:11:21.7393|Info|Microsoft.AspNetCore.Hosting.Diagnostics|CorrelationId=|Request finished HTTP/1.1 POST http://localhost:5176/api/v1/notifications/negotiate?negotiateVersion=1 - 404 0 - 0.4211ms 
2026-09-04 11:11:21.7393|Info|Microsoft.AspNetCore.Hosting.Diagnostics|CorrelationId=|Request reached the end of the middleware pipeline without being handled by application code. Request path: POST http://localhost:5176/api/v1/notifications/negotiate, Response status code: 404 
2026-09-04 11:11:21.8791|Info|Microsoft.AspNetCore.Hosting.Diagnostics|CorrelationId=|Request starting HTTP/1.1 GET http://localhost:5176/api/v1/Loan?pageNumber=1&pageSize=20 - - - 
2026-09-04 11:11:21.8791|Info|Microsoft.AspNetCore.Routing.EndpointMiddleware|CorrelationId=1ad8f79f-92e9-44f2-aee5-036d0151236a|Executing endpoint 'SmartLoan.Api.Controllers.LoanController.GetAll (SmartLoan.Api)' 
2026-09-04 11:11:21.8791|Info|Microsoft.AspNetCore.Mvc.Infrastructure.ControllerActionInvoker|CorrelationId=1ad8f79f-92e9-44f2-aee5-036d0151236a|Route matched with {action = "GetAll", controller = "Loan"}. Executing controller action with signature System.Threading.Tasks.Task`1[Microsoft.AspNetCore.Mvc.ActionResult`1[SmartLoan.Application.Common.PagedResponse`1[SmartLoan.Application.Loans.Queries.LoanDto]]] GetAll(SmartLoan.Application.Common.PagedRequest) on controller SmartLoan.Api.Controllers.LoanController (SmartLoan.Api). 
2026-09-04 11:11:21.8791|Info|SmartLoan.Application.Common.Behaviors.LoggingBehavior|CorrelationId=1ad8f79f-92e9-44f2-aee5-036d0151236a|smartloan Request:GetLoansQuery starting... 
2026-09-04 11:11:21.8812|Info|Microsoft.EntityFrameworkCore.Database.Command|CorrelationId=1ad8f79f-92e9-44f2-aee5-036d0151236a|Executed DbCommand (1ms) [Parameters=[], CommandType='Text', CommandTimeout='30']
SELECT count(*)::int
FROM "LoanApplications" AS l
WHERE NOT (l."IsDeleted") 
2026-09-04 11:11:21.8812|Info|Microsoft.EntityFrameworkCore.Database.Command|CorrelationId=1ad8f79f-92e9-44f2-aee5-036d0151236a|Executed DbCommand (1ms) [Parameters=[@p1='?' (DbType = Int32), @p='?' (DbType = Int32)], CommandType='Text', CommandTimeout='30']
SELECT l0."Id", c0."FullName", l0."DailyAmount", l0."LoanAmount", l0."ServiceFee", l0."Status", l0."CreatedAt"
FROM (
    SELECT l."Id", l."CreatedAt", l."CustomerId", l."DailyAmount", l."LoanAmount", l."ServiceFee", l."Status"
    FROM "LoanApplications" AS l
    WHERE NOT (l."IsDeleted")
    ORDER BY l."CreatedAt" DESC
    LIMIT @p1 OFFSET @p
) AS l0
INNER JOIN (
    SELECT c."Id", c."FullName"
    FROM "Customers" AS c
    WHERE NOT (c."IsDeleted")
) AS c0 ON l0."CustomerId" = c0."Id"
ORDER BY l0."CreatedAt" DESC 
2026-09-04 11:11:21.8812|Info|SmartLoan.Application.Common.Behaviors.LoggingBehavior|CorrelationId=1ad8f79f-92e9-44f2-aee5-036d0151236a|Smarloan Request:GetLoansQuery finished in 2ms 
2026-09-04 11:11:21.8812|Info|Microsoft.AspNetCore.Mvc.Infrastructure.ObjectResultExecutor|CorrelationId=1ad8f79f-92e9-44f2-aee5-036d0151236a|Executing ObjectResult, writing value of type 'SmartLoan.Application.Common.PagedResponse`1[[SmartLoan.Application.Loans.Queries.LoanDto, SmartLoan.Application, Version=1.0.0.0, Culture=neutral, PublicKeyToken=null]]'. 
2026-09-04 11:11:21.8812|Info|Microsoft.AspNetCore.Mvc.Infrastructure.ControllerActionInvoker|CorrelationId=1ad8f79f-92e9-44f2-aee5-036d0151236a|Executed action SmartLoan.Api.Controllers.LoanController.GetAll (SmartLoan.Api) in 3.2212ms 
2026-09-04 11:11:21.8812|Info|Microsoft.AspNetCore.Routing.EndpointMiddleware|CorrelationId=1ad8f79f-92e9-44f2-aee5-036d0151236a|Executed endpoint 'SmartLoan.Api.Controllers.LoanController.GetAll (SmartLoan.Api)' 
2026-09-04 11:11:21.8812|Info|Microsoft.AspNetCore.Hosting.Diagnostics|CorrelationId=|Request finished HTTP/1.1 GET http://localhost:5176/api/v1/Loan?pageNumber=1&pageSize=20 - 200 - application/json;+charset=utf-8 4.2315ms 
2026-09-04 11:11:21.8812|Info|Microsoft.AspNetCore.Hosting.Diagnostics|CorrelationId=|Request starting HTTP/1.1 GET http://localhost:5176/api/v1/Dashboard/summary - - - 
2026-09-04 11:11:21.8812|Info|Microsoft.AspNetCore.Routing.EndpointMiddleware|CorrelationId=5d99564c-af5f-40be-a468-88b2814538e1|Executing endpoint 'SmartLoan.Api.Controllers.DashboardController.GetSummary (SmartLoan.Api)' 
2026-09-04 11:11:21.8812|Info|Microsoft.AspNetCore.Mvc.Infrastructure.ControllerActionInvoker|CorrelationId=5d99564c-af5f-40be-a468-88b2814538e1|Route matched with {action = "GetSummary", controller = "Dashboard"}. Executing controller action with signature System.Threading.Tasks.Task`1[Microsoft.AspNetCore.Mvc.ActionResult`1[SmartLoan.Application.Dashboard.Queries.GetLoanSummary.LoanSummaryDto]] GetSummary() on controller SmartLoan.Api.Controllers.DashboardController (SmartLoan.Api). 
2026-09-04 11:11:21.8812|Info|SmartLoan.Application.Common.Behaviors.LoggingBehavior|CorrelationId=5d99564c-af5f-40be-a468-88b2814538e1|smartloan Request:GetLoansummatyQuery starting... 
2026-09-04 11:11:21.8812|Info|Microsoft.EntityFrameworkCore.Database.Command|CorrelationId=5d99564c-af5f-40be-a468-88b2814538e1|Executed DbCommand (1ms) [Parameters=[], CommandType='Text', CommandTimeout='30']
SELECT COALESCE(sum(p."Amount"), 0.0)
FROM "Payments" AS p 
2026-09-04 11:11:21.8812|Info|Microsoft.EntityFrameworkCore.Database.Command|CorrelationId=5d99564c-af5f-40be-a468-88b2814538e1|Executed DbCommand (1ms) [Parameters=[], CommandType='Text', CommandTimeout='30']
SELECT COALESCE(sum(l."ServiceFee"), 0.0)
FROM "LoanApplications" AS l
WHERE NOT (l."IsDeleted") AND l."Status" = 'Approved' 
2026-09-04 11:11:21.8812|Info|Microsoft.EntityFrameworkCore.Database.Command|CorrelationId=5d99564c-af5f-40be-a468-88b2814538e1|Executed DbCommand (1ms) [Parameters=[], CommandType='Text', CommandTimeout='30']
SELECT count(*)::int
FROM "LoanApplications" AS l
WHERE NOT (l."IsDeleted") AND l."Status" = 'Saving' 
2026-09-04 11:11:21.8812|Info|Microsoft.EntityFrameworkCore.Database.Command|CorrelationId=5d99564c-af5f-40be-a468-88b2814538e1|Executed DbCommand (1ms) [Parameters=[], CommandType='Text', CommandTimeout='30']
SELECT count(*)::int
FROM "LoanApplications" AS l
WHERE NOT (l."IsDeleted") AND l."Status" = 'Approved' 
2026-09-04 11:11:21.8812|Info|SmartLoan.Application.Common.Behaviors.LoggingBehavior|CorrelationId=5d99564c-af5f-40be-a468-88b2814538e1|Smarloan Request:GetLoansummatyQuery finished in 5ms 
2026-09-04 11:11:21.8812|Info|Microsoft.AspNetCore.Mvc.Infrastructure.ObjectResultExecutor|CorrelationId=5d99564c-af5f-40be-a468-88b2814538e1|Executing ObjectResult, writing value of type 'SmartLoan.Application.Dashboard.Queries.GetLoanSummary.LoanSummaryDto'. 
2026-09-04 11:11:21.8812|Info|Microsoft.AspNetCore.Mvc.Infrastructure.ControllerActionInvoker|CorrelationId=5d99564c-af5f-40be-a468-88b2814538e1|Executed action SmartLoan.Api.Controllers.DashboardController.GetSummary (SmartLoan.Api) in 6.4888ms 
2026-09-04 11:11:21.8959|Info|Microsoft.AspNetCore.Routing.EndpointMiddleware|CorrelationId=5d99564c-af5f-40be-a468-88b2814538e1|Executed endpoint 'SmartLoan.Api.Controllers.DashboardController.GetSummary (SmartLoan.Api)' 
2026-09-04 11:11:21.8959|Info|Microsoft.AspNetCore.Hosting.Diagnostics|CorrelationId=|Request finished HTTP/1.1 GET http://localhost:5176/api/v1/Dashboard/summary - 200 - application/json;+charset=utf-8 7.9484ms 
2026-09-04 11:11:24.2814|Info|Microsoft.AspNetCore.Hosting.Diagnostics|CorrelationId=|Request starting HTTP/1.1 GET http://localhost:5176/api/v1/Auth/me - - - 
2026-09-04 11:11:24.2814|Info|Microsoft.AspNetCore.Routing.EndpointMiddleware|CorrelationId=8eaaef97-9811-4978-92f5-cc0969d18ab9|Executing endpoint 'SmartLoan.Api.Controllers.AuthController.GetCurrentUser (SmartLoan.Api)' 
2026-09-04 11:11:24.2814|Info|Microsoft.AspNetCore.Mvc.Infrastructure.ControllerActionInvoker|CorrelationId=8eaaef97-9811-4978-92f5-cc0969d18ab9|Route matched with {action = "GetCurrentUser", controller = "Auth"}. Executing controller action with signature Microsoft.AspNetCore.Mvc.IActionResult GetCurrentUser() on controller SmartLoan.Api.Controllers.AuthController (SmartLoan.Api). 
2026-09-04 11:11:24.2814|Info|Microsoft.AspNetCore.Mvc.Infrastructure.ObjectResultExecutor|CorrelationId=8eaaef97-9811-4978-92f5-cc0969d18ab9|Executing OkObjectResult, writing value of type '<>f__AnonymousType0`2[[System.String, System.Private.CoreLib, Version=10.0.0.0, Culture=neutral, PublicKeyToken=7cec85d7bea7798e],[System.String, System.Private.CoreLib, Version=10.0.0.0, Culture=neutral, PublicKeyToken=7cec85d7bea7798e]]'. 
2026-09-04 11:11:24.2814|Info|Microsoft.AspNetCore.Mvc.Infrastructure.ControllerActionInvoker|CorrelationId=8eaaef97-9811-4978-92f5-cc0969d18ab9|Executed action SmartLoan.Api.Controllers.AuthController.GetCurrentUser (SmartLoan.Api) in 0.2042ms 
2026-09-04 11:11:24.2814|Info|Microsoft.AspNetCore.Routing.EndpointMiddleware|CorrelationId=8eaaef97-9811-4978-92f5-cc0969d18ab9|Executed endpoint 'SmartLoan.Api.Controllers.AuthController.GetCurrentUser (SmartLoan.Api)' 
2026-09-04 11:11:24.2814|Info|Microsoft.AspNetCore.Hosting.Diagnostics|CorrelationId=|Request finished HTTP/1.1 GET http://localhost:5176/api/v1/Auth/me - 200 - application/json;+charset=utf-8 1.1559ms 
2026-09-04 11:11:24.2872|Info|Microsoft.AspNetCore.Hosting.Diagnostics|CorrelationId=|Request starting HTTP/1.1 GET http://localhost:5176/api/v1/Auth/me - - - 
2026-09-04 11:11:24.2872|Info|Microsoft.AspNetCore.Routing.EndpointMiddleware|CorrelationId=b1ddbc87-b3fb-4f1e-a75a-34c8ed45f8a5|Executing endpoint 'SmartLoan.Api.Controllers.AuthController.GetCurrentUser (SmartLoan.Api)' 
2026-09-04 11:11:24.2872|Info|Microsoft.AspNetCore.Mvc.Infrastructure.ControllerActionInvoker|CorrelationId=b1ddbc87-b3fb-4f1e-a75a-34c8ed45f8a5|Route matched with {action = "GetCurrentUser", controller = "Auth"}. Executing controller action with signature Microsoft.AspNetCore.Mvc.IActionResult GetCurrentUser() on controller SmartLoan.Api.Controllers.AuthController (SmartLoan.Api). 
2026-09-04 11:11:24.2872|Info|Microsoft.AspNetCore.Mvc.Infrastructure.ObjectResultExecutor|CorrelationId=b1ddbc87-b3fb-4f1e-a75a-34c8ed45f8a5|Executing OkObjectResult, writing value of type '<>f__AnonymousType0`2[[System.String, System.Private.CoreLib, Version=10.0.0.0, Culture=neutral, PublicKeyToken=7cec85d7bea7798e],[System.String, System.Private.CoreLib, Version=10.0.0.0, Culture=neutral, PublicKeyToken=7cec85d7bea7798e]]'. 
2026-09-04 11:11:24.2872|Info|Microsoft.AspNetCore.Mvc.Infrastructure.ControllerActionInvoker|CorrelationId=b1ddbc87-b3fb-4f1e-a75a-34c8ed45f8a5|Executed action SmartLoan.Api.Controllers.AuthController.GetCurrentUser (SmartLoan.Api) in 0.2234ms 
2026-09-04 11:11:24.2872|Info|Microsoft.AspNetCore.Routing.EndpointMiddleware|CorrelationId=b1ddbc87-b3fb-4f1e-a75a-34c8ed45f8a5|Executed endpoint 'SmartLoan.Api.Controllers.AuthController.GetCurrentUser (SmartLoan.Api)' 
2026-09-04 11:11:24.2872|Info|Microsoft.AspNetCore.Hosting.Diagnostics|CorrelationId=|Request finished HTTP/1.1 GET http://localhost:5176/api/v1/Auth/me - 200 - application/json;+charset=utf-8 3.6065ms 
2026-09-04 11:11:24.3662|Info|Microsoft.AspNetCore.Hosting.Diagnostics|CorrelationId=|Request starting HTTP/1.1 POST http://localhost:5176/api/v1/notifications/negotiate?negotiateVersion=1 - - 0 
2026-09-04 11:11:24.3662|Info|Microsoft.AspNetCore.Cors.Infrastructure.CorsService|CorrelationId=8f8de18c-c593-4221-b2dd-daf7a8dfa6e3|CORS policy execution successful. 
2026-09-04 11:11:24.3662|Info|Microsoft.AspNetCore.Hosting.Diagnostics|CorrelationId=|Request finished HTTP/1.1 POST http://localhost:5176/api/v1/notifications/negotiate?negotiateVersion=1 - 404 0 - 1.2280ms 
2026-09-04 11:11:24.3662|Info|Microsoft.AspNetCore.Hosting.Diagnostics|CorrelationId=|Request reached the end of the middleware pipeline without being handled by application code. Request path: POST http://localhost:5176/api/v1/notifications/negotiate, Response status code: 404 
2026-09-04 11:11:24.5273|Info|Microsoft.AspNetCore.Hosting.Diagnostics|CorrelationId=|Request starting HTTP/1.1 GET http://localhost:5176/api/v1/Loan?pageNumber=1&pageSize=20 - - - 
2026-09-04 11:11:24.5273|Info|Microsoft.AspNetCore.Routing.EndpointMiddleware|CorrelationId=9c080de2-31ee-4042-9632-5ee192d3eaaa|Executing endpoint 'SmartLoan.Api.Controllers.LoanController.GetAll (SmartLoan.Api)' 
2026-09-04 11:11:24.5273|Info|Microsoft.AspNetCore.Mvc.Infrastructure.ControllerActionInvoker|CorrelationId=9c080de2-31ee-4042-9632-5ee192d3eaaa|Route matched with {action = "GetAll", controller = "Loan"}. Executing controller action with signature System.Threading.Tasks.Task`1[Microsoft.AspNetCore.Mvc.ActionResult`1[SmartLoan.Application.Common.PagedResponse`1[SmartLoan.Application.Loans.Queries.LoanDto]]] GetAll(SmartLoan.Application.Common.PagedRequest) on controller SmartLoan.Api.Controllers.LoanController (SmartLoan.Api). 
2026-09-04 11:11:24.5273|Info|SmartLoan.Application.Common.Behaviors.LoggingBehavior|CorrelationId=9c080de2-31ee-4042-9632-5ee192d3eaaa|smartloan Request:GetLoansQuery starting... 
2026-09-04 11:11:24.5273|Info|Microsoft.EntityFrameworkCore.Database.Command|CorrelationId=9c080de2-31ee-4042-9632-5ee192d3eaaa|Executed DbCommand (1ms) [Parameters=[], CommandType='Text', CommandTimeout='30']
SELECT count(*)::int
FROM "LoanApplications" AS l
WHERE NOT (l."IsDeleted") 
2026-09-04 11:11:24.5273|Info|Microsoft.EntityFrameworkCore.Database.Command|CorrelationId=9c080de2-31ee-4042-9632-5ee192d3eaaa|Executed DbCommand (1ms) [Parameters=[@p1='?' (DbType = Int32), @p='?' (DbType = Int32)], CommandType='Text', CommandTimeout='30']
SELECT l0."Id", c0."FullName", l0."DailyAmount", l0."LoanAmount", l0."ServiceFee", l0."Status", l0."CreatedAt"
FROM (
    SELECT l."Id", l."CreatedAt", l."CustomerId", l."DailyAmount", l."LoanAmount", l."ServiceFee", l."Status"
    FROM "LoanApplications" AS l
    WHERE NOT (l."IsDeleted")
    ORDER BY l."CreatedAt" DESC
    LIMIT @p1 OFFSET @p
) AS l0
INNER JOIN (
    SELECT c."Id", c."FullName"
    FROM "Customers" AS c
    WHERE NOT (c."IsDeleted")
) AS c0 ON l0."CustomerId" = c0."Id"
ORDER BY l0."CreatedAt" DESC 
2026-09-04 11:11:24.5273|Info|SmartLoan.Application.Common.Behaviors.LoggingBehavior|CorrelationId=9c080de2-31ee-4042-9632-5ee192d3eaaa|Smarloan Request:GetLoansQuery finished in 2ms 
2026-09-04 11:11:24.5273|Info|Microsoft.AspNetCore.Mvc.Infrastructure.ObjectResultExecutor|CorrelationId=9c080de2-31ee-4042-9632-5ee192d3eaaa|Executing ObjectResult, writing value of type 'SmartLoan.Application.Common.PagedResponse`1[[SmartLoan.Application.Loans.Queries.LoanDto, SmartLoan.Application, Version=1.0.0.0, Culture=neutral, PublicKeyToken=null]]'. 
2026-09-04 11:11:24.5273|Info|Microsoft.AspNetCore.Mvc.Infrastructure.ControllerActionInvoker|CorrelationId=9c080de2-31ee-4042-9632-5ee192d3eaaa|Executed action SmartLoan.Api.Controllers.LoanController.GetAll (SmartLoan.Api) in 3.4692ms 
2026-09-04 11:11:24.5273|Info|Microsoft.AspNetCore.Routing.EndpointMiddleware|CorrelationId=9c080de2-31ee-4042-9632-5ee192d3eaaa|Executed endpoint 'SmartLoan.Api.Controllers.LoanController.GetAll (SmartLoan.Api)' 
2026-09-04 11:11:24.5273|Info|Microsoft.AspNetCore.Hosting.Diagnostics|CorrelationId=|Request finished HTTP/1.1 GET http://localhost:5176/api/v1/Loan?pageNumber=1&pageSize=20 - 200 - application/json;+charset=utf-8 4.2592ms 
2026-09-04 11:11:24.5273|Info|Microsoft.AspNetCore.Hosting.Diagnostics|CorrelationId=|Request starting HTTP/1.1 GET http://localhost:5176/api/v1/Dashboard/summary - - - 
2026-09-04 11:11:24.5273|Info|Microsoft.AspNetCore.Routing.EndpointMiddleware|CorrelationId=c41c03da-8ca9-41c0-aadd-c353a0ee8c7f|Executing endpoint 'SmartLoan.Api.Controllers.DashboardController.GetSummary (SmartLoan.Api)' 
2026-09-04 11:11:24.5365|Info|Microsoft.AspNetCore.Mvc.Infrastructure.ControllerActionInvoker|CorrelationId=c41c03da-8ca9-41c0-aadd-c353a0ee8c7f|Route matched with {action = "GetSummary", controller = "Dashboard"}. Executing controller action with signature System.Threading.Tasks.Task`1[Microsoft.AspNetCore.Mvc.ActionResult`1[SmartLoan.Application.Dashboard.Queries.GetLoanSummary.LoanSummaryDto]] GetSummary() on controller SmartLoan.Api.Controllers.DashboardController (SmartLoan.Api). 
2026-09-04 11:11:24.5365|Info|SmartLoan.Application.Common.Behaviors.LoggingBehavior|CorrelationId=c41c03da-8ca9-41c0-aadd-c353a0ee8c7f|smartloan Request:GetLoansummatyQuery starting... 
2026-09-04 11:11:24.5365|Info|Microsoft.EntityFrameworkCore.Database.Command|CorrelationId=c41c03da-8ca9-41c0-aadd-c353a0ee8c7f|Executed DbCommand (1ms) [Parameters=[], CommandType='Text', CommandTimeout='30']
SELECT COALESCE(sum(p."Amount"), 0.0)
FROM "Payments" AS p 
2026-09-04 11:11:24.5365|Info|Microsoft.EntityFrameworkCore.Database.Command|CorrelationId=c41c03da-8ca9-41c0-aadd-c353a0ee8c7f|Executed DbCommand (1ms) [Parameters=[], CommandType='Text', CommandTimeout='30']
SELECT COALESCE(sum(l."ServiceFee"), 0.0)
FROM "LoanApplications" AS l
WHERE NOT (l."IsDeleted") AND l."Status" = 'Approved' 
2026-09-04 11:11:24.5365|Info|Microsoft.EntityFrameworkCore.Database.Command|CorrelationId=c41c03da-8ca9-41c0-aadd-c353a0ee8c7f|Executed DbCommand (1ms) [Parameters=[], CommandType='Text', CommandTimeout='30']
SELECT count(*)::int
FROM "LoanApplications" AS l
WHERE NOT (l."IsDeleted") AND l."Status" = 'Saving' 
2026-09-04 11:11:24.5365|Info|Microsoft.EntityFrameworkCore.Database.Command|CorrelationId=c41c03da-8ca9-41c0-aadd-c353a0ee8c7f|Executed DbCommand (0ms) [Parameters=[], CommandType='Text', CommandTimeout='30']
SELECT count(*)::int
FROM "LoanApplications" AS l
WHERE NOT (l."IsDeleted") AND l."Status" = 'Approved' 
2026-09-04 11:11:24.5365|Info|SmartLoan.Application.Common.Behaviors.LoggingBehavior|CorrelationId=c41c03da-8ca9-41c0-aadd-c353a0ee8c7f|Smarloan Request:GetLoansummatyQuery finished in 4ms 
2026-09-04 11:11:24.5365|Info|Microsoft.AspNetCore.Mvc.Infrastructure.ObjectResultExecutor|CorrelationId=c41c03da-8ca9-41c0-aadd-c353a0ee8c7f|Executing ObjectResult, writing value of type 'SmartLoan.Application.Dashboard.Queries.GetLoanSummary.LoanSummaryDto'. 
2026-09-04 11:11:24.5365|Info|Microsoft.AspNetCore.Mvc.Infrastructure.ControllerActionInvoker|CorrelationId=c41c03da-8ca9-41c0-aadd-c353a0ee8c7f|Executed action SmartLoan.Api.Controllers.DashboardController.GetSummary (SmartLoan.Api) in 4.9268ms 
2026-09-04 11:11:24.5365|Info|Microsoft.AspNetCore.Routing.EndpointMiddleware|CorrelationId=c41c03da-8ca9-41c0-aadd-c353a0ee8c7f|Executed endpoint 'SmartLoan.Api.Controllers.DashboardController.GetSummary (SmartLoan.Api)' 
2026-09-04 11:11:24.5365|Info|Microsoft.AspNetCore.Hosting.Diagnostics|CorrelationId=|Request finished HTTP/1.1 GET http://localhost:5176/api/v1/Dashboard/summary - 200 - application/json;+charset=utf-8 7.9602ms 
2026-09-04 11:11:34.1456|Info|Microsoft.AspNetCore.Hosting.Diagnostics|CorrelationId=|Request starting HTTP/1.1 GET http://localhost:5176/api/v1/Auth/me - - - 
2026-09-04 11:11:34.1456|Info|Microsoft.AspNetCore.Routing.EndpointMiddleware|CorrelationId=6b752d17-9593-4fc7-a27a-bafc55e4dfea|Executing endpoint 'SmartLoan.Api.Controllers.AuthController.GetCurrentUser (SmartLoan.Api)' 
2026-09-04 11:11:34.1456|Info|Microsoft.AspNetCore.Mvc.Infrastructure.ControllerActionInvoker|CorrelationId=6b752d17-9593-4fc7-a27a-bafc55e4dfea|Route matched with {action = "GetCurrentUser", controller = "Auth"}. Executing controller action with signature Microsoft.AspNetCore.Mvc.IActionResult GetCurrentUser() on controller SmartLoan.Api.Controllers.AuthController (SmartLoan.Api). 
2026-09-04 11:11:34.1456|Info|Microsoft.AspNetCore.Mvc.Infrastructure.ObjectResultExecutor|CorrelationId=6b752d17-9593-4fc7-a27a-bafc55e4dfea|Executing OkObjectResult, writing value of type '<>f__AnonymousType0`2[[System.String, System.Private.CoreLib, Version=10.0.0.0, Culture=neutral, PublicKeyToken=7cec85d7bea7798e],[System.String, System.Private.CoreLib, Version=10.0.0.0, Culture=neutral, PublicKeyToken=7cec85d7bea7798e]]'. 
2026-09-04 11:11:34.1456|Info|Microsoft.AspNetCore.Mvc.Infrastructure.ControllerActionInvoker|CorrelationId=6b752d17-9593-4fc7-a27a-bafc55e4dfea|Executed action SmartLoan.Api.Controllers.AuthController.GetCurrentUser (SmartLoan.Api) in 0.6094ms 
2026-09-04 11:11:34.1456|Info|Microsoft.AspNetCore.Routing.EndpointMiddleware|CorrelationId=6b752d17-9593-4fc7-a27a-bafc55e4dfea|Executed endpoint 'SmartLoan.Api.Controllers.AuthController.GetCurrentUser (SmartLoan.Api)' 
2026-09-04 11:11:34.1456|Info|Microsoft.AspNetCore.Hosting.Diagnostics|CorrelationId=|Request finished HTTP/1.1 GET http://localhost:5176/api/v1/Auth/me - 200 - application/json;+charset=utf-8 1.5953ms 
2026-09-04 11:11:34.1456|Info|Microsoft.AspNetCore.Hosting.Diagnostics|CorrelationId=|Request starting HTTP/1.1 GET http://localhost:5176/api/v1/Auth/me - - - 
2026-09-04 11:11:34.1456|Info|Microsoft.AspNetCore.Routing.EndpointMiddleware|CorrelationId=d6b54315-87de-4a5e-9d3f-5f1cafe6568b|Executing endpoint 'SmartLoan.Api.Controllers.AuthController.GetCurrentUser (SmartLoan.Api)' 
2026-09-04 11:11:34.1456|Info|Microsoft.AspNetCore.Mvc.Infrastructure.ControllerActionInvoker|CorrelationId=d6b54315-87de-4a5e-9d3f-5f1cafe6568b|Route matched with {action = "GetCurrentUser", controller = "Auth"}. Executing controller action with signature Microsoft.AspNetCore.Mvc.IActionResult GetCurrentUser() on controller SmartLoan.Api.Controllers.AuthController (SmartLoan.Api). 
2026-09-04 11:11:34.1456|Info|Microsoft.AspNetCore.Mvc.Infrastructure.ObjectResultExecutor|CorrelationId=d6b54315-87de-4a5e-9d3f-5f1cafe6568b|Executing OkObjectResult, writing value of type '<>f__AnonymousType0`2[[System.String, System.Private.CoreLib, Version=10.0.0.0, Culture=neutral, PublicKeyToken=7cec85d7bea7798e],[System.String, System.Private.CoreLib, Version=10.0.0.0, Culture=neutral, PublicKeyToken=7cec85d7bea7798e]]'. 
2026-09-04 11:11:34.1456|Info|Microsoft.AspNetCore.Mvc.Infrastructure.ControllerActionInvoker|CorrelationId=d6b54315-87de-4a5e-9d3f-5f1cafe6568b|Executed action SmartLoan.Api.Controllers.AuthController.GetCurrentUser (SmartLoan.Api) in 0.418ms 
2026-09-04 11:11:34.1456|Info|Microsoft.AspNetCore.Routing.EndpointMiddleware|CorrelationId=d6b54315-87de-4a5e-9d3f-5f1cafe6568b|Executed endpoint 'SmartLoan.Api.Controllers.AuthController.GetCurrentUser (SmartLoan.Api)' 
2026-09-04 11:11:34.1456|Info|Microsoft.AspNetCore.Hosting.Diagnostics|CorrelationId=|Request finished HTTP/1.1 GET http://localhost:5176/api/v1/Auth/me - 200 - application/json;+charset=utf-8 1.9417ms 
2026-09-04 11:11:34.2326|Info|Microsoft.AspNetCore.Hosting.Diagnostics|CorrelationId=|Request starting HTTP/1.1 POST http://localhost:5176/api/v1/notifications/negotiate?negotiateVersion=1 - - 0 
2026-09-04 11:11:34.2326|Info|Microsoft.AspNetCore.Cors.Infrastructure.CorsService|CorrelationId=ca289255-ea21-435a-8101-dad90c17041b|CORS policy execution successful. 
2026-09-04 11:11:34.2326|Info|Microsoft.AspNetCore.Hosting.Diagnostics|CorrelationId=|Request finished HTTP/1.1 POST http://localhost:5176/api/v1/notifications/negotiate?negotiateVersion=1 - 404 0 - 4.8114ms 
2026-09-04 11:11:34.2410|Info|Microsoft.AspNetCore.Hosting.Diagnostics|CorrelationId=|Request reached the end of the middleware pipeline without being handled by application code. Request path: POST http://localhost:5176/api/v1/notifications/negotiate, Response status code: 404 
2026-09-04 11:11:34.3968|Info|Microsoft.AspNetCore.Hosting.Diagnostics|CorrelationId=|Request starting HTTP/1.1 GET http://localhost:5176/api/v1/Loan?pageNumber=1&pageSize=20 - - - 
2026-09-04 11:11:34.3968|Info|Microsoft.AspNetCore.Routing.EndpointMiddleware|CorrelationId=4c8f2cf5-7eaa-49e4-9a7f-ad0e3d59beb5|Executing endpoint 'SmartLoan.Api.Controllers.LoanController.GetAll (SmartLoan.Api)' 
2026-09-04 11:11:34.3968|Info|Microsoft.AspNetCore.Mvc.Infrastructure.ControllerActionInvoker|CorrelationId=4c8f2cf5-7eaa-49e4-9a7f-ad0e3d59beb5|Route matched with {action = "GetAll", controller = "Loan"}. Executing controller action with signature System.Threading.Tasks.Task`1[Microsoft.AspNetCore.Mvc.ActionResult`1[SmartLoan.Application.Common.PagedResponse`1[SmartLoan.Application.Loans.Queries.LoanDto]]] GetAll(SmartLoan.Application.Common.PagedRequest) on controller SmartLoan.Api.Controllers.LoanController (SmartLoan.Api). 
2026-09-04 11:11:34.3968|Info|SmartLoan.Application.Common.Behaviors.LoggingBehavior|CorrelationId=4c8f2cf5-7eaa-49e4-9a7f-ad0e3d59beb5|smartloan Request:GetLoansQuery starting... 
2026-09-04 11:11:34.3968|Info|Microsoft.EntityFrameworkCore.Database.Command|CorrelationId=4c8f2cf5-7eaa-49e4-9a7f-ad0e3d59beb5|Executed DbCommand (1ms) [Parameters=[], CommandType='Text', CommandTimeout='30']
SELECT count(*)::int
FROM "LoanApplications" AS l
WHERE NOT (l."IsDeleted") 
2026-09-04 11:11:34.3968|Info|Microsoft.EntityFrameworkCore.Database.Command|CorrelationId=4c8f2cf5-7eaa-49e4-9a7f-ad0e3d59beb5|Executed DbCommand (1ms) [Parameters=[@p1='?' (DbType = Int32), @p='?' (DbType = Int32)], CommandType='Text', CommandTimeout='30']
SELECT l0."Id", c0."FullName", l0."DailyAmount", l0."LoanAmount", l0."ServiceFee", l0."Status", l0."CreatedAt"
FROM (
    SELECT l."Id", l."CreatedAt", l."CustomerId", l."DailyAmount", l."LoanAmount", l."ServiceFee", l."Status"
    FROM "LoanApplications" AS l
    WHERE NOT (l."IsDeleted")
    ORDER BY l."CreatedAt" DESC
    LIMIT @p1 OFFSET @p
) AS l0
INNER JOIN (
    SELECT c."Id", c."FullName"
    FROM "Customers" AS c
    WHERE NOT (c."IsDeleted")
) AS c0 ON l0."CustomerId" = c0."Id"
ORDER BY l0."CreatedAt" DESC 
2026-09-04 11:11:34.3968|Info|SmartLoan.Application.Common.Behaviors.LoggingBehavior|CorrelationId=4c8f2cf5-7eaa-49e4-9a7f-ad0e3d59beb5|Smarloan Request:GetLoansQuery finished in 6ms 
2026-09-04 11:11:34.3968|Info|Microsoft.AspNetCore.Mvc.Infrastructure.ObjectResultExecutor|CorrelationId=4c8f2cf5-7eaa-49e4-9a7f-ad0e3d59beb5|Executing ObjectResult, writing value of type 'SmartLoan.Application.Common.PagedResponse`1[[SmartLoan.Application.Loans.Queries.LoanDto, SmartLoan.Application, Version=1.0.0.0, Culture=neutral, PublicKeyToken=null]]'. 
2026-09-04 11:11:34.3968|Info|Microsoft.AspNetCore.Mvc.Infrastructure.ControllerActionInvoker|CorrelationId=4c8f2cf5-7eaa-49e4-9a7f-ad0e3d59beb5|Executed action SmartLoan.Api.Controllers.LoanController.GetAll (SmartLoan.Api) in 6.7923ms 
2026-09-04 11:11:34.3968|Info|Microsoft.AspNetCore.Routing.EndpointMiddleware|CorrelationId=4c8f2cf5-7eaa-49e4-9a7f-ad0e3d59beb5|Executed endpoint 'SmartLoan.Api.Controllers.LoanController.GetAll (SmartLoan.Api)' 
2026-09-04 11:11:34.3968|Info|Microsoft.AspNetCore.Hosting.Diagnostics|CorrelationId=|Request finished HTTP/1.1 GET http://localhost:5176/api/v1/Loan?pageNumber=1&pageSize=20 - 200 - application/json;+charset=utf-8 7.5309ms 
2026-09-04 11:11:34.3968|Info|Microsoft.AspNetCore.Hosting.Diagnostics|CorrelationId=|Request starting HTTP/1.1 GET http://localhost:5176/api/v1/Dashboard/summary - - - 
2026-09-04 11:11:34.3968|Info|Microsoft.AspNetCore.Routing.EndpointMiddleware|CorrelationId=7903a9da-0def-4b01-9a0f-4646864934a2|Executing endpoint 'SmartLoan.Api.Controllers.DashboardController.GetSummary (SmartLoan.Api)' 
2026-09-04 11:11:34.3968|Info|Microsoft.AspNetCore.Mvc.Infrastructure.ControllerActionInvoker|CorrelationId=7903a9da-0def-4b01-9a0f-4646864934a2|Route matched with {action = "GetSummary", controller = "Dashboard"}. Executing controller action with signature System.Threading.Tasks.Task`1[Microsoft.AspNetCore.Mvc.ActionResult`1[SmartLoan.Application.Dashboard.Queries.GetLoanSummary.LoanSummaryDto]] GetSummary() on controller SmartLoan.Api.Controllers.DashboardController (SmartLoan.Api). 
2026-09-04 11:11:34.3968|Info|SmartLoan.Application.Common.Behaviors.LoggingBehavior|CorrelationId=7903a9da-0def-4b01-9a0f-4646864934a2|smartloan Request:GetLoansummatyQuery starting... 
2026-09-04 11:11:34.3968|Info|Microsoft.EntityFrameworkCore.Database.Command|CorrelationId=7903a9da-0def-4b01-9a0f-4646864934a2|Executed DbCommand (1ms) [Parameters=[], CommandType='Text', CommandTimeout='30']
SELECT COALESCE(sum(p."Amount"), 0.0)
FROM "Payments" AS p 
2026-09-04 11:11:34.3968|Info|Microsoft.EntityFrameworkCore.Database.Command|CorrelationId=7903a9da-0def-4b01-9a0f-4646864934a2|Executed DbCommand (1ms) [Parameters=[], CommandType='Text', CommandTimeout='30']
SELECT COALESCE(sum(l."ServiceFee"), 0.0)
FROM "LoanApplications" AS l
WHERE NOT (l."IsDeleted") AND l."Status" = 'Approved' 
2026-09-04 11:11:34.3968|Info|Microsoft.EntityFrameworkCore.Database.Command|CorrelationId=7903a9da-0def-4b01-9a0f-4646864934a2|Executed DbCommand (1ms) [Parameters=[], CommandType='Text', CommandTimeout='30']
SELECT count(*)::int
FROM "LoanApplications" AS l
WHERE NOT (l."IsDeleted") AND l."Status" = 'Saving' 
2026-09-04 11:11:34.4110|Info|Microsoft.EntityFrameworkCore.Database.Command|CorrelationId=7903a9da-0def-4b01-9a0f-4646864934a2|Executed DbCommand (0ms) [Parameters=[], CommandType='Text', CommandTimeout='30']
SELECT count(*)::int
FROM "LoanApplications" AS l
WHERE NOT (l."IsDeleted") AND l."Status" = 'Approved' 
2026-09-04 11:11:34.4110|Info|SmartLoan.Application.Common.Behaviors.LoggingBehavior|CorrelationId=7903a9da-0def-4b01-9a0f-4646864934a2|Smarloan Request:GetLoansummatyQuery finished in 4ms 
2026-09-04 11:11:34.4110|Info|Microsoft.AspNetCore.Mvc.Infrastructure.ObjectResultExecutor|CorrelationId=7903a9da-0def-4b01-9a0f-4646864934a2|Executing ObjectResult, writing value of type 'SmartLoan.Application.Dashboard.Queries.GetLoanSummary.LoanSummaryDto'. 
2026-09-04 11:11:34.4110|Info|Microsoft.AspNetCore.Mvc.Infrastructure.ControllerActionInvoker|CorrelationId=7903a9da-0def-4b01-9a0f-4646864934a2|Executed action SmartLoan.Api.Controllers.DashboardController.GetSummary (SmartLoan.Api) in 5.3298ms 
2026-09-04 11:11:34.4110|Info|Microsoft.AspNetCore.Routing.EndpointMiddleware|CorrelationId=7903a9da-0def-4b01-9a0f-4646864934a2|Executed endpoint 'SmartLoan.Api.Controllers.DashboardController.GetSummary (SmartLoan.Api)' 
2026-09-04 11:11:34.4110|Info|Microsoft.AspNetCore.Hosting.Diagnostics|CorrelationId=|Request finished HTTP/1.1 GET http://localhost:5176/api/v1/Dashboard/summary - 200 - application/json;+charset=utf-8 6.4169ms 
2026-09-04 11:11:39.3470|Info|Microsoft.AspNetCore.Hosting.Diagnostics|CorrelationId=|Request starting HTTP/1.1 GET http://localhost:5176/api/v1/Auth/me - - - 
2026-09-04 11:11:39.3470|Info|Microsoft.AspNetCore.Routing.EndpointMiddleware|CorrelationId=a314b274-ad61-4f9e-80d0-38ae06f92ece|Executing endpoint 'SmartLoan.Api.Controllers.AuthController.GetCurrentUser (SmartLoan.Api)' 
2026-09-04 11:11:39.3470|Info|Microsoft.AspNetCore.Mvc.Infrastructure.ControllerActionInvoker|CorrelationId=a314b274-ad61-4f9e-80d0-38ae06f92ece|Route matched with {action = "GetCurrentUser", controller = "Auth"}. Executing controller action with signature Microsoft.AspNetCore.Mvc.IActionResult GetCurrentUser() on controller SmartLoan.Api.Controllers.AuthController (SmartLoan.Api). 
2026-09-04 11:11:39.3470|Info|Microsoft.AspNetCore.Mvc.Infrastructure.ObjectResultExecutor|CorrelationId=a314b274-ad61-4f9e-80d0-38ae06f92ece|Executing OkObjectResult, writing value of type '<>f__AnonymousType0`2[[System.String, System.Private.CoreLib, Version=10.0.0.0, Culture=neutral, PublicKeyToken=7cec85d7bea7798e],[System.String, System.Private.CoreLib, Version=10.0.0.0, Culture=neutral, PublicKeyToken=7cec85d7bea7798e]]'. 
2026-09-04 11:11:39.3484|Info|Microsoft.AspNetCore.Mvc.Infrastructure.ControllerActionInvoker|CorrelationId=a314b274-ad61-4f9e-80d0-38ae06f92ece|Executed action SmartLoan.Api.Controllers.AuthController.GetCurrentUser (SmartLoan.Api) in 0.3424ms 
2026-09-04 11:11:39.3484|Info|Microsoft.AspNetCore.Routing.EndpointMiddleware|CorrelationId=a314b274-ad61-4f9e-80d0-38ae06f92ece|Executed endpoint 'SmartLoan.Api.Controllers.AuthController.GetCurrentUser (SmartLoan.Api)' 
2026-09-04 11:11:39.3484|Info|Microsoft.AspNetCore.Hosting.Diagnostics|CorrelationId=|Request finished HTTP/1.1 GET http://localhost:5176/api/v1/Auth/me - 200 - application/json;+charset=utf-8 3.6643ms 
2026-09-04 11:11:39.3484|Info|Microsoft.AspNetCore.Hosting.Diagnostics|CorrelationId=|Request starting HTTP/1.1 GET http://localhost:5176/api/v1/Auth/me - - - 
2026-09-04 11:11:39.3484|Info|Microsoft.AspNetCore.Routing.EndpointMiddleware|CorrelationId=422345ec-9666-49ca-aaad-d7733c04ad76|Executing endpoint 'SmartLoan.Api.Controllers.AuthController.GetCurrentUser (SmartLoan.Api)' 
2026-09-04 11:11:39.3484|Info|Microsoft.AspNetCore.Mvc.Infrastructure.ControllerActionInvoker|CorrelationId=422345ec-9666-49ca-aaad-d7733c04ad76|Route matched with {action = "GetCurrentUser", controller = "Auth"}. Executing controller action with signature Microsoft.AspNetCore.Mvc.IActionResult GetCurrentUser() on controller SmartLoan.Api.Controllers.AuthController (SmartLoan.Api). 
2026-09-04 11:11:39.3484|Info|Microsoft.AspNetCore.Mvc.Infrastructure.ObjectResultExecutor|CorrelationId=422345ec-9666-49ca-aaad-d7733c04ad76|Executing OkObjectResult, writing value of type '<>f__AnonymousType0`2[[System.String, System.Private.CoreLib, Version=10.0.0.0, Culture=neutral, PublicKeyToken=7cec85d7bea7798e],[System.String, System.Private.CoreLib, Version=10.0.0.0, Culture=neutral, PublicKeyToken=7cec85d7bea7798e]]'. 
2026-09-04 11:11:39.3484|Info|Microsoft.AspNetCore.Mvc.Infrastructure.ControllerActionInvoker|CorrelationId=422345ec-9666-49ca-aaad-d7733c04ad76|Executed action SmartLoan.Api.Controllers.AuthController.GetCurrentUser (SmartLoan.Api) in 0.195ms 
2026-09-04 11:11:39.3484|Info|Microsoft.AspNetCore.Routing.EndpointMiddleware|CorrelationId=422345ec-9666-49ca-aaad-d7733c04ad76|Executed endpoint 'SmartLoan.Api.Controllers.AuthController.GetCurrentUser (SmartLoan.Api)' 
2026-09-04 11:11:39.3484|Info|Microsoft.AspNetCore.Hosting.Diagnostics|CorrelationId=|Request finished HTTP/1.1 GET http://localhost:5176/api/v1/Auth/me - 200 - application/json;+charset=utf-8 1.7530ms 
2026-09-04 11:11:39.4213|Info|Microsoft.AspNetCore.Hosting.Diagnostics|CorrelationId=|Request starting HTTP/1.1 POST http://localhost:5176/api/v1/notifications/negotiate?negotiateVersion=1 - - 0 
2026-09-04 11:11:39.4213|Info|Microsoft.AspNetCore.Cors.Infrastructure.CorsService|CorrelationId=953a8f17-fe32-4950-b7a1-ffeb511640f9|CORS policy execution successful. 
2026-09-04 11:11:39.4213|Info|Microsoft.AspNetCore.Hosting.Diagnostics|CorrelationId=|Request finished HTTP/1.1 POST http://localhost:5176/api/v1/notifications/negotiate?negotiateVersion=1 - 404 0 - 0.4670ms 
2026-09-04 11:11:39.4213|Info|Microsoft.AspNetCore.Hosting.Diagnostics|CorrelationId=|Request reached the end of the middleware pipeline without being handled by application code. Request path: POST http://localhost:5176/api/v1/notifications/negotiate, Response status code: 404 
2026-09-04 11:11:39.5633|Info|Microsoft.AspNetCore.Hosting.Diagnostics|CorrelationId=|Request starting HTTP/1.1 GET http://localhost:5176/api/v1/Loan?pageNumber=1&pageSize=20 - - - 
2026-09-04 11:11:39.5633|Info|Microsoft.AspNetCore.Routing.EndpointMiddleware|CorrelationId=2315f0e2-0c01-483c-a3d1-fd6db01ba80e|Executing endpoint 'SmartLoan.Api.Controllers.LoanController.GetAll (SmartLoan.Api)' 
2026-09-04 11:11:39.5633|Info|Microsoft.AspNetCore.Mvc.Infrastructure.ControllerActionInvoker|CorrelationId=2315f0e2-0c01-483c-a3d1-fd6db01ba80e|Route matched with {action = "GetAll", controller = "Loan"}. Executing controller action with signature System.Threading.Tasks.Task`1[Microsoft.AspNetCore.Mvc.ActionResult`1[SmartLoan.Application.Common.PagedResponse`1[SmartLoan.Application.Loans.Queries.LoanDto]]] GetAll(SmartLoan.Application.Common.PagedRequest) on controller SmartLoan.Api.Controllers.LoanController (SmartLoan.Api). 
2026-09-04 11:11:39.5633|Info|SmartLoan.Application.Common.Behaviors.LoggingBehavior|CorrelationId=2315f0e2-0c01-483c-a3d1-fd6db01ba80e|smartloan Request:GetLoansQuery starting... 
2026-09-04 11:11:39.5633|Info|Microsoft.EntityFrameworkCore.Database.Command|CorrelationId=2315f0e2-0c01-483c-a3d1-fd6db01ba80e|Executed DbCommand (1ms) [Parameters=[], CommandType='Text', CommandTimeout='30']
SELECT count(*)::int
FROM "LoanApplications" AS l
WHERE NOT (l."IsDeleted") 
2026-09-04 11:11:39.5691|Info|Microsoft.EntityFrameworkCore.Database.Command|CorrelationId=2315f0e2-0c01-483c-a3d1-fd6db01ba80e|Executed DbCommand (1ms) [Parameters=[@p1='?' (DbType = Int32), @p='?' (DbType = Int32)], CommandType='Text', CommandTimeout='30']
SELECT l0."Id", c0."FullName", l0."DailyAmount", l0."LoanAmount", l0."ServiceFee", l0."Status", l0."CreatedAt"
FROM (
    SELECT l."Id", l."CreatedAt", l."CustomerId", l."DailyAmount", l."LoanAmount", l."ServiceFee", l."Status"
    FROM "LoanApplications" AS l
    WHERE NOT (l."IsDeleted")
    ORDER BY l."CreatedAt" DESC
    LIMIT @p1 OFFSET @p
) AS l0
INNER JOIN (
    SELECT c."Id", c."FullName"
    FROM "Customers" AS c
    WHERE NOT (c."IsDeleted")
) AS c0 ON l0."CustomerId" = c0."Id"
ORDER BY l0."CreatedAt" DESC 
2026-09-04 11:11:39.5691|Info|SmartLoan.Application.Common.Behaviors.LoggingBehavior|CorrelationId=2315f0e2-0c01-483c-a3d1-fd6db01ba80e|Smarloan Request:GetLoansQuery finished in 4ms 
2026-09-04 11:11:39.5691|Info|Microsoft.AspNetCore.Mvc.Infrastructure.ObjectResultExecutor|CorrelationId=2315f0e2-0c01-483c-a3d1-fd6db01ba80e|Executing ObjectResult, writing value of type 'SmartLoan.Application.Common.PagedResponse`1[[SmartLoan.Application.Loans.Queries.LoanDto, SmartLoan.Application, Version=1.0.0.0, Culture=neutral, PublicKeyToken=null]]'. 
2026-09-04 11:11:39.5691|Info|Microsoft.AspNetCore.Mvc.Infrastructure.ControllerActionInvoker|CorrelationId=2315f0e2-0c01-483c-a3d1-fd6db01ba80e|Executed action SmartLoan.Api.Controllers.LoanController.GetAll (SmartLoan.Api) in 5.8279ms 
2026-09-04 11:11:39.5691|Info|Microsoft.AspNetCore.Routing.EndpointMiddleware|CorrelationId=2315f0e2-0c01-483c-a3d1-fd6db01ba80e|Executed endpoint 'SmartLoan.Api.Controllers.LoanController.GetAll (SmartLoan.Api)' 
2026-09-04 11:11:39.5691|Info|Microsoft.AspNetCore.Hosting.Diagnostics|CorrelationId=|Request finished HTTP/1.1 GET http://localhost:5176/api/v1/Loan?pageNumber=1&pageSize=20 - 200 - application/json;+charset=utf-8 7.4909ms 
2026-09-04 11:11:39.5691|Info|Microsoft.AspNetCore.Hosting.Diagnostics|CorrelationId=|Request starting HTTP/1.1 GET http://localhost:5176/api/v1/Dashboard/summary - - - 
2026-09-04 11:11:39.5691|Info|Microsoft.AspNetCore.Routing.EndpointMiddleware|CorrelationId=d99c3870-367e-40c5-a80b-3fe420890d2a|Executing endpoint 'SmartLoan.Api.Controllers.DashboardController.GetSummary (SmartLoan.Api)' 
2026-09-04 11:11:39.5691|Info|Microsoft.AspNetCore.Mvc.Infrastructure.ControllerActionInvoker|CorrelationId=d99c3870-367e-40c5-a80b-3fe420890d2a|Route matched with {action = "GetSummary", controller = "Dashboard"}. Executing controller action with signature System.Threading.Tasks.Task`1[Microsoft.AspNetCore.Mvc.ActionResult`1[SmartLoan.Application.Dashboard.Queries.GetLoanSummary.LoanSummaryDto]] GetSummary() on controller SmartLoan.Api.Controllers.DashboardController (SmartLoan.Api). 
2026-09-04 11:11:39.5691|Info|SmartLoan.Application.Common.Behaviors.LoggingBehavior|CorrelationId=d99c3870-367e-40c5-a80b-3fe420890d2a|smartloan Request:GetLoansummatyQuery starting... 
2026-09-04 11:11:39.5691|Info|Microsoft.EntityFrameworkCore.Database.Command|CorrelationId=d99c3870-367e-40c5-a80b-3fe420890d2a|Executed DbCommand (1ms) [Parameters=[], CommandType='Text', CommandTimeout='30']
SELECT COALESCE(sum(p."Amount"), 0.0)
FROM "Payments" AS p 
2026-09-04 11:11:39.5691|Info|Microsoft.EntityFrameworkCore.Database.Command|CorrelationId=d99c3870-367e-40c5-a80b-3fe420890d2a|Executed DbCommand (0ms) [Parameters=[], CommandType='Text', CommandTimeout='30']
SELECT COALESCE(sum(l."ServiceFee"), 0.0)
FROM "LoanApplications" AS l
WHERE NOT (l."IsDeleted") AND l."Status" = 'Approved' 
2026-09-04 11:11:39.5691|Info|Microsoft.EntityFrameworkCore.Database.Command|CorrelationId=d99c3870-367e-40c5-a80b-3fe420890d2a|Executed DbCommand (1ms) [Parameters=[], CommandType='Text', CommandTimeout='30']
SELECT count(*)::int
FROM "LoanApplications" AS l
WHERE NOT (l."IsDeleted") AND l."Status" = 'Saving' 
2026-09-04 11:11:39.5691|Info|Microsoft.EntityFrameworkCore.Database.Command|CorrelationId=d99c3870-367e-40c5-a80b-3fe420890d2a|Executed DbCommand (1ms) [Parameters=[], CommandType='Text', CommandTimeout='30']
SELECT count(*)::int
FROM "LoanApplications" AS l
WHERE NOT (l."IsDeleted") AND l."Status" = 'Approved' 
2026-09-04 11:11:39.5691|Info|SmartLoan.Application.Common.Behaviors.LoggingBehavior|CorrelationId=d99c3870-367e-40c5-a80b-3fe420890d2a|Smarloan Request:GetLoansummatyQuery finished in 4ms 
2026-09-04 11:11:39.5691|Info|Microsoft.AspNetCore.Mvc.Infrastructure.ObjectResultExecutor|CorrelationId=d99c3870-367e-40c5-a80b-3fe420890d2a|Executing ObjectResult, writing value of type 'SmartLoan.Application.Dashboard.Queries.GetLoanSummary.LoanSummaryDto'. 
2026-09-04 11:11:39.5691|Info|Microsoft.AspNetCore.Mvc.Infrastructure.ControllerActionInvoker|CorrelationId=d99c3870-367e-40c5-a80b-3fe420890d2a|Executed action SmartLoan.Api.Controllers.DashboardController.GetSummary (SmartLoan.Api) in 5.0549ms 
2026-09-04 11:11:39.5691|Info|Microsoft.AspNetCore.Routing.EndpointMiddleware|CorrelationId=d99c3870-367e-40c5-a80b-3fe420890d2a|Executed endpoint 'SmartLoan.Api.Controllers.DashboardController.GetSummary (SmartLoan.Api)' 
2026-09-04 11:11:39.5691|Info|Microsoft.AspNetCore.Hosting.Diagnostics|CorrelationId=|Request finished HTTP/1.1 GET http://localhost:5176/api/v1/Dashboard/summary - 200 - application/json;+charset=utf-8 5.9977ms 
2026-09-04 11:11:54.8403|Info|Microsoft.AspNetCore.Hosting.Diagnostics|CorrelationId=|Request starting HTTP/1.1 GET http://localhost:5176/api/v1/Auth/me - - - 
2026-09-04 11:11:54.8403|Info|Microsoft.AspNetCore.Routing.EndpointMiddleware|CorrelationId=92df95fc-2b1f-48da-b9ce-56bf8ce70939|Executing endpoint 'SmartLoan.Api.Controllers.AuthController.GetCurrentUser (SmartLoan.Api)' 
2026-09-04 11:11:54.8403|Info|Microsoft.AspNetCore.Mvc.Infrastructure.ControllerActionInvoker|CorrelationId=92df95fc-2b1f-48da-b9ce-56bf8ce70939|Route matched with {action = "GetCurrentUser", controller = "Auth"}. Executing controller action with signature Microsoft.AspNetCore.Mvc.IActionResult GetCurrentUser() on controller SmartLoan.Api.Controllers.AuthController (SmartLoan.Api). 
2026-09-04 11:11:54.8403|Info|Microsoft.AspNetCore.Mvc.Infrastructure.ObjectResultExecutor|CorrelationId=92df95fc-2b1f-48da-b9ce-56bf8ce70939|Executing OkObjectResult, writing value of type '<>f__AnonymousType0`2[[System.String, System.Private.CoreLib, Version=10.0.0.0, Culture=neutral, PublicKeyToken=7cec85d7bea7798e],[System.String, System.Private.CoreLib, Version=10.0.0.0, Culture=neutral, PublicKeyToken=7cec85d7bea7798e]]'. 
2026-09-04 11:11:54.8403|Info|Microsoft.AspNetCore.Mvc.Infrastructure.ControllerActionInvoker|CorrelationId=92df95fc-2b1f-48da-b9ce-56bf8ce70939|Executed action SmartLoan.Api.Controllers.AuthController.GetCurrentUser (SmartLoan.Api) in 0.2342ms 
2026-09-04 11:11:54.8403|Info|Microsoft.AspNetCore.Routing.EndpointMiddleware|CorrelationId=92df95fc-2b1f-48da-b9ce-56bf8ce70939|Executed endpoint 'SmartLoan.Api.Controllers.AuthController.GetCurrentUser (SmartLoan.Api)' 
2026-09-04 11:11:54.8403|Info|Microsoft.AspNetCore.Hosting.Diagnostics|CorrelationId=|Request finished HTTP/1.1 GET http://localhost:5176/api/v1/Auth/me - 200 - application/json;+charset=utf-8 1.2883ms 
2026-09-04 11:11:54.8403|Info|Microsoft.AspNetCore.Hosting.Diagnostics|CorrelationId=|Request starting HTTP/1.1 GET http://localhost:5176/api/v1/Auth/me - - - 
2026-09-04 11:11:54.8403|Info|Microsoft.AspNetCore.Routing.EndpointMiddleware|CorrelationId=d3a54fa1-2ca7-4659-b7f9-9209e236acc3|Executing endpoint 'SmartLoan.Api.Controllers.AuthController.GetCurrentUser (SmartLoan.Api)' 
2026-09-04 11:11:54.8403|Info|Microsoft.AspNetCore.Mvc.Infrastructure.ControllerActionInvoker|CorrelationId=d3a54fa1-2ca7-4659-b7f9-9209e236acc3|Route matched with {action = "GetCurrentUser", controller = "Auth"}. Executing controller action with signature Microsoft.AspNetCore.Mvc.IActionResult GetCurrentUser() on controller SmartLoan.Api.Controllers.AuthController (SmartLoan.Api). 
2026-09-04 11:11:54.8403|Info|Microsoft.AspNetCore.Mvc.Infrastructure.ObjectResultExecutor|CorrelationId=d3a54fa1-2ca7-4659-b7f9-9209e236acc3|Executing OkObjectResult, writing value of type '<>f__AnonymousType0`2[[System.String, System.Private.CoreLib, Version=10.0.0.0, Culture=neutral, PublicKeyToken=7cec85d7bea7798e],[System.String, System.Private.CoreLib, Version=10.0.0.0, Culture=neutral, PublicKeyToken=7cec85d7bea7798e]]'. 
2026-09-04 11:11:54.8403|Info|Microsoft.AspNetCore.Mvc.Infrastructure.ControllerActionInvoker|CorrelationId=d3a54fa1-2ca7-4659-b7f9-9209e236acc3|Executed action SmartLoan.Api.Controllers.AuthController.GetCurrentUser (SmartLoan.Api) in 0.2184ms 
2026-09-04 11:11:54.8403|Info|Microsoft.AspNetCore.Routing.EndpointMiddleware|CorrelationId=d3a54fa1-2ca7-4659-b7f9-9209e236acc3|Executed endpoint 'SmartLoan.Api.Controllers.AuthController.GetCurrentUser (SmartLoan.Api)' 
2026-09-04 11:11:54.8403|Info|Microsoft.AspNetCore.Hosting.Diagnostics|CorrelationId=|Request finished HTTP/1.1 GET http://localhost:5176/api/v1/Auth/me - 200 - application/json;+charset=utf-8 1.3103ms 
2026-09-04 11:11:54.8856|Info|Microsoft.AspNetCore.Hosting.Diagnostics|CorrelationId=|Request starting HTTP/1.1 POST http://localhost:5176/api/v1/notifications/negotiate?negotiateVersion=1 - - 0 
2026-09-04 11:11:54.8856|Info|Microsoft.AspNetCore.Cors.Infrastructure.CorsService|CorrelationId=3ea3d638-6a7d-4f8f-8544-828e9233a104|CORS policy execution successful. 
2026-09-04 11:11:54.8856|Info|Microsoft.AspNetCore.Hosting.Diagnostics|CorrelationId=|Request finished HTTP/1.1 POST http://localhost:5176/api/v1/notifications/negotiate?negotiateVersion=1 - 404 0 - 0.8537ms 
2026-09-04 11:11:54.8856|Info|Microsoft.AspNetCore.Hosting.Diagnostics|CorrelationId=|Request reached the end of the middleware pipeline without being handled by application code. Request path: POST http://localhost:5176/api/v1/notifications/negotiate, Response status code: 404 
2026-09-04 11:11:54.9711|Info|Microsoft.AspNetCore.Hosting.Diagnostics|CorrelationId=|Request starting HTTP/1.1 GET http://localhost:5176/api/v1/Loan?pageNumber=1&pageSize=20 - - - 
2026-09-04 11:11:54.9711|Info|Microsoft.AspNetCore.Routing.EndpointMiddleware|CorrelationId=0ef9479e-5752-4a40-8d83-b46e80b7b4a4|Executing endpoint 'SmartLoan.Api.Controllers.LoanController.GetAll (SmartLoan.Api)' 
2026-09-04 11:11:54.9711|Info|Microsoft.AspNetCore.Mvc.Infrastructure.ControllerActionInvoker|CorrelationId=0ef9479e-5752-4a40-8d83-b46e80b7b4a4|Route matched with {action = "GetAll", controller = "Loan"}. Executing controller action with signature System.Threading.Tasks.Task`1[Microsoft.AspNetCore.Mvc.ActionResult`1[SmartLoan.Application.Common.PagedResponse`1[SmartLoan.Application.Loans.Queries.LoanDto]]] GetAll(SmartLoan.Application.Common.PagedRequest) on controller SmartLoan.Api.Controllers.LoanController (SmartLoan.Api). 
2026-09-04 11:11:54.9711|Info|SmartLoan.Application.Common.Behaviors.LoggingBehavior|CorrelationId=0ef9479e-5752-4a40-8d83-b46e80b7b4a4|smartloan Request:GetLoansQuery starting... 
2026-09-04 11:11:54.9711|Info|Microsoft.EntityFrameworkCore.Database.Command|CorrelationId=0ef9479e-5752-4a40-8d83-b46e80b7b4a4|Executed DbCommand (1ms) [Parameters=[], CommandType='Text', CommandTimeout='30']
SELECT count(*)::int
FROM "LoanApplications" AS l
WHERE NOT (l."IsDeleted") 
2026-09-04 11:11:54.9749|Info|Microsoft.EntityFrameworkCore.Database.Command|CorrelationId=0ef9479e-5752-4a40-8d83-b46e80b7b4a4|Executed DbCommand (1ms) [Parameters=[@p1='?' (DbType = Int32), @p='?' (DbType = Int32)], CommandType='Text', CommandTimeout='30']
SELECT l0."Id", c0."FullName", l0."DailyAmount", l0."LoanAmount", l0."ServiceFee", l0."Status", l0."CreatedAt"
FROM (
    SELECT l."Id", l."CreatedAt", l."CustomerId", l."DailyAmount", l."LoanAmount", l."ServiceFee", l."Status"
    FROM "LoanApplications" AS l
    WHERE NOT (l."IsDeleted")
    ORDER BY l."CreatedAt" DESC
    LIMIT @p1 OFFSET @p
) AS l0
INNER JOIN (
    SELECT c."Id", c."FullName"
    FROM "Customers" AS c
    WHERE NOT (c."IsDeleted")
) AS c0 ON l0."CustomerId" = c0."Id"
ORDER BY l0."CreatedAt" DESC 
2026-09-04 11:11:54.9749|Info|SmartLoan.Application.Common.Behaviors.LoggingBehavior|CorrelationId=0ef9479e-5752-4a40-8d83-b46e80b7b4a4|Smarloan Request:GetLoansQuery finished in 3ms 
2026-09-04 11:11:54.9749|Info|Microsoft.AspNetCore.Mvc.Infrastructure.ObjectResultExecutor|CorrelationId=0ef9479e-5752-4a40-8d83-b46e80b7b4a4|Executing ObjectResult, writing value of type 'SmartLoan.Application.Common.PagedResponse`1[[SmartLoan.Application.Loans.Queries.LoanDto, SmartLoan.Application, Version=1.0.0.0, Culture=neutral, PublicKeyToken=null]]'. 
2026-09-04 11:11:54.9749|Info|Microsoft.AspNetCore.Mvc.Infrastructure.ControllerActionInvoker|CorrelationId=0ef9479e-5752-4a40-8d83-b46e80b7b4a4|Executed action SmartLoan.Api.Controllers.LoanController.GetAll (SmartLoan.Api) in 11.0211ms 
2026-09-04 11:11:54.9749|Info|Microsoft.AspNetCore.Routing.EndpointMiddleware|CorrelationId=0ef9479e-5752-4a40-8d83-b46e80b7b4a4|Executed endpoint 'SmartLoan.Api.Controllers.LoanController.GetAll (SmartLoan.Api)' 
2026-09-04 11:11:54.9749|Info|Microsoft.AspNetCore.Hosting.Diagnostics|CorrelationId=|Request finished HTTP/1.1 GET http://localhost:5176/api/v1/Loan?pageNumber=1&pageSize=20 - 200 - application/json;+charset=utf-8 14.7749ms 
2026-09-04 11:11:54.9982|Info|Microsoft.AspNetCore.Hosting.Diagnostics|CorrelationId=|Request starting HTTP/1.1 GET http://localhost:5176/api/v1/Dashboard/summary - - - 
2026-09-04 11:11:54.9982|Info|Microsoft.AspNetCore.Routing.EndpointMiddleware|CorrelationId=f2457420-fe7a-44eb-9344-210b313ef364|Executing endpoint 'SmartLoan.Api.Controllers.DashboardController.GetSummary (SmartLoan.Api)' 
2026-09-04 11:11:54.9982|Info|Microsoft.AspNetCore.Mvc.Infrastructure.ControllerActionInvoker|CorrelationId=f2457420-fe7a-44eb-9344-210b313ef364|Route matched with {action = "GetSummary", controller = "Dashboard"}. Executing controller action with signature System.Threading.Tasks.Task`1[Microsoft.AspNetCore.Mvc.ActionResult`1[SmartLoan.Application.Dashboard.Queries.GetLoanSummary.LoanSummaryDto]] GetSummary() on controller SmartLoan.Api.Controllers.DashboardController (SmartLoan.Api). 
2026-09-04 11:11:54.9982|Info|SmartLoan.Application.Common.Behaviors.LoggingBehavior|CorrelationId=f2457420-fe7a-44eb-9344-210b313ef364|smartloan Request:GetLoansummatyQuery starting... 
2026-09-04 11:11:54.9982|Info|Microsoft.EntityFrameworkCore.Database.Command|CorrelationId=f2457420-fe7a-44eb-9344-210b313ef364|Executed DbCommand (1ms) [Parameters=[], CommandType='Text', CommandTimeout='30']
SELECT COALESCE(sum(p."Amount"), 0.0)
FROM "Payments" AS p 
2026-09-04 11:11:54.9982|Info|Microsoft.EntityFrameworkCore.Database.Command|CorrelationId=f2457420-fe7a-44eb-9344-210b313ef364|Executed DbCommand (1ms) [Parameters=[], CommandType='Text', CommandTimeout='30']
SELECT COALESCE(sum(l."ServiceFee"), 0.0)
FROM "LoanApplications" AS l
WHERE NOT (l."IsDeleted") AND l."Status" = 'Approved' 
2026-09-04 11:11:54.9982|Info|Microsoft.EntityFrameworkCore.Database.Command|CorrelationId=f2457420-fe7a-44eb-9344-210b313ef364|Executed DbCommand (1ms) [Parameters=[], CommandType='Text', CommandTimeout='30']
SELECT count(*)::int
FROM "LoanApplications" AS l
WHERE NOT (l."IsDeleted") AND l."Status" = 'Saving' 
2026-09-04 11:11:54.9982|Info|Microsoft.EntityFrameworkCore.Database.Command|CorrelationId=f2457420-fe7a-44eb-9344-210b313ef364|Executed DbCommand (0ms) [Parameters=[], CommandType='Text', CommandTimeout='30']
SELECT count(*)::int
FROM "LoanApplications" AS l
WHERE NOT (l."IsDeleted") AND l."Status" = 'Approved' 
2026-09-04 11:11:54.9982|Info|SmartLoan.Application.Common.Behaviors.LoggingBehavior|CorrelationId=f2457420-fe7a-44eb-9344-210b313ef364|Smarloan Request:GetLoansummatyQuery finished in 4ms 
2026-09-04 11:11:54.9982|Info|Microsoft.AspNetCore.Mvc.Infrastructure.ObjectResultExecutor|CorrelationId=f2457420-fe7a-44eb-9344-210b313ef364|Executing ObjectResult, writing value of type 'SmartLoan.Application.Dashboard.Queries.GetLoanSummary.LoanSummaryDto'. 
2026-09-04 11:11:54.9982|Info|Microsoft.AspNetCore.Mvc.Infrastructure.ControllerActionInvoker|CorrelationId=f2457420-fe7a-44eb-9344-210b313ef364|Executed action SmartLoan.Api.Controllers.DashboardController.GetSummary (SmartLoan.Api) in 4.619ms 
2026-09-04 11:11:54.9982|Info|Microsoft.AspNetCore.Routing.EndpointMiddleware|CorrelationId=f2457420-fe7a-44eb-9344-210b313ef364|Executed endpoint 'SmartLoan.Api.Controllers.DashboardController.GetSummary (SmartLoan.Api)' 
2026-09-04 11:11:54.9982|Info|Microsoft.AspNetCore.Hosting.Diagnostics|CorrelationId=|Request finished HTTP/1.1 GET http://localhost:5176/api/v1/Dashboard/summary - 200 - application/json;+charset=utf-8 6.3249ms 
2026-09-04 11:13:21.3638|Info|Microsoft.AspNetCore.Hosting.Diagnostics|CorrelationId=|Request starting HTTP/1.1 GET http://localhost:5176/api/v1/Auth/me - - - 
2026-09-04 11:13:21.3638|Info|Microsoft.AspNetCore.Routing.EndpointMiddleware|CorrelationId=a92c5531-a61d-4ee1-9a04-5657d2d3490a|Executing endpoint 'SmartLoan.Api.Controllers.AuthController.GetCurrentUser (SmartLoan.Api)' 
2026-09-04 11:13:21.3638|Info|Microsoft.AspNetCore.Mvc.Infrastructure.ControllerActionInvoker|CorrelationId=a92c5531-a61d-4ee1-9a04-5657d2d3490a|Route matched with {action = "GetCurrentUser", controller = "Auth"}. Executing controller action with signature Microsoft.AspNetCore.Mvc.IActionResult GetCurrentUser() on controller SmartLoan.Api.Controllers.AuthController (SmartLoan.Api). 
2026-09-04 11:13:21.3638|Info|Microsoft.AspNetCore.Mvc.Infrastructure.ObjectResultExecutor|CorrelationId=a92c5531-a61d-4ee1-9a04-5657d2d3490a|Executing OkObjectResult, writing value of type '<>f__AnonymousType0`2[[System.String, System.Private.CoreLib, Version=10.0.0.0, Culture=neutral, PublicKeyToken=7cec85d7bea7798e],[System.String, System.Private.CoreLib, Version=10.0.0.0, Culture=neutral, PublicKeyToken=7cec85d7bea7798e]]'. 
2026-09-04 11:13:21.3638|Info|Microsoft.AspNetCore.Mvc.Infrastructure.ControllerActionInvoker|CorrelationId=a92c5531-a61d-4ee1-9a04-5657d2d3490a|Executed action SmartLoan.Api.Controllers.AuthController.GetCurrentUser (SmartLoan.Api) in 0.1999ms 
2026-09-04 11:13:21.3638|Info|Microsoft.AspNetCore.Routing.EndpointMiddleware|CorrelationId=a92c5531-a61d-4ee1-9a04-5657d2d3490a|Executed endpoint 'SmartLoan.Api.Controllers.AuthController.GetCurrentUser (SmartLoan.Api)' 
2026-09-04 11:13:21.3638|Info|Microsoft.AspNetCore.Hosting.Diagnostics|CorrelationId=|Request finished HTTP/1.1 GET http://localhost:5176/api/v1/Auth/me - 200 - application/json;+charset=utf-8 0.9382ms 
2026-09-04 11:13:21.3638|Info|Microsoft.AspNetCore.Hosting.Diagnostics|CorrelationId=|Request starting HTTP/1.1 GET http://localhost:5176/api/v1/Auth/me - - - 
2026-09-04 11:13:21.3638|Info|Microsoft.AspNetCore.Routing.EndpointMiddleware|CorrelationId=e33d920e-9dc5-4963-a3ec-e6038119c766|Executing endpoint 'SmartLoan.Api.Controllers.AuthController.GetCurrentUser (SmartLoan.Api)' 
2026-09-04 11:13:21.3638|Info|Microsoft.AspNetCore.Mvc.Infrastructure.ControllerActionInvoker|CorrelationId=e33d920e-9dc5-4963-a3ec-e6038119c766|Route matched with {action = "GetCurrentUser", controller = "Auth"}. Executing controller action with signature Microsoft.AspNetCore.Mvc.IActionResult GetCurrentUser() on controller SmartLoan.Api.Controllers.AuthController (SmartLoan.Api). 
2026-09-04 11:13:21.3638|Info|Microsoft.AspNetCore.Mvc.Infrastructure.ObjectResultExecutor|CorrelationId=e33d920e-9dc5-4963-a3ec-e6038119c766|Executing OkObjectResult, writing value of type '<>f__AnonymousType0`2[[System.String, System.Private.CoreLib, Version=10.0.0.0, Culture=neutral, PublicKeyToken=7cec85d7bea7798e],[System.String, System.Private.CoreLib, Version=10.0.0.0, Culture=neutral, PublicKeyToken=7cec85d7bea7798e]]'. 
2026-09-04 11:13:21.3638|Info|Microsoft.AspNetCore.Mvc.Infrastructure.ControllerActionInvoker|CorrelationId=e33d920e-9dc5-4963-a3ec-e6038119c766|Executed action SmartLoan.Api.Controllers.AuthController.GetCurrentUser (SmartLoan.Api) in 0.3141ms 
2026-09-04 11:13:21.3638|Info|Microsoft.AspNetCore.Routing.EndpointMiddleware|CorrelationId=e33d920e-9dc5-4963-a3ec-e6038119c766|Executed endpoint 'SmartLoan.Api.Controllers.AuthController.GetCurrentUser (SmartLoan.Api)' 
2026-09-04 11:13:21.3638|Info|Microsoft.AspNetCore.Hosting.Diagnostics|CorrelationId=|Request finished HTTP/1.1 GET http://localhost:5176/api/v1/Auth/me - 200 - application/json;+charset=utf-8 0.9000ms 
2026-09-04 11:13:21.4159|Info|Microsoft.AspNetCore.Hosting.Diagnostics|CorrelationId=|Request starting HTTP/1.1 POST http://localhost:5176/api/v1/notifications/negotiate?negotiateVersion=1 - - 0 
2026-09-04 11:13:21.4159|Info|Microsoft.AspNetCore.Cors.Infrastructure.CorsService|CorrelationId=161b1b8c-8afc-4fd5-8f5a-f1b7877eba0b|CORS policy execution successful. 
2026-09-04 11:13:21.4159|Info|Microsoft.AspNetCore.Hosting.Diagnostics|CorrelationId=|Request finished HTTP/1.1 POST http://localhost:5176/api/v1/notifications/negotiate?negotiateVersion=1 - 404 0 - 0.4172ms 
2026-09-04 11:13:21.4159|Info|Microsoft.AspNetCore.Hosting.Diagnostics|CorrelationId=|Request reached the end of the middleware pipeline without being handled by application code. Request path: POST http://localhost:5176/api/v1/notifications/negotiate, Response status code: 404 
2026-09-04 11:13:21.4944|Info|Microsoft.AspNetCore.Hosting.Diagnostics|CorrelationId=|Request starting HTTP/1.1 GET http://localhost:5176/api/v1/Loan?pageNumber=1&pageSize=20 - - - 
2026-09-04 11:13:21.4944|Info|Microsoft.AspNetCore.Routing.EndpointMiddleware|CorrelationId=23370504-58d1-44f5-a5e6-aca650663bbd|Executing endpoint 'SmartLoan.Api.Controllers.LoanController.GetAll (SmartLoan.Api)' 
2026-09-04 11:13:21.4944|Info|Microsoft.AspNetCore.Mvc.Infrastructure.ControllerActionInvoker|CorrelationId=23370504-58d1-44f5-a5e6-aca650663bbd|Route matched with {action = "GetAll", controller = "Loan"}. Executing controller action with signature System.Threading.Tasks.Task`1[Microsoft.AspNetCore.Mvc.ActionResult`1[SmartLoan.Application.Common.PagedResponse`1[SmartLoan.Application.Loans.Queries.LoanDto]]] GetAll(SmartLoan.Application.Common.PagedRequest) on controller SmartLoan.Api.Controllers.LoanController (SmartLoan.Api). 
2026-09-04 11:13:21.4944|Info|SmartLoan.Application.Common.Behaviors.LoggingBehavior|CorrelationId=23370504-58d1-44f5-a5e6-aca650663bbd|smartloan Request:GetLoansQuery starting... 
2026-09-04 11:13:21.4944|Info|Microsoft.EntityFrameworkCore.Database.Command|CorrelationId=23370504-58d1-44f5-a5e6-aca650663bbd|Executed DbCommand (1ms) [Parameters=[], CommandType='Text', CommandTimeout='30']
SELECT count(*)::int
FROM "LoanApplications" AS l
WHERE NOT (l."IsDeleted") 
2026-09-04 11:13:21.4944|Info|Microsoft.EntityFrameworkCore.Database.Command|CorrelationId=23370504-58d1-44f5-a5e6-aca650663bbd|Executed DbCommand (1ms) [Parameters=[@p1='?' (DbType = Int32), @p='?' (DbType = Int32)], CommandType='Text', CommandTimeout='30']
SELECT l0."Id", c0."FullName", l0."DailyAmount", l0."LoanAmount", l0."ServiceFee", l0."Status", l0."CreatedAt"
FROM (
    SELECT l."Id", l."CreatedAt", l."CustomerId", l."DailyAmount", l."LoanAmount", l."ServiceFee", l."Status"
    FROM "LoanApplications" AS l
    WHERE NOT (l."IsDeleted")
    ORDER BY l."CreatedAt" DESC
    LIMIT @p1 OFFSET @p
) AS l0
INNER JOIN (
    SELECT c."Id", c."FullName"
    FROM "Customers" AS c
    WHERE NOT (c."IsDeleted")
) AS c0 ON l0."CustomerId" = c0."Id"
ORDER BY l0."CreatedAt" DESC 
2026-09-04 11:13:21.4944|Info|SmartLoan.Application.Common.Behaviors.LoggingBehavior|CorrelationId=23370504-58d1-44f5-a5e6-aca650663bbd|Smarloan Request:GetLoansQuery finished in 3ms 
2026-09-04 11:13:21.4944|Info|Microsoft.AspNetCore.Mvc.Infrastructure.ObjectResultExecutor|CorrelationId=23370504-58d1-44f5-a5e6-aca650663bbd|Executing ObjectResult, writing value of type 'SmartLoan.Application.Common.PagedResponse`1[[SmartLoan.Application.Loans.Queries.LoanDto, SmartLoan.Application, Version=1.0.0.0, Culture=neutral, PublicKeyToken=null]]'. 
2026-09-04 11:13:21.4944|Info|Microsoft.AspNetCore.Mvc.Infrastructure.ControllerActionInvoker|CorrelationId=23370504-58d1-44f5-a5e6-aca650663bbd|Executed action SmartLoan.Api.Controllers.LoanController.GetAll (SmartLoan.Api) in 4.4126ms 
2026-09-04 11:13:21.4944|Info|Microsoft.AspNetCore.Routing.EndpointMiddleware|CorrelationId=23370504-58d1-44f5-a5e6-aca650663bbd|Executed endpoint 'SmartLoan.Api.Controllers.LoanController.GetAll (SmartLoan.Api)' 
2026-09-04 11:13:21.4944|Info|Microsoft.AspNetCore.Hosting.Diagnostics|CorrelationId=|Request finished HTTP/1.1 GET http://localhost:5176/api/v1/Loan?pageNumber=1&pageSize=20 - 200 - application/json;+charset=utf-8 5.7147ms 
2026-09-04 11:13:21.4944|Info|Microsoft.AspNetCore.Hosting.Diagnostics|CorrelationId=|Request starting HTTP/1.1 GET http://localhost:5176/api/v1/Dashboard/summary - - - 
2026-09-04 11:13:21.4944|Info|Microsoft.AspNetCore.Routing.EndpointMiddleware|CorrelationId=95c4fe8a-6719-4c7b-ad7e-174843db9222|Executing endpoint 'SmartLoan.Api.Controllers.DashboardController.GetSummary (SmartLoan.Api)' 
2026-09-04 11:13:21.4944|Info|Microsoft.AspNetCore.Mvc.Infrastructure.ControllerActionInvoker|CorrelationId=95c4fe8a-6719-4c7b-ad7e-174843db9222|Route matched with {action = "GetSummary", controller = "Dashboard"}. Executing controller action with signature System.Threading.Tasks.Task`1[Microsoft.AspNetCore.Mvc.ActionResult`1[SmartLoan.Application.Dashboard.Queries.GetLoanSummary.LoanSummaryDto]] GetSummary() on controller SmartLoan.Api.Controllers.DashboardController (SmartLoan.Api). 
2026-09-04 11:13:21.5052|Info|SmartLoan.Application.Common.Behaviors.LoggingBehavior|CorrelationId=95c4fe8a-6719-4c7b-ad7e-174843db9222|smartloan Request:GetLoansummatyQuery starting... 
2026-09-04 11:13:21.5052|Info|Microsoft.EntityFrameworkCore.Database.Command|CorrelationId=95c4fe8a-6719-4c7b-ad7e-174843db9222|Executed DbCommand (0ms) [Parameters=[], CommandType='Text', CommandTimeout='30']
SELECT COALESCE(sum(p."Amount"), 0.0)
FROM "Payments" AS p 
2026-09-04 11:13:21.5052|Info|Microsoft.EntityFrameworkCore.Database.Command|CorrelationId=95c4fe8a-6719-4c7b-ad7e-174843db9222|Executed DbCommand (0ms) [Parameters=[], CommandType='Text', CommandTimeout='30']
SELECT COALESCE(sum(l."ServiceFee"), 0.0)
FROM "LoanApplications" AS l
WHERE NOT (l."IsDeleted") AND l."Status" = 'Approved' 
2026-09-04 11:13:21.5052|Info|Microsoft.EntityFrameworkCore.Database.Command|CorrelationId=95c4fe8a-6719-4c7b-ad7e-174843db9222|Executed DbCommand (1ms) [Parameters=[], CommandType='Text', CommandTimeout='30']
SELECT count(*)::int
FROM "LoanApplications" AS l
WHERE NOT (l."IsDeleted") AND l."Status" = 'Saving' 
2026-09-04 11:13:21.5052|Info|Microsoft.EntityFrameworkCore.Database.Command|CorrelationId=95c4fe8a-6719-4c7b-ad7e-174843db9222|Executed DbCommand (0ms) [Parameters=[], CommandType='Text', CommandTimeout='30']
SELECT count(*)::int
FROM "LoanApplications" AS l
WHERE NOT (l."IsDeleted") AND l."Status" = 'Approved' 
2026-09-04 11:13:21.5052|Info|SmartLoan.Application.Common.Behaviors.LoggingBehavior|CorrelationId=95c4fe8a-6719-4c7b-ad7e-174843db9222|Smarloan Request:GetLoansummatyQuery finished in 4ms 
2026-09-04 11:13:21.5052|Info|Microsoft.AspNetCore.Mvc.Infrastructure.ObjectResultExecutor|CorrelationId=95c4fe8a-6719-4c7b-ad7e-174843db9222|Executing ObjectResult, writing value of type 'SmartLoan.Application.Dashboard.Queries.GetLoanSummary.LoanSummaryDto'. 
2026-09-04 11:13:21.5052|Info|Microsoft.AspNetCore.Mvc.Infrastructure.ControllerActionInvoker|CorrelationId=95c4fe8a-6719-4c7b-ad7e-174843db9222|Executed action SmartLoan.Api.Controllers.DashboardController.GetSummary (SmartLoan.Api) in 4.7482ms 
2026-09-04 11:13:21.5052|Info|Microsoft.AspNetCore.Routing.EndpointMiddleware|CorrelationId=95c4fe8a-6719-4c7b-ad7e-174843db9222|Executed endpoint 'SmartLoan.Api.Controllers.DashboardController.GetSummary (SmartLoan.Api)' 
2026-09-04 11:13:21.5052|Info|Microsoft.AspNetCore.Hosting.Diagnostics|CorrelationId=|Request finished HTTP/1.1 GET http://localhost:5176/api/v1/Dashboard/summary - 200 - application/json;+charset=utf-8 7.0551ms 
2026-09-04 11:13:46.6774|Info|Microsoft.AspNetCore.Hosting.Diagnostics|CorrelationId=|Request starting HTTP/1.1 GET http://localhost:5176/api/v1/Auth/me - - - 
2026-09-04 11:13:46.6774|Info|Microsoft.AspNetCore.Routing.EndpointMiddleware|CorrelationId=41a18983-a2a8-417d-b400-1a73fd65e63b|Executing endpoint 'SmartLoan.Api.Controllers.AuthController.GetCurrentUser (SmartLoan.Api)' 
2026-09-04 11:13:46.6774|Info|Microsoft.AspNetCore.Mvc.Infrastructure.ControllerActionInvoker|CorrelationId=41a18983-a2a8-417d-b400-1a73fd65e63b|Route matched with {action = "GetCurrentUser", controller = "Auth"}. Executing controller action with signature Microsoft.AspNetCore.Mvc.IActionResult GetCurrentUser() on controller SmartLoan.Api.Controllers.AuthController (SmartLoan.Api). 
2026-09-04 11:13:46.6774|Info|Microsoft.AspNetCore.Mvc.Infrastructure.ObjectResultExecutor|CorrelationId=41a18983-a2a8-417d-b400-1a73fd65e63b|Executing OkObjectResult, writing value of type '<>f__AnonymousType0`2[[System.String, System.Private.CoreLib, Version=10.0.0.0, Culture=neutral, PublicKeyToken=7cec85d7bea7798e],[System.String, System.Private.CoreLib, Version=10.0.0.0, Culture=neutral, PublicKeyToken=7cec85d7bea7798e]]'. 
2026-09-04 11:13:46.6774|Info|Microsoft.AspNetCore.Mvc.Infrastructure.ControllerActionInvoker|CorrelationId=41a18983-a2a8-417d-b400-1a73fd65e63b|Executed action SmartLoan.Api.Controllers.AuthController.GetCurrentUser (SmartLoan.Api) in 0.3322ms 
2026-09-04 11:13:46.6774|Info|Microsoft.AspNetCore.Routing.EndpointMiddleware|CorrelationId=41a18983-a2a8-417d-b400-1a73fd65e63b|Executed endpoint 'SmartLoan.Api.Controllers.AuthController.GetCurrentUser (SmartLoan.Api)' 
2026-09-04 11:13:46.6774|Info|Microsoft.AspNetCore.Hosting.Diagnostics|CorrelationId=|Request finished HTTP/1.1 GET http://localhost:5176/api/v1/Auth/me - 200 - application/json;+charset=utf-8 1.7218ms 
2026-09-04 11:13:46.6774|Info|Microsoft.AspNetCore.Hosting.Diagnostics|CorrelationId=|Request starting HTTP/1.1 GET http://localhost:5176/api/v1/Auth/me - - - 
2026-09-04 11:13:46.6774|Info|Microsoft.AspNetCore.Routing.EndpointMiddleware|CorrelationId=da1047fa-96e0-4653-8048-40b736c7a076|Executing endpoint 'SmartLoan.Api.Controllers.AuthController.GetCurrentUser (SmartLoan.Api)' 
2026-09-04 11:13:46.6774|Info|Microsoft.AspNetCore.Mvc.Infrastructure.ControllerActionInvoker|CorrelationId=da1047fa-96e0-4653-8048-40b736c7a076|Route matched with {action = "GetCurrentUser", controller = "Auth"}. Executing controller action with signature Microsoft.AspNetCore.Mvc.IActionResult GetCurrentUser() on controller SmartLoan.Api.Controllers.AuthController (SmartLoan.Api). 
2026-09-04 11:13:46.6774|Info|Microsoft.AspNetCore.Mvc.Infrastructure.ObjectResultExecutor|CorrelationId=da1047fa-96e0-4653-8048-40b736c7a076|Executing OkObjectResult, writing value of type '<>f__AnonymousType0`2[[System.String, System.Private.CoreLib, Version=10.0.0.0, Culture=neutral, PublicKeyToken=7cec85d7bea7798e],[System.String, System.Private.CoreLib, Version=10.0.0.0, Culture=neutral, PublicKeyToken=7cec85d7bea7798e]]'. 
2026-09-04 11:13:46.6774|Info|Microsoft.AspNetCore.Mvc.Infrastructure.ControllerActionInvoker|CorrelationId=da1047fa-96e0-4653-8048-40b736c7a076|Executed action SmartLoan.Api.Controllers.AuthController.GetCurrentUser (SmartLoan.Api) in 0.2494ms 
2026-09-04 11:13:46.6774|Info|Microsoft.AspNetCore.Routing.EndpointMiddleware|CorrelationId=da1047fa-96e0-4653-8048-40b736c7a076|Executed endpoint 'SmartLoan.Api.Controllers.AuthController.GetCurrentUser (SmartLoan.Api)' 
2026-09-04 11:13:46.6774|Info|Microsoft.AspNetCore.Hosting.Diagnostics|CorrelationId=|Request finished HTTP/1.1 GET http://localhost:5176/api/v1/Auth/me - 200 - application/json;+charset=utf-8 1.7179ms 
2026-09-04 11:13:46.7440|Info|Microsoft.AspNetCore.Hosting.Diagnostics|CorrelationId=|Request starting HTTP/1.1 POST http://localhost:5176/api/v1/notifications/negotiate?negotiateVersion=1 - - 0 
2026-09-04 11:13:46.7440|Info|Microsoft.AspNetCore.Cors.Infrastructure.CorsService|CorrelationId=cb4fc062-ff02-44cd-bc8e-15e1fcc1b778|CORS policy execution successful. 
2026-09-04 11:13:46.7440|Info|Microsoft.AspNetCore.Hosting.Diagnostics|CorrelationId=|Request finished HTTP/1.1 POST http://localhost:5176/api/v1/notifications/negotiate?negotiateVersion=1 - 404 0 - 0.4769ms 
2026-09-04 11:13:46.7440|Info|Microsoft.AspNetCore.Hosting.Diagnostics|CorrelationId=|Request reached the end of the middleware pipeline without being handled by application code. Request path: POST http://localhost:5176/api/v1/notifications/negotiate, Response status code: 404 
2026-09-04 11:13:46.8270|Info|Microsoft.AspNetCore.Hosting.Diagnostics|CorrelationId=|Request starting HTTP/1.1 GET http://localhost:5176/api/v1/Loan?pageNumber=1&pageSize=20 - - - 
2026-09-04 11:13:46.8270|Info|Microsoft.AspNetCore.Routing.EndpointMiddleware|CorrelationId=c8961b4a-65df-4717-a8d4-cd556f00d5c8|Executing endpoint 'SmartLoan.Api.Controllers.LoanController.GetAll (SmartLoan.Api)' 
2026-09-04 11:13:46.8270|Info|Microsoft.AspNetCore.Mvc.Infrastructure.ControllerActionInvoker|CorrelationId=c8961b4a-65df-4717-a8d4-cd556f00d5c8|Route matched with {action = "GetAll", controller = "Loan"}. Executing controller action with signature System.Threading.Tasks.Task`1[Microsoft.AspNetCore.Mvc.ActionResult`1[SmartLoan.Application.Common.PagedResponse`1[SmartLoan.Application.Loans.Queries.LoanDto]]] GetAll(SmartLoan.Application.Common.PagedRequest) on controller SmartLoan.Api.Controllers.LoanController (SmartLoan.Api). 
2026-09-04 11:13:46.8270|Info|SmartLoan.Application.Common.Behaviors.LoggingBehavior|CorrelationId=c8961b4a-65df-4717-a8d4-cd556f00d5c8|smartloan Request:GetLoansQuery starting... 
2026-09-04 11:13:46.8270|Info|Microsoft.EntityFrameworkCore.Database.Command|CorrelationId=c8961b4a-65df-4717-a8d4-cd556f00d5c8|Executed DbCommand (1ms) [Parameters=[], CommandType='Text', CommandTimeout='30']
SELECT count(*)::int
FROM "LoanApplications" AS l
WHERE NOT (l."IsDeleted") 
2026-09-04 11:13:46.8270|Info|Microsoft.EntityFrameworkCore.Database.Command|CorrelationId=c8961b4a-65df-4717-a8d4-cd556f00d5c8|Executed DbCommand (1ms) [Parameters=[@p1='?' (DbType = Int32), @p='?' (DbType = Int32)], CommandType='Text', CommandTimeout='30']
SELECT l0."Id", c0."FullName", l0."DailyAmount", l0."LoanAmount", l0."ServiceFee", l0."Status", l0."CreatedAt"
FROM (
    SELECT l."Id", l."CreatedAt", l."CustomerId", l."DailyAmount", l."LoanAmount", l."ServiceFee", l."Status"
    FROM "LoanApplications" AS l
    WHERE NOT (l."IsDeleted")
    ORDER BY l."CreatedAt" DESC
    LIMIT @p1 OFFSET @p
) AS l0
INNER JOIN (
    SELECT c."Id", c."FullName"
    FROM "Customers" AS c
    WHERE NOT (c."IsDeleted")
) AS c0 ON l0."CustomerId" = c0."Id"
ORDER BY l0."CreatedAt" DESC 
2026-09-04 11:13:46.8270|Info|SmartLoan.Application.Common.Behaviors.LoggingBehavior|CorrelationId=c8961b4a-65df-4717-a8d4-cd556f00d5c8|Smarloan Request:GetLoansQuery finished in 3ms 
2026-09-04 11:13:46.8270|Info|Microsoft.AspNetCore.Mvc.Infrastructure.ObjectResultExecutor|CorrelationId=c8961b4a-65df-4717-a8d4-cd556f00d5c8|Executing ObjectResult, writing value of type 'SmartLoan.Application.Common.PagedResponse`1[[SmartLoan.Application.Loans.Queries.LoanDto, SmartLoan.Application, Version=1.0.0.0, Culture=neutral, PublicKeyToken=null]]'. 
2026-09-04 11:13:46.8332|Info|Microsoft.AspNetCore.Mvc.Infrastructure.ControllerActionInvoker|CorrelationId=c8961b4a-65df-4717-a8d4-cd556f00d5c8|Executed action SmartLoan.Api.Controllers.LoanController.GetAll (SmartLoan.Api) in 5.5397ms 
2026-09-04 11:13:46.8332|Info|Microsoft.AspNetCore.Routing.EndpointMiddleware|CorrelationId=c8961b4a-65df-4717-a8d4-cd556f00d5c8|Executed endpoint 'SmartLoan.Api.Controllers.LoanController.GetAll (SmartLoan.Api)' 
2026-09-04 11:13:46.8332|Info|Microsoft.AspNetCore.Hosting.Diagnostics|CorrelationId=|Request finished HTTP/1.1 GET http://localhost:5176/api/v1/Loan?pageNumber=1&pageSize=20 - 200 - application/json;+charset=utf-8 6.7386ms 
2026-09-04 11:13:46.8332|Info|Microsoft.AspNetCore.Hosting.Diagnostics|CorrelationId=|Request starting HTTP/1.1 GET http://localhost:5176/api/v1/Dashboard/summary - - - 
2026-09-04 11:13:46.8332|Info|Microsoft.AspNetCore.Routing.EndpointMiddleware|CorrelationId=ab5cc38a-991d-428f-a2a1-31cd5150c2e0|Executing endpoint 'SmartLoan.Api.Controllers.DashboardController.GetSummary (SmartLoan.Api)' 
2026-09-04 11:13:46.8332|Info|Microsoft.AspNetCore.Mvc.Infrastructure.ControllerActionInvoker|CorrelationId=ab5cc38a-991d-428f-a2a1-31cd5150c2e0|Route matched with {action = "GetSummary", controller = "Dashboard"}. Executing controller action with signature System.Threading.Tasks.Task`1[Microsoft.AspNetCore.Mvc.ActionResult`1[SmartLoan.Application.Dashboard.Queries.GetLoanSummary.LoanSummaryDto]] GetSummary() on controller SmartLoan.Api.Controllers.DashboardController (SmartLoan.Api). 
2026-09-04 11:13:46.8332|Info|SmartLoan.Application.Common.Behaviors.LoggingBehavior|CorrelationId=ab5cc38a-991d-428f-a2a1-31cd5150c2e0|smartloan Request:GetLoansummatyQuery starting... 
2026-09-04 11:13:46.8332|Info|Microsoft.EntityFrameworkCore.Database.Command|CorrelationId=ab5cc38a-991d-428f-a2a1-31cd5150c2e0|Executed DbCommand (1ms) [Parameters=[], CommandType='Text', CommandTimeout='30']
SELECT COALESCE(sum(p."Amount"), 0.0)
FROM "Payments" AS p 
2026-09-04 11:13:46.8332|Info|Microsoft.EntityFrameworkCore.Database.Command|CorrelationId=ab5cc38a-991d-428f-a2a1-31cd5150c2e0|Executed DbCommand (1ms) [Parameters=[], CommandType='Text', CommandTimeout='30']
SELECT COALESCE(sum(l."ServiceFee"), 0.0)
FROM "LoanApplications" AS l
WHERE NOT (l."IsDeleted") AND l."Status" = 'Approved' 
2026-09-04 11:13:46.8332|Info|Microsoft.EntityFrameworkCore.Database.Command|CorrelationId=ab5cc38a-991d-428f-a2a1-31cd5150c2e0|Executed DbCommand (0ms) [Parameters=[], CommandType='Text', CommandTimeout='30']
SELECT count(*)::int
FROM "LoanApplications" AS l
WHERE NOT (l."IsDeleted") AND l."Status" = 'Saving' 
2026-09-04 11:13:46.8332|Info|Microsoft.EntityFrameworkCore.Database.Command|CorrelationId=ab5cc38a-991d-428f-a2a1-31cd5150c2e0|Executed DbCommand (0ms) [Parameters=[], CommandType='Text', CommandTimeout='30']
SELECT count(*)::int
FROM "LoanApplications" AS l
WHERE NOT (l."IsDeleted") AND l."Status" = 'Approved' 
2026-09-04 11:13:46.8332|Info|SmartLoan.Application.Common.Behaviors.LoggingBehavior|CorrelationId=ab5cc38a-991d-428f-a2a1-31cd5150c2e0|Smarloan Request:GetLoansummatyQuery finished in 3ms 
2026-09-04 11:13:46.8332|Info|Microsoft.AspNetCore.Mvc.Infrastructure.ObjectResultExecutor|CorrelationId=ab5cc38a-991d-428f-a2a1-31cd5150c2e0|Executing ObjectResult, writing value of type 'SmartLoan.Application.Dashboard.Queries.GetLoanSummary.LoanSummaryDto'. 
2026-09-04 11:13:46.8332|Info|Microsoft.AspNetCore.Mvc.Infrastructure.ControllerActionInvoker|CorrelationId=ab5cc38a-991d-428f-a2a1-31cd5150c2e0|Executed action SmartLoan.Api.Controllers.DashboardController.GetSummary (SmartLoan.Api) in 3.7964ms 
2026-09-04 11:13:46.8332|Info|Microsoft.AspNetCore.Routing.EndpointMiddleware|CorrelationId=ab5cc38a-991d-428f-a2a1-31cd5150c2e0|Executed endpoint 'SmartLoan.Api.Controllers.DashboardController.GetSummary (SmartLoan.Api)' 
2026-09-04 11:13:46.8332|Info|Microsoft.AspNetCore.Hosting.Diagnostics|CorrelationId=|Request finished HTTP/1.1 GET http://localhost:5176/api/v1/Dashboard/summary - 200 - application/json;+charset=utf-8 4.6842ms 
2026-09-04 11:14:15.0643|Info|Microsoft.AspNetCore.Hosting.Diagnostics|CorrelationId=|Request starting HTTP/1.1 GET http://localhost:5176/api/v1/Auth/me - - - 
2026-09-04 11:14:15.0643|Info|Microsoft.AspNetCore.Routing.EndpointMiddleware|CorrelationId=771702a0-d578-4c6e-b921-cdf1c4ed268f|Executing endpoint 'SmartLoan.Api.Controllers.AuthController.GetCurrentUser (SmartLoan.Api)' 
2026-09-04 11:14:15.0643|Info|Microsoft.AspNetCore.Mvc.Infrastructure.ControllerActionInvoker|CorrelationId=771702a0-d578-4c6e-b921-cdf1c4ed268f|Route matched with {action = "GetCurrentUser", controller = "Auth"}. Executing controller action with signature Microsoft.AspNetCore.Mvc.IActionResult GetCurrentUser() on controller SmartLoan.Api.Controllers.AuthController (SmartLoan.Api). 
2026-09-04 11:14:15.0643|Info|Microsoft.AspNetCore.Mvc.Infrastructure.ObjectResultExecutor|CorrelationId=771702a0-d578-4c6e-b921-cdf1c4ed268f|Executing OkObjectResult, writing value of type '<>f__AnonymousType0`2[[System.String, System.Private.CoreLib, Version=10.0.0.0, Culture=neutral, PublicKeyToken=7cec85d7bea7798e],[System.String, System.Private.CoreLib, Version=10.0.0.0, Culture=neutral, PublicKeyToken=7cec85d7bea7798e]]'. 
2026-09-04 11:14:15.0643|Info|Microsoft.AspNetCore.Mvc.Infrastructure.ControllerActionInvoker|CorrelationId=771702a0-d578-4c6e-b921-cdf1c4ed268f|Executed action SmartLoan.Api.Controllers.AuthController.GetCurrentUser (SmartLoan.Api) in 1.2992ms 
2026-09-04 11:14:15.0679|Info|Microsoft.AspNetCore.Routing.EndpointMiddleware|CorrelationId=771702a0-d578-4c6e-b921-cdf1c4ed268f|Executed endpoint 'SmartLoan.Api.Controllers.AuthController.GetCurrentUser (SmartLoan.Api)' 
2026-09-04 11:14:15.0679|Info|Microsoft.AspNetCore.Hosting.Diagnostics|CorrelationId=|Request finished HTTP/1.1 GET http://localhost:5176/api/v1/Auth/me - 200 - application/json;+charset=utf-8 4.7565ms 
2026-09-04 11:14:15.0679|Info|Microsoft.AspNetCore.Hosting.Diagnostics|CorrelationId=|Request starting HTTP/1.1 GET http://localhost:5176/api/v1/Auth/me - - - 
2026-09-04 11:14:15.0679|Info|Microsoft.AspNetCore.Routing.EndpointMiddleware|CorrelationId=b3766888-d856-44e6-a16a-57642f4cc2ea|Executing endpoint 'SmartLoan.Api.Controllers.AuthController.GetCurrentUser (SmartLoan.Api)' 
2026-09-04 11:14:15.0679|Info|Microsoft.AspNetCore.Mvc.Infrastructure.ControllerActionInvoker|CorrelationId=b3766888-d856-44e6-a16a-57642f4cc2ea|Route matched with {action = "GetCurrentUser", controller = "Auth"}. Executing controller action with signature Microsoft.AspNetCore.Mvc.IActionResult GetCurrentUser() on controller SmartLoan.Api.Controllers.AuthController (SmartLoan.Api). 
2026-09-04 11:14:15.0679|Info|Microsoft.AspNetCore.Mvc.Infrastructure.ObjectResultExecutor|CorrelationId=b3766888-d856-44e6-a16a-57642f4cc2ea|Executing OkObjectResult, writing value of type '<>f__AnonymousType0`2[[System.String, System.Private.CoreLib, Version=10.0.0.0, Culture=neutral, PublicKeyToken=7cec85d7bea7798e],[System.String, System.Private.CoreLib, Version=10.0.0.0, Culture=neutral, PublicKeyToken=7cec85d7bea7798e]]'. 
2026-09-04 11:14:15.0679|Info|Microsoft.AspNetCore.Mvc.Infrastructure.ControllerActionInvoker|CorrelationId=b3766888-d856-44e6-a16a-57642f4cc2ea|Executed action SmartLoan.Api.Controllers.AuthController.GetCurrentUser (SmartLoan.Api) in 0.3852ms 
2026-09-04 11:14:15.0679|Info|Microsoft.AspNetCore.Routing.EndpointMiddleware|CorrelationId=b3766888-d856-44e6-a16a-57642f4cc2ea|Executed endpoint 'SmartLoan.Api.Controllers.AuthController.GetCurrentUser (SmartLoan.Api)' 
2026-09-04 11:14:15.0679|Info|Microsoft.AspNetCore.Hosting.Diagnostics|CorrelationId=|Request finished HTTP/1.1 GET http://localhost:5176/api/v1/Auth/me - 200 - application/json;+charset=utf-8 1.9014ms 
2026-09-04 11:14:15.0998|Info|Microsoft.AspNetCore.Hosting.Diagnostics|CorrelationId=|Request starting HTTP/1.1 POST http://localhost:5176/api/v1/notifications/negotiate?negotiateVersion=1 - - 0 
2026-09-04 11:14:15.0998|Info|Microsoft.AspNetCore.Cors.Infrastructure.CorsService|CorrelationId=c11e46fd-0728-428b-8b76-b4c99ba2dac7|CORS policy execution successful. 
2026-09-04 11:14:15.0998|Info|Microsoft.AspNetCore.Hosting.Diagnostics|CorrelationId=|Request finished HTTP/1.1 POST http://localhost:5176/api/v1/notifications/negotiate?negotiateVersion=1 - 404 0 - 0.4749ms 
2026-09-04 11:14:15.0998|Info|Microsoft.AspNetCore.Hosting.Diagnostics|CorrelationId=|Request reached the end of the middleware pipeline without being handled by application code. Request path: POST http://localhost:5176/api/v1/notifications/negotiate, Response status code: 404 
2026-09-04 11:14:15.1683|Info|Microsoft.AspNetCore.Hosting.Diagnostics|CorrelationId=|Request starting HTTP/1.1 GET http://localhost:5176/api/v1/Loan?pageNumber=1&pageSize=20 - - - 
2026-09-04 11:14:15.1683|Info|Microsoft.AspNetCore.Routing.EndpointMiddleware|CorrelationId=d44963fb-4737-48d0-be62-8a8a6143026c|Executing endpoint 'SmartLoan.Api.Controllers.LoanController.GetAll (SmartLoan.Api)' 
2026-09-04 11:14:15.1683|Info|Microsoft.AspNetCore.Mvc.Infrastructure.ControllerActionInvoker|CorrelationId=d44963fb-4737-48d0-be62-8a8a6143026c|Route matched with {action = "GetAll", controller = "Loan"}. Executing controller action with signature System.Threading.Tasks.Task`1[Microsoft.AspNetCore.Mvc.ActionResult`1[SmartLoan.Application.Common.PagedResponse`1[SmartLoan.Application.Loans.Queries.LoanDto]]] GetAll(SmartLoan.Application.Common.PagedRequest) on controller SmartLoan.Api.Controllers.LoanController (SmartLoan.Api). 
2026-09-04 11:14:15.1683|Info|SmartLoan.Application.Common.Behaviors.LoggingBehavior|CorrelationId=d44963fb-4737-48d0-be62-8a8a6143026c|smartloan Request:GetLoansQuery starting... 
2026-09-04 11:14:15.1769|Info|Microsoft.AspNetCore.Hosting.Diagnostics|CorrelationId=|Request starting HTTP/1.1 GET http://localhost:5176/api/v1/Dashboard/summary - - - 
2026-09-04 11:14:15.1769|Info|Microsoft.AspNetCore.Routing.EndpointMiddleware|CorrelationId=f1b362db-9b13-481e-a0dd-faf5cdfdb3d6|Executing endpoint 'SmartLoan.Api.Controllers.DashboardController.GetSummary (SmartLoan.Api)' 
2026-09-04 11:14:15.1769|Info|Microsoft.AspNetCore.Mvc.Infrastructure.ControllerActionInvoker|CorrelationId=f1b362db-9b13-481e-a0dd-faf5cdfdb3d6|Route matched with {action = "GetSummary", controller = "Dashboard"}. Executing controller action with signature System.Threading.Tasks.Task`1[Microsoft.AspNetCore.Mvc.ActionResult`1[SmartLoan.Application.Dashboard.Queries.GetLoanSummary.LoanSummaryDto]] GetSummary() on controller SmartLoan.Api.Controllers.DashboardController (SmartLoan.Api). 
2026-09-04 11:14:15.1769|Info|SmartLoan.Application.Common.Behaviors.LoggingBehavior|CorrelationId=f1b362db-9b13-481e-a0dd-faf5cdfdb3d6|smartloan Request:GetLoansummatyQuery starting... 
2026-09-04 11:14:15.2246|Info|Microsoft.EntityFrameworkCore.Database.Command|CorrelationId=d44963fb-4737-48d0-be62-8a8a6143026c|Executed DbCommand (5ms) [Parameters=[], CommandType='Text', CommandTimeout='30']
SELECT count(*)::int
FROM "LoanApplications" AS l
WHERE NOT (l."IsDeleted") 
2026-09-04 11:14:15.2246|Info|Microsoft.EntityFrameworkCore.Database.Command|CorrelationId=d44963fb-4737-48d0-be62-8a8a6143026c|Executed DbCommand (3ms) [Parameters=[@p1='?' (DbType = Int32), @p='?' (DbType = Int32)], CommandType='Text', CommandTimeout='30']
SELECT l0."Id", c0."FullName", l0."DailyAmount", l0."LoanAmount", l0."ServiceFee", l0."Status", l0."CreatedAt"
FROM (
    SELECT l."Id", l."CreatedAt", l."CustomerId", l."DailyAmount", l."LoanAmount", l."ServiceFee", l."Status"
    FROM "LoanApplications" AS l
    WHERE NOT (l."IsDeleted")
    ORDER BY l."CreatedAt" DESC
    LIMIT @p1 OFFSET @p
) AS l0
INNER JOIN (
    SELECT c."Id", c."FullName"
    FROM "Customers" AS c
    WHERE NOT (c."IsDeleted")
) AS c0 ON l0."CustomerId" = c0."Id"
ORDER BY l0."CreatedAt" DESC 
2026-09-04 11:14:15.2246|Info|SmartLoan.Application.Common.Behaviors.LoggingBehavior|CorrelationId=d44963fb-4737-48d0-be62-8a8a6143026c|Smarloan Request:GetLoansQuery finished in 59ms 
2026-09-04 11:14:15.2246|Info|Microsoft.AspNetCore.Mvc.Infrastructure.ObjectResultExecutor|CorrelationId=d44963fb-4737-48d0-be62-8a8a6143026c|Executing ObjectResult, writing value of type 'SmartLoan.Application.Common.PagedResponse`1[[SmartLoan.Application.Loans.Queries.LoanDto, SmartLoan.Application, Version=1.0.0.0, Culture=neutral, PublicKeyToken=null]]'. 
2026-09-04 11:14:15.2246|Info|Microsoft.AspNetCore.Mvc.Infrastructure.ControllerActionInvoker|CorrelationId=d44963fb-4737-48d0-be62-8a8a6143026c|Executed action SmartLoan.Api.Controllers.LoanController.GetAll (SmartLoan.Api) in 60.1788ms 
2026-09-04 11:14:15.2246|Info|Microsoft.AspNetCore.Routing.EndpointMiddleware|CorrelationId=d44963fb-4737-48d0-be62-8a8a6143026c|Executed endpoint 'SmartLoan.Api.Controllers.LoanController.GetAll (SmartLoan.Api)' 
2026-09-04 11:14:15.2246|Info|Microsoft.AspNetCore.Hosting.Diagnostics|CorrelationId=|Request finished HTTP/1.1 GET http://localhost:5176/api/v1/Loan?pageNumber=1&pageSize=20 - 200 - application/json;+charset=utf-8 61.0316ms 
2026-09-04 11:14:15.2246|Info|Microsoft.EntityFrameworkCore.Database.Command|CorrelationId=f1b362db-9b13-481e-a0dd-faf5cdfdb3d6|Executed DbCommand (4ms) [Parameters=[], CommandType='Text', CommandTimeout='30']
SELECT COALESCE(sum(p."Amount"), 0.0)
FROM "Payments" AS p 
2026-09-04 11:14:15.2246|Info|Microsoft.EntityFrameworkCore.Database.Command|CorrelationId=f1b362db-9b13-481e-a0dd-faf5cdfdb3d6|Executed DbCommand (1ms) [Parameters=[], CommandType='Text', CommandTimeout='30']
SELECT COALESCE(sum(l."ServiceFee"), 0.0)
FROM "LoanApplications" AS l
WHERE NOT (l."IsDeleted") AND l."Status" = 'Approved' 
2026-09-04 11:14:15.2246|Info|Microsoft.EntityFrameworkCore.Database.Command|CorrelationId=f1b362db-9b13-481e-a0dd-faf5cdfdb3d6|Executed DbCommand (3ms) [Parameters=[], CommandType='Text', CommandTimeout='30']
SELECT count(*)::int
FROM "LoanApplications" AS l
WHERE NOT (l."IsDeleted") AND l."Status" = 'Saving' 
2026-09-04 11:14:15.2408|Info|Microsoft.EntityFrameworkCore.Database.Command|CorrelationId=f1b362db-9b13-481e-a0dd-faf5cdfdb3d6|Executed DbCommand (1ms) [Parameters=[], CommandType='Text', CommandTimeout='30']
SELECT count(*)::int
FROM "LoanApplications" AS l
WHERE NOT (l."IsDeleted") AND l."Status" = 'Approved' 
2026-09-04 11:14:15.2408|Info|SmartLoan.Application.Common.Behaviors.LoggingBehavior|CorrelationId=f1b362db-9b13-481e-a0dd-faf5cdfdb3d6|Smarloan Request:GetLoansummatyQuery finished in 63ms 
2026-09-04 11:14:15.2408|Info|Microsoft.AspNetCore.Mvc.Infrastructure.ObjectResultExecutor|CorrelationId=f1b362db-9b13-481e-a0dd-faf5cdfdb3d6|Executing ObjectResult, writing value of type 'SmartLoan.Application.Dashboard.Queries.GetLoanSummary.LoanSummaryDto'. 
2026-09-04 11:14:15.2408|Info|Microsoft.AspNetCore.Mvc.Infrastructure.ControllerActionInvoker|CorrelationId=f1b362db-9b13-481e-a0dd-faf5cdfdb3d6|Executed action SmartLoan.Api.Controllers.DashboardController.GetSummary (SmartLoan.Api) in 63.6789ms 
2026-09-04 11:14:15.2408|Info|Microsoft.AspNetCore.Routing.EndpointMiddleware|CorrelationId=f1b362db-9b13-481e-a0dd-faf5cdfdb3d6|Executed endpoint 'SmartLoan.Api.Controllers.DashboardController.GetSummary (SmartLoan.Api)' 
2026-09-04 11:14:15.2408|Info|Microsoft.AspNetCore.Hosting.Diagnostics|CorrelationId=|Request finished HTTP/1.1 GET http://localhost:5176/api/v1/Dashboard/summary - 200 - application/json;+charset=utf-8 64.8462ms 
2026-09-04 11:14:33.3752|Info|Microsoft.AspNetCore.Hosting.Diagnostics|CorrelationId=|Request starting HTTP/1.1 GET http://localhost:5176/api/v1/Auth/me - - - 
2026-09-04 11:14:33.3752|Info|Microsoft.AspNetCore.Routing.EndpointMiddleware|CorrelationId=89921c4a-2632-4c51-9763-b74aad9db810|Executing endpoint 'SmartLoan.Api.Controllers.AuthController.GetCurrentUser (SmartLoan.Api)' 
2026-09-04 11:14:33.3752|Info|Microsoft.AspNetCore.Mvc.Infrastructure.ControllerActionInvoker|CorrelationId=89921c4a-2632-4c51-9763-b74aad9db810|Route matched with {action = "GetCurrentUser", controller = "Auth"}. Executing controller action with signature Microsoft.AspNetCore.Mvc.IActionResult GetCurrentUser() on controller SmartLoan.Api.Controllers.AuthController (SmartLoan.Api). 
2026-09-04 11:14:33.3752|Info|Microsoft.AspNetCore.Mvc.Infrastructure.ObjectResultExecutor|CorrelationId=89921c4a-2632-4c51-9763-b74aad9db810|Executing OkObjectResult, writing value of type '<>f__AnonymousType0`2[[System.String, System.Private.CoreLib, Version=10.0.0.0, Culture=neutral, PublicKeyToken=7cec85d7bea7798e],[System.String, System.Private.CoreLib, Version=10.0.0.0, Culture=neutral, PublicKeyToken=7cec85d7bea7798e]]'. 
2026-09-04 11:14:33.3752|Info|Microsoft.AspNetCore.Mvc.Infrastructure.ControllerActionInvoker|CorrelationId=89921c4a-2632-4c51-9763-b74aad9db810|Executed action SmartLoan.Api.Controllers.AuthController.GetCurrentUser (SmartLoan.Api) in 2.3261ms 
2026-09-04 11:14:33.3752|Info|Microsoft.AspNetCore.Routing.EndpointMiddleware|CorrelationId=89921c4a-2632-4c51-9763-b74aad9db810|Executed endpoint 'SmartLoan.Api.Controllers.AuthController.GetCurrentUser (SmartLoan.Api)' 
2026-09-04 11:14:33.3815|Info|Microsoft.AspNetCore.Hosting.Diagnostics|CorrelationId=|Request finished HTTP/1.1 GET http://localhost:5176/api/v1/Auth/me - 200 - application/json;+charset=utf-8 6.2854ms 
2026-09-04 11:14:33.4064|Info|Microsoft.AspNetCore.Hosting.Diagnostics|CorrelationId=|Request starting HTTP/1.1 GET http://localhost:5176/api/v1/Auth/me - - - 
2026-09-04 11:14:33.4064|Info|Microsoft.AspNetCore.Routing.EndpointMiddleware|CorrelationId=ee1d8de1-4beb-4a0f-a07d-209480c7a994|Executing endpoint 'SmartLoan.Api.Controllers.AuthController.GetCurrentUser (SmartLoan.Api)' 
2026-09-04 11:14:33.4064|Info|Microsoft.AspNetCore.Mvc.Infrastructure.ControllerActionInvoker|CorrelationId=ee1d8de1-4beb-4a0f-a07d-209480c7a994|Route matched with {action = "GetCurrentUser", controller = "Auth"}. Executing controller action with signature Microsoft.AspNetCore.Mvc.IActionResult GetCurrentUser() on controller SmartLoan.Api.Controllers.AuthController (SmartLoan.Api). 
2026-09-04 11:14:33.4064|Info|Microsoft.AspNetCore.Mvc.Infrastructure.ObjectResultExecutor|CorrelationId=ee1d8de1-4beb-4a0f-a07d-209480c7a994|Executing OkObjectResult, writing value of type '<>f__AnonymousType0`2[[System.String, System.Private.CoreLib, Version=10.0.0.0, Culture=neutral, PublicKeyToken=7cec85d7bea7798e],[System.String, System.Private.CoreLib, Version=10.0.0.0, Culture=neutral, PublicKeyToken=7cec85d7bea7798e]]'. 
2026-09-04 11:14:33.4064|Info|Microsoft.AspNetCore.Mvc.Infrastructure.ControllerActionInvoker|CorrelationId=ee1d8de1-4beb-4a0f-a07d-209480c7a994|Executed action SmartLoan.Api.Controllers.AuthController.GetCurrentUser (SmartLoan.Api) in 0.2573ms 
2026-09-04 11:14:33.4064|Info|Microsoft.AspNetCore.Routing.EndpointMiddleware|CorrelationId=ee1d8de1-4beb-4a0f-a07d-209480c7a994|Executed endpoint 'SmartLoan.Api.Controllers.AuthController.GetCurrentUser (SmartLoan.Api)' 
2026-09-04 11:14:33.4064|Info|Microsoft.AspNetCore.Hosting.Diagnostics|CorrelationId=|Request finished HTTP/1.1 GET http://localhost:5176/api/v1/Auth/me - 200 - application/json;+charset=utf-8 2.4907ms 
2026-09-04 11:14:33.5093|Info|Microsoft.AspNetCore.Hosting.Diagnostics|CorrelationId=|Request starting HTTP/1.1 POST http://localhost:5176/api/v1/notifications/negotiate?negotiateVersion=1 - - 0 
2026-09-04 11:14:33.5093|Info|Microsoft.AspNetCore.Cors.Infrastructure.CorsService|CorrelationId=8dd8e926-f214-4251-abba-05257a799918|CORS policy execution successful. 
2026-09-04 11:14:33.5093|Info|Microsoft.AspNetCore.Hosting.Diagnostics|CorrelationId=|Request finished HTTP/1.1 POST http://localhost:5176/api/v1/notifications/negotiate?negotiateVersion=1 - 404 0 - 1.9024ms 
2026-09-04 11:14:33.5093|Info|Microsoft.AspNetCore.Hosting.Diagnostics|CorrelationId=|Request reached the end of the middleware pipeline without being handled by application code. Request path: POST http://localhost:5176/api/v1/notifications/negotiate, Response status code: 404 
2026-09-04 11:14:33.5900|Info|Microsoft.AspNetCore.Hosting.Diagnostics|CorrelationId=|Request starting HTTP/1.1 GET http://localhost:5176/api/v1/Loan?pageNumber=1&pageSize=20 - - - 
2026-09-04 11:14:33.5900|Info|Microsoft.AspNetCore.Routing.EndpointMiddleware|CorrelationId=0b850eaa-b86c-4af2-b040-78f31f307d0e|Executing endpoint 'SmartLoan.Api.Controllers.LoanController.GetAll (SmartLoan.Api)' 
2026-09-04 11:14:33.5900|Info|Microsoft.AspNetCore.Mvc.Infrastructure.ControllerActionInvoker|CorrelationId=0b850eaa-b86c-4af2-b040-78f31f307d0e|Route matched with {action = "GetAll", controller = "Loan"}. Executing controller action with signature System.Threading.Tasks.Task`1[Microsoft.AspNetCore.Mvc.ActionResult`1[SmartLoan.Application.Common.PagedResponse`1[SmartLoan.Application.Loans.Queries.LoanDto]]] GetAll(SmartLoan.Application.Common.PagedRequest) on controller SmartLoan.Api.Controllers.LoanController (SmartLoan.Api). 
2026-09-04 11:14:33.5900|Info|SmartLoan.Application.Common.Behaviors.LoggingBehavior|CorrelationId=0b850eaa-b86c-4af2-b040-78f31f307d0e|smartloan Request:GetLoansQuery starting... 
2026-09-04 11:14:33.5900|Info|Microsoft.EntityFrameworkCore.Database.Command|CorrelationId=0b850eaa-b86c-4af2-b040-78f31f307d0e|Executed DbCommand (1ms) [Parameters=[], CommandType='Text', CommandTimeout='30']
SELECT count(*)::int
FROM "LoanApplications" AS l
WHERE NOT (l."IsDeleted") 
2026-09-04 11:14:33.5900|Info|Microsoft.EntityFrameworkCore.Database.Command|CorrelationId=0b850eaa-b86c-4af2-b040-78f31f307d0e|Executed DbCommand (1ms) [Parameters=[@p1='?' (DbType = Int32), @p='?' (DbType = Int32)], CommandType='Text', CommandTimeout='30']
SELECT l0."Id", c0."FullName", l0."DailyAmount", l0."LoanAmount", l0."ServiceFee", l0."Status", l0."CreatedAt"
FROM (
    SELECT l."Id", l."CreatedAt", l."CustomerId", l."DailyAmount", l."LoanAmount", l."ServiceFee", l."Status"
    FROM "LoanApplications" AS l
    WHERE NOT (l."IsDeleted")
    ORDER BY l."CreatedAt" DESC
    LIMIT @p1 OFFSET @p
) AS l0
INNER JOIN (
    SELECT c."Id", c."FullName"
    FROM "Customers" AS c
    WHERE NOT (c."IsDeleted")
) AS c0 ON l0."CustomerId" = c0."Id"
ORDER BY l0."CreatedAt" DESC 
2026-09-04 11:14:33.6010|Info|SmartLoan.Application.Common.Behaviors.LoggingBehavior|CorrelationId=0b850eaa-b86c-4af2-b040-78f31f307d0e|Smarloan Request:GetLoansQuery finished in 9ms 
2026-09-04 11:14:33.6010|Info|Microsoft.AspNetCore.Mvc.Infrastructure.ObjectResultExecutor|CorrelationId=0b850eaa-b86c-4af2-b040-78f31f307d0e|Executing ObjectResult, writing value of type 'SmartLoan.Application.Common.PagedResponse`1[[SmartLoan.Application.Loans.Queries.LoanDto, SmartLoan.Application, Version=1.0.0.0, Culture=neutral, PublicKeyToken=null]]'. 
2026-09-04 11:14:33.6010|Info|Microsoft.AspNetCore.Mvc.Infrastructure.ControllerActionInvoker|CorrelationId=0b850eaa-b86c-4af2-b040-78f31f307d0e|Executed action SmartLoan.Api.Controllers.LoanController.GetAll (SmartLoan.Api) in 10.8645ms 
2026-09-04 11:14:33.6010|Info|Microsoft.AspNetCore.Routing.EndpointMiddleware|CorrelationId=0b850eaa-b86c-4af2-b040-78f31f307d0e|Executed endpoint 'SmartLoan.Api.Controllers.LoanController.GetAll (SmartLoan.Api)' 
2026-09-04 11:14:33.6010|Info|Microsoft.AspNetCore.Hosting.Diagnostics|CorrelationId=|Request finished HTTP/1.1 GET http://localhost:5176/api/v1/Loan?pageNumber=1&pageSize=20 - 200 - application/json;+charset=utf-8 12.4197ms 
2026-09-04 11:14:33.6010|Info|Microsoft.AspNetCore.Hosting.Diagnostics|CorrelationId=|Request starting HTTP/1.1 GET http://localhost:5176/api/v1/Dashboard/summary - - - 
2026-09-04 11:14:33.6010|Info|Microsoft.AspNetCore.Routing.EndpointMiddleware|CorrelationId=88d387fc-c54e-484f-b59f-713b148a5818|Executing endpoint 'SmartLoan.Api.Controllers.DashboardController.GetSummary (SmartLoan.Api)' 
2026-09-04 11:14:33.6010|Info|Microsoft.AspNetCore.Mvc.Infrastructure.ControllerActionInvoker|CorrelationId=88d387fc-c54e-484f-b59f-713b148a5818|Route matched with {action = "GetSummary", controller = "Dashboard"}. Executing controller action with signature System.Threading.Tasks.Task`1[Microsoft.AspNetCore.Mvc.ActionResult`1[SmartLoan.Application.Dashboard.Queries.GetLoanSummary.LoanSummaryDto]] GetSummary() on controller SmartLoan.Api.Controllers.DashboardController (SmartLoan.Api). 
2026-09-04 11:14:33.6010|Info|SmartLoan.Application.Common.Behaviors.LoggingBehavior|CorrelationId=88d387fc-c54e-484f-b59f-713b148a5818|smartloan Request:GetLoansummatyQuery starting... 
2026-09-04 11:14:33.6010|Info|Microsoft.EntityFrameworkCore.Database.Command|CorrelationId=88d387fc-c54e-484f-b59f-713b148a5818|Executed DbCommand (1ms) [Parameters=[], CommandType='Text', CommandTimeout='30']
SELECT COALESCE(sum(p."Amount"), 0.0)
FROM "Payments" AS p 
2026-09-04 11:14:33.6147|Info|Microsoft.EntityFrameworkCore.Database.Command|CorrelationId=88d387fc-c54e-484f-b59f-713b148a5818|Executed DbCommand (0ms) [Parameters=[], CommandType='Text', CommandTimeout='30']
SELECT COALESCE(sum(l."ServiceFee"), 0.0)
FROM "LoanApplications" AS l
WHERE NOT (l."IsDeleted") AND l."Status" = 'Approved' 
2026-09-04 11:14:33.6147|Info|Microsoft.EntityFrameworkCore.Database.Command|CorrelationId=88d387fc-c54e-484f-b59f-713b148a5818|Executed DbCommand (5ms) [Parameters=[], CommandType='Text', CommandTimeout='30']
SELECT count(*)::int
FROM "LoanApplications" AS l
WHERE NOT (l."IsDeleted") AND l."Status" = 'Saving' 
2026-09-04 11:14:33.6147|Info|Microsoft.EntityFrameworkCore.Database.Command|CorrelationId=88d387fc-c54e-484f-b59f-713b148a5818|Executed DbCommand (1ms) [Parameters=[], CommandType='Text', CommandTimeout='30']
SELECT count(*)::int
FROM "LoanApplications" AS l
WHERE NOT (l."IsDeleted") AND l."Status" = 'Approved' 
2026-09-04 11:14:33.6147|Info|SmartLoan.Application.Common.Behaviors.LoggingBehavior|CorrelationId=88d387fc-c54e-484f-b59f-713b148a5818|Smarloan Request:GetLoansummatyQuery finished in 11ms 
2026-09-04 11:14:33.6147|Info|Microsoft.AspNetCore.Mvc.Infrastructure.ObjectResultExecutor|CorrelationId=88d387fc-c54e-484f-b59f-713b148a5818|Executing ObjectResult, writing value of type 'SmartLoan.Application.Dashboard.Queries.GetLoanSummary.LoanSummaryDto'. 
2026-09-04 11:14:33.6147|Info|Microsoft.AspNetCore.Mvc.Infrastructure.ControllerActionInvoker|CorrelationId=88d387fc-c54e-484f-b59f-713b148a5818|Executed action SmartLoan.Api.Controllers.DashboardController.GetSummary (SmartLoan.Api) in 13.2118ms 
2026-09-04 11:14:33.6147|Info|Microsoft.AspNetCore.Routing.EndpointMiddleware|CorrelationId=88d387fc-c54e-484f-b59f-713b148a5818|Executed endpoint 'SmartLoan.Api.Controllers.DashboardController.GetSummary (SmartLoan.Api)' 
2026-09-04 11:14:33.6147|Info|Microsoft.AspNetCore.Hosting.Diagnostics|CorrelationId=|Request finished HTTP/1.1 GET http://localhost:5176/api/v1/Dashboard/summary - 200 - application/json;+charset=utf-8 25.0940ms 
2026-09-04 11:14:35.4879|Info|Microsoft.AspNetCore.Hosting.Diagnostics|CorrelationId=|Request starting HTTP/1.1 POST http://localhost:5176/api/v1/Dashboard/reports - application/json 24 
2026-09-04 11:14:35.4879|Info|Microsoft.AspNetCore.Cors.Infrastructure.CorsService|CorrelationId=19124c55-7730-443d-9af5-be4eb5ab2047|CORS policy execution successful. 
2026-09-04 11:14:35.4879|Info|Microsoft.AspNetCore.Routing.EndpointMiddleware|CorrelationId=19124c55-7730-443d-9af5-be4eb5ab2047|Executing endpoint 'SmartLoan.Api.Controllers.DashboardController.RequestReport (SmartLoan.Api)' 
2026-09-04 11:14:35.4879|Info|Microsoft.AspNetCore.Mvc.Infrastructure.ControllerActionInvoker|CorrelationId=19124c55-7730-443d-9af5-be4eb5ab2047|Route matched with {action = "RequestReport", controller = "Dashboard"}. Executing controller action with signature System.Threading.Tasks.Task`1[Microsoft.AspNetCore.Mvc.IActionResult] RequestReport(SmartLoan.Application.Dashboard.GenerateReportCommand) on controller SmartLoan.Api.Controllers.DashboardController (SmartLoan.Api). 
2026-09-04 11:14:35.4919|Info|SmartLoan.Application.Common.Behaviors.LoggingBehavior|CorrelationId=19124c55-7730-443d-9af5-be4eb5ab2047|smartloan Request:GenerateReportCommand starting... 
2026-09-04 11:14:35.4919|Info|SmartLoan.Application.Common.Behaviors.LoggingBehavior|CorrelationId=19124c55-7730-443d-9af5-be4eb5ab2047|Smarloan Request:GenerateReportCommand finished in 1ms 
2026-09-04 11:14:35.4919|Info|SmartLoan.Infrastructure.BackgroundJobs.ReportWorker|CorrelationId=|Chef picking up Report 1be7c63c. Processing... 
2026-09-04 11:14:35.4919|Info|Microsoft.AspNetCore.Mvc.Infrastructure.ObjectResultExecutor|CorrelationId=19124c55-7730-443d-9af5-be4eb5ab2047|Executing AcceptedResult, writing value of type '<>f__AnonymousType3`2[[System.String, System.Private.CoreLib, Version=10.0.0.0, Culture=neutral, PublicKeyToken=7cec85d7bea7798e],[System.String, System.Private.CoreLib, Version=10.0.0.0, Culture=neutral, PublicKeyToken=7cec85d7bea7798e]]'. 
2026-09-04 11:14:35.4919|Info|Microsoft.AspNetCore.Mvc.Infrastructure.ControllerActionInvoker|CorrelationId=19124c55-7730-443d-9af5-be4eb5ab2047|Executed action SmartLoan.Api.Controllers.DashboardController.RequestReport (SmartLoan.Api) in 7.1991ms 
2026-09-04 11:14:35.4919|Info|Microsoft.AspNetCore.Routing.EndpointMiddleware|CorrelationId=19124c55-7730-443d-9af5-be4eb5ab2047|Executed endpoint 'SmartLoan.Api.Controllers.DashboardController.RequestReport (SmartLoan.Api)' 
2026-09-04 11:14:35.4919|Info|Microsoft.AspNetCore.Hosting.Diagnostics|CorrelationId=|Request finished HTTP/1.1 POST http://localhost:5176/api/v1/Dashboard/reports - 202 - application/json;+charset=utf-8 8.2891ms 
2026-09-04 11:14:45.4981|Info|SmartLoan.Infrastructure.BackgroundJobs.ReportWorker|CorrelationId=|Report 1be7c63c finished! (Ready for download) 
2026-09-04 11:15:43.6060|Info|Microsoft.AspNetCore.Hosting.Diagnostics|CorrelationId=|Request starting HTTP/1.1 GET http://localhost:5176/api/v1/Auth/me - - - 
2026-09-04 11:15:43.6060|Info|Microsoft.AspNetCore.Routing.EndpointMiddleware|CorrelationId=0cb3f43d-9e7e-407e-a9c2-1490c4cb6a8d|Executing endpoint 'SmartLoan.Api.Controllers.AuthController.GetCurrentUser (SmartLoan.Api)' 
2026-09-04 11:15:43.6060|Info|Microsoft.AspNetCore.Mvc.Infrastructure.ControllerActionInvoker|CorrelationId=0cb3f43d-9e7e-407e-a9c2-1490c4cb6a8d|Route matched with {action = "GetCurrentUser", controller = "Auth"}. Executing controller action with signature Microsoft.AspNetCore.Mvc.IActionResult GetCurrentUser() on controller SmartLoan.Api.Controllers.AuthController (SmartLoan.Api). 
2026-09-04 11:15:43.6060|Info|Microsoft.AspNetCore.Mvc.Infrastructure.ObjectResultExecutor|CorrelationId=0cb3f43d-9e7e-407e-a9c2-1490c4cb6a8d|Executing OkObjectResult, writing value of type '<>f__AnonymousType0`2[[System.String, System.Private.CoreLib, Version=10.0.0.0, Culture=neutral, PublicKeyToken=7cec85d7bea7798e],[System.String, System.Private.CoreLib, Version=10.0.0.0, Culture=neutral, PublicKeyToken=7cec85d7bea7798e]]'. 
2026-09-04 11:15:43.6060|Info|Microsoft.AspNetCore.Mvc.Infrastructure.ControllerActionInvoker|CorrelationId=0cb3f43d-9e7e-407e-a9c2-1490c4cb6a8d|Executed action SmartLoan.Api.Controllers.AuthController.GetCurrentUser (SmartLoan.Api) in 0.388ms 
2026-09-04 11:15:43.6060|Info|Microsoft.AspNetCore.Routing.EndpointMiddleware|CorrelationId=0cb3f43d-9e7e-407e-a9c2-1490c4cb6a8d|Executed endpoint 'SmartLoan.Api.Controllers.AuthController.GetCurrentUser (SmartLoan.Api)' 
2026-09-04 11:15:43.6060|Info|Microsoft.AspNetCore.Hosting.Diagnostics|CorrelationId=|Request finished HTTP/1.1 GET http://localhost:5176/api/v1/Auth/me - 200 - application/json;+charset=utf-8 2.1354ms 
2026-09-04 11:15:43.6275|Info|Microsoft.AspNetCore.Hosting.Diagnostics|CorrelationId=|Request starting HTTP/1.1 GET http://localhost:5176/api/v1/Auth/me - - - 
2026-09-04 11:15:43.6386|Info|Microsoft.AspNetCore.Hosting.Diagnostics|CorrelationId=|Request starting HTTP/1.1 POST http://localhost:5176/api/v1/notifications/negotiate?negotiateVersion=1 - - 0 
2026-09-04 11:15:43.6386|Info|Microsoft.AspNetCore.Routing.EndpointMiddleware|CorrelationId=abb5cf24-9999-4fed-8784-5c79dc8087b2|Executing endpoint 'SmartLoan.Api.Controllers.AuthController.GetCurrentUser (SmartLoan.Api)' 
2026-09-04 11:15:43.6549|Info|Microsoft.AspNetCore.Cors.Infrastructure.CorsService|CorrelationId=4720cd1a-860f-4836-afbf-789edeca652e|CORS policy execution successful. 
2026-09-04 11:15:43.6549|Info|Microsoft.AspNetCore.Mvc.Infrastructure.ControllerActionInvoker|CorrelationId=abb5cf24-9999-4fed-8784-5c79dc8087b2|Route matched with {action = "GetCurrentUser", controller = "Auth"}. Executing controller action with signature Microsoft.AspNetCore.Mvc.IActionResult GetCurrentUser() on controller SmartLoan.Api.Controllers.AuthController (SmartLoan.Api). 
2026-09-04 11:15:43.6549|Info|Microsoft.AspNetCore.Hosting.Diagnostics|CorrelationId=|Request finished HTTP/1.1 POST http://localhost:5176/api/v1/notifications/negotiate?negotiateVersion=1 - 404 0 - 16.9170ms 
2026-09-04 11:15:43.6549|Info|Microsoft.AspNetCore.Mvc.Infrastructure.ObjectResultExecutor|CorrelationId=abb5cf24-9999-4fed-8784-5c79dc8087b2|Executing OkObjectResult, writing value of type '<>f__AnonymousType0`2[[System.String, System.Private.CoreLib, Version=10.0.0.0, Culture=neutral, PublicKeyToken=7cec85d7bea7798e],[System.String, System.Private.CoreLib, Version=10.0.0.0, Culture=neutral, PublicKeyToken=7cec85d7bea7798e]]'. 
2026-09-04 11:15:43.6549|Info|Microsoft.AspNetCore.Hosting.Diagnostics|CorrelationId=|Request reached the end of the middleware pipeline without being handled by application code. Request path: POST http://localhost:5176/api/v1/notifications/negotiate, Response status code: 404 
2026-09-04 11:15:43.6549|Info|Microsoft.AspNetCore.Mvc.Infrastructure.ControllerActionInvoker|CorrelationId=abb5cf24-9999-4fed-8784-5c79dc8087b2|Executed action SmartLoan.Api.Controllers.AuthController.GetCurrentUser (SmartLoan.Api) in 0.3432ms 
2026-09-04 11:15:43.6693|Info|Microsoft.AspNetCore.Routing.EndpointMiddleware|CorrelationId=abb5cf24-9999-4fed-8784-5c79dc8087b2|Executed endpoint 'SmartLoan.Api.Controllers.AuthController.GetCurrentUser (SmartLoan.Api)' 
2026-09-04 11:15:43.6693|Info|Microsoft.AspNetCore.Hosting.Diagnostics|CorrelationId=|Request finished HTTP/1.1 GET http://localhost:5176/api/v1/Auth/me - 200 - application/json;+charset=utf-8 41.9754ms 
2026-09-04 11:15:43.7393|Info|Microsoft.AspNetCore.Hosting.Diagnostics|CorrelationId=|Request starting HTTP/1.1 GET http://localhost:5176/api/v1/Loan?pageNumber=1&pageSize=20 - - - 
2026-09-04 11:15:43.7406|Info|Microsoft.AspNetCore.Routing.EndpointMiddleware|CorrelationId=895fb098-f81c-41ee-8d6d-b64e2de805f4|Executing endpoint 'SmartLoan.Api.Controllers.LoanController.GetAll (SmartLoan.Api)' 
2026-09-04 11:15:43.7406|Info|Microsoft.AspNetCore.Mvc.Infrastructure.ControllerActionInvoker|CorrelationId=895fb098-f81c-41ee-8d6d-b64e2de805f4|Route matched with {action = "GetAll", controller = "Loan"}. Executing controller action with signature System.Threading.Tasks.Task`1[Microsoft.AspNetCore.Mvc.ActionResult`1[SmartLoan.Application.Common.PagedResponse`1[SmartLoan.Application.Loans.Queries.LoanDto]]] GetAll(SmartLoan.Application.Common.PagedRequest) on controller SmartLoan.Api.Controllers.LoanController (SmartLoan.Api). 
2026-09-04 11:15:43.7406|Info|Microsoft.AspNetCore.Hosting.Diagnostics|CorrelationId=|Request starting HTTP/1.1 GET http://localhost:5176/api/v1/Dashboard/summary - - - 
2026-09-04 11:15:43.7406|Info|SmartLoan.Application.Common.Behaviors.LoggingBehavior|CorrelationId=895fb098-f81c-41ee-8d6d-b64e2de805f4|smartloan Request:GetLoansQuery starting... 
2026-09-04 11:15:43.7406|Info|Microsoft.AspNetCore.Routing.EndpointMiddleware|CorrelationId=ba2ac873-7384-415a-aaf6-112bbfc22dba|Executing endpoint 'SmartLoan.Api.Controllers.DashboardController.GetSummary (SmartLoan.Api)' 
2026-09-04 11:15:43.7406|Info|Microsoft.AspNetCore.Mvc.Infrastructure.ControllerActionInvoker|CorrelationId=ba2ac873-7384-415a-aaf6-112bbfc22dba|Route matched with {action = "GetSummary", controller = "Dashboard"}. Executing controller action with signature System.Threading.Tasks.Task`1[Microsoft.AspNetCore.Mvc.ActionResult`1[SmartLoan.Application.Dashboard.Queries.GetLoanSummary.LoanSummaryDto]] GetSummary() on controller SmartLoan.Api.Controllers.DashboardController (SmartLoan.Api). 
2026-09-04 11:15:43.7406|Info|SmartLoan.Application.Common.Behaviors.LoggingBehavior|CorrelationId=ba2ac873-7384-415a-aaf6-112bbfc22dba|smartloan Request:GetLoansummatyQuery starting... 
2026-09-04 11:15:43.7406|Info|Microsoft.EntityFrameworkCore.Database.Command|CorrelationId=895fb098-f81c-41ee-8d6d-b64e2de805f4|Executed DbCommand (1ms) [Parameters=[], CommandType='Text', CommandTimeout='30']
SELECT count(*)::int
FROM "LoanApplications" AS l
WHERE NOT (l."IsDeleted") 
2026-09-04 11:15:43.7406|Info|Microsoft.EntityFrameworkCore.Database.Command|CorrelationId=ba2ac873-7384-415a-aaf6-112bbfc22dba|Executed DbCommand (4ms) [Parameters=[], CommandType='Text', CommandTimeout='30']
SELECT COALESCE(sum(p."Amount"), 0.0)
FROM "Payments" AS p 
2026-09-04 11:15:43.7406|Info|Microsoft.EntityFrameworkCore.Database.Command|CorrelationId=895fb098-f81c-41ee-8d6d-b64e2de805f4|Executed DbCommand (4ms) [Parameters=[@p1='?' (DbType = Int32), @p='?' (DbType = Int32)], CommandType='Text', CommandTimeout='30']
SELECT l0."Id", c0."FullName", l0."DailyAmount", l0."LoanAmount", l0."ServiceFee", l0."Status", l0."CreatedAt"
FROM (
    SELECT l."Id", l."CreatedAt", l."CustomerId", l."DailyAmount", l."LoanAmount", l."ServiceFee", l."Status"
    FROM "LoanApplications" AS l
    WHERE NOT (l."IsDeleted")
    ORDER BY l."CreatedAt" DESC
    LIMIT @p1 OFFSET @p
) AS l0
INNER JOIN (
    SELECT c."Id", c."FullName"
    FROM "Customers" AS c
    WHERE NOT (c."IsDeleted")
) AS c0 ON l0."CustomerId" = c0."Id"
ORDER BY l0."CreatedAt" DESC 
2026-09-04 11:15:43.7406|Info|Microsoft.EntityFrameworkCore.Database.Command|CorrelationId=ba2ac873-7384-415a-aaf6-112bbfc22dba|Executed DbCommand (1ms) [Parameters=[], CommandType='Text', CommandTimeout='30']
SELECT COALESCE(sum(l."ServiceFee"), 0.0)
FROM "LoanApplications" AS l
WHERE NOT (l."IsDeleted") AND l."Status" = 'Approved' 
2026-09-04 11:15:43.7406|Info|SmartLoan.Application.Common.Behaviors.LoggingBehavior|CorrelationId=895fb098-f81c-41ee-8d6d-b64e2de805f4|Smarloan Request:GetLoansQuery finished in 8ms 
2026-09-04 11:15:43.7629|Info|Microsoft.EntityFrameworkCore.Database.Command|CorrelationId=ba2ac873-7384-415a-aaf6-112bbfc22dba|Executed DbCommand (12ms) [Parameters=[], CommandType='Text', CommandTimeout='30']
SELECT count(*)::int
FROM "LoanApplications" AS l
WHERE NOT (l."IsDeleted") AND l."Status" = 'Saving' 
2026-09-04 11:15:43.8400|Info|Microsoft.AspNetCore.Mvc.Infrastructure.ObjectResultExecutor|CorrelationId=895fb098-f81c-41ee-8d6d-b64e2de805f4|Executing ObjectResult, writing value of type 'SmartLoan.Application.Common.PagedResponse`1[[SmartLoan.Application.Loans.Queries.LoanDto, SmartLoan.Application, Version=1.0.0.0, Culture=neutral, PublicKeyToken=null]]'. 
2026-09-04 11:15:43.9722|Info|Microsoft.EntityFrameworkCore.Database.Command|CorrelationId=ba2ac873-7384-415a-aaf6-112bbfc22dba|Executed DbCommand (8ms) [Parameters=[], CommandType='Text', CommandTimeout='30']
SELECT count(*)::int
FROM "LoanApplications" AS l
WHERE NOT (l."IsDeleted") AND l."Status" = 'Approved' 
2026-09-04 11:15:43.9859|Info|SmartLoan.Application.Common.Behaviors.LoggingBehavior|CorrelationId=ba2ac873-7384-415a-aaf6-112bbfc22dba|Smarloan Request:GetLoansummatyQuery finished in 243ms 
2026-09-04 11:15:43.9859|Info|Microsoft.AspNetCore.Mvc.Infrastructure.ObjectResultExecutor|CorrelationId=ba2ac873-7384-415a-aaf6-112bbfc22dba|Executing ObjectResult, writing value of type 'SmartLoan.Application.Dashboard.Queries.GetLoanSummary.LoanSummaryDto'. 
2026-09-04 11:15:43.9722|Info|Microsoft.AspNetCore.Mvc.Infrastructure.ControllerActionInvoker|CorrelationId=895fb098-f81c-41ee-8d6d-b64e2de805f4|Executed action SmartLoan.Api.Controllers.LoanController.GetAll (SmartLoan.Api) in 232.0387ms 
2026-09-04 11:15:43.9859|Info|Microsoft.AspNetCore.Routing.EndpointMiddleware|CorrelationId=895fb098-f81c-41ee-8d6d-b64e2de805f4|Executed endpoint 'SmartLoan.Api.Controllers.LoanController.GetAll (SmartLoan.Api)' 
2026-09-04 11:15:43.9859|Info|Microsoft.AspNetCore.Mvc.Infrastructure.ControllerActionInvoker|CorrelationId=ba2ac873-7384-415a-aaf6-112bbfc22dba|Executed action SmartLoan.Api.Controllers.DashboardController.GetSummary (SmartLoan.Api) in 244.393ms 
2026-09-04 11:15:44.0441|Info|Microsoft.AspNetCore.Hosting.Diagnostics|CorrelationId=|Request finished HTTP/1.1 GET http://localhost:5176/api/v1/Loan?pageNumber=1&pageSize=20 - 200 - application/json;+charset=utf-8 304.8112ms 
2026-09-04 11:15:44.1121|Info|Microsoft.AspNetCore.Routing.EndpointMiddleware|CorrelationId=ba2ac873-7384-415a-aaf6-112bbfc22dba|Executed endpoint 'SmartLoan.Api.Controllers.DashboardController.GetSummary (SmartLoan.Api)' 
2026-09-04 11:15:44.1287|Info|Microsoft.AspNetCore.Hosting.Diagnostics|CorrelationId=|Request finished HTTP/1.1 GET http://localhost:5176/api/v1/Dashboard/summary - 200 - application/json;+charset=utf-8 387.2918ms 
2026-09-04 11:15:46.9852|Info|Microsoft.AspNetCore.Hosting.Diagnostics|CorrelationId=|Request starting HTTP/1.1 GET http://localhost:5176/api/v1/Auth/me - - - 
2026-09-04 11:15:46.9852|Info|Microsoft.AspNetCore.Routing.EndpointMiddleware|CorrelationId=0267bef3-a3df-4244-ae3d-cb1d84f9dfcd|Executing endpoint 'SmartLoan.Api.Controllers.AuthController.GetCurrentUser (SmartLoan.Api)' 
2026-09-04 11:15:46.9852|Info|Microsoft.AspNetCore.Mvc.Infrastructure.ControllerActionInvoker|CorrelationId=0267bef3-a3df-4244-ae3d-cb1d84f9dfcd|Route matched with {action = "GetCurrentUser", controller = "Auth"}. Executing controller action with signature Microsoft.AspNetCore.Mvc.IActionResult GetCurrentUser() on controller SmartLoan.Api.Controllers.AuthController (SmartLoan.Api). 
2026-09-04 11:15:46.9852|Info|Microsoft.AspNetCore.Mvc.Infrastructure.ObjectResultExecutor|CorrelationId=0267bef3-a3df-4244-ae3d-cb1d84f9dfcd|Executing OkObjectResult, writing value of type '<>f__AnonymousType0`2[[System.String, System.Private.CoreLib, Version=10.0.0.0, Culture=neutral, PublicKeyToken=7cec85d7bea7798e],[System.String, System.Private.CoreLib, Version=10.0.0.0, Culture=neutral, PublicKeyToken=7cec85d7bea7798e]]'. 
2026-09-04 11:15:46.9852|Info|Microsoft.AspNetCore.Mvc.Infrastructure.ControllerActionInvoker|CorrelationId=0267bef3-a3df-4244-ae3d-cb1d84f9dfcd|Executed action SmartLoan.Api.Controllers.AuthController.GetCurrentUser (SmartLoan.Api) in 0.5985ms 
2026-09-04 11:15:46.9852|Info|Microsoft.AspNetCore.Routing.EndpointMiddleware|CorrelationId=0267bef3-a3df-4244-ae3d-cb1d84f9dfcd|Executed endpoint 'SmartLoan.Api.Controllers.AuthController.GetCurrentUser (SmartLoan.Api)' 
2026-09-04 11:15:46.9852|Info|Microsoft.AspNetCore.Hosting.Diagnostics|CorrelationId=|Request finished HTTP/1.1 GET http://localhost:5176/api/v1/Auth/me - 200 - application/json;+charset=utf-8 2.8786ms 
2026-09-04 11:15:47.0026|Info|Microsoft.AspNetCore.Hosting.Diagnostics|CorrelationId=|Request starting HTTP/1.1 GET http://localhost:5176/api/v1/Auth/me - - - 
2026-09-04 11:15:47.0080|Info|Microsoft.AspNetCore.Routing.EndpointMiddleware|CorrelationId=edac6a0c-7642-4a75-ac56-ecaf20d233af|Executing endpoint 'SmartLoan.Api.Controllers.AuthController.GetCurrentUser (SmartLoan.Api)' 
2026-09-04 11:15:47.0080|Info|Microsoft.AspNetCore.Mvc.Infrastructure.ControllerActionInvoker|CorrelationId=edac6a0c-7642-4a75-ac56-ecaf20d233af|Route matched with {action = "GetCurrentUser", controller = "Auth"}. Executing controller action with signature Microsoft.AspNetCore.Mvc.IActionResult GetCurrentUser() on controller SmartLoan.Api.Controllers.AuthController (SmartLoan.Api). 
2026-09-04 11:15:47.0080|Info|Microsoft.AspNetCore.Mvc.Infrastructure.ObjectResultExecutor|CorrelationId=edac6a0c-7642-4a75-ac56-ecaf20d233af|Executing OkObjectResult, writing value of type '<>f__AnonymousType0`2[[System.String, System.Private.CoreLib, Version=10.0.0.0, Culture=neutral, PublicKeyToken=7cec85d7bea7798e],[System.String, System.Private.CoreLib, Version=10.0.0.0, Culture=neutral, PublicKeyToken=7cec85d7bea7798e]]'. 
2026-09-04 11:15:47.0080|Info|Microsoft.AspNetCore.Mvc.Infrastructure.ControllerActionInvoker|CorrelationId=edac6a0c-7642-4a75-ac56-ecaf20d233af|Executed action SmartLoan.Api.Controllers.AuthController.GetCurrentUser (SmartLoan.Api) in 2.2017ms 
2026-09-04 11:15:47.0080|Info|Microsoft.AspNetCore.Routing.EndpointMiddleware|CorrelationId=edac6a0c-7642-4a75-ac56-ecaf20d233af|Executed endpoint 'SmartLoan.Api.Controllers.AuthController.GetCurrentUser (SmartLoan.Api)' 
2026-09-04 11:15:47.0080|Info|Microsoft.AspNetCore.Hosting.Diagnostics|CorrelationId=|Request finished HTTP/1.1 GET http://localhost:5176/api/v1/Auth/me - 200 - application/json;+charset=utf-8 12.7742ms 
2026-09-04 11:15:47.0080|Info|Microsoft.AspNetCore.Hosting.Diagnostics|CorrelationId=|Request starting HTTP/1.1 POST http://localhost:5176/api/v1/notifications/negotiate?negotiateVersion=1 - - 0 
2026-09-04 11:15:47.0080|Info|Microsoft.AspNetCore.Cors.Infrastructure.CorsService|CorrelationId=aa9e8423-6a2f-468a-8a4d-f9476d7b3d6c|CORS policy execution successful. 
2026-09-04 11:15:47.0222|Info|Microsoft.AspNetCore.Hosting.Diagnostics|CorrelationId=|Request finished HTTP/1.1 POST http://localhost:5176/api/v1/notifications/negotiate?negotiateVersion=1 - 404 0 - 10.0451ms 
2026-09-04 11:15:47.0222|Info|Microsoft.AspNetCore.Hosting.Diagnostics|CorrelationId=|Request reached the end of the middleware pipeline without being handled by application code. Request path: POST http://localhost:5176/api/v1/notifications/negotiate, Response status code: 404 
2026-09-04 11:15:47.0814|Info|Microsoft.AspNetCore.Hosting.Diagnostics|CorrelationId=|Request starting HTTP/1.1 GET http://localhost:5176/api/v1/Loan?pageNumber=1&pageSize=20 - - - 
2026-09-04 11:15:47.0814|Info|Microsoft.AspNetCore.Routing.EndpointMiddleware|CorrelationId=0bf37721-a729-40ba-8f83-133844a0333d|Executing endpoint 'SmartLoan.Api.Controllers.LoanController.GetAll (SmartLoan.Api)' 
2026-09-04 11:15:47.0814|Info|Microsoft.AspNetCore.Mvc.Infrastructure.ControllerActionInvoker|CorrelationId=0bf37721-a729-40ba-8f83-133844a0333d|Route matched with {action = "GetAll", controller = "Loan"}. Executing controller action with signature System.Threading.Tasks.Task`1[Microsoft.AspNetCore.Mvc.ActionResult`1[SmartLoan.Application.Common.PagedResponse`1[SmartLoan.Application.Loans.Queries.LoanDto]]] GetAll(SmartLoan.Application.Common.PagedRequest) on controller SmartLoan.Api.Controllers.LoanController (SmartLoan.Api). 
2026-09-04 11:15:47.0814|Info|SmartLoan.Application.Common.Behaviors.LoggingBehavior|CorrelationId=0bf37721-a729-40ba-8f83-133844a0333d|smartloan Request:GetLoansQuery starting... 
2026-09-04 11:15:47.0850|Info|Microsoft.EntityFrameworkCore.Database.Command|CorrelationId=0bf37721-a729-40ba-8f83-133844a0333d|Executed DbCommand (1ms) [Parameters=[], CommandType='Text', CommandTimeout='30']
SELECT count(*)::int
FROM "LoanApplications" AS l
WHERE NOT (l."IsDeleted") 
2026-09-04 11:15:47.0850|Info|Microsoft.EntityFrameworkCore.Database.Command|CorrelationId=0bf37721-a729-40ba-8f83-133844a0333d|Executed DbCommand (1ms) [Parameters=[@p1='?' (DbType = Int32), @p='?' (DbType = Int32)], CommandType='Text', CommandTimeout='30']
SELECT l0."Id", c0."FullName", l0."DailyAmount", l0."LoanAmount", l0."ServiceFee", l0."Status", l0."CreatedAt"
FROM (
    SELECT l."Id", l."CreatedAt", l."CustomerId", l."DailyAmount", l."LoanAmount", l."ServiceFee", l."Status"
    FROM "LoanApplications" AS l
    WHERE NOT (l."IsDeleted")
    ORDER BY l."CreatedAt" DESC
    LIMIT @p1 OFFSET @p
) AS l0
INNER JOIN (
    SELECT c."Id", c."FullName"
    FROM "Customers" AS c
    WHERE NOT (c."IsDeleted")
) AS c0 ON l0."CustomerId" = c0."Id"
ORDER BY l0."CreatedAt" DESC 
2026-09-04 11:15:47.0850|Info|SmartLoan.Application.Common.Behaviors.LoggingBehavior|CorrelationId=0bf37721-a729-40ba-8f83-133844a0333d|Smarloan Request:GetLoansQuery finished in 7ms 
2026-09-04 11:15:47.0850|Info|Microsoft.AspNetCore.Mvc.Infrastructure.ObjectResultExecutor|CorrelationId=0bf37721-a729-40ba-8f83-133844a0333d|Executing ObjectResult, writing value of type 'SmartLoan.Application.Common.PagedResponse`1[[SmartLoan.Application.Loans.Queries.LoanDto, SmartLoan.Application, Version=1.0.0.0, Culture=neutral, PublicKeyToken=null]]'. 
2026-09-04 11:15:47.0850|Info|Microsoft.AspNetCore.Mvc.Infrastructure.ControllerActionInvoker|CorrelationId=0bf37721-a729-40ba-8f83-133844a0333d|Executed action SmartLoan.Api.Controllers.LoanController.GetAll (SmartLoan.Api) in 9.511ms 
2026-09-04 11:15:47.0850|Info|Microsoft.AspNetCore.Routing.EndpointMiddleware|CorrelationId=0bf37721-a729-40ba-8f83-133844a0333d|Executed endpoint 'SmartLoan.Api.Controllers.LoanController.GetAll (SmartLoan.Api)' 
2026-09-04 11:15:47.0850|Info|Microsoft.AspNetCore.Hosting.Diagnostics|CorrelationId=|Request starting HTTP/1.1 GET http://localhost:5176/api/v1/Dashboard/summary - - - 
2026-09-04 11:15:47.0850|Info|Microsoft.AspNetCore.Hosting.Diagnostics|CorrelationId=|Request finished HTTP/1.1 GET http://localhost:5176/api/v1/Loan?pageNumber=1&pageSize=20 - 200 - application/json;+charset=utf-8 11.7006ms 
2026-09-04 11:15:47.0850|Info|Microsoft.AspNetCore.Routing.EndpointMiddleware|CorrelationId=eb558648-fc06-4063-8d99-ad7454dd6a07|Executing endpoint 'SmartLoan.Api.Controllers.DashboardController.GetSummary (SmartLoan.Api)' 
2026-09-04 11:15:47.0850|Info|Microsoft.AspNetCore.Mvc.Infrastructure.ControllerActionInvoker|CorrelationId=eb558648-fc06-4063-8d99-ad7454dd6a07|Route matched with {action = "GetSummary", controller = "Dashboard"}. Executing controller action with signature System.Threading.Tasks.Task`1[Microsoft.AspNetCore.Mvc.ActionResult`1[SmartLoan.Application.Dashboard.Queries.GetLoanSummary.LoanSummaryDto]] GetSummary() on controller SmartLoan.Api.Controllers.DashboardController (SmartLoan.Api). 
2026-09-04 11:15:47.0850|Info|SmartLoan.Application.Common.Behaviors.LoggingBehavior|CorrelationId=eb558648-fc06-4063-8d99-ad7454dd6a07|smartloan Request:GetLoansummatyQuery starting... 
2026-09-04 11:15:47.0850|Info|Microsoft.EntityFrameworkCore.Database.Command|CorrelationId=eb558648-fc06-4063-8d99-ad7454dd6a07|Executed DbCommand (1ms) [Parameters=[], CommandType='Text', CommandTimeout='30']
SELECT COALESCE(sum(p."Amount"), 0.0)
FROM "Payments" AS p 
2026-09-04 11:15:47.0850|Info|Microsoft.EntityFrameworkCore.Database.Command|CorrelationId=eb558648-fc06-4063-8d99-ad7454dd6a07|Executed DbCommand (0ms) [Parameters=[], CommandType='Text', CommandTimeout='30']
SELECT COALESCE(sum(l."ServiceFee"), 0.0)
FROM "LoanApplications" AS l
WHERE NOT (l."IsDeleted") AND l."Status" = 'Approved' 
2026-09-04 11:15:47.0850|Info|Microsoft.EntityFrameworkCore.Database.Command|CorrelationId=eb558648-fc06-4063-8d99-ad7454dd6a07|Executed DbCommand (0ms) [Parameters=[], CommandType='Text', CommandTimeout='30']
SELECT count(*)::int
FROM "LoanApplications" AS l
WHERE NOT (l."IsDeleted") AND l."Status" = 'Saving' 
2026-09-04 11:15:47.1055|Info|Microsoft.EntityFrameworkCore.Database.Command|CorrelationId=eb558648-fc06-4063-8d99-ad7454dd6a07|Executed DbCommand (1ms) [Parameters=[], CommandType='Text', CommandTimeout='30']
SELECT count(*)::int
FROM "LoanApplications" AS l
WHERE NOT (l."IsDeleted") AND l."Status" = 'Approved' 
2026-09-04 11:15:47.1055|Info|SmartLoan.Application.Common.Behaviors.LoggingBehavior|CorrelationId=eb558648-fc06-4063-8d99-ad7454dd6a07|Smarloan Request:GetLoansummatyQuery finished in 10ms 
2026-09-04 11:15:47.1055|Info|Microsoft.AspNetCore.Mvc.Infrastructure.ObjectResultExecutor|CorrelationId=eb558648-fc06-4063-8d99-ad7454dd6a07|Executing ObjectResult, writing value of type 'SmartLoan.Application.Dashboard.Queries.GetLoanSummary.LoanSummaryDto'. 
2026-09-04 11:15:47.1055|Info|Microsoft.AspNetCore.Mvc.Infrastructure.ControllerActionInvoker|CorrelationId=eb558648-fc06-4063-8d99-ad7454dd6a07|Executed action SmartLoan.Api.Controllers.DashboardController.GetSummary (SmartLoan.Api) in 10.7976ms 
2026-09-04 11:15:47.1055|Info|Microsoft.AspNetCore.Routing.EndpointMiddleware|CorrelationId=eb558648-fc06-4063-8d99-ad7454dd6a07|Executed endpoint 'SmartLoan.Api.Controllers.DashboardController.GetSummary (SmartLoan.Api)' 
2026-09-04 11:15:47.1055|Info|Microsoft.AspNetCore.Hosting.Diagnostics|CorrelationId=|Request finished HTTP/1.1 GET http://localhost:5176/api/v1/Dashboard/summary - 200 - application/json;+charset=utf-8 14.0004ms 
2026-09-04 11:15:49.8491|Info|Microsoft.AspNetCore.Hosting.Diagnostics|CorrelationId=|Request starting HTTP/1.1 POST http://localhost:5176/api/v1/Dashboard/reports - application/json 24 
2026-09-04 11:15:49.8491|Info|Microsoft.AspNetCore.Cors.Infrastructure.CorsService|CorrelationId=d2c1172b-c548-4db6-983f-5a8313263fbb|CORS policy execution successful. 
2026-09-04 11:15:49.8491|Info|Microsoft.AspNetCore.Routing.EndpointMiddleware|CorrelationId=d2c1172b-c548-4db6-983f-5a8313263fbb|Executing endpoint 'SmartLoan.Api.Controllers.DashboardController.RequestReport (SmartLoan.Api)' 
2026-09-04 11:15:49.8491|Info|Microsoft.AspNetCore.Mvc.Infrastructure.ControllerActionInvoker|CorrelationId=d2c1172b-c548-4db6-983f-5a8313263fbb|Route matched with {action = "RequestReport", controller = "Dashboard"}. Executing controller action with signature System.Threading.Tasks.Task`1[Microsoft.AspNetCore.Mvc.IActionResult] RequestReport(SmartLoan.Application.Dashboard.GenerateReportCommand) on controller SmartLoan.Api.Controllers.DashboardController (SmartLoan.Api). 
2026-09-04 11:15:49.8491|Info|SmartLoan.Application.Common.Behaviors.LoggingBehavior|CorrelationId=d2c1172b-c548-4db6-983f-5a8313263fbb|smartloan Request:GenerateReportCommand starting... 
2026-09-04 11:15:49.8491|Info|SmartLoan.Application.Common.Behaviors.LoggingBehavior|CorrelationId=d2c1172b-c548-4db6-983f-5a8313263fbb|Smarloan Request:GenerateReportCommand finished in 1ms 
2026-09-04 11:15:49.8491|Info|SmartLoan.Infrastructure.BackgroundJobs.ReportWorker|CorrelationId=|Chef picking up Report adfa9684. Processing... 
2026-09-04 11:15:49.8491|Info|Microsoft.AspNetCore.Mvc.Infrastructure.ObjectResultExecutor|CorrelationId=d2c1172b-c548-4db6-983f-5a8313263fbb|Executing AcceptedResult, writing value of type '<>f__AnonymousType3`2[[System.String, System.Private.CoreLib, Version=10.0.0.0, Culture=neutral, PublicKeyToken=7cec85d7bea7798e],[System.String, System.Private.CoreLib, Version=10.0.0.0, Culture=neutral, PublicKeyToken=7cec85d7bea7798e]]'. 
2026-09-04 11:15:49.8491|Info|Microsoft.AspNetCore.Mvc.Infrastructure.ControllerActionInvoker|CorrelationId=d2c1172b-c548-4db6-983f-5a8313263fbb|Executed action SmartLoan.Api.Controllers.DashboardController.RequestReport (SmartLoan.Api) in 3.2388ms 
2026-09-04 11:15:49.8491|Info|Microsoft.AspNetCore.Routing.EndpointMiddleware|CorrelationId=d2c1172b-c548-4db6-983f-5a8313263fbb|Executed endpoint 'SmartLoan.Api.Controllers.DashboardController.RequestReport (SmartLoan.Api)' 
2026-09-04 11:15:49.8491|Info|Microsoft.AspNetCore.Hosting.Diagnostics|CorrelationId=|Request finished HTTP/1.1 POST http://localhost:5176/api/v1/Dashboard/reports - 202 - application/json;+charset=utf-8 4.7672ms 
2026-09-04 11:15:59.8632|Info|SmartLoan.Infrastructure.BackgroundJobs.ReportWorker|CorrelationId=|Report adfa9684 finished! (Ready for download) 
2026-09-04 11:16:17.6781|Info|Microsoft.AspNetCore.Hosting.Diagnostics|CorrelationId=|Request starting HTTP/1.1 GET http://localhost:5176/api/v1/Auth/me - - - 
2026-09-04 11:16:17.6781|Info|Microsoft.AspNetCore.Routing.EndpointMiddleware|CorrelationId=22be74c4-2727-4560-9099-613d08bfcc41|Executing endpoint 'SmartLoan.Api.Controllers.AuthController.GetCurrentUser (SmartLoan.Api)' 
2026-09-04 11:16:17.6781|Info|Microsoft.AspNetCore.Mvc.Infrastructure.ControllerActionInvoker|CorrelationId=22be74c4-2727-4560-9099-613d08bfcc41|Route matched with {action = "GetCurrentUser", controller = "Auth"}. Executing controller action with signature Microsoft.AspNetCore.Mvc.IActionResult GetCurrentUser() on controller SmartLoan.Api.Controllers.AuthController (SmartLoan.Api). 
2026-09-04 11:16:17.6781|Info|Microsoft.AspNetCore.Mvc.Infrastructure.ObjectResultExecutor|CorrelationId=22be74c4-2727-4560-9099-613d08bfcc41|Executing OkObjectResult, writing value of type '<>f__AnonymousType0`2[[System.String, System.Private.CoreLib, Version=10.0.0.0, Culture=neutral, PublicKeyToken=7cec85d7bea7798e],[System.String, System.Private.CoreLib, Version=10.0.0.0, Culture=neutral, PublicKeyToken=7cec85d7bea7798e]]'. 
2026-09-04 11:16:17.6781|Info|Microsoft.AspNetCore.Mvc.Infrastructure.ControllerActionInvoker|CorrelationId=22be74c4-2727-4560-9099-613d08bfcc41|Executed action SmartLoan.Api.Controllers.AuthController.GetCurrentUser (SmartLoan.Api) in 0.4345ms 
2026-09-04 11:16:17.6781|Info|Microsoft.AspNetCore.Routing.EndpointMiddleware|CorrelationId=22be74c4-2727-4560-9099-613d08bfcc41|Executed endpoint 'SmartLoan.Api.Controllers.AuthController.GetCurrentUser (SmartLoan.Api)' 
2026-09-04 11:16:17.6781|Info|Microsoft.AspNetCore.Hosting.Diagnostics|CorrelationId=|Request finished HTTP/1.1 GET http://localhost:5176/api/v1/Auth/me - 200 - application/json;+charset=utf-8 1.6138ms 
2026-09-04 11:16:17.6781|Info|Microsoft.AspNetCore.Hosting.Diagnostics|CorrelationId=|Request starting HTTP/1.1 GET http://localhost:5176/api/v1/Auth/me - - - 
2026-09-04 11:16:17.6781|Info|Microsoft.AspNetCore.Routing.EndpointMiddleware|CorrelationId=37b8afd5-489c-4030-bea3-1c56f0e6fcde|Executing endpoint 'SmartLoan.Api.Controllers.AuthController.GetCurrentUser (SmartLoan.Api)' 
2026-09-04 11:16:17.6781|Info|Microsoft.AspNetCore.Mvc.Infrastructure.ControllerActionInvoker|CorrelationId=37b8afd5-489c-4030-bea3-1c56f0e6fcde|Route matched with {action = "GetCurrentUser", controller = "Auth"}. Executing controller action with signature Microsoft.AspNetCore.Mvc.IActionResult GetCurrentUser() on controller SmartLoan.Api.Controllers.AuthController (SmartLoan.Api). 
2026-09-04 11:16:17.6781|Info|Microsoft.AspNetCore.Mvc.Infrastructure.ObjectResultExecutor|CorrelationId=37b8afd5-489c-4030-bea3-1c56f0e6fcde|Executing OkObjectResult, writing value of type '<>f__AnonymousType0`2[[System.String, System.Private.CoreLib, Version=10.0.0.0, Culture=neutral, PublicKeyToken=7cec85d7bea7798e],[System.String, System.Private.CoreLib, Version=10.0.0.0, Culture=neutral, PublicKeyToken=7cec85d7bea7798e]]'. 
2026-09-04 11:16:17.6781|Info|Microsoft.AspNetCore.Mvc.Infrastructure.ControllerActionInvoker|CorrelationId=37b8afd5-489c-4030-bea3-1c56f0e6fcde|Executed action SmartLoan.Api.Controllers.AuthController.GetCurrentUser (SmartLoan.Api) in 0.4467ms 
2026-09-04 11:16:17.6781|Info|Microsoft.AspNetCore.Routing.EndpointMiddleware|CorrelationId=37b8afd5-489c-4030-bea3-1c56f0e6fcde|Executed endpoint 'SmartLoan.Api.Controllers.AuthController.GetCurrentUser (SmartLoan.Api)' 
2026-09-04 11:16:17.6781|Info|Microsoft.AspNetCore.Hosting.Diagnostics|CorrelationId=|Request finished HTTP/1.1 GET http://localhost:5176/api/v1/Auth/me - 200 - application/json;+charset=utf-8 1.3249ms 
2026-09-04 11:16:17.7338|Info|Microsoft.AspNetCore.Hosting.Diagnostics|CorrelationId=|Request starting HTTP/1.1 POST http://localhost:5176/api/v1/notifications/negotiate?negotiateVersion=1 - - 0 
2026-09-04 11:16:17.7428|Info|Microsoft.AspNetCore.Cors.Infrastructure.CorsService|CorrelationId=758a0131-6097-48be-a5d9-01bd201590e2|CORS policy execution successful. 
2026-09-04 11:16:17.7428|Info|Microsoft.AspNetCore.Hosting.Diagnostics|CorrelationId=|Request finished HTTP/1.1 POST http://localhost:5176/api/v1/notifications/negotiate?negotiateVersion=1 - 404 0 - 12.4339ms 
2026-09-04 11:16:17.7428|Info|Microsoft.AspNetCore.Hosting.Diagnostics|CorrelationId=|Request reached the end of the middleware pipeline without being handled by application code. Request path: POST http://localhost:5176/api/v1/notifications/negotiate, Response status code: 404 
2026-09-04 11:16:17.8240|Info|Microsoft.AspNetCore.Hosting.Diagnostics|CorrelationId=|Request starting HTTP/1.1 GET http://localhost:5176/api/v1/Dashboard/summary - - - 
2026-09-04 11:16:17.8240|Info|Microsoft.AspNetCore.Hosting.Diagnostics|CorrelationId=|Request starting HTTP/1.1 GET http://localhost:5176/api/v1/Loan?pageNumber=1&pageSize=20 - - - 
2026-09-04 11:16:17.8240|Info|Microsoft.AspNetCore.Routing.EndpointMiddleware|CorrelationId=ad419eae-b00f-48d2-a1c2-3fbe160f47d3|Executing endpoint 'SmartLoan.Api.Controllers.LoanController.GetAll (SmartLoan.Api)' 
2026-09-04 11:16:17.8240|Info|Microsoft.AspNetCore.Mvc.Infrastructure.ControllerActionInvoker|CorrelationId=ad419eae-b00f-48d2-a1c2-3fbe160f47d3|Route matched with {action = "GetAll", controller = "Loan"}. Executing controller action with signature System.Threading.Tasks.Task`1[Microsoft.AspNetCore.Mvc.ActionResult`1[SmartLoan.Application.Common.PagedResponse`1[SmartLoan.Application.Loans.Queries.LoanDto]]] GetAll(SmartLoan.Application.Common.PagedRequest) on controller SmartLoan.Api.Controllers.LoanController (SmartLoan.Api). 
2026-09-04 11:16:17.8240|Info|SmartLoan.Application.Common.Behaviors.LoggingBehavior|CorrelationId=ad419eae-b00f-48d2-a1c2-3fbe160f47d3|smartloan Request:GetLoansQuery starting... 
2026-09-04 11:16:17.8240|Info|Microsoft.AspNetCore.Routing.EndpointMiddleware|CorrelationId=940d359a-b2d2-466b-b847-86f98f4bea90|Executing endpoint 'SmartLoan.Api.Controllers.DashboardController.GetSummary (SmartLoan.Api)' 
2026-09-04 11:16:17.8240|Info|Microsoft.AspNetCore.Mvc.Infrastructure.ControllerActionInvoker|CorrelationId=940d359a-b2d2-466b-b847-86f98f4bea90|Route matched with {action = "GetSummary", controller = "Dashboard"}. Executing controller action with signature System.Threading.Tasks.Task`1[Microsoft.AspNetCore.Mvc.ActionResult`1[SmartLoan.Application.Dashboard.Queries.GetLoanSummary.LoanSummaryDto]] GetSummary() on controller SmartLoan.Api.Controllers.DashboardController (SmartLoan.Api). 
2026-09-04 11:16:17.8240|Info|SmartLoan.Application.Common.Behaviors.LoggingBehavior|CorrelationId=940d359a-b2d2-466b-b847-86f98f4bea90|smartloan Request:GetLoansummatyQuery starting... 
2026-09-04 11:16:17.8240|Info|Microsoft.EntityFrameworkCore.Database.Command|CorrelationId=ad419eae-b00f-48d2-a1c2-3fbe160f47d3|Executed DbCommand (1ms) [Parameters=[], CommandType='Text', CommandTimeout='30']
SELECT count(*)::int
FROM "LoanApplications" AS l
WHERE NOT (l."IsDeleted") 
2026-09-04 11:16:17.8240|Info|Microsoft.EntityFrameworkCore.Database.Command|CorrelationId=940d359a-b2d2-466b-b847-86f98f4bea90|Executed DbCommand (1ms) [Parameters=[], CommandType='Text', CommandTimeout='30']
SELECT COALESCE(sum(p."Amount"), 0.0)
FROM "Payments" AS p 
2026-09-04 11:16:17.8351|Info|Microsoft.EntityFrameworkCore.Database.Command|CorrelationId=ad419eae-b00f-48d2-a1c2-3fbe160f47d3|Executed DbCommand (2ms) [Parameters=[@p1='?' (DbType = Int32), @p='?' (DbType = Int32)], CommandType='Text', CommandTimeout='30']
SELECT l0."Id", c0."FullName", l0."DailyAmount", l0."LoanAmount", l0."ServiceFee", l0."Status", l0."CreatedAt"
FROM (
    SELECT l."Id", l."CreatedAt", l."CustomerId", l."DailyAmount", l."LoanAmount", l."ServiceFee", l."Status"
    FROM "LoanApplications" AS l
    WHERE NOT (l."IsDeleted")
    ORDER BY l."CreatedAt" DESC
    LIMIT @p1 OFFSET @p
) AS l0
INNER JOIN (
    SELECT c."Id", c."FullName"
    FROM "Customers" AS c
    WHERE NOT (c."IsDeleted")
) AS c0 ON l0."CustomerId" = c0."Id"
ORDER BY l0."CreatedAt" DESC 
2026-09-04 11:16:17.8351|Info|SmartLoan.Application.Common.Behaviors.LoggingBehavior|CorrelationId=ad419eae-b00f-48d2-a1c2-3fbe160f47d3|Smarloan Request:GetLoansQuery finished in 7ms 
2026-09-04 11:16:17.8351|Info|Microsoft.AspNetCore.Mvc.Infrastructure.ObjectResultExecutor|CorrelationId=ad419eae-b00f-48d2-a1c2-3fbe160f47d3|Executing ObjectResult, writing value of type 'SmartLoan.Application.Common.PagedResponse`1[[SmartLoan.Application.Loans.Queries.LoanDto, SmartLoan.Application, Version=1.0.0.0, Culture=neutral, PublicKeyToken=null]]'. 
2026-09-04 11:16:17.8351|Info|Microsoft.AspNetCore.Mvc.Infrastructure.ControllerActionInvoker|CorrelationId=ad419eae-b00f-48d2-a1c2-3fbe160f47d3|Executed action SmartLoan.Api.Controllers.LoanController.GetAll (SmartLoan.Api) in 10.379ms 
2026-09-04 11:16:17.8351|Info|Microsoft.AspNetCore.Routing.EndpointMiddleware|CorrelationId=ad419eae-b00f-48d2-a1c2-3fbe160f47d3|Executed endpoint 'SmartLoan.Api.Controllers.LoanController.GetAll (SmartLoan.Api)' 
2026-09-04 11:16:17.8351|Info|Microsoft.EntityFrameworkCore.Database.Command|CorrelationId=940d359a-b2d2-466b-b847-86f98f4bea90|Executed DbCommand (2ms) [Parameters=[], CommandType='Text', CommandTimeout='30']
SELECT COALESCE(sum(l."ServiceFee"), 0.0)
FROM "LoanApplications" AS l
WHERE NOT (l."IsDeleted") AND l."Status" = 'Approved' 
2026-09-04 11:16:17.8351|Info|Microsoft.AspNetCore.Hosting.Diagnostics|CorrelationId=|Request finished HTTP/1.1 GET http://localhost:5176/api/v1/Loan?pageNumber=1&pageSize=20 - 200 - application/json;+charset=utf-8 14.1717ms 
2026-09-04 11:16:17.8351|Info|Microsoft.EntityFrameworkCore.Database.Command|CorrelationId=940d359a-b2d2-466b-b847-86f98f4bea90|Executed DbCommand (1ms) [Parameters=[], CommandType='Text', CommandTimeout='30']
SELECT count(*)::int
FROM "LoanApplications" AS l
WHERE NOT (l."IsDeleted") AND l."Status" = 'Saving' 
2026-09-04 11:16:17.8351|Info|Microsoft.EntityFrameworkCore.Database.Command|CorrelationId=940d359a-b2d2-466b-b847-86f98f4bea90|Executed DbCommand (2ms) [Parameters=[], CommandType='Text', CommandTimeout='30']
SELECT count(*)::int
FROM "LoanApplications" AS l
WHERE NOT (l."IsDeleted") AND l."Status" = 'Approved' 
2026-09-04 11:16:17.8351|Info|SmartLoan.Application.Common.Behaviors.LoggingBehavior|CorrelationId=940d359a-b2d2-466b-b847-86f98f4bea90|Smarloan Request:GetLoansummatyQuery finished in 14ms 
2026-09-04 11:16:17.8351|Info|Microsoft.AspNetCore.Mvc.Infrastructure.ObjectResultExecutor|CorrelationId=940d359a-b2d2-466b-b847-86f98f4bea90|Executing ObjectResult, writing value of type 'SmartLoan.Application.Dashboard.Queries.GetLoanSummary.LoanSummaryDto'. 
2026-09-04 11:16:17.8351|Info|Microsoft.AspNetCore.Mvc.Infrastructure.ControllerActionInvoker|CorrelationId=940d359a-b2d2-466b-b847-86f98f4bea90|Executed action SmartLoan.Api.Controllers.DashboardController.GetSummary (SmartLoan.Api) in 15.4565ms 
2026-09-04 11:16:17.8351|Info|Microsoft.AspNetCore.Routing.EndpointMiddleware|CorrelationId=940d359a-b2d2-466b-b847-86f98f4bea90|Executed endpoint 'SmartLoan.Api.Controllers.DashboardController.GetSummary (SmartLoan.Api)' 
2026-09-04 11:16:17.8491|Info|Microsoft.AspNetCore.Hosting.Diagnostics|CorrelationId=|Request finished HTTP/1.1 GET http://localhost:5176/api/v1/Dashboard/summary - 200 - application/json;+charset=utf-8 25.1091ms 
2026-09-04 11:16:20.9378|Info|Microsoft.AspNetCore.Hosting.Diagnostics|CorrelationId=|Request starting HTTP/1.1 GET http://localhost:5176/api/v1/Auth/me - - - 
2026-09-04 11:16:20.9378|Info|Microsoft.AspNetCore.Routing.EndpointMiddleware|CorrelationId=fbb322f2-c5b5-4acd-8de8-0c1e059ec595|Executing endpoint 'SmartLoan.Api.Controllers.AuthController.GetCurrentUser (SmartLoan.Api)' 
2026-09-04 11:16:20.9378|Info|Microsoft.AspNetCore.Mvc.Infrastructure.ControllerActionInvoker|CorrelationId=fbb322f2-c5b5-4acd-8de8-0c1e059ec595|Route matched with {action = "GetCurrentUser", controller = "Auth"}. Executing controller action with signature Microsoft.AspNetCore.Mvc.IActionResult GetCurrentUser() on controller SmartLoan.Api.Controllers.AuthController (SmartLoan.Api). 
2026-09-04 11:16:20.9378|Info|Microsoft.AspNetCore.Mvc.Infrastructure.ObjectResultExecutor|CorrelationId=fbb322f2-c5b5-4acd-8de8-0c1e059ec595|Executing OkObjectResult, writing value of type '<>f__AnonymousType0`2[[System.String, System.Private.CoreLib, Version=10.0.0.0, Culture=neutral, PublicKeyToken=7cec85d7bea7798e],[System.String, System.Private.CoreLib, Version=10.0.0.0, Culture=neutral, PublicKeyToken=7cec85d7bea7798e]]'. 
2026-09-04 11:16:20.9378|Info|Microsoft.AspNetCore.Mvc.Infrastructure.ControllerActionInvoker|CorrelationId=fbb322f2-c5b5-4acd-8de8-0c1e059ec595|Executed action SmartLoan.Api.Controllers.AuthController.GetCurrentUser (SmartLoan.Api) in 0.923ms 
2026-09-04 11:16:20.9378|Info|Microsoft.AspNetCore.Routing.EndpointMiddleware|CorrelationId=fbb322f2-c5b5-4acd-8de8-0c1e059ec595|Executed endpoint 'SmartLoan.Api.Controllers.AuthController.GetCurrentUser (SmartLoan.Api)' 
2026-09-04 11:16:20.9378|Info|Microsoft.AspNetCore.Hosting.Diagnostics|CorrelationId=|Request finished HTTP/1.1 GET http://localhost:5176/api/v1/Auth/me - 200 - application/json;+charset=utf-8 3.5560ms 
2026-09-04 11:16:20.9504|Info|Microsoft.AspNetCore.Hosting.Diagnostics|CorrelationId=|Request starting HTTP/1.1 GET http://localhost:5176/api/v1/Auth/me - - - 
2026-09-04 11:16:20.9504|Info|Microsoft.AspNetCore.Routing.EndpointMiddleware|CorrelationId=730c9c97-31e8-4187-82ea-0e03c920bc8e|Executing endpoint 'SmartLoan.Api.Controllers.AuthController.GetCurrentUser (SmartLoan.Api)' 
2026-09-04 11:16:20.9504|Info|Microsoft.AspNetCore.Mvc.Infrastructure.ControllerActionInvoker|CorrelationId=730c9c97-31e8-4187-82ea-0e03c920bc8e|Route matched with {action = "GetCurrentUser", controller = "Auth"}. Executing controller action with signature Microsoft.AspNetCore.Mvc.IActionResult GetCurrentUser() on controller SmartLoan.Api.Controllers.AuthController (SmartLoan.Api). 
2026-09-04 11:16:20.9636|Info|Microsoft.AspNetCore.Mvc.Infrastructure.ObjectResultExecutor|CorrelationId=730c9c97-31e8-4187-82ea-0e03c920bc8e|Executing OkObjectResult, writing value of type '<>f__AnonymousType0`2[[System.String, System.Private.CoreLib, Version=10.0.0.0, Culture=neutral, PublicKeyToken=7cec85d7bea7798e],[System.String, System.Private.CoreLib, Version=10.0.0.0, Culture=neutral, PublicKeyToken=7cec85d7bea7798e]]'. 
2026-09-04 11:16:20.9636|Info|Microsoft.AspNetCore.Mvc.Infrastructure.ControllerActionInvoker|CorrelationId=730c9c97-31e8-4187-82ea-0e03c920bc8e|Executed action SmartLoan.Api.Controllers.AuthController.GetCurrentUser (SmartLoan.Api) in 1.0087ms 
2026-09-04 11:16:20.9636|Info|Microsoft.AspNetCore.Routing.EndpointMiddleware|CorrelationId=730c9c97-31e8-4187-82ea-0e03c920bc8e|Executed endpoint 'SmartLoan.Api.Controllers.AuthController.GetCurrentUser (SmartLoan.Api)' 
2026-09-04 11:16:20.9636|Info|Microsoft.AspNetCore.Hosting.Diagnostics|CorrelationId=|Request finished HTTP/1.1 GET http://localhost:5176/api/v1/Auth/me - 200 - application/json;+charset=utf-8 14.6076ms 
2026-09-04 11:16:20.9924|Info|Microsoft.AspNetCore.Hosting.Diagnostics|CorrelationId=|Request starting HTTP/1.1 POST http://localhost:5176/api/v1/notifications/negotiate?negotiateVersion=1 - - 0 
2026-09-04 11:16:20.9924|Info|Microsoft.AspNetCore.Cors.Infrastructure.CorsService|CorrelationId=43bb2563-18ec-4543-8ce7-3a366e4706d0|CORS policy execution successful. 
2026-09-04 11:16:20.9924|Info|Microsoft.AspNetCore.Hosting.Diagnostics|CorrelationId=|Request finished HTTP/1.1 POST http://localhost:5176/api/v1/notifications/negotiate?negotiateVersion=1 - 404 0 - 0.9389ms 
2026-09-04 11:16:20.9924|Info|Microsoft.AspNetCore.Hosting.Diagnostics|CorrelationId=|Request reached the end of the middleware pipeline without being handled by application code. Request path: POST http://localhost:5176/api/v1/notifications/negotiate, Response status code: 404 
2026-09-04 11:16:21.1964|Info|Microsoft.AspNetCore.Hosting.Diagnostics|CorrelationId=|Request starting HTTP/1.1 GET http://localhost:5176/api/v1/Loan?pageNumber=1&pageSize=20 - - - 
2026-09-04 11:16:21.1964|Info|Microsoft.AspNetCore.Hosting.Diagnostics|CorrelationId=|Request starting HTTP/1.1 GET http://localhost:5176/api/v1/Dashboard/summary - - - 
2026-09-04 11:16:21.1964|Info|Microsoft.AspNetCore.Routing.EndpointMiddleware|CorrelationId=9536637e-db66-45b0-96c9-62901bc0a521|Executing endpoint 'SmartLoan.Api.Controllers.LoanController.GetAll (SmartLoan.Api)' 
2026-09-04 11:16:21.1964|Info|Microsoft.AspNetCore.Mvc.Infrastructure.ControllerActionInvoker|CorrelationId=9536637e-db66-45b0-96c9-62901bc0a521|Route matched with {action = "GetAll", controller = "Loan"}. Executing controller action with signature System.Threading.Tasks.Task`1[Microsoft.AspNetCore.Mvc.ActionResult`1[SmartLoan.Application.Common.PagedResponse`1[SmartLoan.Application.Loans.Queries.LoanDto]]] GetAll(SmartLoan.Application.Common.PagedRequest) on controller SmartLoan.Api.Controllers.LoanController (SmartLoan.Api). 
2026-09-04 11:16:21.1964|Info|Microsoft.AspNetCore.Routing.EndpointMiddleware|CorrelationId=34dfafaa-e7a6-4aa7-8c94-02709f33afd3|Executing endpoint 'SmartLoan.Api.Controllers.DashboardController.GetSummary (SmartLoan.Api)' 
2026-09-04 11:16:21.1964|Info|SmartLoan.Application.Common.Behaviors.LoggingBehavior|CorrelationId=9536637e-db66-45b0-96c9-62901bc0a521|smartloan Request:GetLoansQuery starting... 
2026-09-04 11:16:21.1964|Info|Microsoft.AspNetCore.Mvc.Infrastructure.ControllerActionInvoker|CorrelationId=34dfafaa-e7a6-4aa7-8c94-02709f33afd3|Route matched with {action = "GetSummary", controller = "Dashboard"}. Executing controller action with signature System.Threading.Tasks.Task`1[Microsoft.AspNetCore.Mvc.ActionResult`1[SmartLoan.Application.Dashboard.Queries.GetLoanSummary.LoanSummaryDto]] GetSummary() on controller SmartLoan.Api.Controllers.DashboardController (SmartLoan.Api). 
2026-09-04 11:16:21.1964|Info|SmartLoan.Application.Common.Behaviors.LoggingBehavior|CorrelationId=34dfafaa-e7a6-4aa7-8c94-02709f33afd3|smartloan Request:GetLoansummatyQuery starting... 
2026-09-04 11:16:21.1964|Info|Microsoft.EntityFrameworkCore.Database.Command|CorrelationId=9536637e-db66-45b0-96c9-62901bc0a521|Executed DbCommand (1ms) [Parameters=[], CommandType='Text', CommandTimeout='30']
SELECT count(*)::int
FROM "LoanApplications" AS l
WHERE NOT (l."IsDeleted") 
2026-09-04 11:16:21.1964|Info|Microsoft.EntityFrameworkCore.Database.Command|CorrelationId=34dfafaa-e7a6-4aa7-8c94-02709f33afd3|Executed DbCommand (2ms) [Parameters=[], CommandType='Text', CommandTimeout='30']
SELECT COALESCE(sum(p."Amount"), 0.0)
FROM "Payments" AS p 
2026-09-04 11:16:21.1964|Info|Microsoft.EntityFrameworkCore.Database.Command|CorrelationId=9536637e-db66-45b0-96c9-62901bc0a521|Executed DbCommand (5ms) [Parameters=[@p1='?' (DbType = Int32), @p='?' (DbType = Int32)], CommandType='Text', CommandTimeout='30']
SELECT l0."Id", c0."FullName", l0."DailyAmount", l0."LoanAmount", l0."ServiceFee", l0."Status", l0."CreatedAt"
FROM (
    SELECT l."Id", l."CreatedAt", l."CustomerId", l."DailyAmount", l."LoanAmount", l."ServiceFee", l."Status"
    FROM "LoanApplications" AS l
    WHERE NOT (l."IsDeleted")
    ORDER BY l."CreatedAt" DESC
    LIMIT @p1 OFFSET @p
) AS l0
INNER JOIN (
    SELECT c."Id", c."FullName"
    FROM "Customers" AS c
    WHERE NOT (c."IsDeleted")
) AS c0 ON l0."CustomerId" = c0."Id"
ORDER BY l0."CreatedAt" DESC 
2026-09-04 11:16:21.1964|Info|SmartLoan.Application.Common.Behaviors.LoggingBehavior|CorrelationId=9536637e-db66-45b0-96c9-62901bc0a521|Smarloan Request:GetLoansQuery finished in 8ms 
2026-09-04 11:16:21.1964|Info|Microsoft.AspNetCore.Mvc.Infrastructure.ObjectResultExecutor|CorrelationId=9536637e-db66-45b0-96c9-62901bc0a521|Executing ObjectResult, writing value of type 'SmartLoan.Application.Common.PagedResponse`1[[SmartLoan.Application.Loans.Queries.LoanDto, SmartLoan.Application, Version=1.0.0.0, Culture=neutral, PublicKeyToken=null]]'. 
2026-09-04 11:16:21.1964|Info|Microsoft.AspNetCore.Mvc.Infrastructure.ControllerActionInvoker|CorrelationId=9536637e-db66-45b0-96c9-62901bc0a521|Executed action SmartLoan.Api.Controllers.LoanController.GetAll (SmartLoan.Api) in 8.6722ms 
2026-09-04 11:16:21.1964|Info|Microsoft.AspNetCore.Routing.EndpointMiddleware|CorrelationId=9536637e-db66-45b0-96c9-62901bc0a521|Executed endpoint 'SmartLoan.Api.Controllers.LoanController.GetAll (SmartLoan.Api)' 
2026-09-04 11:16:21.1964|Info|Microsoft.AspNetCore.Hosting.Diagnostics|CorrelationId=|Request finished HTTP/1.1 GET http://localhost:5176/api/v1/Loan?pageNumber=1&pageSize=20 - 200 - application/json;+charset=utf-8 10.0554ms 
2026-09-04 11:16:21.1964|Info|Microsoft.EntityFrameworkCore.Database.Command|CorrelationId=34dfafaa-e7a6-4aa7-8c94-02709f33afd3|Executed DbCommand (2ms) [Parameters=[], CommandType='Text', CommandTimeout='30']
SELECT COALESCE(sum(l."ServiceFee"), 0.0)
FROM "LoanApplications" AS l
WHERE NOT (l."IsDeleted") AND l."Status" = 'Approved' 
2026-09-04 11:16:21.1964|Info|Microsoft.EntityFrameworkCore.Database.Command|CorrelationId=34dfafaa-e7a6-4aa7-8c94-02709f33afd3|Executed DbCommand (1ms) [Parameters=[], CommandType='Text', CommandTimeout='30']
SELECT count(*)::int
FROM "LoanApplications" AS l
WHERE NOT (l."IsDeleted") AND l."Status" = 'Saving' 
2026-09-04 11:16:21.2169|Info|Microsoft.EntityFrameworkCore.Database.Command|CorrelationId=34dfafaa-e7a6-4aa7-8c94-02709f33afd3|Executed DbCommand (1ms) [Parameters=[], CommandType='Text', CommandTimeout='30']
SELECT count(*)::int
FROM "LoanApplications" AS l
WHERE NOT (l."IsDeleted") AND l."Status" = 'Approved' 
2026-09-04 11:16:21.2169|Info|SmartLoan.Application.Common.Behaviors.LoggingBehavior|CorrelationId=34dfafaa-e7a6-4aa7-8c94-02709f33afd3|Smarloan Request:GetLoansummatyQuery finished in 19ms 
2026-09-04 11:16:21.2169|Info|Microsoft.AspNetCore.Mvc.Infrastructure.ObjectResultExecutor|CorrelationId=34dfafaa-e7a6-4aa7-8c94-02709f33afd3|Executing ObjectResult, writing value of type 'SmartLoan.Application.Dashboard.Queries.GetLoanSummary.LoanSummaryDto'. 
2026-09-04 11:16:21.2169|Info|Microsoft.AspNetCore.Mvc.Infrastructure.ControllerActionInvoker|CorrelationId=34dfafaa-e7a6-4aa7-8c94-02709f33afd3|Executed action SmartLoan.Api.Controllers.DashboardController.GetSummary (SmartLoan.Api) in 24.2239ms 
2026-09-04 11:16:21.2169|Info|Microsoft.AspNetCore.Routing.EndpointMiddleware|CorrelationId=34dfafaa-e7a6-4aa7-8c94-02709f33afd3|Executed endpoint 'SmartLoan.Api.Controllers.DashboardController.GetSummary (SmartLoan.Api)' 
2026-09-04 11:16:21.2169|Info|Microsoft.AspNetCore.Hosting.Diagnostics|CorrelationId=|Request finished HTTP/1.1 GET http://localhost:5176/api/v1/Dashboard/summary - 200 - application/json;+charset=utf-8 26.6074ms 
2026-09-04 11:16:29.1991|Info|Microsoft.AspNetCore.Hosting.Diagnostics|CorrelationId=|Request starting HTTP/1.1 GET http://localhost:5176/api/v1/Auth/me - - - 
2026-09-04 11:16:29.1991|Info|Microsoft.AspNetCore.Routing.EndpointMiddleware|CorrelationId=d244269d-5097-4717-8cfe-b37a2aa5defa|Executing endpoint 'SmartLoan.Api.Controllers.AuthController.GetCurrentUser (SmartLoan.Api)' 
2026-09-04 11:16:29.1991|Info|Microsoft.AspNetCore.Mvc.Infrastructure.ControllerActionInvoker|CorrelationId=d244269d-5097-4717-8cfe-b37a2aa5defa|Route matched with {action = "GetCurrentUser", controller = "Auth"}. Executing controller action with signature Microsoft.AspNetCore.Mvc.IActionResult GetCurrentUser() on controller SmartLoan.Api.Controllers.AuthController (SmartLoan.Api). 
2026-09-04 11:16:29.1991|Info|Microsoft.AspNetCore.Mvc.Infrastructure.ObjectResultExecutor|CorrelationId=d244269d-5097-4717-8cfe-b37a2aa5defa|Executing OkObjectResult, writing value of type '<>f__AnonymousType0`2[[System.String, System.Private.CoreLib, Version=10.0.0.0, Culture=neutral, PublicKeyToken=7cec85d7bea7798e],[System.String, System.Private.CoreLib, Version=10.0.0.0, Culture=neutral, PublicKeyToken=7cec85d7bea7798e]]'. 
2026-09-04 11:16:29.1991|Info|Microsoft.AspNetCore.Mvc.Infrastructure.ControllerActionInvoker|CorrelationId=d244269d-5097-4717-8cfe-b37a2aa5defa|Executed action SmartLoan.Api.Controllers.AuthController.GetCurrentUser (SmartLoan.Api) in 0.209ms 
2026-09-04 11:16:29.1991|Info|Microsoft.AspNetCore.Routing.EndpointMiddleware|CorrelationId=d244269d-5097-4717-8cfe-b37a2aa5defa|Executed endpoint 'SmartLoan.Api.Controllers.AuthController.GetCurrentUser (SmartLoan.Api)' 
2026-09-04 11:16:29.1991|Info|Microsoft.AspNetCore.Hosting.Diagnostics|CorrelationId=|Request finished HTTP/1.1 GET http://localhost:5176/api/v1/Auth/me - 200 - application/json;+charset=utf-8 1.0879ms 
2026-09-04 11:16:29.1991|Info|Microsoft.AspNetCore.Hosting.Diagnostics|CorrelationId=|Request starting HTTP/1.1 GET http://localhost:5176/api/v1/Auth/me - - - 
2026-09-04 11:16:29.1991|Info|Microsoft.AspNetCore.Routing.EndpointMiddleware|CorrelationId=c07afaa0-3ae5-4346-9604-4ab60a7f1fa0|Executing endpoint 'SmartLoan.Api.Controllers.AuthController.GetCurrentUser (SmartLoan.Api)' 
2026-09-04 11:16:29.1991|Info|Microsoft.AspNetCore.Mvc.Infrastructure.ControllerActionInvoker|CorrelationId=c07afaa0-3ae5-4346-9604-4ab60a7f1fa0|Route matched with {action = "GetCurrentUser", controller = "Auth"}. Executing controller action with signature Microsoft.AspNetCore.Mvc.IActionResult GetCurrentUser() on controller SmartLoan.Api.Controllers.AuthController (SmartLoan.Api). 
2026-09-04 11:16:29.1991|Info|Microsoft.AspNetCore.Mvc.Infrastructure.ObjectResultExecutor|CorrelationId=c07afaa0-3ae5-4346-9604-4ab60a7f1fa0|Executing OkObjectResult, writing value of type '<>f__AnonymousType0`2[[System.String, System.Private.CoreLib, Version=10.0.0.0, Culture=neutral, PublicKeyToken=7cec85d7bea7798e],[System.String, System.Private.CoreLib, Version=10.0.0.0, Culture=neutral, PublicKeyToken=7cec85d7bea7798e]]'. 
2026-09-04 11:16:29.1991|Info|Microsoft.AspNetCore.Mvc.Infrastructure.ControllerActionInvoker|CorrelationId=c07afaa0-3ae5-4346-9604-4ab60a7f1fa0|Executed action SmartLoan.Api.Controllers.AuthController.GetCurrentUser (SmartLoan.Api) in 0.7832ms 
2026-09-04 11:16:29.1991|Info|Microsoft.AspNetCore.Routing.EndpointMiddleware|CorrelationId=c07afaa0-3ae5-4346-9604-4ab60a7f1fa0|Executed endpoint 'SmartLoan.Api.Controllers.AuthController.GetCurrentUser (SmartLoan.Api)' 
2026-09-04 11:16:29.1991|Info|Microsoft.AspNetCore.Hosting.Diagnostics|CorrelationId=|Request finished HTTP/1.1 GET http://localhost:5176/api/v1/Auth/me - 200 - application/json;+charset=utf-8 2.6960ms 
2026-09-04 11:16:29.2496|Info|Microsoft.AspNetCore.Hosting.Diagnostics|CorrelationId=|Request starting HTTP/1.1 POST http://localhost:5176/api/v1/notifications/negotiate?negotiateVersion=1 - - 0 
2026-09-04 11:16:29.2496|Info|Microsoft.AspNetCore.Cors.Infrastructure.CorsService|CorrelationId=6ec8561b-4811-4077-ac38-f653eb126459|CORS policy execution successful. 
2026-09-04 11:16:29.2496|Info|Microsoft.AspNetCore.Hosting.Diagnostics|CorrelationId=|Request finished HTTP/1.1 POST http://localhost:5176/api/v1/notifications/negotiate?negotiateVersion=1 - 404 0 - 3.3476ms 
2026-09-04 11:16:29.2496|Info|Microsoft.AspNetCore.Hosting.Diagnostics|CorrelationId=|Request reached the end of the middleware pipeline without being handled by application code. Request path: POST http://localhost:5176/api/v1/notifications/negotiate, Response status code: 404 
2026-09-04 11:16:29.5875|Info|Microsoft.AspNetCore.Hosting.Diagnostics|CorrelationId=|Request starting HTTP/1.1 GET http://localhost:5176/api/v1/Loan?pageNumber=1&pageSize=20 - - - 
2026-09-04 11:16:29.6250|Info|Microsoft.AspNetCore.Hosting.Diagnostics|CorrelationId=|Request starting HTTP/1.1 GET http://localhost:5176/api/v1/Dashboard/summary - - - 
2026-09-04 11:16:29.6746|Info|Microsoft.AspNetCore.Routing.EndpointMiddleware|CorrelationId=a52c2ff5-306b-4ff7-b3a5-9530dc361e50|Executing endpoint 'SmartLoan.Api.Controllers.DashboardController.GetSummary (SmartLoan.Api)' 
2026-09-04 11:16:29.6250|Info|Microsoft.AspNetCore.Routing.EndpointMiddleware|CorrelationId=c1fd18f6-9c72-47a0-9465-43fe6f076d46|Executing endpoint 'SmartLoan.Api.Controllers.LoanController.GetAll (SmartLoan.Api)' 
2026-09-04 11:16:29.6868|Info|Microsoft.AspNetCore.Mvc.Infrastructure.ControllerActionInvoker|CorrelationId=a52c2ff5-306b-4ff7-b3a5-9530dc361e50|Route matched with {action = "GetSummary", controller = "Dashboard"}. Executing controller action with signature System.Threading.Tasks.Task`1[Microsoft.AspNetCore.Mvc.ActionResult`1[SmartLoan.Application.Dashboard.Queries.GetLoanSummary.LoanSummaryDto]] GetSummary() on controller SmartLoan.Api.Controllers.DashboardController (SmartLoan.Api). 
2026-09-04 11:16:29.6868|Info|Microsoft.AspNetCore.Mvc.Infrastructure.ControllerActionInvoker|CorrelationId=c1fd18f6-9c72-47a0-9465-43fe6f076d46|Route matched with {action = "GetAll", controller = "Loan"}. Executing controller action with signature System.Threading.Tasks.Task`1[Microsoft.AspNetCore.Mvc.ActionResult`1[SmartLoan.Application.Common.PagedResponse`1[SmartLoan.Application.Loans.Queries.LoanDto]]] GetAll(SmartLoan.Application.Common.PagedRequest) on controller SmartLoan.Api.Controllers.LoanController (SmartLoan.Api). 
2026-09-04 11:16:29.6868|Info|SmartLoan.Application.Common.Behaviors.LoggingBehavior|CorrelationId=a52c2ff5-306b-4ff7-b3a5-9530dc361e50|smartloan Request:GetLoansummatyQuery starting... 
2026-09-04 11:16:29.7021|Info|SmartLoan.Application.Common.Behaviors.LoggingBehavior|CorrelationId=c1fd18f6-9c72-47a0-9465-43fe6f076d46|smartloan Request:GetLoansQuery starting... 
2026-09-04 11:16:29.7092|Info|Microsoft.EntityFrameworkCore.Database.Command|CorrelationId=a52c2ff5-306b-4ff7-b3a5-9530dc361e50|Executed DbCommand (1ms) [Parameters=[], CommandType='Text', CommandTimeout='30']
SELECT COALESCE(sum(p."Amount"), 0.0)
FROM "Payments" AS p 
2026-09-04 11:16:29.7092|Info|Microsoft.EntityFrameworkCore.Database.Command|CorrelationId=c1fd18f6-9c72-47a0-9465-43fe6f076d46|Executed DbCommand (0ms) [Parameters=[], CommandType='Text', CommandTimeout='30']
SELECT count(*)::int
FROM "LoanApplications" AS l
WHERE NOT (l."IsDeleted") 
2026-09-04 11:16:29.7092|Info|Microsoft.EntityFrameworkCore.Database.Command|CorrelationId=a52c2ff5-306b-4ff7-b3a5-9530dc361e50|Executed DbCommand (1ms) [Parameters=[], CommandType='Text', CommandTimeout='30']
SELECT COALESCE(sum(l."ServiceFee"), 0.0)
FROM "LoanApplications" AS l
WHERE NOT (l."IsDeleted") AND l."Status" = 'Approved' 
2026-09-04 11:16:29.7244|Info|Microsoft.EntityFrameworkCore.Database.Command|CorrelationId=a52c2ff5-306b-4ff7-b3a5-9530dc361e50|Executed DbCommand (1ms) [Parameters=[], CommandType='Text', CommandTimeout='30']
SELECT count(*)::int
FROM "LoanApplications" AS l
WHERE NOT (l."IsDeleted") AND l."Status" = 'Saving' 
2026-09-04 11:16:29.7244|Info|Microsoft.EntityFrameworkCore.Database.Command|CorrelationId=c1fd18f6-9c72-47a0-9465-43fe6f076d46|Executed DbCommand (1ms) [Parameters=[@p1='?' (DbType = Int32), @p='?' (DbType = Int32)], CommandType='Text', CommandTimeout='30']
SELECT l0."Id", c0."FullName", l0."DailyAmount", l0."LoanAmount", l0."ServiceFee", l0."Status", l0."CreatedAt"
FROM (
    SELECT l."Id", l."CreatedAt", l."CustomerId", l."DailyAmount", l."LoanAmount", l."ServiceFee", l."Status"
    FROM "LoanApplications" AS l
    WHERE NOT (l."IsDeleted")
    ORDER BY l."CreatedAt" DESC
    LIMIT @p1 OFFSET @p
) AS l0
INNER JOIN (
    SELECT c."Id", c."FullName"
    FROM "Customers" AS c
    WHERE NOT (c."IsDeleted")
) AS c0 ON l0."CustomerId" = c0."Id"
ORDER BY l0."CreatedAt" DESC 
2026-09-04 11:16:29.7244|Info|Microsoft.EntityFrameworkCore.Database.Command|CorrelationId=a52c2ff5-306b-4ff7-b3a5-9530dc361e50|Executed DbCommand (0ms) [Parameters=[], CommandType='Text', CommandTimeout='30']
SELECT count(*)::int
FROM "LoanApplications" AS l
WHERE NOT (l."IsDeleted") AND l."Status" = 'Approved' 
2026-09-04 11:16:29.7432|Info|SmartLoan.Application.Common.Behaviors.LoggingBehavior|CorrelationId=a52c2ff5-306b-4ff7-b3a5-9530dc361e50|Smarloan Request:GetLoansummatyQuery finished in 51ms 
2026-09-04 11:16:29.7244|Info|SmartLoan.Application.Common.Behaviors.LoggingBehavior|CorrelationId=c1fd18f6-9c72-47a0-9465-43fe6f076d46|Smarloan Request:GetLoansQuery finished in 32ms 
2026-09-04 11:16:29.7432|Info|Microsoft.AspNetCore.Mvc.Infrastructure.ObjectResultExecutor|CorrelationId=c1fd18f6-9c72-47a0-9465-43fe6f076d46|Executing ObjectResult, writing value of type 'SmartLoan.Application.Common.PagedResponse`1[[SmartLoan.Application.Loans.Queries.LoanDto, SmartLoan.Application, Version=1.0.0.0, Culture=neutral, PublicKeyToken=null]]'. 
2026-09-04 11:16:29.7432|Info|Microsoft.AspNetCore.Mvc.Infrastructure.ObjectResultExecutor|CorrelationId=a52c2ff5-306b-4ff7-b3a5-9530dc361e50|Executing ObjectResult, writing value of type 'SmartLoan.Application.Dashboard.Queries.GetLoanSummary.LoanSummaryDto'. 
2026-09-04 11:16:29.7606|Info|Microsoft.AspNetCore.Mvc.Infrastructure.ControllerActionInvoker|CorrelationId=c1fd18f6-9c72-47a0-9465-43fe6f076d46|Executed action SmartLoan.Api.Controllers.LoanController.GetAll (SmartLoan.Api) in 58.6908ms 
2026-09-04 11:16:29.7606|Info|Microsoft.AspNetCore.Mvc.Infrastructure.ControllerActionInvoker|CorrelationId=a52c2ff5-306b-4ff7-b3a5-9530dc361e50|Executed action SmartLoan.Api.Controllers.DashboardController.GetSummary (SmartLoan.Api) in 75.0889ms 
2026-09-04 11:16:29.7606|Info|Microsoft.AspNetCore.Routing.EndpointMiddleware|CorrelationId=c1fd18f6-9c72-47a0-9465-43fe6f076d46|Executed endpoint 'SmartLoan.Api.Controllers.LoanController.GetAll (SmartLoan.Api)' 
2026-09-04 11:16:29.7606|Info|Microsoft.AspNetCore.Routing.EndpointMiddleware|CorrelationId=a52c2ff5-306b-4ff7-b3a5-9530dc361e50|Executed endpoint 'SmartLoan.Api.Controllers.DashboardController.GetSummary (SmartLoan.Api)' 
2026-09-04 11:16:29.7606|Info|Microsoft.AspNetCore.Hosting.Diagnostics|CorrelationId=|Request finished HTTP/1.1 GET http://localhost:5176/api/v1/Loan?pageNumber=1&pageSize=20 - 200 - application/json;+charset=utf-8 179.4876ms 
2026-09-04 11:16:29.7606|Info|Microsoft.AspNetCore.Hosting.Diagnostics|CorrelationId=|Request finished HTTP/1.1 GET http://localhost:5176/api/v1/Dashboard/summary - 200 - application/json;+charset=utf-8 142.0896ms 
2026-09-04 11:16:33.2322|Info|Microsoft.AspNetCore.Hosting.Diagnostics|CorrelationId=|Request starting HTTP/1.1 GET http://localhost:5176/api/v1/Auth/me - - - 
2026-09-04 11:16:33.2322|Info|Microsoft.AspNetCore.Routing.EndpointMiddleware|CorrelationId=6e9af3c7-e2c0-4245-a9ee-231f7d7bab20|Executing endpoint 'SmartLoan.Api.Controllers.AuthController.GetCurrentUser (SmartLoan.Api)' 
2026-09-04 11:16:33.2322|Info|Microsoft.AspNetCore.Mvc.Infrastructure.ControllerActionInvoker|CorrelationId=6e9af3c7-e2c0-4245-a9ee-231f7d7bab20|Route matched with {action = "GetCurrentUser", controller = "Auth"}. Executing controller action with signature Microsoft.AspNetCore.Mvc.IActionResult GetCurrentUser() on controller SmartLoan.Api.Controllers.AuthController (SmartLoan.Api). 
2026-09-04 11:16:33.2322|Info|Microsoft.AspNetCore.Mvc.Infrastructure.ObjectResultExecutor|CorrelationId=6e9af3c7-e2c0-4245-a9ee-231f7d7bab20|Executing OkObjectResult, writing value of type '<>f__AnonymousType0`2[[System.String, System.Private.CoreLib, Version=10.0.0.0, Culture=neutral, PublicKeyToken=7cec85d7bea7798e],[System.String, System.Private.CoreLib, Version=10.0.0.0, Culture=neutral, PublicKeyToken=7cec85d7bea7798e]]'. 
2026-09-04 11:16:33.2402|Info|Microsoft.AspNetCore.Mvc.Infrastructure.ControllerActionInvoker|CorrelationId=6e9af3c7-e2c0-4245-a9ee-231f7d7bab20|Executed action SmartLoan.Api.Controllers.AuthController.GetCurrentUser (SmartLoan.Api) in 2.901ms 
2026-09-04 11:16:33.2402|Info|Microsoft.AspNetCore.Routing.EndpointMiddleware|CorrelationId=6e9af3c7-e2c0-4245-a9ee-231f7d7bab20|Executed endpoint 'SmartLoan.Api.Controllers.AuthController.GetCurrentUser (SmartLoan.Api)' 
2026-09-04 11:16:33.2402|Info|Microsoft.AspNetCore.Hosting.Diagnostics|CorrelationId=|Request finished HTTP/1.1 GET http://localhost:5176/api/v1/Auth/me - 200 - application/json;+charset=utf-8 9.1543ms 
2026-09-04 11:16:33.2402|Info|Microsoft.AspNetCore.Hosting.Diagnostics|CorrelationId=|Request starting HTTP/1.1 GET http://localhost:5176/api/v1/Auth/me - - - 
2026-09-04 11:16:33.2402|Info|Microsoft.AspNetCore.Routing.EndpointMiddleware|CorrelationId=63ced01c-37ae-427a-8168-63a26af85dcb|Executing endpoint 'SmartLoan.Api.Controllers.AuthController.GetCurrentUser (SmartLoan.Api)' 
2026-09-04 11:16:33.2402|Info|Microsoft.AspNetCore.Mvc.Infrastructure.ControllerActionInvoker|CorrelationId=63ced01c-37ae-427a-8168-63a26af85dcb|Route matched with {action = "GetCurrentUser", controller = "Auth"}. Executing controller action with signature Microsoft.AspNetCore.Mvc.IActionResult GetCurrentUser() on controller SmartLoan.Api.Controllers.AuthController (SmartLoan.Api). 
2026-09-04 11:16:33.2566|Info|Microsoft.AspNetCore.Mvc.Infrastructure.ObjectResultExecutor|CorrelationId=63ced01c-37ae-427a-8168-63a26af85dcb|Executing OkObjectResult, writing value of type '<>f__AnonymousType0`2[[System.String, System.Private.CoreLib, Version=10.0.0.0, Culture=neutral, PublicKeyToken=7cec85d7bea7798e],[System.String, System.Private.CoreLib, Version=10.0.0.0, Culture=neutral, PublicKeyToken=7cec85d7bea7798e]]'. 
2026-09-04 11:16:33.2566|Info|Microsoft.AspNetCore.Mvc.Infrastructure.ControllerActionInvoker|CorrelationId=63ced01c-37ae-427a-8168-63a26af85dcb|Executed action SmartLoan.Api.Controllers.AuthController.GetCurrentUser (SmartLoan.Api) in 0.2212ms 
2026-09-04 11:16:33.2566|Info|Microsoft.AspNetCore.Routing.EndpointMiddleware|CorrelationId=63ced01c-37ae-427a-8168-63a26af85dcb|Executed endpoint 'SmartLoan.Api.Controllers.AuthController.GetCurrentUser (SmartLoan.Api)' 
2026-09-04 11:16:33.2566|Info|Microsoft.AspNetCore.Hosting.Diagnostics|CorrelationId=|Request finished HTTP/1.1 GET http://localhost:5176/api/v1/Auth/me - 200 - application/json;+charset=utf-8 2.9595ms 
2026-09-04 11:16:33.2973|Info|Microsoft.AspNetCore.Hosting.Diagnostics|CorrelationId=|Request starting HTTP/1.1 POST http://localhost:5176/api/v1/notifications/negotiate?negotiateVersion=1 - - 0 
2026-09-04 11:16:33.2973|Info|Microsoft.AspNetCore.Cors.Infrastructure.CorsService|CorrelationId=a48bc5c8-ac6c-480c-a57b-e2cf44025d1b|CORS policy execution successful. 
2026-09-04 11:16:33.2973|Info|Microsoft.AspNetCore.Hosting.Diagnostics|CorrelationId=|Request finished HTTP/1.1 POST http://localhost:5176/api/v1/notifications/negotiate?negotiateVersion=1 - 404 0 - 0.4175ms 
2026-09-04 11:16:33.2973|Info|Microsoft.AspNetCore.Hosting.Diagnostics|CorrelationId=|Request reached the end of the middleware pipeline without being handled by application code. Request path: POST http://localhost:5176/api/v1/notifications/negotiate, Response status code: 404 
2026-09-04 11:16:33.3279|Info|Microsoft.AspNetCore.Hosting.Diagnostics|CorrelationId=|Request starting HTTP/1.1 GET http://localhost:5176/api/v1/Loan?pageNumber=1&pageSize=20 - - - 
2026-09-04 11:16:33.3279|Info|Microsoft.AspNetCore.Routing.EndpointMiddleware|CorrelationId=f24bdb76-027d-4621-a8f8-26f3365300ff|Executing endpoint 'SmartLoan.Api.Controllers.LoanController.GetAll (SmartLoan.Api)' 
2026-09-04 11:16:33.3279|Info|Microsoft.AspNetCore.Mvc.Infrastructure.ControllerActionInvoker|CorrelationId=f24bdb76-027d-4621-a8f8-26f3365300ff|Route matched with {action = "GetAll", controller = "Loan"}. Executing controller action with signature System.Threading.Tasks.Task`1[Microsoft.AspNetCore.Mvc.ActionResult`1[SmartLoan.Application.Common.PagedResponse`1[SmartLoan.Application.Loans.Queries.LoanDto]]] GetAll(SmartLoan.Application.Common.PagedRequest) on controller SmartLoan.Api.Controllers.LoanController (SmartLoan.Api). 
2026-09-04 11:16:33.3279|Info|SmartLoan.Application.Common.Behaviors.LoggingBehavior|CorrelationId=f24bdb76-027d-4621-a8f8-26f3365300ff|smartloan Request:GetLoansQuery starting... 
2026-09-04 11:16:33.3279|Info|Microsoft.EntityFrameworkCore.Database.Command|CorrelationId=f24bdb76-027d-4621-a8f8-26f3365300ff|Executed DbCommand (1ms) [Parameters=[], CommandType='Text', CommandTimeout='30']
SELECT count(*)::int
FROM "LoanApplications" AS l
WHERE NOT (l."IsDeleted") 
2026-09-04 11:16:33.3279|Info|Microsoft.AspNetCore.Hosting.Diagnostics|CorrelationId=|Request starting HTTP/1.1 GET http://localhost:5176/api/v1/Dashboard/summary - - - 
2026-09-04 11:16:33.3279|Info|Microsoft.AspNetCore.Routing.EndpointMiddleware|CorrelationId=c0eff481-824a-4cba-afea-6064fed40b5a|Executing endpoint 'SmartLoan.Api.Controllers.DashboardController.GetSummary (SmartLoan.Api)' 
2026-09-04 11:16:33.3279|Info|Microsoft.AspNetCore.Mvc.Infrastructure.ControllerActionInvoker|CorrelationId=c0eff481-824a-4cba-afea-6064fed40b5a|Route matched with {action = "GetSummary", controller = "Dashboard"}. Executing controller action with signature System.Threading.Tasks.Task`1[Microsoft.AspNetCore.Mvc.ActionResult`1[SmartLoan.Application.Dashboard.Queries.GetLoanSummary.LoanSummaryDto]] GetSummary() on controller SmartLoan.Api.Controllers.DashboardController (SmartLoan.Api). 
2026-09-04 11:16:33.3279|Info|SmartLoan.Application.Common.Behaviors.LoggingBehavior|CorrelationId=c0eff481-824a-4cba-afea-6064fed40b5a|smartloan Request:GetLoansummatyQuery starting... 
2026-09-04 11:16:33.3279|Info|Microsoft.EntityFrameworkCore.Database.Command|CorrelationId=f24bdb76-027d-4621-a8f8-26f3365300ff|Executed DbCommand (1ms) [Parameters=[@p1='?' (DbType = Int32), @p='?' (DbType = Int32)], CommandType='Text', CommandTimeout='30']
SELECT l0."Id", c0."FullName", l0."DailyAmount", l0."LoanAmount", l0."ServiceFee", l0."Status", l0."CreatedAt"
FROM (
    SELECT l."Id", l."CreatedAt", l."CustomerId", l."DailyAmount", l."LoanAmount", l."ServiceFee", l."Status"
    FROM "LoanApplications" AS l
    WHERE NOT (l."IsDeleted")
    ORDER BY l."CreatedAt" DESC
    LIMIT @p1 OFFSET @p
) AS l0
INNER JOIN (
    SELECT c."Id", c."FullName"
    FROM "Customers" AS c
    WHERE NOT (c."IsDeleted")
) AS c0 ON l0."CustomerId" = c0."Id"
ORDER BY l0."CreatedAt" DESC 
2026-09-04 11:16:33.3279|Info|SmartLoan.Application.Common.Behaviors.LoggingBehavior|CorrelationId=f24bdb76-027d-4621-a8f8-26f3365300ff|Smarloan Request:GetLoansQuery finished in 2ms 
2026-09-04 11:16:33.3279|Info|Microsoft.EntityFrameworkCore.Database.Command|CorrelationId=c0eff481-824a-4cba-afea-6064fed40b5a|Executed DbCommand (0ms) [Parameters=[], CommandType='Text', CommandTimeout='30']
SELECT COALESCE(sum(p."Amount"), 0.0)
FROM "Payments" AS p 
2026-09-04 11:16:33.3279|Info|Microsoft.AspNetCore.Mvc.Infrastructure.ObjectResultExecutor|CorrelationId=f24bdb76-027d-4621-a8f8-26f3365300ff|Executing ObjectResult, writing value of type 'SmartLoan.Application.Common.PagedResponse`1[[SmartLoan.Application.Loans.Queries.LoanDto, SmartLoan.Application, Version=1.0.0.0, Culture=neutral, PublicKeyToken=null]]'. 
2026-09-04 11:16:33.3279|Info|Microsoft.AspNetCore.Mvc.Infrastructure.ControllerActionInvoker|CorrelationId=f24bdb76-027d-4621-a8f8-26f3365300ff|Executed action SmartLoan.Api.Controllers.LoanController.GetAll (SmartLoan.Api) in 3.5029ms 
2026-09-04 11:16:33.3279|Info|Microsoft.AspNetCore.Routing.EndpointMiddleware|CorrelationId=f24bdb76-027d-4621-a8f8-26f3365300ff|Executed endpoint 'SmartLoan.Api.Controllers.LoanController.GetAll (SmartLoan.Api)' 
2026-09-04 11:16:33.3279|Info|Microsoft.AspNetCore.Hosting.Diagnostics|CorrelationId=|Request finished HTTP/1.1 GET http://localhost:5176/api/v1/Loan?pageNumber=1&pageSize=20 - 200 - application/json;+charset=utf-8 4.5087ms 
2026-09-04 11:16:33.3279|Info|Microsoft.EntityFrameworkCore.Database.Command|CorrelationId=c0eff481-824a-4cba-afea-6064fed40b5a|Executed DbCommand (1ms) [Parameters=[], CommandType='Text', CommandTimeout='30']
SELECT COALESCE(sum(l."ServiceFee"), 0.0)
FROM "LoanApplications" AS l
WHERE NOT (l."IsDeleted") AND l."Status" = 'Approved' 
2026-09-04 11:16:33.3354|Info|Microsoft.EntityFrameworkCore.Database.Command|CorrelationId=c0eff481-824a-4cba-afea-6064fed40b5a|Executed DbCommand (1ms) [Parameters=[], CommandType='Text', CommandTimeout='30']
SELECT count(*)::int
FROM "LoanApplications" AS l
WHERE NOT (l."IsDeleted") AND l."Status" = 'Saving' 
2026-09-04 11:16:33.3354|Info|Microsoft.EntityFrameworkCore.Database.Command|CorrelationId=c0eff481-824a-4cba-afea-6064fed40b5a|Executed DbCommand (1ms) [Parameters=[], CommandType='Text', CommandTimeout='30']
SELECT count(*)::int
FROM "LoanApplications" AS l
WHERE NOT (l."IsDeleted") AND l."Status" = 'Approved' 
2026-09-04 11:16:33.3354|Info|SmartLoan.Application.Common.Behaviors.LoggingBehavior|CorrelationId=c0eff481-824a-4cba-afea-6064fed40b5a|Smarloan Request:GetLoansummatyQuery finished in 6ms 
2026-09-04 11:16:33.3354|Info|Microsoft.AspNetCore.Mvc.Infrastructure.ObjectResultExecutor|CorrelationId=c0eff481-824a-4cba-afea-6064fed40b5a|Executing ObjectResult, writing value of type 'SmartLoan.Application.Dashboard.Queries.GetLoanSummary.LoanSummaryDto'. 
2026-09-04 11:16:33.3354|Info|Microsoft.AspNetCore.Mvc.Infrastructure.ControllerActionInvoker|CorrelationId=c0eff481-824a-4cba-afea-6064fed40b5a|Executed action SmartLoan.Api.Controllers.DashboardController.GetSummary (SmartLoan.Api) in 6.8349ms 
2026-09-04 11:16:33.3354|Info|Microsoft.AspNetCore.Routing.EndpointMiddleware|CorrelationId=c0eff481-824a-4cba-afea-6064fed40b5a|Executed endpoint 'SmartLoan.Api.Controllers.DashboardController.GetSummary (SmartLoan.Api)' 
2026-09-04 11:16:33.3354|Info|Microsoft.AspNetCore.Hosting.Diagnostics|CorrelationId=|Request finished HTTP/1.1 GET http://localhost:5176/api/v1/Dashboard/summary - 200 - application/json;+charset=utf-8 7.5490ms 
2026-09-04 11:16:37.7077|Info|Microsoft.AspNetCore.Hosting.Diagnostics|CorrelationId=|Request starting HTTP/1.1 POST http://localhost:5176/api/v1/Dashboard/reports - application/json 24 
2026-09-04 11:16:37.7077|Info|Microsoft.AspNetCore.Cors.Infrastructure.CorsService|CorrelationId=9c0c1a53-cc2c-4247-817f-b013c40c6226|CORS policy execution successful. 
2026-09-04 11:16:37.7077|Info|Microsoft.AspNetCore.Routing.EndpointMiddleware|CorrelationId=9c0c1a53-cc2c-4247-817f-b013c40c6226|Executing endpoint 'SmartLoan.Api.Controllers.DashboardController.RequestReport (SmartLoan.Api)' 
2026-09-04 11:16:37.7077|Info|Microsoft.AspNetCore.Mvc.Infrastructure.ControllerActionInvoker|CorrelationId=9c0c1a53-cc2c-4247-817f-b013c40c6226|Route matched with {action = "RequestReport", controller = "Dashboard"}. Executing controller action with signature System.Threading.Tasks.Task`1[Microsoft.AspNetCore.Mvc.IActionResult] RequestReport(SmartLoan.Application.Dashboard.GenerateReportCommand) on controller SmartLoan.Api.Controllers.DashboardController (SmartLoan.Api). 
2026-09-04 11:16:37.7091|Info|SmartLoan.Application.Common.Behaviors.LoggingBehavior|CorrelationId=9c0c1a53-cc2c-4247-817f-b013c40c6226|smartloan Request:GenerateReportCommand starting... 
2026-09-04 11:16:37.7091|Info|SmartLoan.Application.Common.Behaviors.LoggingBehavior|CorrelationId=9c0c1a53-cc2c-4247-817f-b013c40c6226|Smarloan Request:GenerateReportCommand finished in 0ms 
2026-09-04 11:16:37.7091|Info|SmartLoan.Infrastructure.BackgroundJobs.ReportWorker|CorrelationId=|Chef picking up Report c7b4a630. Processing... 
2026-09-04 11:16:37.7091|Info|Microsoft.AspNetCore.Mvc.Infrastructure.ObjectResultExecutor|CorrelationId=9c0c1a53-cc2c-4247-817f-b013c40c6226|Executing AcceptedResult, writing value of type '<>f__AnonymousType3`2[[System.String, System.Private.CoreLib, Version=10.0.0.0, Culture=neutral, PublicKeyToken=7cec85d7bea7798e],[System.String, System.Private.CoreLib, Version=10.0.0.0, Culture=neutral, PublicKeyToken=7cec85d7bea7798e]]'. 
2026-09-04 11:16:37.7091|Info|Microsoft.AspNetCore.Mvc.Infrastructure.ControllerActionInvoker|CorrelationId=9c0c1a53-cc2c-4247-817f-b013c40c6226|Executed action SmartLoan.Api.Controllers.DashboardController.RequestReport (SmartLoan.Api) in 1.2063ms 
2026-09-04 11:16:37.7091|Info|Microsoft.AspNetCore.Routing.EndpointMiddleware|CorrelationId=9c0c1a53-cc2c-4247-817f-b013c40c6226|Executed endpoint 'SmartLoan.Api.Controllers.DashboardController.RequestReport (SmartLoan.Api)' 
2026-09-04 11:16:37.7091|Info|Microsoft.AspNetCore.Hosting.Diagnostics|CorrelationId=|Request finished HTTP/1.1 POST http://localhost:5176/api/v1/Dashboard/reports - 202 - application/json;+charset=utf-8 2.1852ms 
2026-09-04 11:16:47.7248|Info|SmartLoan.Infrastructure.BackgroundJobs.ReportWorker|CorrelationId=|Report c7b4a630 finished! (Ready for download) 
2026-09-04 11:16:51.4524|Info|Microsoft.AspNetCore.Hosting.Diagnostics|CorrelationId=|Request starting HTTP/1.1 GET http://localhost:5176/api/v1/Auth/me - - - 
2026-09-04 11:16:51.4524|Info|Microsoft.AspNetCore.Routing.EndpointMiddleware|CorrelationId=97d02d4b-a020-49ae-8a8a-9b3e0a03553a|Executing endpoint 'SmartLoan.Api.Controllers.AuthController.GetCurrentUser (SmartLoan.Api)' 
2026-09-04 11:16:51.4524|Info|Microsoft.AspNetCore.Mvc.Infrastructure.ControllerActionInvoker|CorrelationId=97d02d4b-a020-49ae-8a8a-9b3e0a03553a|Route matched with {action = "GetCurrentUser", controller = "Auth"}. Executing controller action with signature Microsoft.AspNetCore.Mvc.IActionResult GetCurrentUser() on controller SmartLoan.Api.Controllers.AuthController (SmartLoan.Api). 
2026-09-04 11:16:51.4524|Info|Microsoft.AspNetCore.Mvc.Infrastructure.ObjectResultExecutor|CorrelationId=97d02d4b-a020-49ae-8a8a-9b3e0a03553a|Executing OkObjectResult, writing value of type '<>f__AnonymousType0`2[[System.String, System.Private.CoreLib, Version=10.0.0.0, Culture=neutral, PublicKeyToken=7cec85d7bea7798e],[System.String, System.Private.CoreLib, Version=10.0.0.0, Culture=neutral, PublicKeyToken=7cec85d7bea7798e]]'. 
2026-09-04 11:16:51.4524|Info|Microsoft.AspNetCore.Mvc.Infrastructure.ControllerActionInvoker|CorrelationId=97d02d4b-a020-49ae-8a8a-9b3e0a03553a|Executed action SmartLoan.Api.Controllers.AuthController.GetCurrentUser (SmartLoan.Api) in 0.1569ms 
2026-09-04 11:16:51.4524|Info|Microsoft.AspNetCore.Routing.EndpointMiddleware|CorrelationId=97d02d4b-a020-49ae-8a8a-9b3e0a03553a|Executed endpoint 'SmartLoan.Api.Controllers.AuthController.GetCurrentUser (SmartLoan.Api)' 
2026-09-04 11:16:51.4524|Info|Microsoft.AspNetCore.Hosting.Diagnostics|CorrelationId=|Request finished HTTP/1.1 GET http://localhost:5176/api/v1/Auth/me - 200 - application/json;+charset=utf-8 0.8388ms 
2026-09-04 11:16:51.4524|Info|Microsoft.AspNetCore.Hosting.Diagnostics|CorrelationId=|Request starting HTTP/1.1 GET http://localhost:5176/api/v1/Auth/me - - - 
2026-09-04 11:16:51.4524|Info|Microsoft.AspNetCore.Routing.EndpointMiddleware|CorrelationId=9539d0dd-3d24-4225-9ad1-2c33c9930a97|Executing endpoint 'SmartLoan.Api.Controllers.AuthController.GetCurrentUser (SmartLoan.Api)' 
2026-09-04 11:16:51.4524|Info|Microsoft.AspNetCore.Mvc.Infrastructure.ControllerActionInvoker|CorrelationId=9539d0dd-3d24-4225-9ad1-2c33c9930a97|Route matched with {action = "GetCurrentUser", controller = "Auth"}. Executing controller action with signature Microsoft.AspNetCore.Mvc.IActionResult GetCurrentUser() on controller SmartLoan.Api.Controllers.AuthController (SmartLoan.Api). 
2026-09-04 11:16:51.4575|Info|Microsoft.AspNetCore.Mvc.Infrastructure.ObjectResultExecutor|CorrelationId=9539d0dd-3d24-4225-9ad1-2c33c9930a97|Executing OkObjectResult, writing value of type '<>f__AnonymousType0`2[[System.String, System.Private.CoreLib, Version=10.0.0.0, Culture=neutral, PublicKeyToken=7cec85d7bea7798e],[System.String, System.Private.CoreLib, Version=10.0.0.0, Culture=neutral, PublicKeyToken=7cec85d7bea7798e]]'. 
2026-09-04 11:16:51.4575|Info|Microsoft.AspNetCore.Mvc.Infrastructure.ControllerActionInvoker|CorrelationId=9539d0dd-3d24-4225-9ad1-2c33c9930a97|Executed action SmartLoan.Api.Controllers.AuthController.GetCurrentUser (SmartLoan.Api) in 0.334ms 
2026-09-04 11:16:51.4575|Info|Microsoft.AspNetCore.Routing.EndpointMiddleware|CorrelationId=9539d0dd-3d24-4225-9ad1-2c33c9930a97|Executed endpoint 'SmartLoan.Api.Controllers.AuthController.GetCurrentUser (SmartLoan.Api)' 
2026-09-04 11:16:51.4575|Info|Microsoft.AspNetCore.Hosting.Diagnostics|CorrelationId=|Request finished HTTP/1.1 GET http://localhost:5176/api/v1/Auth/me - 200 - application/json;+charset=utf-8 1.4585ms 
2026-09-04 11:16:51.4978|Info|Microsoft.AspNetCore.Hosting.Diagnostics|CorrelationId=|Request starting HTTP/1.1 POST http://localhost:5176/api/v1/notifications/negotiate?negotiateVersion=1 - - 0 
2026-09-04 11:16:51.4978|Info|Microsoft.AspNetCore.Cors.Infrastructure.CorsService|CorrelationId=e4667c9b-b609-436d-9ff6-5819bc1929fb|CORS policy execution successful. 
2026-09-04 11:16:51.4978|Info|Microsoft.AspNetCore.Hosting.Diagnostics|CorrelationId=|Request finished HTTP/1.1 POST http://localhost:5176/api/v1/notifications/negotiate?negotiateVersion=1 - 404 0 - 2.9578ms 
2026-09-04 11:16:51.4978|Info|Microsoft.AspNetCore.Hosting.Diagnostics|CorrelationId=|Request reached the end of the middleware pipeline without being handled by application code. Request path: POST http://localhost:5176/api/v1/notifications/negotiate, Response status code: 404 
2026-09-04 11:16:51.6089|Info|Microsoft.AspNetCore.Hosting.Diagnostics|CorrelationId=|Request starting HTTP/1.1 GET http://localhost:5176/api/v1/Loan?pageNumber=1&pageSize=20 - - - 
2026-09-04 11:16:51.6089|Info|Microsoft.AspNetCore.Routing.EndpointMiddleware|CorrelationId=da370365-efc1-4858-9ec7-b55ff6b931e9|Executing endpoint 'SmartLoan.Api.Controllers.LoanController.GetAll (SmartLoan.Api)' 
2026-09-04 11:16:51.6089|Info|Microsoft.AspNetCore.Hosting.Diagnostics|CorrelationId=|Request starting HTTP/1.1 GET http://localhost:5176/api/v1/Dashboard/summary - - - 
2026-09-04 11:16:51.6089|Info|Microsoft.AspNetCore.Mvc.Infrastructure.ControllerActionInvoker|CorrelationId=da370365-efc1-4858-9ec7-b55ff6b931e9|Route matched with {action = "GetAll", controller = "Loan"}. Executing controller action with signature System.Threading.Tasks.Task`1[Microsoft.AspNetCore.Mvc.ActionResult`1[SmartLoan.Application.Common.PagedResponse`1[SmartLoan.Application.Loans.Queries.LoanDto]]] GetAll(SmartLoan.Application.Common.PagedRequest) on controller SmartLoan.Api.Controllers.LoanController (SmartLoan.Api). 
2026-09-04 11:16:51.6089|Info|Microsoft.AspNetCore.Routing.EndpointMiddleware|CorrelationId=1d56e439-51cd-4f71-8faf-9e08e30ac498|Executing endpoint 'SmartLoan.Api.Controllers.DashboardController.GetSummary (SmartLoan.Api)' 
2026-09-04 11:16:51.6089|Info|Microsoft.AspNetCore.Mvc.Infrastructure.ControllerActionInvoker|CorrelationId=1d56e439-51cd-4f71-8faf-9e08e30ac498|Route matched with {action = "GetSummary", controller = "Dashboard"}. Executing controller action with signature System.Threading.Tasks.Task`1[Microsoft.AspNetCore.Mvc.ActionResult`1[SmartLoan.Application.Dashboard.Queries.GetLoanSummary.LoanSummaryDto]] GetSummary() on controller SmartLoan.Api.Controllers.DashboardController (SmartLoan.Api). 
2026-09-04 11:16:51.6089|Info|SmartLoan.Application.Common.Behaviors.LoggingBehavior|CorrelationId=da370365-efc1-4858-9ec7-b55ff6b931e9|smartloan Request:GetLoansQuery starting... 
2026-09-04 11:16:51.6089|Info|SmartLoan.Application.Common.Behaviors.LoggingBehavior|CorrelationId=1d56e439-51cd-4f71-8faf-9e08e30ac498|smartloan Request:GetLoansummatyQuery starting... 
2026-09-04 11:16:51.6089|Info|Microsoft.EntityFrameworkCore.Database.Command|CorrelationId=da370365-efc1-4858-9ec7-b55ff6b931e9|Executed DbCommand (1ms) [Parameters=[], CommandType='Text', CommandTimeout='30']
SELECT count(*)::int
FROM "LoanApplications" AS l
WHERE NOT (l."IsDeleted") 
2026-09-04 11:16:51.6089|Info|Microsoft.EntityFrameworkCore.Database.Command|CorrelationId=1d56e439-51cd-4f71-8faf-9e08e30ac498|Executed DbCommand (1ms) [Parameters=[], CommandType='Text', CommandTimeout='30']
SELECT COALESCE(sum(p."Amount"), 0.0)
FROM "Payments" AS p 
2026-09-04 11:16:51.6089|Info|Microsoft.EntityFrameworkCore.Database.Command|CorrelationId=1d56e439-51cd-4f71-8faf-9e08e30ac498|Executed DbCommand (1ms) [Parameters=[], CommandType='Text', CommandTimeout='30']
SELECT COALESCE(sum(l."ServiceFee"), 0.0)
FROM "LoanApplications" AS l
WHERE NOT (l."IsDeleted") AND l."Status" = 'Approved' 
2026-09-04 11:16:51.6089|Info|Microsoft.EntityFrameworkCore.Database.Command|CorrelationId=da370365-efc1-4858-9ec7-b55ff6b931e9|Executed DbCommand (1ms) [Parameters=[@p1='?' (DbType = Int32), @p='?' (DbType = Int32)], CommandType='Text', CommandTimeout='30']
SELECT l0."Id", c0."FullName", l0."DailyAmount", l0."LoanAmount", l0."ServiceFee", l0."Status", l0."CreatedAt"
FROM (
    SELECT l."Id", l."CreatedAt", l."CustomerId", l."DailyAmount", l."LoanAmount", l."ServiceFee", l."Status"
    FROM "LoanApplications" AS l
    WHERE NOT (l."IsDeleted")
    ORDER BY l."CreatedAt" DESC
    LIMIT @p1 OFFSET @p
) AS l0
INNER JOIN (
    SELECT c."Id", c."FullName"
    FROM "Customers" AS c
    WHERE NOT (c."IsDeleted")
) AS c0 ON l0."CustomerId" = c0."Id"
ORDER BY l0."CreatedAt" DESC 
2026-09-04 11:16:51.6089|Info|SmartLoan.Application.Common.Behaviors.LoggingBehavior|CorrelationId=da370365-efc1-4858-9ec7-b55ff6b931e9|Smarloan Request:GetLoansQuery finished in 4ms 
2026-09-04 11:16:51.6089|Info|Microsoft.AspNetCore.Mvc.Infrastructure.ObjectResultExecutor|CorrelationId=da370365-efc1-4858-9ec7-b55ff6b931e9|Executing ObjectResult, writing value of type 'SmartLoan.Application.Common.PagedResponse`1[[SmartLoan.Application.Loans.Queries.LoanDto, SmartLoan.Application, Version=1.0.0.0, Culture=neutral, PublicKeyToken=null]]'. 
2026-09-04 11:16:51.6089|Info|Microsoft.AspNetCore.Mvc.Infrastructure.ControllerActionInvoker|CorrelationId=da370365-efc1-4858-9ec7-b55ff6b931e9|Executed action SmartLoan.Api.Controllers.LoanController.GetAll (SmartLoan.Api) in 4.7252ms 
2026-09-04 11:16:51.6089|Info|Microsoft.AspNetCore.Routing.EndpointMiddleware|CorrelationId=da370365-efc1-4858-9ec7-b55ff6b931e9|Executed endpoint 'SmartLoan.Api.Controllers.LoanController.GetAll (SmartLoan.Api)' 
2026-09-04 11:16:51.6089|Info|Microsoft.AspNetCore.Hosting.Diagnostics|CorrelationId=|Request finished HTTP/1.1 GET http://localhost:5176/api/v1/Loan?pageNumber=1&pageSize=20 - 200 - application/json;+charset=utf-8 5.9457ms 
2026-09-04 11:16:51.6089|Info|Microsoft.EntityFrameworkCore.Database.Command|CorrelationId=1d56e439-51cd-4f71-8faf-9e08e30ac498|Executed DbCommand (1ms) [Parameters=[], CommandType='Text', CommandTimeout='30']
SELECT count(*)::int
FROM "LoanApplications" AS l
WHERE NOT (l."IsDeleted") AND l."Status" = 'Saving' 
2026-09-04 11:16:51.6166|Info|Microsoft.EntityFrameworkCore.Database.Command|CorrelationId=1d56e439-51cd-4f71-8faf-9e08e30ac498|Executed DbCommand (1ms) [Parameters=[], CommandType='Text', CommandTimeout='30']
SELECT count(*)::int
FROM "LoanApplications" AS l
WHERE NOT (l."IsDeleted") AND l."Status" = 'Approved' 
2026-09-04 11:16:51.6166|Info|SmartLoan.Application.Common.Behaviors.LoggingBehavior|CorrelationId=1d56e439-51cd-4f71-8faf-9e08e30ac498|Smarloan Request:GetLoansummatyQuery finished in 7ms 
2026-09-04 11:16:51.6166|Info|Microsoft.AspNetCore.Mvc.Infrastructure.ObjectResultExecutor|CorrelationId=1d56e439-51cd-4f71-8faf-9e08e30ac498|Executing ObjectResult, writing value of type 'SmartLoan.Application.Dashboard.Queries.GetLoanSummary.LoanSummaryDto'. 
2026-09-04 11:16:51.6166|Info|Microsoft.AspNetCore.Mvc.Infrastructure.ControllerActionInvoker|CorrelationId=1d56e439-51cd-4f71-8faf-9e08e30ac498|Executed action SmartLoan.Api.Controllers.DashboardController.GetSummary (SmartLoan.Api) in 7.4886ms 
2026-09-04 11:16:51.6166|Info|Microsoft.AspNetCore.Routing.EndpointMiddleware|CorrelationId=1d56e439-51cd-4f71-8faf-9e08e30ac498|Executed endpoint 'SmartLoan.Api.Controllers.DashboardController.GetSummary (SmartLoan.Api)' 
2026-09-04 11:16:51.6166|Info|Microsoft.AspNetCore.Hosting.Diagnostics|CorrelationId=|Request finished HTTP/1.1 GET http://localhost:5176/api/v1/Dashboard/summary - 200 - application/json;+charset=utf-8 8.3092ms 
2026-09-04 11:16:52.9150|Info|Microsoft.AspNetCore.Hosting.Diagnostics|CorrelationId=|Request starting HTTP/1.1 POST http://localhost:5176/api/v1/Dashboard/reports - application/json 24 
2026-09-04 11:16:52.9150|Info|Microsoft.AspNetCore.Cors.Infrastructure.CorsService|CorrelationId=c6525920-082f-4fb6-90af-fe7dcafc71d0|CORS policy execution successful. 
2026-09-04 11:16:52.9150|Info|Microsoft.AspNetCore.Routing.EndpointMiddleware|CorrelationId=c6525920-082f-4fb6-90af-fe7dcafc71d0|Executing endpoint 'SmartLoan.Api.Controllers.DashboardController.RequestReport (SmartLoan.Api)' 
2026-09-04 11:16:52.9150|Info|Microsoft.AspNetCore.Mvc.Infrastructure.ControllerActionInvoker|CorrelationId=c6525920-082f-4fb6-90af-fe7dcafc71d0|Route matched with {action = "RequestReport", controller = "Dashboard"}. Executing controller action with signature System.Threading.Tasks.Task`1[Microsoft.AspNetCore.Mvc.IActionResult] RequestReport(SmartLoan.Application.Dashboard.GenerateReportCommand) on controller SmartLoan.Api.Controllers.DashboardController (SmartLoan.Api). 
2026-09-04 11:16:52.9150|Info|SmartLoan.Application.Common.Behaviors.LoggingBehavior|CorrelationId=c6525920-082f-4fb6-90af-fe7dcafc71d0|smartloan Request:GenerateReportCommand starting... 
2026-09-04 11:16:52.9150|Info|SmartLoan.Application.Common.Behaviors.LoggingBehavior|CorrelationId=c6525920-082f-4fb6-90af-fe7dcafc71d0|Smarloan Request:GenerateReportCommand finished in 0ms 
2026-09-04 11:16:52.9150|Info|SmartLoan.Infrastructure.BackgroundJobs.ReportWorker|CorrelationId=|Chef picking up Report 10931353. Processing... 
2026-09-04 11:16:52.9150|Info|Microsoft.AspNetCore.Mvc.Infrastructure.ObjectResultExecutor|CorrelationId=c6525920-082f-4fb6-90af-fe7dcafc71d0|Executing AcceptedResult, writing value of type '<>f__AnonymousType3`2[[System.String, System.Private.CoreLib, Version=10.0.0.0, Culture=neutral, PublicKeyToken=7cec85d7bea7798e],[System.String, System.Private.CoreLib, Version=10.0.0.0, Culture=neutral, PublicKeyToken=7cec85d7bea7798e]]'. 
2026-09-04 11:16:52.9150|Info|Microsoft.AspNetCore.Mvc.Infrastructure.ControllerActionInvoker|CorrelationId=c6525920-082f-4fb6-90af-fe7dcafc71d0|Executed action SmartLoan.Api.Controllers.DashboardController.RequestReport (SmartLoan.Api) in 0.6436ms 
2026-09-04 11:16:52.9150|Info|Microsoft.AspNetCore.Routing.EndpointMiddleware|CorrelationId=c6525920-082f-4fb6-90af-fe7dcafc71d0|Executed endpoint 'SmartLoan.Api.Controllers.DashboardController.RequestReport (SmartLoan.Api)' 
2026-09-04 11:16:52.9150|Info|Microsoft.AspNetCore.Hosting.Diagnostics|CorrelationId=|Request finished HTTP/1.1 POST http://localhost:5176/api/v1/Dashboard/reports - 202 - application/json;+charset=utf-8 1.7031ms 
2026-09-04 11:17:02.9303|Info|SmartLoan.Infrastructure.BackgroundJobs.ReportWorker|CorrelationId=|Report 10931353 finished! (Ready for download) 
2026-09-04 11:25:18.1165|Info|Microsoft.Hosting.Lifetime|CorrelationId=|Application is shutting down... 
2026-09-04 11:28:38.5625|Warn|Microsoft.EntityFrameworkCore.Model.Validation|CorrelationId=|Entity 'LoanApplication' has a global query filter defined and is the required end of a relationship with the entity 'Payment'. This may lead to unexpected results when the required entity is filtered out. Either configure the navigation as optional, or define matching query filters for both entities in the navigation. See https://go.microsoft.com/fwlink/?linkid=2131316 for more information. 
2026-09-04 11:28:39.2657|Info|Microsoft.EntityFrameworkCore.Database.Command|CorrelationId=|Executed DbCommand (56ms) [Parameters=[], CommandType='Text', CommandTimeout='30']
SELECT "MigrationId", "ProductVersion"
FROM "__EFMigrationsHistory"
ORDER BY "MigrationId"; 
2026-09-04 11:28:39.6297|Info|Microsoft.EntityFrameworkCore.Database.Command|CorrelationId=|Executed DbCommand (15ms) [Parameters=[], CommandType='Text', CommandTimeout='30']
SELECT 1 
2026-09-04 11:28:39.7530|Info|Microsoft.EntityFrameworkCore.Database.Command|CorrelationId=|Executed DbCommand (7ms) [Parameters=[], CommandType='Text', CommandTimeout='30']
CREATE TABLE IF NOT EXISTS "__EFMigrationsHistory" (
    "MigrationId" character varying(150) NOT NULL,
    "ProductVersion" character varying(32) NOT NULL,
    CONSTRAINT "PK___EFMigrationsHistory" PRIMARY KEY ("MigrationId")
); 
2026-09-04 11:28:39.7833|Info|Microsoft.EntityFrameworkCore.Database.Command|CorrelationId=|Executed DbCommand (1ms) [Parameters=[], CommandType='Text', CommandTimeout='30']
LOCK TABLE "__EFMigrationsHistory" IN ACCESS EXCLUSIVE MODE 
2026-09-04 11:28:39.7911|Info|Microsoft.EntityFrameworkCore.Database.Command|CorrelationId=|Executed DbCommand (4ms) [Parameters=[], CommandType='Text', CommandTimeout='30']
SELECT "MigrationId", "ProductVersion"
FROM "__EFMigrationsHistory"
ORDER BY "MigrationId"; 
2026-09-04 11:28:39.8047|Info|Microsoft.EntityFrameworkCore.Migrations|CorrelationId=|No migrations were applied. The database is already up to date. 
2026-09-04 11:28:40.3094|Info|Microsoft.EntityFrameworkCore.Database.Command|CorrelationId=|Executed DbCommand (4ms) [Parameters=[], CommandType='Text', CommandTimeout='30']
SELECT EXISTS (
    SELECT 1
    FROM "Users" AS u
    WHERE u."Email" = 'admin@loan.com') 
2026-09-04 11:28:40.3789|Info|Microsoft.AspNetCore.DataProtection.KeyManagement.XmlKeyManager|CorrelationId=|User profile is available. Using 'C:\Users\isaac\AppData\Local\ASP.NET\DataProtection-Keys' as key repository and Windows DPAPI to encrypt keys at rest. 
2026-09-04 11:28:40.6181|Info|SmartLoan.Infrastructure.BackgroundJobs.ReportWorker|CorrelationId=|Report Worker is starting... 
2026-09-04 11:28:40.7097|Info|Microsoft.Hosting.Lifetime|CorrelationId=|Now listening on: http://localhost:5176 
2026-09-04 11:28:40.7097|Info|Microsoft.Hosting.Lifetime|CorrelationId=|Application started. Press Ctrl+C to shut down. 
2026-09-04 11:28:40.7097|Info|Microsoft.Hosting.Lifetime|CorrelationId=|Hosting environment: Development 
2026-09-04 11:28:40.7097|Info|Microsoft.Hosting.Lifetime|CorrelationId=|Content root path: D:\isaac\educational purpose only\.net\kyas pro\SmartLoanTracker\smartloan.api 
2026-09-04 11:28:54.9379|Info|Microsoft.AspNetCore.Hosting.Diagnostics|CorrelationId=|Request starting HTTP/1.1 GET http://localhost:5176/api/v1/Loan?pageNumber=1&pageSize=20 - - - 
2026-09-04 11:28:54.9379|Info|Microsoft.AspNetCore.Hosting.Diagnostics|CorrelationId=|Request starting HTTP/1.1 GET http://localhost:5176/api/v1/Dashboard/summary - - - 
2026-09-04 11:28:54.9379|Info|Microsoft.AspNetCore.Hosting.Diagnostics|CorrelationId=|Request starting HTTP/1.1 GET http://localhost:5176/api/v1/Auth/me - - - 
2026-09-04 11:28:54.9452|Warn|Microsoft.AspNetCore.HttpsPolicy.HttpsRedirectionMiddleware|CorrelationId=0d838963-fab6-4c9b-a82b-6018a22a0a1f|Failed to determine the https port for redirect. 
2026-09-04 11:28:55.1466|Info|Microsoft.AspNetCore.Authentication.JwtBearer.JwtBearerHandler|CorrelationId=545f7bab-41f8-44b7-9818-d8e18ddd9612|Failed to validate the token. Microsoft.IdentityModel.Tokens.SecurityTokenExpiredException: IDX10223: Lifetime validation failed. The token is expired. ValidTo (UTC): '9/4/2026 8:20:12 AM', Current time (UTC): '9/4/2026 8:28:55 AM'.
   at Microsoft.IdentityModel.Tokens.ValidatorUtilities.ValidateLifetime(Nullable`1 notBefore, Nullable`1 expires, SecurityToken securityToken, TokenValidationParameters validationParameters)
   at Microsoft.IdentityModel.Tokens.Validators.ValidateLifetime(Nullable`1 notBefore, Nullable`1 expires, SecurityToken securityToken, TokenValidationParameters validationParameters)
   at Microsoft.IdentityModel.JsonWebTokens.JsonWebTokenHandler.ValidateTokenPayloadAsync(JsonWebToken jsonWebToken, TokenValidationParameters validationParameters, BaseConfiguration configuration)
   at Microsoft.IdentityModel.JsonWebTokens.JsonWebTokenHandler.ValidateJWSAsync(JsonWebToken jsonWebToken, TokenValidationParameters validationParameters, BaseConfiguration configuration)
2026-09-04 11:28:55.1466|Info|Microsoft.AspNetCore.Authentication.JwtBearer.JwtBearerHandler|CorrelationId=50f29972-b24e-4bb6-a311-24fe0951319b|Failed to validate the token. Microsoft.IdentityModel.Tokens.SecurityTokenExpiredException: IDX10223: Lifetime validation failed. The token is expired. ValidTo (UTC): '9/4/2026 8:20:12 AM', Current time (UTC): '9/4/2026 8:28:55 AM'.
   at Microsoft.IdentityModel.Tokens.ValidatorUtilities.ValidateLifetime(Nullable`1 notBefore, Nullable`1 expires, SecurityToken securityToken, TokenValidationParameters validationParameters)
   at Microsoft.IdentityModel.Tokens.Validators.ValidateLifetime(Nullable`1 notBefore, Nullable`1 expires, SecurityToken securityToken, TokenValidationParameters validationParameters)
   at Microsoft.IdentityModel.JsonWebTokens.JsonWebTokenHandler.ValidateTokenPayloadAsync(JsonWebToken jsonWebToken, TokenValidationParameters validationParameters, BaseConfiguration configuration)
   at Microsoft.IdentityModel.JsonWebTokens.JsonWebTokenHandler.ValidateJWSAsync(JsonWebToken jsonWebToken, TokenValidationParameters validationParameters, BaseConfiguration configuration)
2026-09-04 11:28:55.1466|Info|Microsoft.AspNetCore.Authentication.JwtBearer.JwtBearerHandler|CorrelationId=0d838963-fab6-4c9b-a82b-6018a22a0a1f|Failed to validate the token. Microsoft.IdentityModel.Tokens.SecurityTokenExpiredException: IDX10223: Lifetime validation failed. The token is expired. ValidTo (UTC): '9/4/2026 8:20:12 AM', Current time (UTC): '9/4/2026 8:28:55 AM'.
   at Microsoft.IdentityModel.Tokens.ValidatorUtilities.ValidateLifetime(Nullable`1 notBefore, Nullable`1 expires, SecurityToken securityToken, TokenValidationParameters validationParameters)
   at Microsoft.IdentityModel.Tokens.Validators.ValidateLifetime(Nullable`1 notBefore, Nullable`1 expires, SecurityToken securityToken, TokenValidationParameters validationParameters)
   at Microsoft.IdentityModel.JsonWebTokens.JsonWebTokenHandler.ValidateTokenPayloadAsync(JsonWebToken jsonWebToken, TokenValidationParameters validationParameters, BaseConfiguration configuration)
   at Microsoft.IdentityModel.JsonWebTokens.JsonWebTokenHandler.ValidateJWSAsync(JsonWebToken jsonWebToken, TokenValidationParameters validationParameters, BaseConfiguration configuration)
2026-09-04 11:28:55.1466|Info|Microsoft.AspNetCore.Authentication.JwtBearer.JwtBearerHandler|CorrelationId=50f29972-b24e-4bb6-a311-24fe0951319b|Bearer was not authenticated. Failure message: IDX10223: Lifetime validation failed. The token is expired. ValidTo (UTC): '9/4/2026 8:20:12 AM', Current time (UTC): '9/4/2026 8:28:55 AM'. 
2026-09-04 11:28:55.1466|Info|Microsoft.AspNetCore.Authentication.JwtBearer.JwtBearerHandler|CorrelationId=545f7bab-41f8-44b7-9818-d8e18ddd9612|Bearer was not authenticated. Failure message: IDX10223: Lifetime validation failed. The token is expired. ValidTo (UTC): '9/4/2026 8:20:12 AM', Current time (UTC): '9/4/2026 8:28:55 AM'. 
2026-09-04 11:28:55.1466|Info|Microsoft.AspNetCore.Authentication.JwtBearer.JwtBearerHandler|CorrelationId=0d838963-fab6-4c9b-a82b-6018a22a0a1f|Bearer was not authenticated. Failure message: IDX10223: Lifetime validation failed. The token is expired. ValidTo (UTC): '9/4/2026 8:20:12 AM', Current time (UTC): '9/4/2026 8:28:55 AM'. 
2026-09-04 11:28:55.1677|Info|Microsoft.AspNetCore.Authorization.DefaultAuthorizationService|CorrelationId=50f29972-b24e-4bb6-a311-24fe0951319b|Authorization failed. These requirements were not met:
DenyAnonymousAuthorizationRequirement: Requires an authenticated user. 
2026-09-04 11:28:55.1677|Info|Microsoft.AspNetCore.Authorization.DefaultAuthorizationService|CorrelationId=545f7bab-41f8-44b7-9818-d8e18ddd9612|Authorization failed. These requirements were not met:
RolesAuthorizationRequirement:User.IsInRole must be true for one of the following roles: (Administrator)
RolesAuthorizationRequirement:User.IsInRole must be true for one of the following roles: (Administrator) 
2026-09-04 11:28:55.1677|Info|Microsoft.AspNetCore.Authorization.DefaultAuthorizationService|CorrelationId=0d838963-fab6-4c9b-a82b-6018a22a0a1f|Authorization failed. These requirements were not met:
DenyAnonymousAuthorizationRequirement: Requires an authenticated user. 
2026-09-04 11:28:55.1677|Info|Microsoft.AspNetCore.Authentication.JwtBearer.JwtBearerHandler|CorrelationId=0d838963-fab6-4c9b-a82b-6018a22a0a1f|AuthenticationScheme: Bearer was challenged. 
2026-09-04 11:28:55.1677|Info|Microsoft.AspNetCore.Authentication.JwtBearer.JwtBearerHandler|CorrelationId=545f7bab-41f8-44b7-9818-d8e18ddd9612|AuthenticationScheme: Bearer was challenged. 
2026-09-04 11:28:55.1677|Info|Microsoft.AspNetCore.Authentication.JwtBearer.JwtBearerHandler|CorrelationId=50f29972-b24e-4bb6-a311-24fe0951319b|AuthenticationScheme: Bearer was challenged. 
2026-09-04 11:28:55.1800|Info|Microsoft.AspNetCore.Hosting.Diagnostics|CorrelationId=|Request finished HTTP/1.1 GET http://localhost:5176/api/v1/Dashboard/summary - 401 0 - 245.4280ms 
2026-09-04 11:28:55.1800|Info|Microsoft.AspNetCore.Hosting.Diagnostics|CorrelationId=|Request finished HTTP/1.1 GET http://localhost:5176/api/v1/Auth/me - 401 0 - 243.2647ms 
2026-09-04 11:28:55.1800|Info|Microsoft.AspNetCore.Hosting.Diagnostics|CorrelationId=|Request finished HTTP/1.1 GET http://localhost:5176/api/v1/Loan?pageNumber=1&pageSize=20 - 401 0 - 246.6394ms 
2026-09-04 11:28:55.1800|Info|Microsoft.AspNetCore.Hosting.Diagnostics|CorrelationId=|Request starting HTTP/1.1 GET http://localhost:5176/api/v1/Auth/me - - - 
2026-09-04 11:28:55.1935|Info|Microsoft.AspNetCore.Hosting.Diagnostics|CorrelationId=|Request starting HTTP/1.1 POST http://localhost:5176/api/v1/Auth/refresh - application/json 2 
2026-09-04 11:28:55.1935|Info|Microsoft.AspNetCore.Cors.Infrastructure.CorsService|CorrelationId=9f6d3f4e-5e71-4b25-81e4-c443320a3363|CORS policy execution successful. 
2026-09-04 11:28:55.1935|Info|Microsoft.AspNetCore.Authentication.JwtBearer.JwtBearerHandler|CorrelationId=2c34fad9-89b1-4bed-9e47-5701c5135548|Failed to validate the token. Microsoft.IdentityModel.Tokens.SecurityTokenExpiredException: IDX10223: Lifetime validation failed. The token is expired. ValidTo (UTC): '9/4/2026 8:20:12 AM', Current time (UTC): '9/4/2026 8:28:55 AM'.
   at Microsoft.IdentityModel.Tokens.ValidatorUtilities.ValidateLifetime(Nullable`1 notBefore, Nullable`1 expires, SecurityToken securityToken, TokenValidationParameters validationParameters)
   at Microsoft.IdentityModel.Tokens.Validators.ValidateLifetime(Nullable`1 notBefore, Nullable`1 expires, SecurityToken securityToken, TokenValidationParameters validationParameters)
   at Microsoft.IdentityModel.JsonWebTokens.JsonWebTokenHandler.ValidateTokenPayloadAsync(JsonWebToken jsonWebToken, TokenValidationParameters validationParameters, BaseConfiguration configuration)
   at Microsoft.IdentityModel.JsonWebTokens.JsonWebTokenHandler.ValidateJWSAsync(JsonWebToken jsonWebToken, TokenValidationParameters validationParameters, BaseConfiguration configuration)
2026-09-04 11:28:55.1935|Info|Microsoft.AspNetCore.Authentication.JwtBearer.JwtBearerHandler|CorrelationId=9f6d3f4e-5e71-4b25-81e4-c443320a3363|Failed to validate the token. Microsoft.IdentityModel.Tokens.SecurityTokenExpiredException: IDX10223: Lifetime validation failed. The token is expired. ValidTo (UTC): '9/4/2026 8:20:12 AM', Current time (UTC): '9/4/2026 8:28:55 AM'.
   at Microsoft.IdentityModel.Tokens.ValidatorUtilities.ValidateLifetime(Nullable`1 notBefore, Nullable`1 expires, SecurityToken securityToken, TokenValidationParameters validationParameters)
   at Microsoft.IdentityModel.Tokens.Validators.ValidateLifetime(Nullable`1 notBefore, Nullable`1 expires, SecurityToken securityToken, TokenValidationParameters validationParameters)
   at Microsoft.IdentityModel.JsonWebTokens.JsonWebTokenHandler.ValidateTokenPayloadAsync(JsonWebToken jsonWebToken, TokenValidationParameters validationParameters, BaseConfiguration configuration)
   at Microsoft.IdentityModel.JsonWebTokens.JsonWebTokenHandler.ValidateJWSAsync(JsonWebToken jsonWebToken, TokenValidationParameters validationParameters, BaseConfiguration configuration)
2026-09-04 11:28:55.1935|Info|Microsoft.AspNetCore.Authentication.JwtBearer.JwtBearerHandler|CorrelationId=2c34fad9-89b1-4bed-9e47-5701c5135548|Bearer was not authenticated. Failure message: IDX10223: Lifetime validation failed. The token is expired. ValidTo (UTC): '9/4/2026 8:20:12 AM', Current time (UTC): '9/4/2026 8:28:55 AM'. 
2026-09-04 11:28:55.1935|Info|Microsoft.AspNetCore.Authentication.JwtBearer.JwtBearerHandler|CorrelationId=9f6d3f4e-5e71-4b25-81e4-c443320a3363|Bearer was not authenticated. Failure message: IDX10223: Lifetime validation failed. The token is expired. ValidTo (UTC): '9/4/2026 8:20:12 AM', Current time (UTC): '9/4/2026 8:28:55 AM'. 
2026-09-04 11:28:55.1935|Info|Microsoft.AspNetCore.Routing.EndpointMiddleware|CorrelationId=9f6d3f4e-5e71-4b25-81e4-c443320a3363|Executing endpoint 'SmartLoan.Api.Controllers.AuthController.Refresh (SmartLoan.Api)' 
2026-09-04 11:28:55.1935|Info|Microsoft.AspNetCore.Authorization.DefaultAuthorizationService|CorrelationId=2c34fad9-89b1-4bed-9e47-5701c5135548|Authorization failed. These requirements were not met:
DenyAnonymousAuthorizationRequirement: Requires an authenticated user. 
2026-09-04 11:28:55.1935|Info|Microsoft.AspNetCore.Authentication.JwtBearer.JwtBearerHandler|CorrelationId=2c34fad9-89b1-4bed-9e47-5701c5135548|AuthenticationScheme: Bearer was challenged. 
2026-09-04 11:28:55.1935|Info|Microsoft.AspNetCore.Hosting.Diagnostics|CorrelationId=|Request finished HTTP/1.1 GET http://localhost:5176/api/v1/Auth/me - 401 0 - 12.2066ms 
2026-09-04 11:28:55.2317|Info|Microsoft.AspNetCore.Mvc.Infrastructure.ControllerActionInvoker|CorrelationId=9f6d3f4e-5e71-4b25-81e4-c443320a3363|Route matched with {action = "Refresh", controller = "Auth"}. Executing controller action with signature System.Threading.Tasks.Task`1[Microsoft.AspNetCore.Mvc.ActionResult] Refresh(SmartLoan.Application.Users.Commands.RefreshToken.RefreshTokenRequest) on controller SmartLoan.Api.Controllers.AuthController (SmartLoan.Api). 
2026-09-04 11:28:55.2406|Warn|LuckyPennySoftware.MediatR.License|CorrelationId=9f6d3f4e-5e71-4b25-81e4-c443320a3363|You do not have a valid license key for the Lucky Penny software MediatR. This is allowed for development and testing scenarios. If you are running in production you are required to have a licensed version. Please visit https://luckypennysoftware.com to obtain a valid license. 
2026-09-04 11:28:55.2779|Info|Microsoft.AspNetCore.Mvc.Infrastructure.ObjectResultExecutor|CorrelationId=9f6d3f4e-5e71-4b25-81e4-c443320a3363|Executing BadRequestObjectResult, writing value of type 'Microsoft.AspNetCore.Mvc.ValidationProblemDetails'. 
2026-09-04 11:28:55.3155|Info|Microsoft.AspNetCore.Mvc.Infrastructure.ControllerActionInvoker|CorrelationId=9f6d3f4e-5e71-4b25-81e4-c443320a3363|Executed action SmartLoan.Api.Controllers.AuthController.Refresh (SmartLoan.Api) in 75.9214ms 
2026-09-04 11:28:55.3155|Info|Microsoft.AspNetCore.Routing.EndpointMiddleware|CorrelationId=9f6d3f4e-5e71-4b25-81e4-c443320a3363|Executed endpoint 'SmartLoan.Api.Controllers.AuthController.Refresh (SmartLoan.Api)' 
2026-09-04 11:28:55.3155|Info|Microsoft.AspNetCore.Hosting.Diagnostics|CorrelationId=|Request finished HTTP/1.1 POST http://localhost:5176/api/v1/Auth/refresh - 400 - application/problem+json;+charset=utf-8 123.1804ms 
2026-09-04 11:28:58.8462|Info|Microsoft.AspNetCore.Hosting.Diagnostics|CorrelationId=|Request starting HTTP/1.1 POST http://localhost:5176/api/v1/auth/login - application/json 49 
2026-09-04 11:28:58.8462|Info|Microsoft.AspNetCore.Cors.Infrastructure.CorsService|CorrelationId=3711dc19-e43f-42c1-9256-5f8e55c43229|CORS policy execution successful. 
2026-09-04 11:28:58.8615|Info|Microsoft.AspNetCore.Authentication.JwtBearer.JwtBearerHandler|CorrelationId=3711dc19-e43f-42c1-9256-5f8e55c43229|Failed to validate the token. Microsoft.IdentityModel.Tokens.SecurityTokenExpiredException: IDX10223: Lifetime validation failed. The token is expired. ValidTo (UTC): '9/4/2026 8:20:12 AM', Current time (UTC): '9/4/2026 8:28:58 AM'.
   at Microsoft.IdentityModel.Tokens.ValidatorUtilities.ValidateLifetime(Nullable`1 notBefore, Nullable`1 expires, SecurityToken securityToken, TokenValidationParameters validationParameters)
   at Microsoft.IdentityModel.Tokens.Validators.ValidateLifetime(Nullable`1 notBefore, Nullable`1 expires, SecurityToken securityToken, TokenValidationParameters validationParameters)
   at Microsoft.IdentityModel.JsonWebTokens.JsonWebTokenHandler.ValidateTokenPayloadAsync(JsonWebToken jsonWebToken, TokenValidationParameters validationParameters, BaseConfiguration configuration)
   at Microsoft.IdentityModel.JsonWebTokens.JsonWebTokenHandler.ValidateJWSAsync(JsonWebToken jsonWebToken, TokenValidationParameters validationParameters, BaseConfiguration configuration)
2026-09-04 11:28:58.8615|Info|Microsoft.AspNetCore.Authentication.JwtBearer.JwtBearerHandler|CorrelationId=3711dc19-e43f-42c1-9256-5f8e55c43229|Bearer was not authenticated. Failure message: IDX10223: Lifetime validation failed. The token is expired. ValidTo (UTC): '9/4/2026 8:20:12 AM', Current time (UTC): '9/4/2026 8:28:58 AM'. 
2026-09-04 11:28:58.8615|Info|Microsoft.AspNetCore.Routing.EndpointMiddleware|CorrelationId=3711dc19-e43f-42c1-9256-5f8e55c43229|Executing endpoint 'SmartLoan.Api.Controllers.AuthController.Login (SmartLoan.Api)' 
2026-09-04 11:28:58.8808|Info|Microsoft.AspNetCore.Mvc.Infrastructure.ControllerActionInvoker|CorrelationId=3711dc19-e43f-42c1-9256-5f8e55c43229|Route matched with {action = "Login", controller = "Auth"}. Executing controller action with signature System.Threading.Tasks.Task`1[Microsoft.AspNetCore.Mvc.ActionResult] Login(SmartLoan.Application.Users.LoginCommand) on controller SmartLoan.Api.Controllers.AuthController (SmartLoan.Api). 
2026-09-04 11:28:58.9140|Info|SmartLoan.Application.Common.Behaviors.LoggingBehavior|CorrelationId=3711dc19-e43f-42c1-9256-5f8e55c43229|smartloan Request:LoginCommand starting... 
2026-09-04 11:28:59.1011|Info|Microsoft.EntityFrameworkCore.Database.Command|CorrelationId=3711dc19-e43f-42c1-9256-5f8e55c43229|Executed DbCommand (14ms) [Parameters=[@request_Email='?'], CommandType='Text', CommandTimeout='30']
SELECT u."Id", u."Email", u."FullName", u."PasswordHash", u."RefreshToken", u."RefreshTokenExpiryTime", u."Role"
FROM "Users" AS u
WHERE u."Email" = @request_Email
LIMIT 1 
2026-09-04 11:28:59.9184|Info|Microsoft.EntityFrameworkCore.Database.Command|CorrelationId=3711dc19-e43f-42c1-9256-5f8e55c43229|Executed DbCommand (7ms) [Parameters=[@p2='?' (DbType = Int32), @p0='?', @p1='?' (DbType = DateTime)], CommandType='Text', CommandTimeout='30']
UPDATE "Users" SET "RefreshToken" = @p0, "RefreshTokenExpiryTime" = @p1
WHERE "Id" = @p2; 
2026-09-04 11:28:59.9354|Info|SmartLoan.Application.Common.Behaviors.LoggingBehavior|CorrelationId=3711dc19-e43f-42c1-9256-5f8e55c43229|Smarloan Request:LoginCommand finished in 1021ms 
2026-09-04 11:28:59.9443|Info|Microsoft.AspNetCore.Mvc.Infrastructure.ObjectResultExecutor|CorrelationId=3711dc19-e43f-42c1-9256-5f8e55c43229|Executing OkObjectResult, writing value of type '<>f__AnonymousType0`2[[System.String, System.Private.CoreLib, Version=10.0.0.0, Culture=neutral, PublicKeyToken=7cec85d7bea7798e],[System.String, System.Private.CoreLib, Version=10.0.0.0, Culture=neutral, PublicKeyToken=7cec85d7bea7798e]]'. 
2026-09-04 11:28:59.9596|Info|Microsoft.AspNetCore.Mvc.Infrastructure.ControllerActionInvoker|CorrelationId=3711dc19-e43f-42c1-9256-5f8e55c43229|Executed action SmartLoan.Api.Controllers.AuthController.Login (SmartLoan.Api) in 1074.0568ms 
2026-09-04 11:28:59.9596|Info|Microsoft.AspNetCore.Routing.EndpointMiddleware|CorrelationId=3711dc19-e43f-42c1-9256-5f8e55c43229|Executed endpoint 'SmartLoan.Api.Controllers.AuthController.Login (SmartLoan.Api)' 
2026-09-04 11:28:59.9596|Info|Microsoft.AspNetCore.Hosting.Diagnostics|CorrelationId=|Request finished HTTP/1.1 POST http://localhost:5176/api/v1/auth/login - 200 - application/json;+charset=utf-8 1127.8571ms 
2026-09-04 11:28:59.9788|Info|Microsoft.AspNetCore.Hosting.Diagnostics|CorrelationId=|Request starting HTTP/1.1 POST http://localhost:5176/api/v1/notifications/negotiate?negotiateVersion=1 - - 0 
2026-09-04 11:28:59.9788|Info|Microsoft.AspNetCore.Cors.Infrastructure.CorsService|CorrelationId=ff330f2d-186d-4b0c-804d-8cd0d398303f|CORS policy execution successful. 
2026-09-04 11:29:00.0027|Info|Microsoft.AspNetCore.Hosting.Diagnostics|CorrelationId=|Request finished HTTP/1.1 POST http://localhost:5176/api/v1/notifications/negotiate?negotiateVersion=1 - 404 0 - 23.9076ms 
2026-09-04 11:29:00.0027|Info|Microsoft.AspNetCore.Hosting.Diagnostics|CorrelationId=|Request reached the end of the middleware pipeline without being handled by application code. Request path: POST http://localhost:5176/api/v1/notifications/negotiate, Response status code: 404 
2026-09-04 11:29:01.9625|Info|Microsoft.AspNetCore.Hosting.Diagnostics|CorrelationId=|Request starting HTTP/1.1 GET http://localhost:5176/api/v1/Loan?pageNumber=1&pageSize=20 - - - 
2026-09-04 11:29:01.9625|Info|Microsoft.AspNetCore.Hosting.Diagnostics|CorrelationId=|Request starting HTTP/1.1 GET http://localhost:5176/api/v1/Dashboard/summary - - - 
2026-09-04 11:29:01.9625|Info|Microsoft.AspNetCore.Routing.EndpointMiddleware|CorrelationId=c6f887ef-baaa-4b53-9949-053abf38d36e|Executing endpoint 'SmartLoan.Api.Controllers.LoanController.GetAll (SmartLoan.Api)' 
2026-09-04 11:29:01.9625|Info|Microsoft.AspNetCore.Routing.EndpointMiddleware|CorrelationId=e320844a-6342-4469-8d72-b5c4a0997395|Executing endpoint 'SmartLoan.Api.Controllers.DashboardController.GetSummary (SmartLoan.Api)' 
2026-09-04 11:29:01.9625|Info|Microsoft.AspNetCore.Mvc.Infrastructure.ControllerActionInvoker|CorrelationId=e320844a-6342-4469-8d72-b5c4a0997395|Route matched with {action = "GetSummary", controller = "Dashboard"}. Executing controller action with signature System.Threading.Tasks.Task`1[Microsoft.AspNetCore.Mvc.ActionResult`1[SmartLoan.Application.Dashboard.Queries.GetLoanSummary.LoanSummaryDto]] GetSummary() on controller SmartLoan.Api.Controllers.DashboardController (SmartLoan.Api). 
2026-09-04 11:29:01.9742|Info|Microsoft.AspNetCore.Mvc.Infrastructure.ControllerActionInvoker|CorrelationId=c6f887ef-baaa-4b53-9949-053abf38d36e|Route matched with {action = "GetAll", controller = "Loan"}. Executing controller action with signature System.Threading.Tasks.Task`1[Microsoft.AspNetCore.Mvc.ActionResult`1[SmartLoan.Application.Common.PagedResponse`1[SmartLoan.Application.Loans.Queries.LoanDto]]] GetAll(SmartLoan.Application.Common.PagedRequest) on controller SmartLoan.Api.Controllers.LoanController (SmartLoan.Api). 
2026-09-04 11:29:01.9742|Info|SmartLoan.Application.Common.Behaviors.LoggingBehavior|CorrelationId=e320844a-6342-4469-8d72-b5c4a0997395|smartloan Request:GetLoansummatyQuery starting... 
2026-09-04 11:29:01.9908|Info|SmartLoan.Application.Common.Behaviors.LoggingBehavior|CorrelationId=c6f887ef-baaa-4b53-9949-053abf38d36e|smartloan Request:GetLoansQuery starting... 
2026-09-04 11:29:02.1268|Info|Microsoft.EntityFrameworkCore.Database.Command|CorrelationId=e320844a-6342-4469-8d72-b5c4a0997395|Executed DbCommand (4ms) [Parameters=[], CommandType='Text', CommandTimeout='30']
SELECT COALESCE(sum(p."Amount"), 0.0)
FROM "Payments" AS p 
2026-09-04 11:29:02.1444|Info|Microsoft.EntityFrameworkCore.Database.Command|CorrelationId=e320844a-6342-4469-8d72-b5c4a0997395|Executed DbCommand (2ms) [Parameters=[], CommandType='Text', CommandTimeout='30']
SELECT COALESCE(sum(l."ServiceFee"), 0.0)
FROM "LoanApplications" AS l
WHERE NOT (l."IsDeleted") AND l."Status" = 'Approved' 
2026-09-04 11:29:02.1509|Info|Microsoft.EntityFrameworkCore.Database.Command|CorrelationId=e320844a-6342-4469-8d72-b5c4a0997395|Executed DbCommand (1ms) [Parameters=[], CommandType='Text', CommandTimeout='30']
SELECT count(*)::int
FROM "LoanApplications" AS l
WHERE NOT (l."IsDeleted") AND l."Status" = 'Saving' 
2026-09-04 11:29:02.1509|Info|Microsoft.EntityFrameworkCore.Database.Command|CorrelationId=e320844a-6342-4469-8d72-b5c4a0997395|Executed DbCommand (1ms) [Parameters=[], CommandType='Text', CommandTimeout='30']
SELECT count(*)::int
FROM "LoanApplications" AS l
WHERE NOT (l."IsDeleted") AND l."Status" = 'Approved' 
2026-09-04 11:29:02.1509|Info|SmartLoan.Application.Common.Behaviors.LoggingBehavior|CorrelationId=e320844a-6342-4469-8d72-b5c4a0997395|Smarloan Request:GetLoansummatyQuery finished in 179ms 
2026-09-04 11:29:02.1509|Info|Microsoft.AspNetCore.Mvc.Infrastructure.ObjectResultExecutor|CorrelationId=e320844a-6342-4469-8d72-b5c4a0997395|Executing ObjectResult, writing value of type 'SmartLoan.Application.Dashboard.Queries.GetLoanSummary.LoanSummaryDto'. 
2026-09-04 11:29:02.1656|Info|Microsoft.AspNetCore.Mvc.Infrastructure.ControllerActionInvoker|CorrelationId=e320844a-6342-4469-8d72-b5c4a0997395|Executed action SmartLoan.Api.Controllers.DashboardController.GetSummary (SmartLoan.Api) in 193.868ms 
2026-09-04 11:29:02.1656|Info|Microsoft.AspNetCore.Routing.EndpointMiddleware|CorrelationId=e320844a-6342-4469-8d72-b5c4a0997395|Executed endpoint 'SmartLoan.Api.Controllers.DashboardController.GetSummary (SmartLoan.Api)' 
2026-09-04 11:29:02.1656|Info|Microsoft.AspNetCore.Hosting.Diagnostics|CorrelationId=|Request finished HTTP/1.1 GET http://localhost:5176/api/v1/Dashboard/summary - 200 - application/json;+charset=utf-8 204.3049ms 
2026-09-04 11:29:02.2941|Info|Microsoft.EntityFrameworkCore.Database.Command|CorrelationId=c6f887ef-baaa-4b53-9949-053abf38d36e|Executed DbCommand (3ms) [Parameters=[], CommandType='Text', CommandTimeout='30']
SELECT count(*)::int
FROM "LoanApplications" AS l
WHERE NOT (l."IsDeleted") 
2026-09-04 11:29:02.4110|Info|Microsoft.EntityFrameworkCore.Database.Command|CorrelationId=c6f887ef-baaa-4b53-9949-053abf38d36e|Executed DbCommand (4ms) [Parameters=[@p1='?' (DbType = Int32), @p='?' (DbType = Int32)], CommandType='Text', CommandTimeout='30']
SELECT l0."Id", c0."FullName", l0."DailyAmount", l0."LoanAmount", l0."ServiceFee", l0."Status", l0."CreatedAt", CAST((
    SELECT COALESCE(sum(p."Amount"), 0.0)
    FROM "Payments" AS p
    WHERE l0."Id" = p."LoanApplicationId") / l0."DailyAmount" AS integer)
FROM (
    SELECT l."Id", l."CreatedAt", l."CustomerId", l."DailyAmount", l."LoanAmount", l."ServiceFee", l."Status"
    FROM "LoanApplications" AS l
    WHERE NOT (l."IsDeleted")
    ORDER BY l."CreatedAt" DESC
    LIMIT @p1 OFFSET @p
) AS l0
INNER JOIN (
    SELECT c."Id", c."FullName"
    FROM "Customers" AS c
    WHERE NOT (c."IsDeleted")
) AS c0 ON l0."CustomerId" = c0."Id"
ORDER BY l0."CreatedAt" DESC 
2026-09-04 11:29:02.4110|Info|SmartLoan.Application.Common.Behaviors.LoggingBehavior|CorrelationId=c6f887ef-baaa-4b53-9949-053abf38d36e|Smarloan Request:GetLoansQuery finished in 422ms 
2026-09-04 11:29:02.4110|Info|Microsoft.AspNetCore.Mvc.Infrastructure.ObjectResultExecutor|CorrelationId=c6f887ef-baaa-4b53-9949-053abf38d36e|Executing ObjectResult, writing value of type 'SmartLoan.Application.Common.PagedResponse`1[[SmartLoan.Application.Loans.Queries.LoanDto, SmartLoan.Application, Version=1.0.0.0, Culture=neutral, PublicKeyToken=null]]'. 
2026-09-04 11:29:02.4256|Info|Microsoft.AspNetCore.Mvc.Infrastructure.ControllerActionInvoker|CorrelationId=c6f887ef-baaa-4b53-9949-053abf38d36e|Executed action SmartLoan.Api.Controllers.LoanController.GetAll (SmartLoan.Api) in 451.114ms 
2026-09-04 11:29:02.4256|Info|Microsoft.AspNetCore.Routing.EndpointMiddleware|CorrelationId=c6f887ef-baaa-4b53-9949-053abf38d36e|Executed endpoint 'SmartLoan.Api.Controllers.LoanController.GetAll (SmartLoan.Api)' 
2026-09-04 11:29:02.4256|Info|Microsoft.AspNetCore.Hosting.Diagnostics|CorrelationId=|Request finished HTTP/1.1 GET http://localhost:5176/api/v1/Loan?pageNumber=1&pageSize=20 - 200 - application/json;+charset=utf-8 463.7166ms 
2026-09-04 11:48:51.0140|Info|Microsoft.AspNetCore.Hosting.Diagnostics|CorrelationId=|Request starting HTTP/1.1 GET http://localhost:5176/api/v1/Auth/me - - - 
2026-09-04 11:48:51.0140|Info|Microsoft.AspNetCore.Authentication.JwtBearer.JwtBearerHandler|CorrelationId=78c3db77-bc09-4104-93b9-6f2db30b79b4|Failed to validate the token. Microsoft.IdentityModel.Tokens.SecurityTokenExpiredException: IDX10223: Lifetime validation failed. The token is expired. ValidTo (UTC): '9/4/2026 8:43:59 AM', Current time (UTC): '9/4/2026 8:48:51 AM'.
   at Microsoft.IdentityModel.Tokens.ValidatorUtilities.ValidateLifetime(Nullable`1 notBefore, Nullable`1 expires, SecurityToken securityToken, TokenValidationParameters validationParameters)
   at Microsoft.IdentityModel.Tokens.Validators.ValidateLifetime(Nullable`1 notBefore, Nullable`1 expires, SecurityToken securityToken, TokenValidationParameters validationParameters)
   at Microsoft.IdentityModel.JsonWebTokens.JsonWebTokenHandler.ValidateTokenPayloadAsync(JsonWebToken jsonWebToken, TokenValidationParameters validationParameters, BaseConfiguration configuration)
   at Microsoft.IdentityModel.JsonWebTokens.JsonWebTokenHandler.ValidateJWSAsync(JsonWebToken jsonWebToken, TokenValidationParameters validationParameters, BaseConfiguration configuration)
2026-09-04 11:48:51.0220|Info|Microsoft.AspNetCore.Authentication.JwtBearer.JwtBearerHandler|CorrelationId=78c3db77-bc09-4104-93b9-6f2db30b79b4|Bearer was not authenticated. Failure message: IDX10223: Lifetime validation failed. The token is expired. ValidTo (UTC): '9/4/2026 8:43:59 AM', Current time (UTC): '9/4/2026 8:48:51 AM'. 
2026-09-04 11:48:51.0220|Info|Microsoft.AspNetCore.Authorization.DefaultAuthorizationService|CorrelationId=78c3db77-bc09-4104-93b9-6f2db30b79b4|Authorization failed. These requirements were not met:
DenyAnonymousAuthorizationRequirement: Requires an authenticated user. 
2026-09-04 11:48:51.0220|Info|Microsoft.AspNetCore.Authentication.JwtBearer.JwtBearerHandler|CorrelationId=78c3db77-bc09-4104-93b9-6f2db30b79b4|AuthenticationScheme: Bearer was challenged. 
2026-09-04 11:48:51.0220|Info|Microsoft.AspNetCore.Hosting.Diagnostics|CorrelationId=|Request finished HTTP/1.1 GET http://localhost:5176/api/v1/Auth/me - 401 0 - 14.3704ms 
2026-09-04 11:48:51.0778|Info|Microsoft.AspNetCore.Hosting.Diagnostics|CorrelationId=|Request starting HTTP/1.1 GET http://localhost:5176/api/v1/Auth/me - - - 
2026-09-04 11:48:51.0864|Info|Microsoft.AspNetCore.Authentication.JwtBearer.JwtBearerHandler|CorrelationId=e5896033-d2e3-49ab-94e6-0c0289c89890|Failed to validate the token. Microsoft.IdentityModel.Tokens.SecurityTokenExpiredException: IDX10223: Lifetime validation failed. The token is expired. ValidTo (UTC): '9/4/2026 8:43:59 AM', Current time (UTC): '9/4/2026 8:48:51 AM'.
   at Microsoft.IdentityModel.Tokens.ValidatorUtilities.ValidateLifetime(Nullable`1 notBefore, Nullable`1 expires, SecurityToken securityToken, TokenValidationParameters validationParameters)
   at Microsoft.IdentityModel.Tokens.Validators.ValidateLifetime(Nullable`1 notBefore, Nullable`1 expires, SecurityToken securityToken, TokenValidationParameters validationParameters)
   at Microsoft.IdentityModel.JsonWebTokens.JsonWebTokenHandler.ValidateTokenPayloadAsync(JsonWebToken jsonWebToken, TokenValidationParameters validationParameters, BaseConfiguration configuration)
   at Microsoft.IdentityModel.JsonWebTokens.JsonWebTokenHandler.ValidateJWSAsync(JsonWebToken jsonWebToken, TokenValidationParameters validationParameters, BaseConfiguration configuration)
2026-09-04 11:48:51.0864|Info|Microsoft.AspNetCore.Authentication.JwtBearer.JwtBearerHandler|CorrelationId=e5896033-d2e3-49ab-94e6-0c0289c89890|Bearer was not authenticated. Failure message: IDX10223: Lifetime validation failed. The token is expired. ValidTo (UTC): '9/4/2026 8:43:59 AM', Current time (UTC): '9/4/2026 8:48:51 AM'. 
2026-09-04 11:48:51.0864|Info|Microsoft.AspNetCore.Authorization.DefaultAuthorizationService|CorrelationId=e5896033-d2e3-49ab-94e6-0c0289c89890|Authorization failed. These requirements were not met:
DenyAnonymousAuthorizationRequirement: Requires an authenticated user. 
2026-09-04 11:48:51.0864|Info|Microsoft.AspNetCore.Authentication.JwtBearer.JwtBearerHandler|CorrelationId=e5896033-d2e3-49ab-94e6-0c0289c89890|AuthenticationScheme: Bearer was challenged. 
2026-09-04 11:48:51.0864|Info|Microsoft.AspNetCore.Hosting.Diagnostics|CorrelationId=|Request finished HTTP/1.1 GET http://localhost:5176/api/v1/Auth/me - 401 0 - 19.7704ms 
2026-09-04 11:48:51.1691|Info|Microsoft.AspNetCore.Hosting.Diagnostics|CorrelationId=|Request starting HTTP/1.1 GET http://localhost:5176/api/v1/Loan?pageNumber=1&pageSize=20 - - - 
2026-09-04 11:48:51.1691|Info|Microsoft.AspNetCore.Authentication.JwtBearer.JwtBearerHandler|CorrelationId=92ddb9f6-ac36-454f-9690-335f6f9770cc|Failed to validate the token. Microsoft.IdentityModel.Tokens.SecurityTokenExpiredException: IDX10223: Lifetime validation failed. The token is expired. ValidTo (UTC): '9/4/2026 8:43:59 AM', Current time (UTC): '9/4/2026 8:48:51 AM'.
   at Microsoft.IdentityModel.Tokens.ValidatorUtilities.ValidateLifetime(Nullable`1 notBefore, Nullable`1 expires, SecurityToken securityToken, TokenValidationParameters validationParameters)
   at Microsoft.IdentityModel.Tokens.Validators.ValidateLifetime(Nullable`1 notBefore, Nullable`1 expires, SecurityToken securityToken, TokenValidationParameters validationParameters)
   at Microsoft.IdentityModel.JsonWebTokens.JsonWebTokenHandler.ValidateTokenPayloadAsync(JsonWebToken jsonWebToken, TokenValidationParameters validationParameters, BaseConfiguration configuration)
   at Microsoft.IdentityModel.JsonWebTokens.JsonWebTokenHandler.ValidateJWSAsync(JsonWebToken jsonWebToken, TokenValidationParameters validationParameters, BaseConfiguration configuration)
2026-09-04 11:48:51.1691|Info|Microsoft.AspNetCore.Authentication.JwtBearer.JwtBearerHandler|CorrelationId=92ddb9f6-ac36-454f-9690-335f6f9770cc|Bearer was not authenticated. Failure message: IDX10223: Lifetime validation failed. The token is expired. ValidTo (UTC): '9/4/2026 8:43:59 AM', Current time (UTC): '9/4/2026 8:48:51 AM'. 
2026-09-04 11:48:51.1691|Info|Microsoft.AspNetCore.Authorization.DefaultAuthorizationService|CorrelationId=92ddb9f6-ac36-454f-9690-335f6f9770cc|Authorization failed. These requirements were not met:
DenyAnonymousAuthorizationRequirement: Requires an authenticated user. 
2026-09-04 11:48:51.1691|Info|Microsoft.AspNetCore.Authentication.JwtBearer.JwtBearerHandler|CorrelationId=92ddb9f6-ac36-454f-9690-335f6f9770cc|AuthenticationScheme: Bearer was challenged. 
2026-09-04 11:48:51.1691|Info|Microsoft.AspNetCore.Hosting.Diagnostics|CorrelationId=|Request finished HTTP/1.1 GET http://localhost:5176/api/v1/Loan?pageNumber=1&pageSize=20 - 401 0 - 2.2051ms 
2026-09-04 11:48:51.1772|Info|Microsoft.AspNetCore.Hosting.Diagnostics|CorrelationId=|Request starting HTTP/1.1 GET http://localhost:5176/api/v1/Dashboard/summary - - - 
2026-09-04 11:48:51.1772|Info|Microsoft.AspNetCore.Authentication.JwtBearer.JwtBearerHandler|CorrelationId=c17b49a3-1e75-49da-9611-f8d9f67289d2|Failed to validate the token. Microsoft.IdentityModel.Tokens.SecurityTokenExpiredException: IDX10223: Lifetime validation failed. The token is expired. ValidTo (UTC): '9/4/2026 8:43:59 AM', Current time (UTC): '9/4/2026 8:48:51 AM'.
   at Microsoft.IdentityModel.Tokens.ValidatorUtilities.ValidateLifetime(Nullable`1 notBefore, Nullable`1 expires, SecurityToken securityToken, TokenValidationParameters validationParameters)
   at Microsoft.IdentityModel.Tokens.Validators.ValidateLifetime(Nullable`1 notBefore, Nullable`1 expires, SecurityToken securityToken, TokenValidationParameters validationParameters)
   at Microsoft.IdentityModel.JsonWebTokens.JsonWebTokenHandler.ValidateTokenPayloadAsync(JsonWebToken jsonWebToken, TokenValidationParameters validationParameters, BaseConfiguration configuration)
   at Microsoft.IdentityModel.JsonWebTokens.JsonWebTokenHandler.ValidateJWSAsync(JsonWebToken jsonWebToken, TokenValidationParameters validationParameters, BaseConfiguration configuration)
2026-09-04 11:48:51.1772|Info|Microsoft.AspNetCore.Authentication.JwtBearer.JwtBearerHandler|CorrelationId=c17b49a3-1e75-49da-9611-f8d9f67289d2|Bearer was not authenticated. Failure message: IDX10223: Lifetime validation failed. The token is expired. ValidTo (UTC): '9/4/2026 8:43:59 AM', Current time (UTC): '9/4/2026 8:48:51 AM'. 
2026-09-04 11:48:51.1772|Info|Microsoft.AspNetCore.Authorization.DefaultAuthorizationService|CorrelationId=c17b49a3-1e75-49da-9611-f8d9f67289d2|Authorization failed. These requirements were not met:
RolesAuthorizationRequirement:User.IsInRole must be true for one of the following roles: (Administrator)
RolesAuthorizationRequirement:User.IsInRole must be true for one of the following roles: (Administrator) 
2026-09-04 11:48:51.1772|Info|Microsoft.AspNetCore.Authentication.JwtBearer.JwtBearerHandler|CorrelationId=c17b49a3-1e75-49da-9611-f8d9f67289d2|AuthenticationScheme: Bearer was challenged. 
2026-09-04 11:48:51.1772|Info|Microsoft.AspNetCore.Hosting.Diagnostics|CorrelationId=|Request finished HTTP/1.1 GET http://localhost:5176/api/v1/Dashboard/summary - 401 0 - 3.1549ms 
2026-09-04 11:48:51.2336|Info|Microsoft.AspNetCore.Hosting.Diagnostics|CorrelationId=|Request starting HTTP/1.1 POST http://localhost:5176/api/v1/Auth/refresh - application/json 2 
2026-09-04 11:48:51.2336|Info|Microsoft.AspNetCore.Cors.Infrastructure.CorsService|CorrelationId=7c15f37b-1fcb-4f9b-9392-380ec3d98196|CORS policy execution successful. 
2026-09-04 11:48:51.2336|Info|Microsoft.AspNetCore.Authentication.JwtBearer.JwtBearerHandler|CorrelationId=7c15f37b-1fcb-4f9b-9392-380ec3d98196|Failed to validate the token. Microsoft.IdentityModel.Tokens.SecurityTokenExpiredException: IDX10223: Lifetime validation failed. The token is expired. ValidTo (UTC): '9/4/2026 8:43:59 AM', Current time (UTC): '9/4/2026 8:48:51 AM'.
   at Microsoft.IdentityModel.Tokens.ValidatorUtilities.ValidateLifetime(Nullable`1 notBefore, Nullable`1 expires, SecurityToken securityToken, TokenValidationParameters validationParameters)
   at Microsoft.IdentityModel.Tokens.Validators.ValidateLifetime(Nullable`1 notBefore, Nullable`1 expires, SecurityToken securityToken, TokenValidationParameters validationParameters)
   at Microsoft.IdentityModel.JsonWebTokens.JsonWebTokenHandler.ValidateTokenPayloadAsync(JsonWebToken jsonWebToken, TokenValidationParameters validationParameters, BaseConfiguration configuration)
   at Microsoft.IdentityModel.JsonWebTokens.JsonWebTokenHandler.ValidateJWSAsync(JsonWebToken jsonWebToken, TokenValidationParameters validationParameters, BaseConfiguration configuration)
2026-09-04 11:48:51.2336|Info|Microsoft.AspNetCore.Authentication.JwtBearer.JwtBearerHandler|CorrelationId=7c15f37b-1fcb-4f9b-9392-380ec3d98196|Bearer was not authenticated. Failure message: IDX10223: Lifetime validation failed. The token is expired. ValidTo (UTC): '9/4/2026 8:43:59 AM', Current time (UTC): '9/4/2026 8:48:51 AM'. 
2026-09-04 11:48:51.2336|Info|Microsoft.AspNetCore.Routing.EndpointMiddleware|CorrelationId=7c15f37b-1fcb-4f9b-9392-380ec3d98196|Executing endpoint 'SmartLoan.Api.Controllers.AuthController.Refresh (SmartLoan.Api)' 
2026-09-04 11:48:51.2336|Info|Microsoft.AspNetCore.Mvc.Infrastructure.ControllerActionInvoker|CorrelationId=7c15f37b-1fcb-4f9b-9392-380ec3d98196|Route matched with {action = "Refresh", controller = "Auth"}. Executing controller action with signature System.Threading.Tasks.Task`1[Microsoft.AspNetCore.Mvc.ActionResult] Refresh(SmartLoan.Application.Users.Commands.RefreshToken.RefreshTokenRequest) on controller SmartLoan.Api.Controllers.AuthController (SmartLoan.Api). 
2026-09-04 11:48:51.2336|Info|Microsoft.AspNetCore.Mvc.Infrastructure.ObjectResultExecutor|CorrelationId=7c15f37b-1fcb-4f9b-9392-380ec3d98196|Executing BadRequestObjectResult, writing value of type 'Microsoft.AspNetCore.Mvc.ValidationProblemDetails'. 
2026-09-04 11:48:51.2336|Info|Microsoft.AspNetCore.Mvc.Infrastructure.ControllerActionInvoker|CorrelationId=7c15f37b-1fcb-4f9b-9392-380ec3d98196|Executed action SmartLoan.Api.Controllers.AuthController.Refresh (SmartLoan.Api) in 0.8928ms 
2026-09-04 11:48:51.2336|Info|Microsoft.AspNetCore.Routing.EndpointMiddleware|CorrelationId=7c15f37b-1fcb-4f9b-9392-380ec3d98196|Executed endpoint 'SmartLoan.Api.Controllers.AuthController.Refresh (SmartLoan.Api)' 
2026-09-04 11:48:51.2336|Info|Microsoft.AspNetCore.Hosting.Diagnostics|CorrelationId=|Request finished HTTP/1.1 POST http://localhost:5176/api/v1/Auth/refresh - 400 - application/problem+json;+charset=utf-8 4.8048ms 
2026-09-04 11:48:56.4235|Info|Microsoft.AspNetCore.Hosting.Diagnostics|CorrelationId=|Request starting HTTP/1.1 POST http://localhost:5176/api/v1/auth/login - application/json 49 
2026-09-04 11:48:56.4276|Info|Microsoft.AspNetCore.Cors.Infrastructure.CorsService|CorrelationId=c0a439ef-56b0-4901-96ed-7fb0050734de|CORS policy execution successful. 
2026-09-04 11:48:56.4276|Info|Microsoft.AspNetCore.Authentication.JwtBearer.JwtBearerHandler|CorrelationId=c0a439ef-56b0-4901-96ed-7fb0050734de|Failed to validate the token. Microsoft.IdentityModel.Tokens.SecurityTokenExpiredException: IDX10223: Lifetime validation failed. The token is expired. ValidTo (UTC): '9/4/2026 8:43:59 AM', Current time (UTC): '9/4/2026 8:48:56 AM'.
   at Microsoft.IdentityModel.Tokens.ValidatorUtilities.ValidateLifetime(Nullable`1 notBefore, Nullable`1 expires, SecurityToken securityToken, TokenValidationParameters validationParameters)
   at Microsoft.IdentityModel.Tokens.Validators.ValidateLifetime(Nullable`1 notBefore, Nullable`1 expires, SecurityToken securityToken, TokenValidationParameters validationParameters)
   at Microsoft.IdentityModel.JsonWebTokens.JsonWebTokenHandler.ValidateTokenPayloadAsync(JsonWebToken jsonWebToken, TokenValidationParameters validationParameters, BaseConfiguration configuration)
   at Microsoft.IdentityModel.JsonWebTokens.JsonWebTokenHandler.ValidateJWSAsync(JsonWebToken jsonWebToken, TokenValidationParameters validationParameters, BaseConfiguration configuration)
2026-09-04 11:48:56.4276|Info|Microsoft.AspNetCore.Authentication.JwtBearer.JwtBearerHandler|CorrelationId=c0a439ef-56b0-4901-96ed-7fb0050734de|Bearer was not authenticated. Failure message: IDX10223: Lifetime validation failed. The token is expired. ValidTo (UTC): '9/4/2026 8:43:59 AM', Current time (UTC): '9/4/2026 8:48:56 AM'. 
2026-09-04 11:48:56.4276|Info|Microsoft.AspNetCore.Routing.EndpointMiddleware|CorrelationId=c0a439ef-56b0-4901-96ed-7fb0050734de|Executing endpoint 'SmartLoan.Api.Controllers.AuthController.Login (SmartLoan.Api)' 
2026-09-04 11:48:56.4276|Info|Microsoft.AspNetCore.Mvc.Infrastructure.ControllerActionInvoker|CorrelationId=c0a439ef-56b0-4901-96ed-7fb0050734de|Route matched with {action = "Login", controller = "Auth"}. Executing controller action with signature System.Threading.Tasks.Task`1[Microsoft.AspNetCore.Mvc.ActionResult] Login(SmartLoan.Application.Users.LoginCommand) on controller SmartLoan.Api.Controllers.AuthController (SmartLoan.Api). 
2026-09-04 11:48:56.4276|Info|SmartLoan.Application.Common.Behaviors.LoggingBehavior|CorrelationId=c0a439ef-56b0-4901-96ed-7fb0050734de|smartloan Request:LoginCommand starting... 
2026-09-04 11:48:56.6041|Info|Microsoft.EntityFrameworkCore.Database.Command|CorrelationId=c0a439ef-56b0-4901-96ed-7fb0050734de|Executed DbCommand (3ms) [Parameters=[@request_Email='?'], CommandType='Text', CommandTimeout='30']
SELECT u."Id", u."Email", u."FullName", u."PasswordHash", u."RefreshToken", u."RefreshTokenExpiryTime", u."Role"
FROM "Users" AS u
WHERE u."Email" = @request_Email
LIMIT 1 
2026-09-04 11:48:56.8643|Info|Microsoft.EntityFrameworkCore.Database.Command|CorrelationId=c0a439ef-56b0-4901-96ed-7fb0050734de|Executed DbCommand (2ms) [Parameters=[@p2='?' (DbType = Int32), @p0='?', @p1='?' (DbType = DateTime)], CommandType='Text', CommandTimeout='30']
UPDATE "Users" SET "RefreshToken" = @p0, "RefreshTokenExpiryTime" = @p1
WHERE "Id" = @p2; 
2026-09-04 11:48:56.8643|Info|SmartLoan.Application.Common.Behaviors.LoggingBehavior|CorrelationId=c0a439ef-56b0-4901-96ed-7fb0050734de|Smarloan Request:LoginCommand finished in 432ms 
2026-09-04 11:48:56.8643|Info|Microsoft.AspNetCore.Mvc.Infrastructure.ObjectResultExecutor|CorrelationId=c0a439ef-56b0-4901-96ed-7fb0050734de|Executing OkObjectResult, writing value of type '<>f__AnonymousType0`2[[System.String, System.Private.CoreLib, Version=10.0.0.0, Culture=neutral, PublicKeyToken=7cec85d7bea7798e],[System.String, System.Private.CoreLib, Version=10.0.0.0, Culture=neutral, PublicKeyToken=7cec85d7bea7798e]]'. 
2026-09-04 11:48:56.8643|Info|Microsoft.AspNetCore.Mvc.Infrastructure.ControllerActionInvoker|CorrelationId=c0a439ef-56b0-4901-96ed-7fb0050734de|Executed action SmartLoan.Api.Controllers.AuthController.Login (SmartLoan.Api) in 434.9847ms 
2026-09-04 11:48:56.8643|Info|Microsoft.AspNetCore.Routing.EndpointMiddleware|CorrelationId=c0a439ef-56b0-4901-96ed-7fb0050734de|Executed endpoint 'SmartLoan.Api.Controllers.AuthController.Login (SmartLoan.Api)' 
2026-09-04 11:48:56.8643|Info|Microsoft.AspNetCore.Hosting.Diagnostics|CorrelationId=|Request finished HTTP/1.1 POST http://localhost:5176/api/v1/auth/login - 200 - application/json;+charset=utf-8 443.1528ms 
2026-09-04 11:48:56.8900|Info|Microsoft.AspNetCore.Hosting.Diagnostics|CorrelationId=|Request starting HTTP/1.1 POST http://localhost:5176/api/v1/notifications/negotiate?negotiateVersion=1 - - 0 
2026-09-04 11:48:56.8900|Info|Microsoft.AspNetCore.Cors.Infrastructure.CorsService|CorrelationId=78ced5bb-1c9e-4a0f-8bed-b94356a51f0c|CORS policy execution successful. 
2026-09-04 11:48:56.8959|Info|Microsoft.AspNetCore.Hosting.Diagnostics|CorrelationId=|Request finished HTTP/1.1 POST http://localhost:5176/api/v1/notifications/negotiate?negotiateVersion=1 - 404 0 - 5.8363ms 
2026-09-04 11:48:56.8959|Info|Microsoft.AspNetCore.Hosting.Diagnostics|CorrelationId=|Request reached the end of the middleware pipeline without being handled by application code. Request path: POST http://localhost:5176/api/v1/notifications/negotiate, Response status code: 404 
2026-09-04 11:48:59.6689|Info|Microsoft.AspNetCore.Hosting.Diagnostics|CorrelationId=|Request starting HTTP/1.1 GET http://localhost:5176/api/v1/Dashboard/summary - - - 
2026-09-04 11:48:59.6689|Info|Microsoft.AspNetCore.Hosting.Diagnostics|CorrelationId=|Request starting HTTP/1.1 GET http://localhost:5176/api/v1/Loan?pageNumber=1&pageSize=20 - - - 
2026-09-04 11:48:59.6689|Info|Microsoft.AspNetCore.Routing.EndpointMiddleware|CorrelationId=36a6cdd8-faf2-4291-8ae5-f8985d07f141|Executing endpoint 'SmartLoan.Api.Controllers.DashboardController.GetSummary (SmartLoan.Api)' 
2026-09-04 11:48:59.6689|Info|Microsoft.AspNetCore.Routing.EndpointMiddleware|CorrelationId=c15865e3-0781-40e8-9ca8-0b1b37cd610c|Executing endpoint 'SmartLoan.Api.Controllers.LoanController.GetAll (SmartLoan.Api)' 
2026-09-04 11:48:59.6689|Info|Microsoft.AspNetCore.Mvc.Infrastructure.ControllerActionInvoker|CorrelationId=c15865e3-0781-40e8-9ca8-0b1b37cd610c|Route matched with {action = "GetAll", controller = "Loan"}. Executing controller action with signature System.Threading.Tasks.Task`1[Microsoft.AspNetCore.Mvc.ActionResult`1[SmartLoan.Application.Common.PagedResponse`1[SmartLoan.Application.Loans.Queries.LoanDto]]] GetAll(SmartLoan.Application.Common.PagedRequest) on controller SmartLoan.Api.Controllers.LoanController (SmartLoan.Api). 
2026-09-04 11:48:59.6689|Info|Microsoft.AspNetCore.Mvc.Infrastructure.ControllerActionInvoker|CorrelationId=36a6cdd8-faf2-4291-8ae5-f8985d07f141|Route matched with {action = "GetSummary", controller = "Dashboard"}. Executing controller action with signature System.Threading.Tasks.Task`1[Microsoft.AspNetCore.Mvc.ActionResult`1[SmartLoan.Application.Dashboard.Queries.GetLoanSummary.LoanSummaryDto]] GetSummary() on controller SmartLoan.Api.Controllers.DashboardController (SmartLoan.Api). 
2026-09-04 11:48:59.6689|Info|SmartLoan.Application.Common.Behaviors.LoggingBehavior|CorrelationId=36a6cdd8-faf2-4291-8ae5-f8985d07f141|smartloan Request:GetLoansummatyQuery starting... 
2026-09-04 11:48:59.6689|Info|SmartLoan.Application.Common.Behaviors.LoggingBehavior|CorrelationId=c15865e3-0781-40e8-9ca8-0b1b37cd610c|smartloan Request:GetLoansQuery starting... 
2026-09-04 11:48:59.6777|Info|Microsoft.EntityFrameworkCore.Database.Command|CorrelationId=36a6cdd8-faf2-4291-8ae5-f8985d07f141|Executed DbCommand (5ms) [Parameters=[], CommandType='Text', CommandTimeout='30']
SELECT COALESCE(sum(p."Amount"), 0.0)
FROM "Payments" AS p 
2026-09-04 11:48:59.6777|Info|Microsoft.EntityFrameworkCore.Database.Command|CorrelationId=36a6cdd8-faf2-4291-8ae5-f8985d07f141|Executed DbCommand (5ms) [Parameters=[], CommandType='Text', CommandTimeout='30']
SELECT COALESCE(sum(l."ServiceFee"), 0.0)
FROM "LoanApplications" AS l
WHERE NOT (l."IsDeleted") AND l."Status" = 'Approved' 
2026-09-04 11:48:59.6961|Info|Microsoft.EntityFrameworkCore.Database.Command|CorrelationId=36a6cdd8-faf2-4291-8ae5-f8985d07f141|Executed DbCommand (10ms) [Parameters=[], CommandType='Text', CommandTimeout='30']
SELECT count(*)::int
FROM "LoanApplications" AS l
WHERE NOT (l."IsDeleted") AND l."Status" = 'Saving' 
2026-09-04 11:48:59.6961|Info|Microsoft.EntityFrameworkCore.Database.Command|CorrelationId=36a6cdd8-faf2-4291-8ae5-f8985d07f141|Executed DbCommand (1ms) [Parameters=[], CommandType='Text', CommandTimeout='30']
SELECT count(*)::int
FROM "LoanApplications" AS l
WHERE NOT (l."IsDeleted") AND l."Status" = 'Approved' 
2026-09-04 11:48:59.6961|Info|SmartLoan.Application.Common.Behaviors.LoggingBehavior|CorrelationId=36a6cdd8-faf2-4291-8ae5-f8985d07f141|Smarloan Request:GetLoansummatyQuery finished in 32ms 
2026-09-04 11:48:59.6961|Info|Microsoft.AspNetCore.Mvc.Infrastructure.ObjectResultExecutor|CorrelationId=36a6cdd8-faf2-4291-8ae5-f8985d07f141|Executing ObjectResult, writing value of type 'SmartLoan.Application.Dashboard.Queries.GetLoanSummary.LoanSummaryDto'. 
2026-09-04 11:48:59.6961|Info|Microsoft.AspNetCore.Mvc.Infrastructure.ControllerActionInvoker|CorrelationId=36a6cdd8-faf2-4291-8ae5-f8985d07f141|Executed action SmartLoan.Api.Controllers.DashboardController.GetSummary (SmartLoan.Api) in 34.0835ms 
2026-09-04 11:48:59.6961|Info|Microsoft.AspNetCore.Routing.EndpointMiddleware|CorrelationId=36a6cdd8-faf2-4291-8ae5-f8985d07f141|Executed endpoint 'SmartLoan.Api.Controllers.DashboardController.GetSummary (SmartLoan.Api)' 
2026-09-04 11:48:59.6961|Info|Microsoft.AspNetCore.Hosting.Diagnostics|CorrelationId=|Request finished HTTP/1.1 GET http://localhost:5176/api/v1/Dashboard/summary - 200 - application/json;+charset=utf-8 36.6668ms 
2026-09-04 11:48:59.7852|Info|Microsoft.EntityFrameworkCore.Database.Command|CorrelationId=c15865e3-0781-40e8-9ca8-0b1b37cd610c|Executed DbCommand (3ms) [Parameters=[], CommandType='Text', CommandTimeout='30']
SELECT count(*)::int
FROM "LoanApplications" AS l
WHERE NOT (l."IsDeleted") 
2026-09-04 11:48:59.7909|Info|Microsoft.EntityFrameworkCore.Database.Command|CorrelationId=c15865e3-0781-40e8-9ca8-0b1b37cd610c|Executed DbCommand (4ms) [Parameters=[@p1='?' (DbType = Int32), @p='?' (DbType = Int32)], CommandType='Text', CommandTimeout='30']
SELECT l0."Id", c0."FullName", l0."DailyAmount", l0."LoanAmount", l0."ServiceFee", l0."Status", l0."CreatedAt", CAST((
    SELECT COALESCE(sum(p."Amount"), 0.0)
    FROM "Payments" AS p
    WHERE l0."Id" = p."LoanApplicationId") / l0."DailyAmount" AS integer)
FROM (
    SELECT l."Id", l."CreatedAt", l."CustomerId", l."DailyAmount", l."LoanAmount", l."ServiceFee", l."Status"
    FROM "LoanApplications" AS l
    WHERE NOT (l."IsDeleted")
    ORDER BY l."CreatedAt" DESC
    LIMIT @p1 OFFSET @p
) AS l0
INNER JOIN (
    SELECT c."Id", c."FullName"
    FROM "Customers" AS c
    WHERE NOT (c."IsDeleted")
) AS c0 ON l0."CustomerId" = c0."Id"
ORDER BY l0."CreatedAt" DESC 
2026-09-04 11:48:59.7909|Info|SmartLoan.Application.Common.Behaviors.LoggingBehavior|CorrelationId=c15865e3-0781-40e8-9ca8-0b1b37cd610c|Smarloan Request:GetLoansQuery finished in 120ms 
2026-09-04 11:48:59.7909|Info|Microsoft.AspNetCore.Mvc.Infrastructure.ObjectResultExecutor|CorrelationId=c15865e3-0781-40e8-9ca8-0b1b37cd610c|Executing ObjectResult, writing value of type 'SmartLoan.Application.Common.PagedResponse`1[[SmartLoan.Application.Loans.Queries.LoanDto, SmartLoan.Application, Version=1.0.0.0, Culture=neutral, PublicKeyToken=null]]'. 
2026-09-04 11:48:59.7909|Info|Microsoft.AspNetCore.Mvc.Infrastructure.ControllerActionInvoker|CorrelationId=c15865e3-0781-40e8-9ca8-0b1b37cd610c|Executed action SmartLoan.Api.Controllers.LoanController.GetAll (SmartLoan.Api) in 121.7432ms 
2026-09-04 11:48:59.7909|Info|Microsoft.AspNetCore.Routing.EndpointMiddleware|CorrelationId=c15865e3-0781-40e8-9ca8-0b1b37cd610c|Executed endpoint 'SmartLoan.Api.Controllers.LoanController.GetAll (SmartLoan.Api)' 
2026-09-04 11:48:59.7909|Info|Microsoft.AspNetCore.Hosting.Diagnostics|CorrelationId=|Request finished HTTP/1.1 GET http://localhost:5176/api/v1/Loan?pageNumber=1&pageSize=20 - 200 - application/json;+charset=utf-8 123.1930ms 
2026-09-04 11:49:05.1707|Info|Microsoft.AspNetCore.Hosting.Diagnostics|CorrelationId=|Request starting HTTP/1.1 GET http://localhost:5176/api/v1/Auth/me - - - 
2026-09-04 11:49:05.1707|Info|Microsoft.AspNetCore.Routing.EndpointMiddleware|CorrelationId=e9ced34d-b9df-47b5-a5c1-225ddaa9be6b|Executing endpoint 'SmartLoan.Api.Controllers.AuthController.GetCurrentUser (SmartLoan.Api)' 
2026-09-04 11:49:05.1707|Info|Microsoft.AspNetCore.Mvc.Infrastructure.ControllerActionInvoker|CorrelationId=e9ced34d-b9df-47b5-a5c1-225ddaa9be6b|Route matched with {action = "GetCurrentUser", controller = "Auth"}. Executing controller action with signature Microsoft.AspNetCore.Mvc.IActionResult GetCurrentUser() on controller SmartLoan.Api.Controllers.AuthController (SmartLoan.Api). 
2026-09-04 11:49:05.1776|Info|Microsoft.AspNetCore.Mvc.Infrastructure.ObjectResultExecutor|CorrelationId=e9ced34d-b9df-47b5-a5c1-225ddaa9be6b|Executing OkObjectResult, writing value of type '<>f__AnonymousType0`2[[System.String, System.Private.CoreLib, Version=10.0.0.0, Culture=neutral, PublicKeyToken=7cec85d7bea7798e],[System.String, System.Private.CoreLib, Version=10.0.0.0, Culture=neutral, PublicKeyToken=7cec85d7bea7798e]]'. 
2026-09-04 11:49:05.1776|Info|Microsoft.AspNetCore.Mvc.Infrastructure.ControllerActionInvoker|CorrelationId=e9ced34d-b9df-47b5-a5c1-225ddaa9be6b|Executed action SmartLoan.Api.Controllers.AuthController.GetCurrentUser (SmartLoan.Api) in 2.3821ms 
2026-09-04 11:49:05.1776|Info|Microsoft.AspNetCore.Routing.EndpointMiddleware|CorrelationId=e9ced34d-b9df-47b5-a5c1-225ddaa9be6b|Executed endpoint 'SmartLoan.Api.Controllers.AuthController.GetCurrentUser (SmartLoan.Api)' 
2026-09-04 11:49:05.1776|Info|Microsoft.AspNetCore.Hosting.Diagnostics|CorrelationId=|Request finished HTTP/1.1 GET http://localhost:5176/api/v1/Auth/me - 200 - application/json;+charset=utf-8 7.4886ms 
2026-09-04 11:49:05.1776|Info|Microsoft.AspNetCore.Hosting.Diagnostics|CorrelationId=|Request starting HTTP/1.1 GET http://localhost:5176/api/v1/Auth/me - - - 
2026-09-04 11:49:05.1776|Info|Microsoft.AspNetCore.Routing.EndpointMiddleware|CorrelationId=ddac2012-6381-49d3-b6b6-cbdd0de01820|Executing endpoint 'SmartLoan.Api.Controllers.AuthController.GetCurrentUser (SmartLoan.Api)' 
2026-09-04 11:49:05.1956|Info|Microsoft.AspNetCore.Mvc.Infrastructure.ControllerActionInvoker|CorrelationId=ddac2012-6381-49d3-b6b6-cbdd0de01820|Route matched with {action = "GetCurrentUser", controller = "Auth"}. Executing controller action with signature Microsoft.AspNetCore.Mvc.IActionResult GetCurrentUser() on controller SmartLoan.Api.Controllers.AuthController (SmartLoan.Api). 
2026-09-04 11:49:05.1956|Info|Microsoft.AspNetCore.Mvc.Infrastructure.ObjectResultExecutor|CorrelationId=ddac2012-6381-49d3-b6b6-cbdd0de01820|Executing OkObjectResult, writing value of type '<>f__AnonymousType0`2[[System.String, System.Private.CoreLib, Version=10.0.0.0, Culture=neutral, PublicKeyToken=7cec85d7bea7798e],[System.String, System.Private.CoreLib, Version=10.0.0.0, Culture=neutral, PublicKeyToken=7cec85d7bea7798e]]'. 
2026-09-04 11:49:05.1956|Info|Microsoft.AspNetCore.Hosting.Diagnostics|CorrelationId=|Request starting HTTP/1.1 POST http://localhost:5176/api/v1/notifications/negotiate?negotiateVersion=1 - - 0 
2026-09-04 11:49:05.1956|Info|Microsoft.AspNetCore.Cors.Infrastructure.CorsService|CorrelationId=445f9236-220e-4bdf-a890-ec835db2279b|CORS policy execution successful. 
2026-09-04 11:49:05.1956|Info|Microsoft.AspNetCore.Mvc.Infrastructure.ControllerActionInvoker|CorrelationId=ddac2012-6381-49d3-b6b6-cbdd0de01820|Executed action SmartLoan.Api.Controllers.AuthController.GetCurrentUser (SmartLoan.Api) in 2.4015ms 
2026-09-04 11:49:05.1956|Info|Microsoft.AspNetCore.Hosting.Diagnostics|CorrelationId=|Request finished HTTP/1.1 POST http://localhost:5176/api/v1/notifications/negotiate?negotiateVersion=1 - 404 0 - 0.6585ms 
2026-09-04 11:49:05.1956|Info|Microsoft.AspNetCore.Routing.EndpointMiddleware|CorrelationId=ddac2012-6381-49d3-b6b6-cbdd0de01820|Executed endpoint 'SmartLoan.Api.Controllers.AuthController.GetCurrentUser (SmartLoan.Api)' 
2026-09-04 11:49:05.1956|Info|Microsoft.AspNetCore.Hosting.Diagnostics|CorrelationId=|Request reached the end of the middleware pipeline without being handled by application code. Request path: POST http://localhost:5176/api/v1/notifications/negotiate, Response status code: 404 
2026-09-04 11:49:05.1956|Info|Microsoft.AspNetCore.Hosting.Diagnostics|CorrelationId=|Request finished HTTP/1.1 GET http://localhost:5176/api/v1/Auth/me - 200 - application/json;+charset=utf-8 19.6019ms 
2026-09-04 11:49:05.2392|Info|Microsoft.AspNetCore.Hosting.Diagnostics|CorrelationId=|Request starting HTTP/1.1 GET http://localhost:5176/api/v1/Dashboard/summary - - - 
2026-09-04 11:49:05.2392|Info|Microsoft.AspNetCore.Hosting.Diagnostics|CorrelationId=|Request starting HTTP/1.1 GET http://localhost:5176/api/v1/Loan?pageNumber=1&pageSize=20 - - - 
2026-09-04 11:49:05.2405|Info|Microsoft.AspNetCore.Routing.EndpointMiddleware|CorrelationId=ab2cf362-d280-4b97-96c8-148aa371e561|Executing endpoint 'SmartLoan.Api.Controllers.DashboardController.GetSummary (SmartLoan.Api)' 
2026-09-04 11:49:05.2405|Info|Microsoft.AspNetCore.Routing.EndpointMiddleware|CorrelationId=32c05611-435b-491e-a641-8ef2a8fb2b0c|Executing endpoint 'SmartLoan.Api.Controllers.LoanController.GetAll (SmartLoan.Api)' 
2026-09-04 11:49:05.2405|Info|Microsoft.AspNetCore.Mvc.Infrastructure.ControllerActionInvoker|CorrelationId=ab2cf362-d280-4b97-96c8-148aa371e561|Route matched with {action = "GetSummary", controller = "Dashboard"}. Executing controller action with signature System.Threading.Tasks.Task`1[Microsoft.AspNetCore.Mvc.ActionResult`1[SmartLoan.Application.Dashboard.Queries.GetLoanSummary.LoanSummaryDto]] GetSummary() on controller SmartLoan.Api.Controllers.DashboardController (SmartLoan.Api). 
2026-09-04 11:49:05.2405|Info|Microsoft.AspNetCore.Mvc.Infrastructure.ControllerActionInvoker|CorrelationId=32c05611-435b-491e-a641-8ef2a8fb2b0c|Route matched with {action = "GetAll", controller = "Loan"}. Executing controller action with signature System.Threading.Tasks.Task`1[Microsoft.AspNetCore.Mvc.ActionResult`1[SmartLoan.Application.Common.PagedResponse`1[SmartLoan.Application.Loans.Queries.LoanDto]]] GetAll(SmartLoan.Application.Common.PagedRequest) on controller SmartLoan.Api.Controllers.LoanController (SmartLoan.Api). 
2026-09-04 11:49:05.2405|Info|SmartLoan.Application.Common.Behaviors.LoggingBehavior|CorrelationId=ab2cf362-d280-4b97-96c8-148aa371e561|smartloan Request:GetLoansummatyQuery starting... 
2026-09-04 11:49:05.2405|Info|SmartLoan.Application.Common.Behaviors.LoggingBehavior|CorrelationId=32c05611-435b-491e-a641-8ef2a8fb2b0c|smartloan Request:GetLoansQuery starting... 
2026-09-04 11:49:05.2405|Info|Microsoft.EntityFrameworkCore.Database.Command|CorrelationId=32c05611-435b-491e-a641-8ef2a8fb2b0c|Executed DbCommand (1ms) [Parameters=[], CommandType='Text', CommandTimeout='30']
SELECT count(*)::int
FROM "LoanApplications" AS l
WHERE NOT (l."IsDeleted") 
2026-09-04 11:49:05.2405|Info|Microsoft.EntityFrameworkCore.Database.Command|CorrelationId=ab2cf362-d280-4b97-96c8-148aa371e561|Executed DbCommand (5ms) [Parameters=[], CommandType='Text', CommandTimeout='30']
SELECT COALESCE(sum(p."Amount"), 0.0)
FROM "Payments" AS p 
2026-09-04 11:49:05.2405|Info|Microsoft.EntityFrameworkCore.Database.Command|CorrelationId=32c05611-435b-491e-a641-8ef2a8fb2b0c|Executed DbCommand (2ms) [Parameters=[@p1='?' (DbType = Int32), @p='?' (DbType = Int32)], CommandType='Text', CommandTimeout='30']
SELECT l0."Id", c0."FullName", l0."DailyAmount", l0."LoanAmount", l0."ServiceFee", l0."Status", l0."CreatedAt", CAST((
    SELECT COALESCE(sum(p."Amount"), 0.0)
    FROM "Payments" AS p
    WHERE l0."Id" = p."LoanApplicationId") / l0."DailyAmount" AS integer)
FROM (
    SELECT l."Id", l."CreatedAt", l."CustomerId", l."DailyAmount", l."LoanAmount", l."ServiceFee", l."Status"
    FROM "LoanApplications" AS l
    WHERE NOT (l."IsDeleted")
    ORDER BY l."CreatedAt" DESC
    LIMIT @p1 OFFSET @p
) AS l0
INNER JOIN (
    SELECT c."Id", c."FullName"
    FROM "Customers" AS c
    WHERE NOT (c."IsDeleted")
) AS c0 ON l0."CustomerId" = c0."Id"
ORDER BY l0."CreatedAt" DESC 
2026-09-04 11:49:05.2405|Info|SmartLoan.Application.Common.Behaviors.LoggingBehavior|CorrelationId=32c05611-435b-491e-a641-8ef2a8fb2b0c|Smarloan Request:GetLoansQuery finished in 8ms 
2026-09-04 11:49:05.2405|Info|Microsoft.EntityFrameworkCore.Database.Command|CorrelationId=ab2cf362-d280-4b97-96c8-148aa371e561|Executed DbCommand (1ms) [Parameters=[], CommandType='Text', CommandTimeout='30']
SELECT COALESCE(sum(l."ServiceFee"), 0.0)
FROM "LoanApplications" AS l
WHERE NOT (l."IsDeleted") AND l."Status" = 'Approved' 
2026-09-04 11:49:05.2405|Info|Microsoft.AspNetCore.Mvc.Infrastructure.ObjectResultExecutor|CorrelationId=32c05611-435b-491e-a641-8ef2a8fb2b0c|Executing ObjectResult, writing value of type 'SmartLoan.Application.Common.PagedResponse`1[[SmartLoan.Application.Loans.Queries.LoanDto, SmartLoan.Application, Version=1.0.0.0, Culture=neutral, PublicKeyToken=null]]'. 
2026-09-04 11:49:05.2405|Info|Microsoft.AspNetCore.Mvc.Infrastructure.ControllerActionInvoker|CorrelationId=32c05611-435b-491e-a641-8ef2a8fb2b0c|Executed action SmartLoan.Api.Controllers.LoanController.GetAll (SmartLoan.Api) in 10.511ms 
2026-09-04 11:49:05.2567|Info|Microsoft.AspNetCore.Routing.EndpointMiddleware|CorrelationId=32c05611-435b-491e-a641-8ef2a8fb2b0c|Executed endpoint 'SmartLoan.Api.Controllers.LoanController.GetAll (SmartLoan.Api)' 
2026-09-04 11:49:05.2567|Info|Microsoft.EntityFrameworkCore.Database.Command|CorrelationId=ab2cf362-d280-4b97-96c8-148aa371e561|Executed DbCommand (5ms) [Parameters=[], CommandType='Text', CommandTimeout='30']
SELECT count(*)::int
FROM "LoanApplications" AS l
WHERE NOT (l."IsDeleted") AND l."Status" = 'Saving' 
2026-09-04 11:49:05.2567|Info|Microsoft.AspNetCore.Hosting.Diagnostics|CorrelationId=|Request finished HTTP/1.1 GET http://localhost:5176/api/v1/Loan?pageNumber=1&pageSize=20 - 200 - application/json;+charset=utf-8 20.1382ms 
2026-09-04 11:49:05.2567|Info|Microsoft.EntityFrameworkCore.Database.Command|CorrelationId=ab2cf362-d280-4b97-96c8-148aa371e561|Executed DbCommand (1ms) [Parameters=[], CommandType='Text', CommandTimeout='30']
SELECT count(*)::int
FROM "LoanApplications" AS l
WHERE NOT (l."IsDeleted") AND l."Status" = 'Approved' 
2026-09-04 11:49:05.2567|Info|SmartLoan.Application.Common.Behaviors.LoggingBehavior|CorrelationId=ab2cf362-d280-4b97-96c8-148aa371e561|Smarloan Request:GetLoansummatyQuery finished in 19ms 
2026-09-04 11:49:05.2567|Info|Microsoft.AspNetCore.Mvc.Infrastructure.ObjectResultExecutor|CorrelationId=ab2cf362-d280-4b97-96c8-148aa371e561|Executing ObjectResult, writing value of type 'SmartLoan.Application.Dashboard.Queries.GetLoanSummary.LoanSummaryDto'. 
2026-09-04 11:49:05.2567|Info|Microsoft.AspNetCore.Mvc.Infrastructure.ControllerActionInvoker|CorrelationId=ab2cf362-d280-4b97-96c8-148aa371e561|Executed action SmartLoan.Api.Controllers.DashboardController.GetSummary (SmartLoan.Api) in 20.2784ms 
2026-09-04 11:49:05.2567|Info|Microsoft.AspNetCore.Routing.EndpointMiddleware|CorrelationId=ab2cf362-d280-4b97-96c8-148aa371e561|Executed endpoint 'SmartLoan.Api.Controllers.DashboardController.GetSummary (SmartLoan.Api)' 
2026-09-04 11:49:05.2567|Info|Microsoft.AspNetCore.Hosting.Diagnostics|CorrelationId=|Request finished HTTP/1.1 GET http://localhost:5176/api/v1/Dashboard/summary - 200 - application/json;+charset=utf-8 22.4083ms 
2026-09-04 11:50:57.6518|Info|Microsoft.AspNetCore.Hosting.Diagnostics|CorrelationId=|Request starting HTTP/1.1 GET http://localhost:5176/api/v1/Auth/me - - - 
2026-09-04 11:50:57.6518|Info|Microsoft.AspNetCore.Routing.EndpointMiddleware|CorrelationId=e195beb0-bcf4-4829-bc0f-af3e4bc66c21|Executing endpoint 'SmartLoan.Api.Controllers.AuthController.GetCurrentUser (SmartLoan.Api)' 
2026-09-04 11:50:57.6518|Info|Microsoft.AspNetCore.Mvc.Infrastructure.ControllerActionInvoker|CorrelationId=e195beb0-bcf4-4829-bc0f-af3e4bc66c21|Route matched with {action = "GetCurrentUser", controller = "Auth"}. Executing controller action with signature Microsoft.AspNetCore.Mvc.IActionResult GetCurrentUser() on controller SmartLoan.Api.Controllers.AuthController (SmartLoan.Api). 
2026-09-04 11:50:57.6518|Info|Microsoft.AspNetCore.Mvc.Infrastructure.ObjectResultExecutor|CorrelationId=e195beb0-bcf4-4829-bc0f-af3e4bc66c21|Executing OkObjectResult, writing value of type '<>f__AnonymousType0`2[[System.String, System.Private.CoreLib, Version=10.0.0.0, Culture=neutral, PublicKeyToken=7cec85d7bea7798e],[System.String, System.Private.CoreLib, Version=10.0.0.0, Culture=neutral, PublicKeyToken=7cec85d7bea7798e]]'. 
2026-09-04 11:50:57.6518|Info|Microsoft.AspNetCore.Mvc.Infrastructure.ControllerActionInvoker|CorrelationId=e195beb0-bcf4-4829-bc0f-af3e4bc66c21|Executed action SmartLoan.Api.Controllers.AuthController.GetCurrentUser (SmartLoan.Api) in 0.7608ms 
2026-09-04 11:50:57.6518|Info|Microsoft.AspNetCore.Routing.EndpointMiddleware|CorrelationId=e195beb0-bcf4-4829-bc0f-af3e4bc66c21|Executed endpoint 'SmartLoan.Api.Controllers.AuthController.GetCurrentUser (SmartLoan.Api)' 
2026-09-04 11:50:57.6518|Info|Microsoft.AspNetCore.Hosting.Diagnostics|CorrelationId=|Request finished HTTP/1.1 GET http://localhost:5176/api/v1/Auth/me - 200 - application/json;+charset=utf-8 2.6058ms 
2026-09-04 11:50:57.6518|Info|Microsoft.AspNetCore.Hosting.Diagnostics|CorrelationId=|Request starting HTTP/1.1 GET http://localhost:5176/api/v1/Auth/me - - - 
2026-09-04 11:50:57.6518|Info|Microsoft.AspNetCore.Routing.EndpointMiddleware|CorrelationId=72cc3bc7-95d1-4386-937f-204ff4322c96|Executing endpoint 'SmartLoan.Api.Controllers.AuthController.GetCurrentUser (SmartLoan.Api)' 
2026-09-04 11:50:57.6518|Info|Microsoft.AspNetCore.Mvc.Infrastructure.ControllerActionInvoker|CorrelationId=72cc3bc7-95d1-4386-937f-204ff4322c96|Route matched with {action = "GetCurrentUser", controller = "Auth"}. Executing controller action with signature Microsoft.AspNetCore.Mvc.IActionResult GetCurrentUser() on controller SmartLoan.Api.Controllers.AuthController (SmartLoan.Api). 
2026-09-04 11:50:57.6611|Info|Microsoft.AspNetCore.Mvc.Infrastructure.ObjectResultExecutor|CorrelationId=72cc3bc7-95d1-4386-937f-204ff4322c96|Executing OkObjectResult, writing value of type '<>f__AnonymousType0`2[[System.String, System.Private.CoreLib, Version=10.0.0.0, Culture=neutral, PublicKeyToken=7cec85d7bea7798e],[System.String, System.Private.CoreLib, Version=10.0.0.0, Culture=neutral, PublicKeyToken=7cec85d7bea7798e]]'. 
2026-09-04 11:50:57.6611|Info|Microsoft.AspNetCore.Mvc.Infrastructure.ControllerActionInvoker|CorrelationId=72cc3bc7-95d1-4386-937f-204ff4322c96|Executed action SmartLoan.Api.Controllers.AuthController.GetCurrentUser (SmartLoan.Api) in 0.3519ms 
2026-09-04 11:50:57.6611|Info|Microsoft.AspNetCore.Routing.EndpointMiddleware|CorrelationId=72cc3bc7-95d1-4386-937f-204ff4322c96|Executed endpoint 'SmartLoan.Api.Controllers.AuthController.GetCurrentUser (SmartLoan.Api)' 
2026-09-04 11:50:57.6611|Info|Microsoft.AspNetCore.Hosting.Diagnostics|CorrelationId=|Request finished HTTP/1.1 GET http://localhost:5176/api/v1/Auth/me - 200 - application/json;+charset=utf-8 2.9379ms 
2026-09-04 11:50:57.7383|Info|Microsoft.AspNetCore.Hosting.Diagnostics|CorrelationId=|Request starting HTTP/1.1 POST http://localhost:5176/api/v1/notifications/negotiate?negotiateVersion=1 - - 0 
2026-09-04 11:50:57.7383|Info|Microsoft.AspNetCore.Cors.Infrastructure.CorsService|CorrelationId=960759fe-1450-4f79-917e-f6938df68b74|CORS policy execution successful. 
2026-09-04 11:50:57.7383|Info|Microsoft.AspNetCore.Hosting.Diagnostics|CorrelationId=|Request finished HTTP/1.1 POST http://localhost:5176/api/v1/notifications/negotiate?negotiateVersion=1 - 404 0 - 0.7818ms 
2026-09-04 11:50:57.7383|Info|Microsoft.AspNetCore.Hosting.Diagnostics|CorrelationId=|Request reached the end of the middleware pipeline without being handled by application code. Request path: POST http://localhost:5176/api/v1/notifications/negotiate, Response status code: 404 
2026-09-04 11:50:57.8360|Info|Microsoft.AspNetCore.Hosting.Diagnostics|CorrelationId=|Request starting HTTP/1.1 GET http://localhost:5176/api/v1/Loan?pageNumber=1&pageSize=20 - - - 
2026-09-04 11:50:57.8360|Info|Microsoft.AspNetCore.Routing.EndpointMiddleware|CorrelationId=36541a49-c4eb-4a14-a1d1-2cbc79395f6a|Executing endpoint 'SmartLoan.Api.Controllers.LoanController.GetAll (SmartLoan.Api)' 
2026-09-04 11:50:57.8360|Info|Microsoft.AspNetCore.Mvc.Infrastructure.ControllerActionInvoker|CorrelationId=36541a49-c4eb-4a14-a1d1-2cbc79395f6a|Route matched with {action = "GetAll", controller = "Loan"}. Executing controller action with signature System.Threading.Tasks.Task`1[Microsoft.AspNetCore.Mvc.ActionResult`1[SmartLoan.Application.Common.PagedResponse`1[SmartLoan.Application.Loans.Queries.LoanDto]]] GetAll(SmartLoan.Application.Common.PagedRequest) on controller SmartLoan.Api.Controllers.LoanController (SmartLoan.Api). 
2026-09-04 11:50:57.8360|Info|SmartLoan.Application.Common.Behaviors.LoggingBehavior|CorrelationId=36541a49-c4eb-4a14-a1d1-2cbc79395f6a|smartloan Request:GetLoansQuery starting... 
2026-09-04 11:50:57.8360|Info|Microsoft.EntityFrameworkCore.Database.Command|CorrelationId=36541a49-c4eb-4a14-a1d1-2cbc79395f6a|Executed DbCommand (1ms) [Parameters=[], CommandType='Text', CommandTimeout='30']
SELECT count(*)::int
FROM "LoanApplications" AS l
WHERE NOT (l."IsDeleted") 
2026-09-04 11:50:57.8360|Info|Microsoft.EntityFrameworkCore.Database.Command|CorrelationId=36541a49-c4eb-4a14-a1d1-2cbc79395f6a|Executed DbCommand (7ms) [Parameters=[@p1='?' (DbType = Int32), @p='?' (DbType = Int32)], CommandType='Text', CommandTimeout='30']
SELECT l0."Id", c0."FullName", l0."DailyAmount", l0."LoanAmount", l0."ServiceFee", l0."Status", l0."CreatedAt", CAST((
    SELECT COALESCE(sum(p."Amount"), 0.0)
    FROM "Payments" AS p
    WHERE l0."Id" = p."LoanApplicationId") / l0."DailyAmount" AS integer)
FROM (
    SELECT l."Id", l."CreatedAt", l."CustomerId", l."DailyAmount", l."LoanAmount", l."ServiceFee", l."Status"
    FROM "LoanApplications" AS l
    WHERE NOT (l."IsDeleted")
    ORDER BY l."CreatedAt" DESC
    LIMIT @p1 OFFSET @p
) AS l0
INNER JOIN (
    SELECT c."Id", c."FullName"
    FROM "Customers" AS c
    WHERE NOT (c."IsDeleted")
) AS c0 ON l0."CustomerId" = c0."Id"
ORDER BY l0."CreatedAt" DESC 
2026-09-04 11:50:57.8504|Info|SmartLoan.Application.Common.Behaviors.LoggingBehavior|CorrelationId=36541a49-c4eb-4a14-a1d1-2cbc79395f6a|Smarloan Request:GetLoansQuery finished in 12ms 
2026-09-04 11:50:57.8504|Info|Microsoft.AspNetCore.Mvc.Infrastructure.ObjectResultExecutor|CorrelationId=36541a49-c4eb-4a14-a1d1-2cbc79395f6a|Executing ObjectResult, writing value of type 'SmartLoan.Application.Common.PagedResponse`1[[SmartLoan.Application.Loans.Queries.LoanDto, SmartLoan.Application, Version=1.0.0.0, Culture=neutral, PublicKeyToken=null]]'. 
2026-09-04 11:50:57.8504|Info|Microsoft.AspNetCore.Mvc.Infrastructure.ControllerActionInvoker|CorrelationId=36541a49-c4eb-4a14-a1d1-2cbc79395f6a|Executed action SmartLoan.Api.Controllers.LoanController.GetAll (SmartLoan.Api) in 13.9212ms 
2026-09-04 11:50:57.8504|Info|Microsoft.AspNetCore.Routing.EndpointMiddleware|CorrelationId=36541a49-c4eb-4a14-a1d1-2cbc79395f6a|Executed endpoint 'SmartLoan.Api.Controllers.LoanController.GetAll (SmartLoan.Api)' 
2026-09-04 11:50:57.8504|Info|Microsoft.AspNetCore.Hosting.Diagnostics|CorrelationId=|Request finished HTTP/1.1 GET http://localhost:5176/api/v1/Loan?pageNumber=1&pageSize=20 - 200 - application/json;+charset=utf-8 15.7552ms 
2026-09-04 11:50:57.8504|Info|Microsoft.AspNetCore.Hosting.Diagnostics|CorrelationId=|Request starting HTTP/1.1 GET http://localhost:5176/api/v1/Dashboard/summary - - - 
2026-09-04 11:50:57.8504|Info|Microsoft.AspNetCore.Routing.EndpointMiddleware|CorrelationId=14a64918-8be2-4369-8624-9b614494d60b|Executing endpoint 'SmartLoan.Api.Controllers.DashboardController.GetSummary (SmartLoan.Api)' 
2026-09-04 11:50:57.8504|Info|Microsoft.AspNetCore.Mvc.Infrastructure.ControllerActionInvoker|CorrelationId=14a64918-8be2-4369-8624-9b614494d60b|Route matched with {action = "GetSummary", controller = "Dashboard"}. Executing controller action with signature System.Threading.Tasks.Task`1[Microsoft.AspNetCore.Mvc.ActionResult`1[SmartLoan.Application.Dashboard.Queries.GetLoanSummary.LoanSummaryDto]] GetSummary() on controller SmartLoan.Api.Controllers.DashboardController (SmartLoan.Api). 
2026-09-04 11:50:57.8504|Info|SmartLoan.Application.Common.Behaviors.LoggingBehavior|CorrelationId=14a64918-8be2-4369-8624-9b614494d60b|smartloan Request:GetLoansummatyQuery starting... 
2026-09-04 11:50:57.8504|Info|Microsoft.EntityFrameworkCore.Database.Command|CorrelationId=14a64918-8be2-4369-8624-9b614494d60b|Executed DbCommand (1ms) [Parameters=[], CommandType='Text', CommandTimeout='30']
SELECT COALESCE(sum(p."Amount"), 0.0)
FROM "Payments" AS p 
2026-09-04 11:50:57.8504|Info|Microsoft.EntityFrameworkCore.Database.Command|CorrelationId=14a64918-8be2-4369-8624-9b614494d60b|Executed DbCommand (1ms) [Parameters=[], CommandType='Text', CommandTimeout='30']
SELECT COALESCE(sum(l."ServiceFee"), 0.0)
FROM "LoanApplications" AS l
WHERE NOT (l."IsDeleted") AND l."Status" = 'Approved' 
2026-09-04 11:50:57.8504|Info|Microsoft.EntityFrameworkCore.Database.Command|CorrelationId=14a64918-8be2-4369-8624-9b614494d60b|Executed DbCommand (1ms) [Parameters=[], CommandType='Text', CommandTimeout='30']
SELECT count(*)::int
FROM "LoanApplications" AS l
WHERE NOT (l."IsDeleted") AND l."Status" = 'Saving' 
2026-09-04 11:50:57.8650|Info|Microsoft.EntityFrameworkCore.Database.Command|CorrelationId=14a64918-8be2-4369-8624-9b614494d60b|Executed DbCommand (1ms) [Parameters=[], CommandType='Text', CommandTimeout='30']
SELECT count(*)::int
FROM "LoanApplications" AS l
WHERE NOT (l."IsDeleted") AND l."Status" = 'Approved' 
2026-09-04 11:50:57.8650|Info|SmartLoan.Application.Common.Behaviors.LoggingBehavior|CorrelationId=14a64918-8be2-4369-8624-9b614494d60b|Smarloan Request:GetLoansummatyQuery finished in 11ms 
2026-09-04 11:50:57.8650|Info|Microsoft.AspNetCore.Mvc.Infrastructure.ObjectResultExecutor|CorrelationId=14a64918-8be2-4369-8624-9b614494d60b|Executing ObjectResult, writing value of type 'SmartLoan.Application.Dashboard.Queries.GetLoanSummary.LoanSummaryDto'. 
2026-09-04 11:50:57.8650|Info|Microsoft.AspNetCore.Mvc.Infrastructure.ControllerActionInvoker|CorrelationId=14a64918-8be2-4369-8624-9b614494d60b|Executed action SmartLoan.Api.Controllers.DashboardController.GetSummary (SmartLoan.Api) in 14.5494ms 
2026-09-04 11:50:57.8650|Info|Microsoft.AspNetCore.Routing.EndpointMiddleware|CorrelationId=14a64918-8be2-4369-8624-9b614494d60b|Executed endpoint 'SmartLoan.Api.Controllers.DashboardController.GetSummary (SmartLoan.Api)' 
2026-09-04 11:50:57.8650|Info|Microsoft.AspNetCore.Hosting.Diagnostics|CorrelationId=|Request finished HTTP/1.1 GET http://localhost:5176/api/v1/Dashboard/summary - 200 - application/json;+charset=utf-8 20.4494ms 
2026-09-04 11:57:30.7306|Info|Microsoft.AspNetCore.Hosting.Diagnostics|CorrelationId=|Request starting HTTP/1.1 GET http://localhost:5176/api/v1/Auth/me - - - 
2026-09-04 11:57:30.7306|Info|Microsoft.AspNetCore.Routing.EndpointMiddleware|CorrelationId=8b9c4e93-3af8-4473-826b-83a6e0453867|Executing endpoint 'SmartLoan.Api.Controllers.AuthController.GetCurrentUser (SmartLoan.Api)' 
2026-09-04 11:57:30.7306|Info|Microsoft.AspNetCore.Mvc.Infrastructure.ControllerActionInvoker|CorrelationId=8b9c4e93-3af8-4473-826b-83a6e0453867|Route matched with {action = "GetCurrentUser", controller = "Auth"}. Executing controller action with signature Microsoft.AspNetCore.Mvc.IActionResult GetCurrentUser() on controller SmartLoan.Api.Controllers.AuthController (SmartLoan.Api). 
2026-09-04 11:57:30.7406|Info|Microsoft.AspNetCore.Mvc.Infrastructure.ObjectResultExecutor|CorrelationId=8b9c4e93-3af8-4473-826b-83a6e0453867|Executing OkObjectResult, writing value of type '<>f__AnonymousType0`2[[System.String, System.Private.CoreLib, Version=10.0.0.0, Culture=neutral, PublicKeyToken=7cec85d7bea7798e],[System.String, System.Private.CoreLib, Version=10.0.0.0, Culture=neutral, PublicKeyToken=7cec85d7bea7798e]]'. 
2026-09-04 11:57:30.7406|Info|Microsoft.AspNetCore.Mvc.Infrastructure.ControllerActionInvoker|CorrelationId=8b9c4e93-3af8-4473-826b-83a6e0453867|Executed action SmartLoan.Api.Controllers.AuthController.GetCurrentUser (SmartLoan.Api) in 11.0195ms 
2026-09-04 11:57:30.7406|Info|Microsoft.AspNetCore.Routing.EndpointMiddleware|CorrelationId=8b9c4e93-3af8-4473-826b-83a6e0453867|Executed endpoint 'SmartLoan.Api.Controllers.AuthController.GetCurrentUser (SmartLoan.Api)' 
2026-09-04 11:57:30.7588|Info|Microsoft.AspNetCore.Hosting.Diagnostics|CorrelationId=|Request finished HTTP/1.1 GET http://localhost:5176/api/v1/Auth/me - 200 - application/json;+charset=utf-8 27.9794ms 
2026-09-04 11:57:30.7778|Info|Microsoft.AspNetCore.Hosting.Diagnostics|CorrelationId=|Request starting HTTP/1.1 GET http://localhost:5176/api/v1/Auth/me - - - 
2026-09-04 11:57:30.7778|Info|Microsoft.AspNetCore.Routing.EndpointMiddleware|CorrelationId=641ffaed-e85e-4fda-9a0b-a76053ff04b7|Executing endpoint 'SmartLoan.Api.Controllers.AuthController.GetCurrentUser (SmartLoan.Api)' 
2026-09-04 11:57:30.7778|Info|Microsoft.AspNetCore.Mvc.Infrastructure.ControllerActionInvoker|CorrelationId=641ffaed-e85e-4fda-9a0b-a76053ff04b7|Route matched with {action = "GetCurrentUser", controller = "Auth"}. Executing controller action with signature Microsoft.AspNetCore.Mvc.IActionResult GetCurrentUser() on controller SmartLoan.Api.Controllers.AuthController (SmartLoan.Api). 
2026-09-04 11:57:30.7778|Info|Microsoft.AspNetCore.Mvc.Infrastructure.ObjectResultExecutor|CorrelationId=641ffaed-e85e-4fda-9a0b-a76053ff04b7|Executing OkObjectResult, writing value of type '<>f__AnonymousType0`2[[System.String, System.Private.CoreLib, Version=10.0.0.0, Culture=neutral, PublicKeyToken=7cec85d7bea7798e],[System.String, System.Private.CoreLib, Version=10.0.0.0, Culture=neutral, PublicKeyToken=7cec85d7bea7798e]]'. 
2026-09-04 11:57:30.7778|Info|Microsoft.AspNetCore.Mvc.Infrastructure.ControllerActionInvoker|CorrelationId=641ffaed-e85e-4fda-9a0b-a76053ff04b7|Executed action SmartLoan.Api.Controllers.AuthController.GetCurrentUser (SmartLoan.Api) in 0.8244ms 
2026-09-04 11:57:30.7778|Info|Microsoft.AspNetCore.Routing.EndpointMiddleware|CorrelationId=641ffaed-e85e-4fda-9a0b-a76053ff04b7|Executed endpoint 'SmartLoan.Api.Controllers.AuthController.GetCurrentUser (SmartLoan.Api)' 
2026-09-04 11:57:30.7778|Info|Microsoft.AspNetCore.Hosting.Diagnostics|CorrelationId=|Request finished HTTP/1.1 GET http://localhost:5176/api/v1/Auth/me - 200 - application/json;+charset=utf-8 2.3564ms 
2026-09-04 11:57:30.7982|Info|Microsoft.AspNetCore.Hosting.Diagnostics|CorrelationId=|Request starting HTTP/1.1 POST http://localhost:5176/api/v1/notifications/negotiate?negotiateVersion=1 - - 0 
2026-09-04 11:57:30.7982|Info|Microsoft.AspNetCore.Cors.Infrastructure.CorsService|CorrelationId=9fe02b80-492a-4bc6-8d4b-7e6eb50d997f|CORS policy execution successful. 
2026-09-04 11:57:30.7982|Info|Microsoft.AspNetCore.Hosting.Diagnostics|CorrelationId=|Request finished HTTP/1.1 POST http://localhost:5176/api/v1/notifications/negotiate?negotiateVersion=1 - 404 0 - 0.7571ms 
2026-09-04 11:57:30.7982|Info|Microsoft.AspNetCore.Hosting.Diagnostics|CorrelationId=|Request reached the end of the middleware pipeline without being handled by application code. Request path: POST http://localhost:5176/api/v1/notifications/negotiate, Response status code: 404 
2026-09-04 11:57:31.1882|Info|Microsoft.AspNetCore.Hosting.Diagnostics|CorrelationId=|Request starting HTTP/1.1 GET http://localhost:5176/api/v1/Loan?pageNumber=1&pageSize=20 - - - 
2026-09-04 11:57:31.1882|Info|Microsoft.AspNetCore.Hosting.Diagnostics|CorrelationId=|Request starting HTTP/1.1 GET http://localhost:5176/api/v1/Dashboard/summary - - - 
2026-09-04 11:57:31.1882|Info|Microsoft.AspNetCore.Routing.EndpointMiddleware|CorrelationId=77b783af-7f02-4a72-b1c1-d6812935efea|Executing endpoint 'SmartLoan.Api.Controllers.LoanController.GetAll (SmartLoan.Api)' 
2026-09-04 11:57:31.1931|Info|Microsoft.AspNetCore.Mvc.Infrastructure.ControllerActionInvoker|CorrelationId=77b783af-7f02-4a72-b1c1-d6812935efea|Route matched with {action = "GetAll", controller = "Loan"}. Executing controller action with signature System.Threading.Tasks.Task`1[Microsoft.AspNetCore.Mvc.ActionResult`1[SmartLoan.Application.Common.PagedResponse`1[SmartLoan.Application.Loans.Queries.LoanDto]]] GetAll(SmartLoan.Application.Common.PagedRequest) on controller SmartLoan.Api.Controllers.LoanController (SmartLoan.Api). 
2026-09-04 11:57:31.1931|Info|Microsoft.AspNetCore.Routing.EndpointMiddleware|CorrelationId=b0b42e90-5702-449f-9656-16149233ae99|Executing endpoint 'SmartLoan.Api.Controllers.DashboardController.GetSummary (SmartLoan.Api)' 
2026-09-04 11:57:31.1931|Info|SmartLoan.Application.Common.Behaviors.LoggingBehavior|CorrelationId=77b783af-7f02-4a72-b1c1-d6812935efea|smartloan Request:GetLoansQuery starting... 
2026-09-04 11:57:31.1931|Info|Microsoft.AspNetCore.Mvc.Infrastructure.ControllerActionInvoker|CorrelationId=b0b42e90-5702-449f-9656-16149233ae99|Route matched with {action = "GetSummary", controller = "Dashboard"}. Executing controller action with signature System.Threading.Tasks.Task`1[Microsoft.AspNetCore.Mvc.ActionResult`1[SmartLoan.Application.Dashboard.Queries.GetLoanSummary.LoanSummaryDto]] GetSummary() on controller SmartLoan.Api.Controllers.DashboardController (SmartLoan.Api). 
2026-09-04 11:57:31.1931|Info|SmartLoan.Application.Common.Behaviors.LoggingBehavior|CorrelationId=b0b42e90-5702-449f-9656-16149233ae99|smartloan Request:GetLoansummatyQuery starting... 
2026-09-04 11:57:31.2749|Info|Microsoft.EntityFrameworkCore.Database.Command|CorrelationId=77b783af-7f02-4a72-b1c1-d6812935efea|Executed DbCommand (5ms) [Parameters=[], CommandType='Text', CommandTimeout='30']
SELECT count(*)::int
FROM "LoanApplications" AS l
WHERE NOT (l."IsDeleted") 
2026-09-04 11:57:31.2749|Info|Microsoft.EntityFrameworkCore.Database.Command|CorrelationId=b0b42e90-5702-449f-9656-16149233ae99|Executed DbCommand (4ms) [Parameters=[], CommandType='Text', CommandTimeout='30']
SELECT COALESCE(sum(p."Amount"), 0.0)
FROM "Payments" AS p 
2026-09-04 11:57:31.2749|Info|Microsoft.EntityFrameworkCore.Database.Command|CorrelationId=b0b42e90-5702-449f-9656-16149233ae99|Executed DbCommand (3ms) [Parameters=[], CommandType='Text', CommandTimeout='30']
SELECT COALESCE(sum(l."ServiceFee"), 0.0)
FROM "LoanApplications" AS l
WHERE NOT (l."IsDeleted") AND l."Status" = 'Approved' 
2026-09-04 11:57:31.2749|Info|Microsoft.EntityFrameworkCore.Database.Command|CorrelationId=b0b42e90-5702-449f-9656-16149233ae99|Executed DbCommand (1ms) [Parameters=[], CommandType='Text', CommandTimeout='30']
SELECT count(*)::int
FROM "LoanApplications" AS l
WHERE NOT (l."IsDeleted") AND l."Status" = 'Saving' 
2026-09-04 11:57:31.2749|Info|Microsoft.EntityFrameworkCore.Database.Command|CorrelationId=77b783af-7f02-4a72-b1c1-d6812935efea|Executed DbCommand (7ms) [Parameters=[@p1='?' (DbType = Int32), @p='?' (DbType = Int32)], CommandType='Text', CommandTimeout='30']
SELECT l0."Id", c0."FullName", l0."DailyAmount", l0."LoanAmount", l0."ServiceFee", l0."Status", l0."CreatedAt", CAST((
    SELECT COALESCE(sum(p."Amount"), 0.0)
    FROM "Payments" AS p
    WHERE l0."Id" = p."LoanApplicationId") / l0."DailyAmount" AS integer)
FROM (
    SELECT l."Id", l."CreatedAt", l."CustomerId", l."DailyAmount", l."LoanAmount", l."ServiceFee", l."Status"
    FROM "LoanApplications" AS l
    WHERE NOT (l."IsDeleted")
    ORDER BY l."CreatedAt" DESC
    LIMIT @p1 OFFSET @p
) AS l0
INNER JOIN (
    SELECT c."Id", c."FullName"
    FROM "Customers" AS c
    WHERE NOT (c."IsDeleted")
) AS c0 ON l0."CustomerId" = c0."Id"
ORDER BY l0."CreatedAt" DESC 
2026-09-04 11:57:31.2749|Info|Microsoft.EntityFrameworkCore.Database.Command|CorrelationId=b0b42e90-5702-449f-9656-16149233ae99|Executed DbCommand (1ms) [Parameters=[], CommandType='Text', CommandTimeout='30']
SELECT count(*)::int
FROM "LoanApplications" AS l
WHERE NOT (l."IsDeleted") AND l."Status" = 'Approved' 
2026-09-04 11:57:31.2749|Info|SmartLoan.Application.Common.Behaviors.LoggingBehavior|CorrelationId=b0b42e90-5702-449f-9656-16149233ae99|Smarloan Request:GetLoansummatyQuery finished in 87ms 
2026-09-04 11:57:31.2749|Info|SmartLoan.Application.Common.Behaviors.LoggingBehavior|CorrelationId=77b783af-7f02-4a72-b1c1-d6812935efea|Smarloan Request:GetLoansQuery finished in 90ms 
2026-09-04 11:57:31.2749|Info|Microsoft.AspNetCore.Mvc.Infrastructure.ObjectResultExecutor|CorrelationId=b0b42e90-5702-449f-9656-16149233ae99|Executing ObjectResult, writing value of type 'SmartLoan.Application.Dashboard.Queries.GetLoanSummary.LoanSummaryDto'. 
2026-09-04 11:57:31.2749|Info|Microsoft.AspNetCore.Mvc.Infrastructure.ObjectResultExecutor|CorrelationId=77b783af-7f02-4a72-b1c1-d6812935efea|Executing ObjectResult, writing value of type 'SmartLoan.Application.Common.PagedResponse`1[[SmartLoan.Application.Loans.Queries.LoanDto, SmartLoan.Application, Version=1.0.0.0, Culture=neutral, PublicKeyToken=null]]'. 
2026-09-04 11:57:31.2749|Info|Microsoft.AspNetCore.Mvc.Infrastructure.ControllerActionInvoker|CorrelationId=77b783af-7f02-4a72-b1c1-d6812935efea|Executed action SmartLoan.Api.Controllers.LoanController.GetAll (SmartLoan.Api) in 91.1796ms 
2026-09-04 11:57:31.2749|Info|Microsoft.AspNetCore.Mvc.Infrastructure.ControllerActionInvoker|CorrelationId=b0b42e90-5702-449f-9656-16149233ae99|Executed action SmartLoan.Api.Controllers.DashboardController.GetSummary (SmartLoan.Api) in 88.709ms 
2026-09-04 11:57:31.2749|Info|Microsoft.AspNetCore.Routing.EndpointMiddleware|CorrelationId=77b783af-7f02-4a72-b1c1-d6812935efea|Executed endpoint 'SmartLoan.Api.Controllers.LoanController.GetAll (SmartLoan.Api)' 
2026-09-04 11:57:31.2749|Info|Microsoft.AspNetCore.Routing.EndpointMiddleware|CorrelationId=b0b42e90-5702-449f-9656-16149233ae99|Executed endpoint 'SmartLoan.Api.Controllers.DashboardController.GetSummary (SmartLoan.Api)' 
2026-09-04 11:57:31.2749|Info|Microsoft.AspNetCore.Hosting.Diagnostics|CorrelationId=|Request finished HTTP/1.1 GET http://localhost:5176/api/v1/Loan?pageNumber=1&pageSize=20 - 200 - application/json;+charset=utf-8 96.6051ms 
2026-09-04 11:57:31.2749|Info|Microsoft.AspNetCore.Hosting.Diagnostics|CorrelationId=|Request finished HTTP/1.1 GET http://localhost:5176/api/v1/Dashboard/summary - 200 - application/json;+charset=utf-8 96.4184ms 
2026-09-04 11:58:30.1603|Info|Microsoft.AspNetCore.Hosting.Diagnostics|CorrelationId=|Request starting HTTP/1.1 GET http://localhost:5176/api/v1/Auth/me - - - 
2026-09-04 11:58:30.1603|Info|Microsoft.AspNetCore.Routing.EndpointMiddleware|CorrelationId=3185597c-3568-4ba5-a267-30256b75636d|Executing endpoint 'SmartLoan.Api.Controllers.AuthController.GetCurrentUser (SmartLoan.Api)' 
2026-09-04 11:58:30.1603|Info|Microsoft.AspNetCore.Mvc.Infrastructure.ControllerActionInvoker|CorrelationId=3185597c-3568-4ba5-a267-30256b75636d|Route matched with {action = "GetCurrentUser", controller = "Auth"}. Executing controller action with signature Microsoft.AspNetCore.Mvc.IActionResult GetCurrentUser() on controller SmartLoan.Api.Controllers.AuthController (SmartLoan.Api). 
2026-09-04 11:58:30.1603|Info|Microsoft.AspNetCore.Mvc.Infrastructure.ObjectResultExecutor|CorrelationId=3185597c-3568-4ba5-a267-30256b75636d|Executing OkObjectResult, writing value of type '<>f__AnonymousType0`2[[System.String, System.Private.CoreLib, Version=10.0.0.0, Culture=neutral, PublicKeyToken=7cec85d7bea7798e],[System.String, System.Private.CoreLib, Version=10.0.0.0, Culture=neutral, PublicKeyToken=7cec85d7bea7798e]]'. 
2026-09-04 11:58:30.1618|Info|Microsoft.AspNetCore.Mvc.Infrastructure.ControllerActionInvoker|CorrelationId=3185597c-3568-4ba5-a267-30256b75636d|Executed action SmartLoan.Api.Controllers.AuthController.GetCurrentUser (SmartLoan.Api) in 0.4139ms 
2026-09-04 11:58:30.1618|Info|Microsoft.AspNetCore.Routing.EndpointMiddleware|CorrelationId=3185597c-3568-4ba5-a267-30256b75636d|Executed endpoint 'SmartLoan.Api.Controllers.AuthController.GetCurrentUser (SmartLoan.Api)' 
2026-09-04 11:58:30.1618|Info|Microsoft.AspNetCore.Hosting.Diagnostics|CorrelationId=|Request finished HTTP/1.1 GET http://localhost:5176/api/v1/Auth/me - 200 - application/json;+charset=utf-8 1.6974ms 
2026-09-04 11:58:30.1618|Info|Microsoft.AspNetCore.Hosting.Diagnostics|CorrelationId=|Request starting HTTP/1.1 GET http://localhost:5176/api/v1/Auth/me - - - 
2026-09-04 11:58:30.1618|Info|Microsoft.AspNetCore.Routing.EndpointMiddleware|CorrelationId=9ec563f2-bff5-472f-a456-faab4b13282c|Executing endpoint 'SmartLoan.Api.Controllers.AuthController.GetCurrentUser (SmartLoan.Api)' 
2026-09-04 11:58:30.1618|Info|Microsoft.AspNetCore.Mvc.Infrastructure.ControllerActionInvoker|CorrelationId=9ec563f2-bff5-472f-a456-faab4b13282c|Route matched with {action = "GetCurrentUser", controller = "Auth"}. Executing controller action with signature Microsoft.AspNetCore.Mvc.IActionResult GetCurrentUser() on controller SmartLoan.Api.Controllers.AuthController (SmartLoan.Api). 
2026-09-04 11:58:30.1618|Info|Microsoft.AspNetCore.Mvc.Infrastructure.ObjectResultExecutor|CorrelationId=9ec563f2-bff5-472f-a456-faab4b13282c|Executing OkObjectResult, writing value of type '<>f__AnonymousType0`2[[System.String, System.Private.CoreLib, Version=10.0.0.0, Culture=neutral, PublicKeyToken=7cec85d7bea7798e],[System.String, System.Private.CoreLib, Version=10.0.0.0, Culture=neutral, PublicKeyToken=7cec85d7bea7798e]]'. 
2026-09-04 11:58:30.1618|Info|Microsoft.AspNetCore.Mvc.Infrastructure.ControllerActionInvoker|CorrelationId=9ec563f2-bff5-472f-a456-faab4b13282c|Executed action SmartLoan.Api.Controllers.AuthController.GetCurrentUser (SmartLoan.Api) in 0.4431ms 
2026-09-04 11:58:30.1618|Info|Microsoft.AspNetCore.Routing.EndpointMiddleware|CorrelationId=9ec563f2-bff5-472f-a456-faab4b13282c|Executed endpoint 'SmartLoan.Api.Controllers.AuthController.GetCurrentUser (SmartLoan.Api)' 
2026-09-04 11:58:30.1618|Info|Microsoft.AspNetCore.Hosting.Diagnostics|CorrelationId=|Request finished HTTP/1.1 GET http://localhost:5176/api/v1/Auth/me - 200 - application/json;+charset=utf-8 4.0031ms 
2026-09-04 11:58:30.1937|Info|Microsoft.AspNetCore.Hosting.Diagnostics|CorrelationId=|Request starting HTTP/1.1 POST http://localhost:5176/api/v1/notifications/negotiate?negotiateVersion=1 - - 0 
2026-09-04 11:58:30.1937|Info|Microsoft.AspNetCore.Cors.Infrastructure.CorsService|CorrelationId=97d2a2d4-ec2c-4d67-a9ec-855a433d650a|CORS policy execution successful. 
2026-09-04 11:58:30.1937|Info|Microsoft.AspNetCore.Hosting.Diagnostics|CorrelationId=|Request finished HTTP/1.1 POST http://localhost:5176/api/v1/notifications/negotiate?negotiateVersion=1 - 404 0 - 0.6137ms 
2026-09-04 11:58:30.1937|Info|Microsoft.AspNetCore.Hosting.Diagnostics|CorrelationId=|Request reached the end of the middleware pipeline without being handled by application code. Request path: POST http://localhost:5176/api/v1/notifications/negotiate, Response status code: 404 
2026-09-04 11:58:30.2957|Info|Microsoft.AspNetCore.Hosting.Diagnostics|CorrelationId=|Request starting HTTP/1.1 GET http://localhost:5176/api/v1/Loan?pageNumber=1&pageSize=20 - - - 
2026-09-04 11:58:30.2957|Info|Microsoft.AspNetCore.Routing.EndpointMiddleware|CorrelationId=821f5ad3-47ed-4c44-9b36-c2fac9adafd2|Executing endpoint 'SmartLoan.Api.Controllers.LoanController.GetAll (SmartLoan.Api)' 
2026-09-04 11:58:30.2957|Info|Microsoft.AspNetCore.Mvc.Infrastructure.ControllerActionInvoker|CorrelationId=821f5ad3-47ed-4c44-9b36-c2fac9adafd2|Route matched with {action = "GetAll", controller = "Loan"}. Executing controller action with signature System.Threading.Tasks.Task`1[Microsoft.AspNetCore.Mvc.ActionResult`1[SmartLoan.Application.Common.PagedResponse`1[SmartLoan.Application.Loans.Queries.LoanDto]]] GetAll(SmartLoan.Application.Common.PagedRequest) on controller SmartLoan.Api.Controllers.LoanController (SmartLoan.Api). 
2026-09-04 11:58:30.2957|Info|SmartLoan.Application.Common.Behaviors.LoggingBehavior|CorrelationId=821f5ad3-47ed-4c44-9b36-c2fac9adafd2|smartloan Request:GetLoansQuery starting... 
2026-09-04 11:58:30.2957|Info|Microsoft.AspNetCore.Hosting.Diagnostics|CorrelationId=|Request starting HTTP/1.1 GET http://localhost:5176/api/v1/Dashboard/summary - - - 
2026-09-04 11:58:30.2957|Info|Microsoft.AspNetCore.Routing.EndpointMiddleware|CorrelationId=e75dd1f2-ab48-4323-b8af-876c241bdcf7|Executing endpoint 'SmartLoan.Api.Controllers.DashboardController.GetSummary (SmartLoan.Api)' 
2026-09-04 11:58:30.2957|Info|Microsoft.AspNetCore.Mvc.Infrastructure.ControllerActionInvoker|CorrelationId=e75dd1f2-ab48-4323-b8af-876c241bdcf7|Route matched with {action = "GetSummary", controller = "Dashboard"}. Executing controller action with signature System.Threading.Tasks.Task`1[Microsoft.AspNetCore.Mvc.ActionResult`1[SmartLoan.Application.Dashboard.Queries.GetLoanSummary.LoanSummaryDto]] GetSummary() on controller SmartLoan.Api.Controllers.DashboardController (SmartLoan.Api). 
2026-09-04 11:58:30.2957|Info|SmartLoan.Application.Common.Behaviors.LoggingBehavior|CorrelationId=e75dd1f2-ab48-4323-b8af-876c241bdcf7|smartloan Request:GetLoansummatyQuery starting... 
2026-09-04 11:58:30.2957|Info|Microsoft.EntityFrameworkCore.Database.Command|CorrelationId=821f5ad3-47ed-4c44-9b36-c2fac9adafd2|Executed DbCommand (1ms) [Parameters=[], CommandType='Text', CommandTimeout='30']
SELECT count(*)::int
FROM "LoanApplications" AS l
WHERE NOT (l."IsDeleted") 
2026-09-04 11:58:30.2957|Info|Microsoft.EntityFrameworkCore.Database.Command|CorrelationId=e75dd1f2-ab48-4323-b8af-876c241bdcf7|Executed DbCommand (0ms) [Parameters=[], CommandType='Text', CommandTimeout='30']
SELECT COALESCE(sum(p."Amount"), 0.0)
FROM "Payments" AS p 
2026-09-04 11:58:30.2957|Info|Microsoft.EntityFrameworkCore.Database.Command|CorrelationId=821f5ad3-47ed-4c44-9b36-c2fac9adafd2|Executed DbCommand (1ms) [Parameters=[@p1='?' (DbType = Int32), @p='?' (DbType = Int32)], CommandType='Text', CommandTimeout='30']
SELECT l0."Id", c0."FullName", l0."DailyAmount", l0."LoanAmount", l0."ServiceFee", l0."Status", l0."CreatedAt", CAST((
    SELECT COALESCE(sum(p."Amount"), 0.0)
    FROM "Payments" AS p
    WHERE l0."Id" = p."LoanApplicationId") / l0."DailyAmount" AS integer)
FROM (
    SELECT l."Id", l."CreatedAt", l."CustomerId", l."DailyAmount", l."LoanAmount", l."ServiceFee", l."Status"
    FROM "LoanApplications" AS l
    WHERE NOT (l."IsDeleted")
    ORDER BY l."CreatedAt" DESC
    LIMIT @p1 OFFSET @p
) AS l0
INNER JOIN (
    SELECT c."Id", c."FullName"
    FROM "Customers" AS c
    WHERE NOT (c."IsDeleted")
) AS c0 ON l0."CustomerId" = c0."Id"
ORDER BY l0."CreatedAt" DESC 
2026-09-04 11:58:30.2957|Info|Microsoft.EntityFrameworkCore.Database.Command|CorrelationId=e75dd1f2-ab48-4323-b8af-876c241bdcf7|Executed DbCommand (0ms) [Parameters=[], CommandType='Text', CommandTimeout='30']
SELECT COALESCE(sum(l."ServiceFee"), 0.0)
FROM "LoanApplications" AS l
WHERE NOT (l."IsDeleted") AND l."Status" = 'Approved' 
2026-09-04 11:58:30.2957|Info|SmartLoan.Application.Common.Behaviors.LoggingBehavior|CorrelationId=821f5ad3-47ed-4c44-9b36-c2fac9adafd2|Smarloan Request:GetLoansQuery finished in 3ms 
2026-09-04 11:58:30.2957|Info|Microsoft.AspNetCore.Mvc.Infrastructure.ObjectResultExecutor|CorrelationId=821f5ad3-47ed-4c44-9b36-c2fac9adafd2|Executing ObjectResult, writing value of type 'SmartLoan.Application.Common.PagedResponse`1[[SmartLoan.Application.Loans.Queries.LoanDto, SmartLoan.Application, Version=1.0.0.0, Culture=neutral, PublicKeyToken=null]]'. 
2026-09-04 11:58:30.2957|Info|Microsoft.EntityFrameworkCore.Database.Command|CorrelationId=e75dd1f2-ab48-4323-b8af-876c241bdcf7|Executed DbCommand (1ms) [Parameters=[], CommandType='Text', CommandTimeout='30']
SELECT count(*)::int
FROM "LoanApplications" AS l
WHERE NOT (l."IsDeleted") AND l."Status" = 'Saving' 
2026-09-04 11:58:30.2957|Info|Microsoft.AspNetCore.Mvc.Infrastructure.ControllerActionInvoker|CorrelationId=821f5ad3-47ed-4c44-9b36-c2fac9adafd2|Executed action SmartLoan.Api.Controllers.LoanController.GetAll (SmartLoan.Api) in 4.8638ms 
2026-09-04 11:58:30.3020|Info|Microsoft.AspNetCore.Routing.EndpointMiddleware|CorrelationId=821f5ad3-47ed-4c44-9b36-c2fac9adafd2|Executed endpoint 'SmartLoan.Api.Controllers.LoanController.GetAll (SmartLoan.Api)' 
2026-09-04 11:58:30.3020|Info|Microsoft.AspNetCore.Hosting.Diagnostics|CorrelationId=|Request finished HTTP/1.1 GET http://localhost:5176/api/v1/Loan?pageNumber=1&pageSize=20 - 200 - application/json;+charset=utf-8 6.4606ms 
2026-09-04 11:58:30.3020|Info|Microsoft.EntityFrameworkCore.Database.Command|CorrelationId=e75dd1f2-ab48-4323-b8af-876c241bdcf7|Executed DbCommand (1ms) [Parameters=[], CommandType='Text', CommandTimeout='30']
SELECT count(*)::int
FROM "LoanApplications" AS l
WHERE NOT (l."IsDeleted") AND l."Status" = 'Approved' 
2026-09-04 11:58:30.3020|Info|SmartLoan.Application.Common.Behaviors.LoggingBehavior|CorrelationId=e75dd1f2-ab48-4323-b8af-876c241bdcf7|Smarloan Request:GetLoansummatyQuery finished in 5ms 
2026-09-04 11:58:30.3020|Info|Microsoft.AspNetCore.Mvc.Infrastructure.ObjectResultExecutor|CorrelationId=e75dd1f2-ab48-4323-b8af-876c241bdcf7|Executing ObjectResult, writing value of type 'SmartLoan.Application.Dashboard.Queries.GetLoanSummary.LoanSummaryDto'. 
2026-09-04 11:58:30.3020|Info|Microsoft.AspNetCore.Mvc.Infrastructure.ControllerActionInvoker|CorrelationId=e75dd1f2-ab48-4323-b8af-876c241bdcf7|Executed action SmartLoan.Api.Controllers.DashboardController.GetSummary (SmartLoan.Api) in 6.2809ms 
2026-09-04 11:58:30.3020|Info|Microsoft.AspNetCore.Routing.EndpointMiddleware|CorrelationId=e75dd1f2-ab48-4323-b8af-876c241bdcf7|Executed endpoint 'SmartLoan.Api.Controllers.DashboardController.GetSummary (SmartLoan.Api)' 
2026-09-04 11:58:30.3020|Info|Microsoft.AspNetCore.Hosting.Diagnostics|CorrelationId=|Request finished HTTP/1.1 GET http://localhost:5176/api/v1/Dashboard/summary - 200 - application/json;+charset=utf-8 7.0347ms 
2026-09-04 11:58:34.0405|Info|Microsoft.AspNetCore.Hosting.Diagnostics|CorrelationId=|Request starting HTTP/1.1 GET http://localhost:5176/api/v1/Auth/me - - - 
2026-09-04 11:58:34.0405|Info|Microsoft.AspNetCore.Routing.EndpointMiddleware|CorrelationId=33e3c668-e389-4c60-b700-b4c427be61aa|Executing endpoint 'SmartLoan.Api.Controllers.AuthController.GetCurrentUser (SmartLoan.Api)' 
2026-09-04 11:58:34.0405|Info|Microsoft.AspNetCore.Mvc.Infrastructure.ControllerActionInvoker|CorrelationId=33e3c668-e389-4c60-b700-b4c427be61aa|Route matched with {action = "GetCurrentUser", controller = "Auth"}. Executing controller action with signature Microsoft.AspNetCore.Mvc.IActionResult GetCurrentUser() on controller SmartLoan.Api.Controllers.AuthController (SmartLoan.Api). 
2026-09-04 11:58:34.0405|Info|Microsoft.AspNetCore.Mvc.Infrastructure.ObjectResultExecutor|CorrelationId=33e3c668-e389-4c60-b700-b4c427be61aa|Executing OkObjectResult, writing value of type '<>f__AnonymousType0`2[[System.String, System.Private.CoreLib, Version=10.0.0.0, Culture=neutral, PublicKeyToken=7cec85d7bea7798e],[System.String, System.Private.CoreLib, Version=10.0.0.0, Culture=neutral, PublicKeyToken=7cec85d7bea7798e]]'. 
2026-09-04 11:58:34.0405|Info|Microsoft.AspNetCore.Mvc.Infrastructure.ControllerActionInvoker|CorrelationId=33e3c668-e389-4c60-b700-b4c427be61aa|Executed action SmartLoan.Api.Controllers.AuthController.GetCurrentUser (SmartLoan.Api) in 0.341ms 
2026-09-04 11:58:34.0405|Info|Microsoft.AspNetCore.Routing.EndpointMiddleware|CorrelationId=33e3c668-e389-4c60-b700-b4c427be61aa|Executed endpoint 'SmartLoan.Api.Controllers.AuthController.GetCurrentUser (SmartLoan.Api)' 
2026-09-04 11:58:34.0405|Info|Microsoft.AspNetCore.Hosting.Diagnostics|CorrelationId=|Request finished HTTP/1.1 GET http://localhost:5176/api/v1/Auth/me - 200 - application/json;+charset=utf-8 1.5505ms 
2026-09-04 11:58:34.0405|Info|Microsoft.AspNetCore.Hosting.Diagnostics|CorrelationId=|Request starting HTTP/1.1 GET http://localhost:5176/api/v1/Auth/me - - - 
2026-09-04 11:58:34.0405|Info|Microsoft.AspNetCore.Routing.EndpointMiddleware|CorrelationId=f6120060-26cb-4fcd-8148-34797290e921|Executing endpoint 'SmartLoan.Api.Controllers.AuthController.GetCurrentUser (SmartLoan.Api)' 
2026-09-04 11:58:34.0405|Info|Microsoft.AspNetCore.Mvc.Infrastructure.ControllerActionInvoker|CorrelationId=f6120060-26cb-4fcd-8148-34797290e921|Route matched with {action = "GetCurrentUser", controller = "Auth"}. Executing controller action with signature Microsoft.AspNetCore.Mvc.IActionResult GetCurrentUser() on controller SmartLoan.Api.Controllers.AuthController (SmartLoan.Api). 
2026-09-04 11:58:34.0405|Info|Microsoft.AspNetCore.Mvc.Infrastructure.ObjectResultExecutor|CorrelationId=f6120060-26cb-4fcd-8148-34797290e921|Executing OkObjectResult, writing value of type '<>f__AnonymousType0`2[[System.String, System.Private.CoreLib, Version=10.0.0.0, Culture=neutral, PublicKeyToken=7cec85d7bea7798e],[System.String, System.Private.CoreLib, Version=10.0.0.0, Culture=neutral, PublicKeyToken=7cec85d7bea7798e]]'. 
2026-09-04 11:58:34.0405|Info|Microsoft.AspNetCore.Mvc.Infrastructure.ControllerActionInvoker|CorrelationId=f6120060-26cb-4fcd-8148-34797290e921|Executed action SmartLoan.Api.Controllers.AuthController.GetCurrentUser (SmartLoan.Api) in 0.3441ms 
2026-09-04 11:58:34.0405|Info|Microsoft.AspNetCore.Routing.EndpointMiddleware|CorrelationId=f6120060-26cb-4fcd-8148-34797290e921|Executed endpoint 'SmartLoan.Api.Controllers.AuthController.GetCurrentUser (SmartLoan.Api)' 
2026-09-04 11:58:34.0405|Info|Microsoft.AspNetCore.Hosting.Diagnostics|CorrelationId=|Request finished HTTP/1.1 GET http://localhost:5176/api/v1/Auth/me - 200 - application/json;+charset=utf-8 3.4636ms 
2026-09-04 11:58:34.0572|Info|Microsoft.AspNetCore.Hosting.Diagnostics|CorrelationId=|Request starting HTTP/1.1 POST http://localhost:5176/api/v1/notifications/negotiate?negotiateVersion=1 - - 0 
2026-09-04 11:58:34.0572|Info|Microsoft.AspNetCore.Cors.Infrastructure.CorsService|CorrelationId=f495b0ff-de85-497b-ade2-a7c7c914da59|CORS policy execution successful. 
2026-09-04 11:58:34.0572|Info|Microsoft.AspNetCore.Hosting.Diagnostics|CorrelationId=|Request finished HTTP/1.1 POST http://localhost:5176/api/v1/notifications/negotiate?negotiateVersion=1 - 404 0 - 0.5953ms 
2026-09-04 11:58:34.0572|Info|Microsoft.AspNetCore.Hosting.Diagnostics|CorrelationId=|Request reached the end of the middleware pipeline without being handled by application code. Request path: POST http://localhost:5176/api/v1/notifications/negotiate, Response status code: 404 
2026-09-04 11:58:34.0872|Info|Microsoft.AspNetCore.Hosting.Diagnostics|CorrelationId=|Request starting HTTP/1.1 GET http://localhost:5176/api/v1/Loan?pageNumber=1&pageSize=20 - - - 
2026-09-04 11:58:34.0872|Info|Microsoft.AspNetCore.Routing.EndpointMiddleware|CorrelationId=dd2431a0-046c-4a86-bf6b-41d2769c7842|Executing endpoint 'SmartLoan.Api.Controllers.LoanController.GetAll (SmartLoan.Api)' 
2026-09-04 11:58:34.0872|Info|Microsoft.AspNetCore.Mvc.Infrastructure.ControllerActionInvoker|CorrelationId=dd2431a0-046c-4a86-bf6b-41d2769c7842|Route matched with {action = "GetAll", controller = "Loan"}. Executing controller action with signature System.Threading.Tasks.Task`1[Microsoft.AspNetCore.Mvc.ActionResult`1[SmartLoan.Application.Common.PagedResponse`1[SmartLoan.Application.Loans.Queries.LoanDto]]] GetAll(SmartLoan.Application.Common.PagedRequest) on controller SmartLoan.Api.Controllers.LoanController (SmartLoan.Api). 
2026-09-04 11:58:34.0872|Info|Microsoft.AspNetCore.Hosting.Diagnostics|CorrelationId=|Request starting HTTP/1.1 GET http://localhost:5176/api/v1/Dashboard/summary - - - 
2026-09-04 11:58:34.0872|Info|SmartLoan.Application.Common.Behaviors.LoggingBehavior|CorrelationId=dd2431a0-046c-4a86-bf6b-41d2769c7842|smartloan Request:GetLoansQuery starting... 
2026-09-04 11:58:34.0872|Info|Microsoft.AspNetCore.Routing.EndpointMiddleware|CorrelationId=8237fc80-f6ae-40c4-82d0-89a966f5d7f1|Executing endpoint 'SmartLoan.Api.Controllers.DashboardController.GetSummary (SmartLoan.Api)' 
2026-09-04 11:58:34.0872|Info|Microsoft.AspNetCore.Mvc.Infrastructure.ControllerActionInvoker|CorrelationId=8237fc80-f6ae-40c4-82d0-89a966f5d7f1|Route matched with {action = "GetSummary", controller = "Dashboard"}. Executing controller action with signature System.Threading.Tasks.Task`1[Microsoft.AspNetCore.Mvc.ActionResult`1[SmartLoan.Application.Dashboard.Queries.GetLoanSummary.LoanSummaryDto]] GetSummary() on controller SmartLoan.Api.Controllers.DashboardController (SmartLoan.Api). 
2026-09-04 11:58:34.0872|Info|SmartLoan.Application.Common.Behaviors.LoggingBehavior|CorrelationId=8237fc80-f6ae-40c4-82d0-89a966f5d7f1|smartloan Request:GetLoansummatyQuery starting... 
2026-09-04 11:58:34.0872|Info|Microsoft.EntityFrameworkCore.Database.Command|CorrelationId=dd2431a0-046c-4a86-bf6b-41d2769c7842|Executed DbCommand (0ms) [Parameters=[], CommandType='Text', CommandTimeout='30']
SELECT count(*)::int
FROM "LoanApplications" AS l
WHERE NOT (l."IsDeleted") 
2026-09-04 11:58:34.0872|Info|Microsoft.EntityFrameworkCore.Database.Command|CorrelationId=8237fc80-f6ae-40c4-82d0-89a966f5d7f1|Executed DbCommand (0ms) [Parameters=[], CommandType='Text', CommandTimeout='30']
SELECT COALESCE(sum(p."Amount"), 0.0)
FROM "Payments" AS p 
2026-09-04 11:58:34.0872|Info|Microsoft.EntityFrameworkCore.Database.Command|CorrelationId=8237fc80-f6ae-40c4-82d0-89a966f5d7f1|Executed DbCommand (0ms) [Parameters=[], CommandType='Text', CommandTimeout='30']
SELECT COALESCE(sum(l."ServiceFee"), 0.0)
FROM "LoanApplications" AS l
WHERE NOT (l."IsDeleted") AND l."Status" = 'Approved' 
2026-09-04 11:58:34.0872|Info|Microsoft.EntityFrameworkCore.Database.Command|CorrelationId=8237fc80-f6ae-40c4-82d0-89a966f5d7f1|Executed DbCommand (0ms) [Parameters=[], CommandType='Text', CommandTimeout='30']
SELECT count(*)::int
FROM "LoanApplications" AS l
WHERE NOT (l."IsDeleted") AND l."Status" = 'Saving' 
2026-09-04 11:58:34.0872|Info|Microsoft.EntityFrameworkCore.Database.Command|CorrelationId=dd2431a0-046c-4a86-bf6b-41d2769c7842|Executed DbCommand (1ms) [Parameters=[@p1='?' (DbType = Int32), @p='?' (DbType = Int32)], CommandType='Text', CommandTimeout='30']
SELECT l0."Id", c0."FullName", l0."DailyAmount", l0."LoanAmount", l0."ServiceFee", l0."Status", l0."CreatedAt", CAST((
    SELECT COALESCE(sum(p."Amount"), 0.0)
    FROM "Payments" AS p
    WHERE l0."Id" = p."LoanApplicationId") / l0."DailyAmount" AS integer)
FROM (
    SELECT l."Id", l."CreatedAt", l."CustomerId", l."DailyAmount", l."LoanAmount", l."ServiceFee", l."Status"
    FROM "LoanApplications" AS l
    WHERE NOT (l."IsDeleted")
    ORDER BY l."CreatedAt" DESC
    LIMIT @p1 OFFSET @p
) AS l0
INNER JOIN (
    SELECT c."Id", c."FullName"
    FROM "Customers" AS c
    WHERE NOT (c."IsDeleted")
) AS c0 ON l0."CustomerId" = c0."Id"
ORDER BY l0."CreatedAt" DESC 
2026-09-04 11:58:34.0872|Info|Microsoft.EntityFrameworkCore.Database.Command|CorrelationId=8237fc80-f6ae-40c4-82d0-89a966f5d7f1|Executed DbCommand (0ms) [Parameters=[], CommandType='Text', CommandTimeout='30']
SELECT count(*)::int
FROM "LoanApplications" AS l
WHERE NOT (l."IsDeleted") AND l."Status" = 'Approved' 
2026-09-04 11:58:34.0872|Info|SmartLoan.Application.Common.Behaviors.LoggingBehavior|CorrelationId=dd2431a0-046c-4a86-bf6b-41d2769c7842|Smarloan Request:GetLoansQuery finished in 3ms 
2026-09-04 11:58:34.0872|Info|SmartLoan.Application.Common.Behaviors.LoggingBehavior|CorrelationId=8237fc80-f6ae-40c4-82d0-89a966f5d7f1|Smarloan Request:GetLoansummatyQuery finished in 2ms 
2026-09-04 11:58:34.0872|Info|Microsoft.AspNetCore.Mvc.Infrastructure.ObjectResultExecutor|CorrelationId=dd2431a0-046c-4a86-bf6b-41d2769c7842|Executing ObjectResult, writing value of type 'SmartLoan.Application.Common.PagedResponse`1[[SmartLoan.Application.Loans.Queries.LoanDto, SmartLoan.Application, Version=1.0.0.0, Culture=neutral, PublicKeyToken=null]]'. 
2026-09-04 11:58:34.0872|Info|Microsoft.AspNetCore.Mvc.Infrastructure.ObjectResultExecutor|CorrelationId=8237fc80-f6ae-40c4-82d0-89a966f5d7f1|Executing ObjectResult, writing value of type 'SmartLoan.Application.Dashboard.Queries.GetLoanSummary.LoanSummaryDto'. 
2026-09-04 11:58:34.0872|Info|Microsoft.AspNetCore.Mvc.Infrastructure.ControllerActionInvoker|CorrelationId=8237fc80-f6ae-40c4-82d0-89a966f5d7f1|Executed action SmartLoan.Api.Controllers.DashboardController.GetSummary (SmartLoan.Api) in 3.1962ms 
2026-09-04 11:58:34.0872|Info|Microsoft.AspNetCore.Mvc.Infrastructure.ControllerActionInvoker|CorrelationId=dd2431a0-046c-4a86-bf6b-41d2769c7842|Executed action SmartLoan.Api.Controllers.LoanController.GetAll (SmartLoan.Api) in 4.3039ms 
2026-09-04 11:58:34.0872|Info|Microsoft.AspNetCore.Routing.EndpointMiddleware|CorrelationId=8237fc80-f6ae-40c4-82d0-89a966f5d7f1|Executed endpoint 'SmartLoan.Api.Controllers.DashboardController.GetSummary (SmartLoan.Api)' 
2026-09-04 11:58:34.0872|Info|Microsoft.AspNetCore.Routing.EndpointMiddleware|CorrelationId=dd2431a0-046c-4a86-bf6b-41d2769c7842|Executed endpoint 'SmartLoan.Api.Controllers.LoanController.GetAll (SmartLoan.Api)' 
2026-09-04 11:58:34.0872|Info|Microsoft.AspNetCore.Hosting.Diagnostics|CorrelationId=|Request finished HTTP/1.1 GET http://localhost:5176/api/v1/Loan?pageNumber=1&pageSize=20 - 200 - application/json;+charset=utf-8 6.7489ms 
2026-09-04 11:58:34.0872|Info|Microsoft.AspNetCore.Hosting.Diagnostics|CorrelationId=|Request finished HTTP/1.1 GET http://localhost:5176/api/v1/Dashboard/summary - 200 - application/json;+charset=utf-8 4.7048ms 
2026-09-04 11:58:39.7024|Info|Microsoft.AspNetCore.Hosting.Diagnostics|CorrelationId=|Request starting HTTP/1.1 POST http://localhost:5176/api/v1/Loan/33/approve - application/json 2 
2026-09-04 11:58:39.7024|Info|Microsoft.AspNetCore.Cors.Infrastructure.CorsService|CorrelationId=1b9ea4bf-c8a2-4a74-a295-dc7165b04f20|CORS policy execution successful. 
2026-09-04 11:58:39.7024|Info|Microsoft.AspNetCore.Routing.EndpointMiddleware|CorrelationId=1b9ea4bf-c8a2-4a74-a295-dc7165b04f20|Executing endpoint 'SmartLoan.Api.Controllers.LoanController.Approve (SmartLoan.Api)' 
2026-09-04 11:58:39.7185|Info|Microsoft.AspNetCore.Mvc.Infrastructure.ControllerActionInvoker|CorrelationId=1b9ea4bf-c8a2-4a74-a295-dc7165b04f20|Route matched with {action = "Approve", controller = "Loan"}. Executing controller action with signature System.Threading.Tasks.Task`1[Microsoft.AspNetCore.Mvc.IActionResult] Approve(Int32) on controller SmartLoan.Api.Controllers.LoanController (SmartLoan.Api). 
2026-09-04 11:58:39.7185|Info|SmartLoan.Application.Common.Behaviors.LoggingBehavior|CorrelationId=1b9ea4bf-c8a2-4a74-a295-dc7165b04f20|smartloan Request:ApproveLoanCammand starting... 
2026-09-04 11:58:39.7698|Info|Microsoft.EntityFrameworkCore.Database.Command|CorrelationId=1b9ea4bf-c8a2-4a74-a295-dc7165b04f20|Executed DbCommand (1ms) [Parameters=[@request_LoanId='?' (DbType = Int32)], CommandType='Text', CommandTimeout='30']
SELECT l0."Id", l0."CreatedAt", l0."CustomerId", l0."DailyAmount", l0."EligibilityDays", l0."IsDeleted", l0."LoanAmount", l0."ServiceFee", l0."Status", l0."TotalDays", p."Id", p."Amount", p."LoanApplicationId", p."PaymentDate"
FROM (
    SELECT l."Id", l."CreatedAt", l."CustomerId", l."DailyAmount", l."EligibilityDays", l."IsDeleted", l."LoanAmount", l."ServiceFee", l."Status", l."TotalDays"
    FROM "LoanApplications" AS l
    WHERE NOT (l."IsDeleted") AND l."Id" = @request_LoanId
    LIMIT 1
) AS l0
LEFT JOIN "Payments" AS p ON l0."Id" = p."LoanApplicationId"
ORDER BY l0."Id" 
2026-09-04 11:58:39.8439|Info|Microsoft.EntityFrameworkCore.Database.Command|CorrelationId=1b9ea4bf-c8a2-4a74-a295-dc7165b04f20|Executed DbCommand (3ms) [Parameters=[@p1='?' (DbType = Int32), @p0='?'], CommandType='Text', CommandTimeout='30']
UPDATE "LoanApplications" SET "Status" = @p0
WHERE "Id" = @p1; 
2026-09-04 11:58:39.8439|Info|SmartLoan.Application.Common.Behaviors.LoggingBehavior|CorrelationId=1b9ea4bf-c8a2-4a74-a295-dc7165b04f20|Smarloan Request:ApproveLoanCammand finished in 123ms 
2026-09-04 11:58:39.8439|Info|Microsoft.AspNetCore.Mvc.Infrastructure.ObjectResultExecutor|CorrelationId=1b9ea4bf-c8a2-4a74-a295-dc7165b04f20|Executing OkObjectResult, writing value of type '<>f__AnonymousType2`1[[System.String, System.Private.CoreLib, Version=10.0.0.0, Culture=neutral, PublicKeyToken=7cec85d7bea7798e]]'. 
2026-09-04 11:58:39.8439|Info|Microsoft.AspNetCore.Mvc.Infrastructure.ControllerActionInvoker|CorrelationId=1b9ea4bf-c8a2-4a74-a295-dc7165b04f20|Executed action SmartLoan.Api.Controllers.LoanController.Approve (SmartLoan.Api) in 127.5347ms 
2026-09-04 11:58:39.8439|Info|Microsoft.AspNetCore.Routing.EndpointMiddleware|CorrelationId=1b9ea4bf-c8a2-4a74-a295-dc7165b04f20|Executed endpoint 'SmartLoan.Api.Controllers.LoanController.Approve (SmartLoan.Api)' 
2026-09-04 11:58:39.8439|Info|Microsoft.AspNetCore.Hosting.Diagnostics|CorrelationId=|Request finished HTTP/1.1 POST http://localhost:5176/api/v1/Loan/33/approve - 200 - application/json;+charset=utf-8 143.9932ms 
2026-09-04 12:22:08.5081|Info|Microsoft.Hosting.Lifetime|CorrelationId=|Application is shutting down... 
