2026-08-29 00:12:27.5816|Info|Microsoft.Hosting.Lifetime|CorrelationId=|Application is shutting down... 
2026-08-29 00:12:42.5147|Warn|Microsoft.EntityFrameworkCore.Model.Validation|CorrelationId=|Entity 'LoanApplication' has a global query filter defined and is the required end of a relationship with the entity 'Payment'. This may lead to unexpected results when the required entity is filtered out. Either configure the navigation as optional, or define matching query filters for both entities in the navigation. See https://go.microsoft.com/fwlink/?linkid=2131316 for more information. 
2026-08-29 00:12:43.1915|Info|Microsoft.EntityFrameworkCore.Database.Command|CorrelationId=|Executed DbCommand (35ms) [Parameters=[], CommandType='Text', CommandTimeout='30']
SELECT "MigrationId", "ProductVersion"
FROM "__EFMigrationsHistory"
ORDER BY "MigrationId"; 
2026-08-29 00:12:43.4901|Info|Microsoft.EntityFrameworkCore.Database.Command|CorrelationId=|Executed DbCommand (13ms) [Parameters=[], CommandType='Text', CommandTimeout='30']
SELECT 1 
2026-08-29 00:12:43.6922|Info|Microsoft.EntityFrameworkCore.Database.Command|CorrelationId=|Executed DbCommand (9ms) [Parameters=[], CommandType='Text', CommandTimeout='30']
CREATE TABLE IF NOT EXISTS "__EFMigrationsHistory" (
    "MigrationId" character varying(150) NOT NULL,
    "ProductVersion" character varying(32) NOT NULL,
    CONSTRAINT "PK___EFMigrationsHistory" PRIMARY KEY ("MigrationId")
); 
2026-08-29 00:12:43.7307|Info|Microsoft.EntityFrameworkCore.Database.Command|CorrelationId=|Executed DbCommand (1ms) [Parameters=[], CommandType='Text', CommandTimeout='30']
LOCK TABLE "__EFMigrationsHistory" IN ACCESS EXCLUSIVE MODE 
2026-08-29 00:12:43.7374|Info|Microsoft.EntityFrameworkCore.Database.Command|CorrelationId=|Executed DbCommand (4ms) [Parameters=[], CommandType='Text', CommandTimeout='30']
SELECT "MigrationId", "ProductVersion"
FROM "__EFMigrationsHistory"
ORDER BY "MigrationId"; 
2026-08-29 00:12:43.7493|Info|Microsoft.EntityFrameworkCore.Migrations|CorrelationId=|No migrations were applied. The database is already up to date. 
2026-08-29 00:12:44.2922|Info|Microsoft.EntityFrameworkCore.Database.Command|CorrelationId=|Executed DbCommand (3ms) [Parameters=[], CommandType='Text', CommandTimeout='30']
SELECT EXISTS (
    SELECT 1
    FROM "Users" AS u
    WHERE u."Email" = 'admin@loan.com') 
2026-08-29 00:12:44.5708|Info|Microsoft.AspNetCore.DataProtection.KeyManagement.XmlKeyManager|CorrelationId=|User profile is available. Using 'C:\Users\isaac\AppData\Local\ASP.NET\DataProtection-Keys' as key repository and Windows DPAPI to encrypt keys at rest. 
2026-08-29 00:12:44.5837|Info|SmartLoan.Infrastructure.BackgroundJobs.ReportWorker|CorrelationId=|Report Worker is starting... 
2026-08-29 00:12:44.6905|Info|Microsoft.Hosting.Lifetime|CorrelationId=|Now listening on: http://localhost:5176 
2026-08-29 00:12:44.6905|Info|Microsoft.Hosting.Lifetime|CorrelationId=|Application started. Press Ctrl+C to shut down. 
2026-08-29 00:12:44.6905|Info|Microsoft.Hosting.Lifetime|CorrelationId=|Hosting environment: Development 
2026-08-29 00:12:44.6905|Info|Microsoft.Hosting.Lifetime|CorrelationId=|Content root path: D:\isaac\educational purpose only\.net\kyas pro\SmartLoanTracker\smartloan.api 
2026-08-29 00:12:49.1550|Info|Microsoft.AspNetCore.Hosting.Diagnostics|CorrelationId=|Request starting HTTP/1.1 GET http://localhost:5176/scalar/ - - - 
2026-08-29 00:12:49.1550|Warn|Microsoft.AspNetCore.HttpsPolicy.HttpsRedirectionMiddleware|CorrelationId=d889c857-f54b-4d35-a70a-762a67aff30e|Failed to determine the https port for redirect. 
2026-08-29 00:12:49.2552|Info|Microsoft.AspNetCore.Routing.EndpointMiddleware|CorrelationId=d889c857-f54b-4d35-a70a-762a67aff30e|Executing endpoint 'HTTP: GET /scalar/{documentName?}' 
2026-08-29 00:12:49.4710|Info|Microsoft.AspNetCore.Http.Result.ContentResult|CorrelationId=d889c857-f54b-4d35-a70a-762a67aff30e|Write content with HTTP Response ContentType of text/html 
2026-08-29 00:12:49.4710|Info|Microsoft.AspNetCore.Routing.EndpointMiddleware|CorrelationId=d889c857-f54b-4d35-a70a-762a67aff30e|Executed endpoint 'HTTP: GET /scalar/{documentName?}' 
2026-08-29 00:12:49.4710|Info|Microsoft.AspNetCore.Hosting.Diagnostics|CorrelationId=|Request finished HTTP/1.1 GET http://localhost:5176/scalar/ - 200 637 text/html 325.4534ms 
2026-08-29 00:12:49.5123|Info|Microsoft.AspNetCore.Hosting.Diagnostics|CorrelationId=|Request starting HTTP/1.1 GET http://localhost:5176/scalar/scalar.js - - - 
2026-08-29 00:12:49.5123|Info|Microsoft.AspNetCore.Hosting.Diagnostics|CorrelationId=|Request starting HTTP/1.1 GET http://localhost:5176/scalar/scalar.aspnetcore.js - - - 
2026-08-29 00:12:49.5151|Info|Microsoft.AspNetCore.Cors.Infrastructure.CorsService|CorrelationId=55abbe73-373d-4344-b7fe-d180c82984ed|CORS policy execution failed. 
2026-08-29 00:12:49.5151|Info|Microsoft.AspNetCore.Cors.Infrastructure.CorsService|CorrelationId=55abbe73-373d-4344-b7fe-d180c82984ed|Request origin http://localhost:5176 does not have permission to access the resource. 
2026-08-29 00:12:49.5151|Info|Microsoft.AspNetCore.Routing.EndpointMiddleware|CorrelationId=b9aebe00-2b2d-4b18-9141-333c9f135099|Executing endpoint 'HTTP: GET /scalar/scalar.js' 
2026-08-29 00:12:49.5151|Info|Microsoft.AspNetCore.Routing.EndpointMiddleware|CorrelationId=55abbe73-373d-4344-b7fe-d180c82984ed|Executing endpoint 'HTTP: GET /scalar/scalar.aspnetcore.js' 
2026-08-29 00:12:49.5334|Info|Microsoft.AspNetCore.Http.Result.FileStreamResult|CorrelationId=55abbe73-373d-4344-b7fe-d180c82984ed|Sending file with download name ''. 
2026-08-29 00:12:49.5334|Info|Microsoft.AspNetCore.Routing.EndpointMiddleware|CorrelationId=55abbe73-373d-4344-b7fe-d180c82984ed|Executed endpoint 'HTTP: GET /scalar/scalar.aspnetcore.js' 
2026-08-29 00:12:49.5334|Info|Microsoft.AspNetCore.Hosting.Diagnostics|CorrelationId=|Request finished HTTP/1.1 GET http://localhost:5176/scalar/scalar.aspnetcore.js - 304 - - 24.2118ms 
2026-08-29 00:12:49.5334|Info|Microsoft.AspNetCore.Http.Result.FileStreamResult|CorrelationId=b9aebe00-2b2d-4b18-9141-333c9f135099|Sending file with download name ''. 
2026-08-29 00:12:49.5334|Info|Microsoft.AspNetCore.Routing.EndpointMiddleware|CorrelationId=b9aebe00-2b2d-4b18-9141-333c9f135099|Executed endpoint 'HTTP: GET /scalar/scalar.js' 
2026-08-29 00:12:49.5334|Info|Microsoft.AspNetCore.Hosting.Diagnostics|CorrelationId=|Request finished HTTP/1.1 GET http://localhost:5176/scalar/scalar.js - 304 - - 26.0682ms 
2026-08-29 00:12:49.6260|Info|Microsoft.AspNetCore.Hosting.Diagnostics|CorrelationId=|Request starting HTTP/1.1 GET http://localhost:5176/openapi/v1.json - - - 
2026-08-29 00:12:49.6260|Info|Microsoft.AspNetCore.Routing.EndpointMiddleware|CorrelationId=874471ba-f525-4da2-a3a5-a97f7872f985|Executing endpoint 'HTTP: GET /openapi/{documentName}.json' 
2026-08-29 00:12:49.7259|Info|Microsoft.AspNetCore.Hosting.Diagnostics|CorrelationId=|Request starting HTTP/1.1 GET http://localhost:5176/scalar/favicon.svg - - - 
2026-08-29 00:12:49.7259|Info|Microsoft.AspNetCore.Routing.EndpointMiddleware|CorrelationId=5dd6e165-fb94-4d8d-999f-52a48598b52e|Executing endpoint 'HTTP: GET /scalar/favicon.svg' 
2026-08-29 00:12:49.7259|Info|Microsoft.AspNetCore.Http.Result.FileStreamResult|CorrelationId=5dd6e165-fb94-4d8d-999f-52a48598b52e|Sending file with download name ''. 
2026-08-29 00:12:49.7259|Info|Microsoft.AspNetCore.Routing.EndpointMiddleware|CorrelationId=5dd6e165-fb94-4d8d-999f-52a48598b52e|Executed endpoint 'HTTP: GET /scalar/favicon.svg' 
2026-08-29 00:12:49.7259|Info|Microsoft.AspNetCore.Hosting.Diagnostics|CorrelationId=|Request finished HTTP/1.1 GET http://localhost:5176/scalar/favicon.svg - 304 - - 2.6211ms 
2026-08-29 00:12:49.9217|Info|Microsoft.AspNetCore.Routing.EndpointMiddleware|CorrelationId=874471ba-f525-4da2-a3a5-a97f7872f985|Executed endpoint 'HTTP: GET /openapi/{documentName}.json' 
2026-08-29 00:12:49.9217|Info|Microsoft.AspNetCore.Hosting.Diagnostics|CorrelationId=|Request finished HTTP/1.1 GET http://localhost:5176/openapi/v1.json - 200 - application/json;charset=utf-8 299.8263ms 
2026-08-29 00:13:10.9843|Info|Microsoft.AspNetCore.Hosting.Diagnostics|CorrelationId=|Request starting HTTP/1.1 POST http://localhost:5176/api/v1/Auth/login - application/json 59 
2026-08-29 00:13:11.0030|Info|Microsoft.AspNetCore.Cors.Infrastructure.CorsService|CorrelationId=3f56803c-7071-4e3f-b706-1147a49f5a23|CORS policy execution failed. 
2026-08-29 00:13:11.0030|Info|Microsoft.AspNetCore.Cors.Infrastructure.CorsService|CorrelationId=3f56803c-7071-4e3f-b706-1147a49f5a23|Request origin http://localhost:5176 does not have permission to access the resource. 
2026-08-29 00:13:11.0144|Info|Microsoft.AspNetCore.Routing.EndpointMiddleware|CorrelationId=3f56803c-7071-4e3f-b706-1147a49f5a23|Executing endpoint 'SmartLoan.Api.Controllers.AuthController.Login (SmartLoan.Api)' 
2026-08-29 00:13:11.0496|Info|Microsoft.AspNetCore.Mvc.Infrastructure.ControllerActionInvoker|CorrelationId=3f56803c-7071-4e3f-b706-1147a49f5a23|Route matched with {action = "Login", controller = "Auth"}. Executing controller action with signature System.Threading.Tasks.Task`1[Microsoft.AspNetCore.Mvc.ActionResult`1[SmartLoan.Application.Users.LoginResponse]] Login(SmartLoan.Application.Users.LoginCommand) on controller SmartLoan.Api.Controllers.AuthController (SmartLoan.Api). 
2026-08-29 00:13:11.0609|Warn|LuckyPennySoftware.MediatR.License|CorrelationId=3f56803c-7071-4e3f-b706-1147a49f5a23|You do not have a valid license key for the Lucky Penny software MediatR. This is allowed for development and testing scenarios. If you are running in production you are required to have a licensed version. Please visit https://luckypennysoftware.com to obtain a valid license. 
2026-08-29 00:13:11.1005|Info|SmartLoan.Application.Common.Behaviors.LoggingBehavior|CorrelationId=3f56803c-7071-4e3f-b706-1147a49f5a23|smartloan Request:LoginCommand starting... 
2026-08-29 00:13:11.2377|Info|Microsoft.EntityFrameworkCore.Database.Command|CorrelationId=3f56803c-7071-4e3f-b706-1147a49f5a23|Executed DbCommand (13ms) [Parameters=[@request_Email='?'], CommandType='Text', CommandTimeout='30']
SELECT u."Id", u."Email", u."FullName", u."PasswordHash", u."RefreshToken", u."RefreshTokenExpiryTime", u."Role"
FROM "Users" AS u
WHERE u."Email" = @request_Email
LIMIT 1 
2026-08-29 00:13:11.9676|Info|Microsoft.EntityFrameworkCore.Database.Command|CorrelationId=3f56803c-7071-4e3f-b706-1147a49f5a23|Executed DbCommand (7ms) [Parameters=[@p2='?' (DbType = Int32), @p0='?', @p1='?' (DbType = DateTime)], CommandType='Text', CommandTimeout='30']
UPDATE "Users" SET "RefreshToken" = @p0, "RefreshTokenExpiryTime" = @p1
WHERE "Id" = @p2; 
2026-08-29 00:13:11.9676|Info|SmartLoan.Application.Common.Behaviors.LoggingBehavior|CorrelationId=3f56803c-7071-4e3f-b706-1147a49f5a23|Smarloan Request:LoginCommand finished in 878ms 
2026-08-29 00:13:11.9861|Info|Microsoft.AspNetCore.Mvc.Infrastructure.ObjectResultExecutor|CorrelationId=3f56803c-7071-4e3f-b706-1147a49f5a23|Executing OkObjectResult, writing value of type 'SmartLoan.Application.Users.LoginResponse'. 
2026-08-29 00:13:12.0018|Info|Microsoft.AspNetCore.Mvc.Infrastructure.ControllerActionInvoker|CorrelationId=3f56803c-7071-4e3f-b706-1147a49f5a23|Executed action SmartLoan.Api.Controllers.AuthController.Login (SmartLoan.Api) in 943.0611ms 
2026-08-29 00:13:12.0018|Info|Microsoft.AspNetCore.Routing.EndpointMiddleware|CorrelationId=3f56803c-7071-4e3f-b706-1147a49f5a23|Executed endpoint 'SmartLoan.Api.Controllers.AuthController.Login (SmartLoan.Api)' 
2026-08-29 00:13:12.0018|Info|Microsoft.AspNetCore.Hosting.Diagnostics|CorrelationId=|Request finished HTTP/1.1 POST http://localhost:5176/api/v1/Auth/login - 200 - application/json;+charset=utf-8 1023.7936ms 
2026-08-29 00:13:49.2620|Info|Microsoft.AspNetCore.Hosting.Diagnostics|CorrelationId=|Request starting HTTP/1.1 GET http://localhost:5176/api/v1/Customers - - - 
2026-08-29 00:13:49.3345|Info|Microsoft.AspNetCore.Authentication.JwtBearer.JwtBearerHandler|CorrelationId=78aabbd1-b7f6-427f-82d4-93e2cc1521b6|Failed to validate the token. Microsoft.IdentityModel.Tokens.SecurityTokenExpiredException: IDX10223: Lifetime validation failed. The token is expired. ValidTo (UTC): '8/28/2026 9:13:12 PM', Current time (UTC): '8/28/2026 9:13:49 PM'.
   at Microsoft.IdentityModel.Tokens.ValidatorUtilities.ValidateLifetime(Nullable`1 notBefore, Nullable`1 expires, SecurityToken securityToken, TokenValidationParameters validationParameters)
   at Microsoft.IdentityModel.Tokens.Validators.ValidateLifetime(Nullable`1 notBefore, Nullable`1 expires, SecurityToken securityToken, TokenValidationParameters validationParameters)
   at Microsoft.IdentityModel.JsonWebTokens.JsonWebTokenHandler.ValidateTokenPayloadAsync(JsonWebToken jsonWebToken, TokenValidationParameters validationParameters, BaseConfiguration configuration)
   at Microsoft.IdentityModel.JsonWebTokens.JsonWebTokenHandler.ValidateJWSAsync(JsonWebToken jsonWebToken, TokenValidationParameters validationParameters, BaseConfiguration configuration)
2026-08-29 00:13:49.3528|Info|Microsoft.AspNetCore.Authentication.JwtBearer.JwtBearerHandler|CorrelationId=78aabbd1-b7f6-427f-82d4-93e2cc1521b6|Bearer was not authenticated. Failure message: IDX10223: Lifetime validation failed. The token is expired. ValidTo (UTC): '8/28/2026 9:13:12 PM', Current time (UTC): '8/28/2026 9:13:49 PM'. 
2026-08-29 00:13:49.3528|Info|Microsoft.AspNetCore.Routing.EndpointMiddleware|CorrelationId=78aabbd1-b7f6-427f-82d4-93e2cc1521b6|Executing endpoint 'SmartLoan.Api.Controllers.CustomersController.GetAll (SmartLoan.Api)' 
2026-08-29 00:13:49.3643|Info|Microsoft.AspNetCore.Mvc.Infrastructure.ControllerActionInvoker|CorrelationId=78aabbd1-b7f6-427f-82d4-93e2cc1521b6|Route matched with {action = "GetAll", controller = "Customers"}. Executing controller action with signature System.Threading.Tasks.Task`1[Microsoft.AspNetCore.Mvc.ActionResult`1[SmartLoan.Application.Common.PagedResponse`1[SmartLoan.Application.Customers.CustomerDetailsDto]]] GetAll(SmartLoan.Application.Common.PagedRequest) on controller SmartLoan.Api.Controllers.CustomersController (SmartLoan.Api). 
2026-08-29 00:13:49.3732|Info|SmartLoan.Application.Common.Behaviors.LoggingBehavior|CorrelationId=78aabbd1-b7f6-427f-82d4-93e2cc1521b6|smartloan Request:GetCustomersQuery starting... 
2026-08-29 00:13:49.5134|Info|Microsoft.EntityFrameworkCore.Database.Command|CorrelationId=78aabbd1-b7f6-427f-82d4-93e2cc1521b6|Executed DbCommand (3ms) [Parameters=[], CommandType='Text', CommandTimeout='30']
SELECT count(*)::int
FROM "Customers" AS c
WHERE NOT (c."IsDeleted") 
2026-08-29 00:13:49.5942|Info|Microsoft.EntityFrameworkCore.Database.Command|CorrelationId=78aabbd1-b7f6-427f-82d4-93e2cc1521b6|Executed DbCommand (1ms) [Parameters=[@p1='?' (DbType = Int32), @p='?' (DbType = Int32)], CommandType='Text', CommandTimeout='30']
SELECT c."Id", c."FullName", c."Phone", c."Address"
FROM "Customers" AS c
WHERE NOT (c."IsDeleted")
ORDER BY c."FullName"
LIMIT @p1 OFFSET @p 
2026-08-29 00:13:49.5942|Info|SmartLoan.Application.Common.Behaviors.LoggingBehavior|CorrelationId=78aabbd1-b7f6-427f-82d4-93e2cc1521b6|Smarloan Request:GetCustomersQuery finished in 223ms 
2026-08-29 00:13:49.5942|Info|Microsoft.AspNetCore.Mvc.Infrastructure.ObjectResultExecutor|CorrelationId=78aabbd1-b7f6-427f-82d4-93e2cc1521b6|Executing ObjectResult, writing value of type 'SmartLoan.Application.Common.PagedResponse`1[[SmartLoan.Application.Customers.CustomerDetailsDto, SmartLoan.Application, Version=1.0.0.0, Culture=neutral, PublicKeyToken=null]]'. 
2026-08-29 00:13:49.5942|Info|Microsoft.AspNetCore.Mvc.Infrastructure.ControllerActionInvoker|CorrelationId=78aabbd1-b7f6-427f-82d4-93e2cc1521b6|Executed action SmartLoan.Api.Controllers.CustomersController.GetAll (SmartLoan.Api) in 238.5767ms 
2026-08-29 00:13:49.5942|Info|Microsoft.AspNetCore.Routing.EndpointMiddleware|CorrelationId=78aabbd1-b7f6-427f-82d4-93e2cc1521b6|Executed endpoint 'SmartLoan.Api.Controllers.CustomersController.GetAll (SmartLoan.Api)' 
2026-08-29 00:13:49.5942|Info|Microsoft.AspNetCore.Hosting.Diagnostics|CorrelationId=|Request finished HTTP/1.1 GET http://localhost:5176/api/v1/Customers - 200 - application/json;+charset=utf-8 341.9656ms 
2026-08-29 00:13:51.1581|Info|Microsoft.AspNetCore.Hosting.Diagnostics|CorrelationId=|Request starting HTTP/1.1 GET http://localhost:5176/api/v1/Customers - - - 
2026-08-29 00:13:51.1581|Info|Microsoft.AspNetCore.Authentication.JwtBearer.JwtBearerHandler|CorrelationId=e7eba5b9-e393-4697-ba76-d8698a6ca6c8|Failed to validate the token. Microsoft.IdentityModel.Tokens.SecurityTokenExpiredException: IDX10223: Lifetime validation failed. The token is expired. ValidTo (UTC): '8/28/2026 9:13:12 PM', Current time (UTC): '8/28/2026 9:13:51 PM'.
   at Microsoft.IdentityModel.Tokens.ValidatorUtilities.ValidateLifetime(Nullable`1 notBefore, Nullable`1 expires, SecurityToken securityToken, TokenValidationParameters validationParameters)
   at Microsoft.IdentityModel.Tokens.Validators.ValidateLifetime(Nullable`1 notBefore, Nullable`1 expires, SecurityToken securityToken, TokenValidationParameters validationParameters)
   at Microsoft.IdentityModel.JsonWebTokens.JsonWebTokenHandler.ValidateTokenPayloadAsync(JsonWebToken jsonWebToken, TokenValidationParameters validationParameters, BaseConfiguration configuration)
   at Microsoft.IdentityModel.JsonWebTokens.JsonWebTokenHandler.ValidateJWSAsync(JsonWebToken jsonWebToken, TokenValidationParameters validationParameters, BaseConfiguration configuration)
2026-08-29 00:13:51.1581|Info|Microsoft.AspNetCore.Authentication.JwtBearer.JwtBearerHandler|CorrelationId=e7eba5b9-e393-4697-ba76-d8698a6ca6c8|Bearer was not authenticated. Failure message: IDX10223: Lifetime validation failed. The token is expired. ValidTo (UTC): '8/28/2026 9:13:12 PM', Current time (UTC): '8/28/2026 9:13:51 PM'. 
2026-08-29 00:13:51.1581|Info|Microsoft.AspNetCore.Routing.EndpointMiddleware|CorrelationId=e7eba5b9-e393-4697-ba76-d8698a6ca6c8|Executing endpoint 'SmartLoan.Api.Controllers.CustomersController.GetAll (SmartLoan.Api)' 
2026-08-29 00:13:51.1581|Info|Microsoft.AspNetCore.Mvc.Infrastructure.ControllerActionInvoker|CorrelationId=e7eba5b9-e393-4697-ba76-d8698a6ca6c8|Route matched with {action = "GetAll", controller = "Customers"}. Executing controller action with signature System.Threading.Tasks.Task`1[Microsoft.AspNetCore.Mvc.ActionResult`1[SmartLoan.Application.Common.PagedResponse`1[SmartLoan.Application.Customers.CustomerDetailsDto]]] GetAll(SmartLoan.Application.Common.PagedRequest) on controller SmartLoan.Api.Controllers.CustomersController (SmartLoan.Api). 
2026-08-29 00:13:51.1798|Info|SmartLoan.Application.Common.Behaviors.LoggingBehavior|CorrelationId=e7eba5b9-e393-4697-ba76-d8698a6ca6c8|smartloan Request:GetCustomersQuery starting... 
2026-08-29 00:13:51.1869|Info|Microsoft.EntityFrameworkCore.Database.Command|CorrelationId=e7eba5b9-e393-4697-ba76-d8698a6ca6c8|Executed DbCommand (1ms) [Parameters=[], CommandType='Text', CommandTimeout='30']
SELECT count(*)::int
FROM "Customers" AS c
WHERE NOT (c."IsDeleted") 
2026-08-29 00:13:51.1869|Info|Microsoft.EntityFrameworkCore.Database.Command|CorrelationId=e7eba5b9-e393-4697-ba76-d8698a6ca6c8|Executed DbCommand (1ms) [Parameters=[@p1='?' (DbType = Int32), @p='?' (DbType = Int32)], CommandType='Text', CommandTimeout='30']
SELECT c."Id", c."FullName", c."Phone", c."Address"
FROM "Customers" AS c
WHERE NOT (c."IsDeleted")
ORDER BY c."FullName"
LIMIT @p1 OFFSET @p 
2026-08-29 00:13:51.1869|Info|SmartLoan.Application.Common.Behaviors.LoggingBehavior|CorrelationId=e7eba5b9-e393-4697-ba76-d8698a6ca6c8|Smarloan Request:GetCustomersQuery finished in 16ms 
2026-08-29 00:13:51.1869|Info|Microsoft.AspNetCore.Mvc.Infrastructure.ObjectResultExecutor|CorrelationId=e7eba5b9-e393-4697-ba76-d8698a6ca6c8|Executing ObjectResult, writing value of type 'SmartLoan.Application.Common.PagedResponse`1[[SmartLoan.Application.Customers.CustomerDetailsDto, SmartLoan.Application, Version=1.0.0.0, Culture=neutral, PublicKeyToken=null]]'. 
2026-08-29 00:13:51.1869|Info|Microsoft.AspNetCore.Mvc.Infrastructure.ControllerActionInvoker|CorrelationId=e7eba5b9-e393-4697-ba76-d8698a6ca6c8|Executed action SmartLoan.Api.Controllers.CustomersController.GetAll (SmartLoan.Api) in 32.8332ms 
2026-08-29 00:13:51.1869|Info|Microsoft.AspNetCore.Routing.EndpointMiddleware|CorrelationId=e7eba5b9-e393-4697-ba76-d8698a6ca6c8|Executed endpoint 'SmartLoan.Api.Controllers.CustomersController.GetAll (SmartLoan.Api)' 
2026-08-29 00:13:51.1869|Info|Microsoft.AspNetCore.Hosting.Diagnostics|CorrelationId=|Request finished HTTP/1.1 GET http://localhost:5176/api/v1/Customers - 200 - application/json;+charset=utf-8 40.4968ms 
2026-08-29 00:13:58.9118|Info|Microsoft.AspNetCore.Hosting.Diagnostics|CorrelationId=|Request starting HTTP/1.1 GET http://localhost:5176/scalar/ - - - 
2026-08-29 00:13:58.9118|Info|Microsoft.AspNetCore.Routing.EndpointMiddleware|CorrelationId=f13a2f2d-690c-42d5-873c-bd9b4344dfd5|Executing endpoint 'HTTP: GET /scalar/{documentName?}' 
2026-08-29 00:13:58.9118|Info|Microsoft.AspNetCore.Http.Result.ContentResult|CorrelationId=f13a2f2d-690c-42d5-873c-bd9b4344dfd5|Write content with HTTP Response ContentType of text/html 
2026-08-29 00:13:58.9118|Info|Microsoft.AspNetCore.Routing.EndpointMiddleware|CorrelationId=f13a2f2d-690c-42d5-873c-bd9b4344dfd5|Executed endpoint 'HTTP: GET /scalar/{documentName?}' 
2026-08-29 00:13:58.9118|Info|Microsoft.AspNetCore.Hosting.Diagnostics|CorrelationId=|Request finished HTTP/1.1 GET http://localhost:5176/scalar/ - 200 637 text/html 2.5577ms 
2026-08-29 00:13:58.9535|Info|Microsoft.AspNetCore.Hosting.Diagnostics|CorrelationId=|Request starting HTTP/1.1 GET http://localhost:5176/scalar/scalar.js - - - 
2026-08-29 00:13:58.9535|Info|Microsoft.AspNetCore.Hosting.Diagnostics|CorrelationId=|Request starting HTTP/1.1 GET http://localhost:5176/scalar/scalar.aspnetcore.js - - - 
2026-08-29 00:13:58.9535|Info|Microsoft.AspNetCore.Routing.EndpointMiddleware|CorrelationId=d0a11834-3bce-4e14-8f46-c18783be7a71|Executing endpoint 'HTTP: GET /scalar/scalar.js' 
2026-08-29 00:13:58.9535|Info|Microsoft.AspNetCore.Cors.Infrastructure.CorsService|CorrelationId=10ddecc1-65d4-4dec-93cb-650d06a69392|CORS policy execution failed. 
2026-08-29 00:13:58.9535|Info|Microsoft.AspNetCore.Http.Result.FileStreamResult|CorrelationId=d0a11834-3bce-4e14-8f46-c18783be7a71|Sending file with download name ''. 
2026-08-29 00:13:58.9535|Info|Microsoft.AspNetCore.Cors.Infrastructure.CorsService|CorrelationId=10ddecc1-65d4-4dec-93cb-650d06a69392|Request origin http://localhost:5176 does not have permission to access the resource. 
2026-08-29 00:13:58.9535|Info|Microsoft.AspNetCore.Routing.EndpointMiddleware|CorrelationId=d0a11834-3bce-4e14-8f46-c18783be7a71|Executed endpoint 'HTTP: GET /scalar/scalar.js' 
2026-08-29 00:13:58.9535|Info|Microsoft.AspNetCore.Routing.EndpointMiddleware|CorrelationId=10ddecc1-65d4-4dec-93cb-650d06a69392|Executing endpoint 'HTTP: GET /scalar/scalar.aspnetcore.js' 
2026-08-29 00:13:58.9535|Info|Microsoft.AspNetCore.Http.Result.FileStreamResult|CorrelationId=10ddecc1-65d4-4dec-93cb-650d06a69392|Sending file with download name ''. 
2026-08-29 00:13:58.9535|Info|Microsoft.AspNetCore.Hosting.Diagnostics|CorrelationId=|Request finished HTTP/1.1 GET http://localhost:5176/scalar/scalar.js - 304 - - 0.7641ms 
2026-08-29 00:13:58.9535|Info|Microsoft.AspNetCore.Routing.EndpointMiddleware|CorrelationId=10ddecc1-65d4-4dec-93cb-650d06a69392|Executed endpoint 'HTTP: GET /scalar/scalar.aspnetcore.js' 
2026-08-29 00:13:58.9535|Info|Microsoft.AspNetCore.Hosting.Diagnostics|CorrelationId=|Request finished HTTP/1.1 GET http://localhost:5176/scalar/scalar.aspnetcore.js - 304 - - 0.6974ms 
2026-08-29 00:13:59.0044|Info|Microsoft.AspNetCore.Hosting.Diagnostics|CorrelationId=|Request starting HTTP/1.1 GET http://localhost:5176/openapi/v1.json - - - 
2026-08-29 00:13:59.0044|Info|Microsoft.AspNetCore.Routing.EndpointMiddleware|CorrelationId=e73424a1-662c-4a53-a5a9-86a1ca29cb64|Executing endpoint 'HTTP: GET /openapi/{documentName}.json' 
2026-08-29 00:13:59.0246|Info|Microsoft.AspNetCore.Routing.EndpointMiddleware|CorrelationId=e73424a1-662c-4a53-a5a9-86a1ca29cb64|Executed endpoint 'HTTP: GET /openapi/{documentName}.json' 
2026-08-29 00:13:59.0246|Info|Microsoft.AspNetCore.Hosting.Diagnostics|CorrelationId=|Request finished HTTP/1.1 GET http://localhost:5176/openapi/v1.json - 200 - application/json;charset=utf-8 20.3455ms 
2026-08-29 00:13:59.5232|Info|Microsoft.AspNetCore.Hosting.Diagnostics|CorrelationId=|Request starting HTTP/1.1 GET http://localhost:5176/scalar/favicon.svg - - - 
2026-08-29 00:13:59.5232|Info|Microsoft.AspNetCore.Routing.EndpointMiddleware|CorrelationId=96d8f324-ef23-4888-9754-162e3cc20dd6|Executing endpoint 'HTTP: GET /scalar/favicon.svg' 
2026-08-29 00:13:59.5232|Info|Microsoft.AspNetCore.Http.Result.FileStreamResult|CorrelationId=96d8f324-ef23-4888-9754-162e3cc20dd6|Sending file with download name ''. 
2026-08-29 00:13:59.5232|Info|Microsoft.AspNetCore.Routing.EndpointMiddleware|CorrelationId=96d8f324-ef23-4888-9754-162e3cc20dd6|Executed endpoint 'HTTP: GET /scalar/favicon.svg' 
2026-08-29 00:13:59.5232|Info|Microsoft.AspNetCore.Hosting.Diagnostics|CorrelationId=|Request finished HTTP/1.1 GET http://localhost:5176/scalar/favicon.svg - 304 - - 0.7694ms 
2026-08-29 00:14:19.4049|Info|Microsoft.AspNetCore.Hosting.Diagnostics|CorrelationId=|Request starting HTTP/1.1 GET http://localhost:5176/api/v1/Customers - - - 
2026-08-29 00:14:19.4049|Info|Microsoft.AspNetCore.Authentication.JwtBearer.JwtBearerHandler|CorrelationId=7fbf6137-b178-4c3c-948f-38c579c36b72|Failed to validate the token. Microsoft.IdentityModel.Tokens.SecurityTokenExpiredException: IDX10223: Lifetime validation failed. The token is expired. ValidTo (UTC): '8/28/2026 9:13:12 PM', Current time (UTC): '8/28/2026 9:14:19 PM'.
   at Microsoft.IdentityModel.Tokens.ValidatorUtilities.ValidateLifetime(Nullable`1 notBefore, Nullable`1 expires, SecurityToken securityToken, TokenValidationParameters validationParameters)
   at Microsoft.IdentityModel.Tokens.Validators.ValidateLifetime(Nullable`1 notBefore, Nullable`1 expires, SecurityToken securityToken, TokenValidationParameters validationParameters)
   at Microsoft.IdentityModel.JsonWebTokens.JsonWebTokenHandler.ValidateTokenPayloadAsync(JsonWebToken jsonWebToken, TokenValidationParameters validationParameters, BaseConfiguration configuration)
   at Microsoft.IdentityModel.JsonWebTokens.JsonWebTokenHandler.ValidateJWSAsync(JsonWebToken jsonWebToken, TokenValidationParameters validationParameters, BaseConfiguration configuration)
2026-08-29 00:14:19.4049|Info|Microsoft.AspNetCore.Authentication.JwtBearer.JwtBearerHandler|CorrelationId=7fbf6137-b178-4c3c-948f-38c579c36b72|Bearer was not authenticated. Failure message: IDX10223: Lifetime validation failed. The token is expired. ValidTo (UTC): '8/28/2026 9:13:12 PM', Current time (UTC): '8/28/2026 9:14:19 PM'. 
2026-08-29 00:14:19.4049|Info|Microsoft.AspNetCore.Routing.EndpointMiddleware|CorrelationId=7fbf6137-b178-4c3c-948f-38c579c36b72|Executing endpoint 'SmartLoan.Api.Controllers.CustomersController.GetAll (SmartLoan.Api)' 
2026-08-29 00:14:19.4049|Info|Microsoft.AspNetCore.Mvc.Infrastructure.ControllerActionInvoker|CorrelationId=7fbf6137-b178-4c3c-948f-38c579c36b72|Route matched with {action = "GetAll", controller = "Customers"}. Executing controller action with signature System.Threading.Tasks.Task`1[Microsoft.AspNetCore.Mvc.ActionResult`1[SmartLoan.Application.Common.PagedResponse`1[SmartLoan.Application.Customers.CustomerDetailsDto]]] GetAll(SmartLoan.Application.Common.PagedRequest) on controller SmartLoan.Api.Controllers.CustomersController (SmartLoan.Api). 
2026-08-29 00:14:19.4235|Info|SmartLoan.Application.Common.Behaviors.LoggingBehavior|CorrelationId=7fbf6137-b178-4c3c-948f-38c579c36b72|smartloan Request:GetCustomersQuery starting... 
2026-08-29 00:14:19.4375|Info|Microsoft.EntityFrameworkCore.Database.Command|CorrelationId=7fbf6137-b178-4c3c-948f-38c579c36b72|Executed DbCommand (3ms) [Parameters=[], CommandType='Text', CommandTimeout='30']
SELECT count(*)::int
FROM "Customers" AS c
WHERE NOT (c."IsDeleted") 
2026-08-29 00:14:19.4375|Info|Microsoft.EntityFrameworkCore.Database.Command|CorrelationId=7fbf6137-b178-4c3c-948f-38c579c36b72|Executed DbCommand (6ms) [Parameters=[@p1='?' (DbType = Int32), @p='?' (DbType = Int32)], CommandType='Text', CommandTimeout='30']
SELECT c."Id", c."FullName", c."Phone", c."Address"
FROM "Customers" AS c
WHERE NOT (c."IsDeleted")
ORDER BY c."FullName"
LIMIT @p1 OFFSET @p 
2026-08-29 00:14:19.4375|Info|SmartLoan.Application.Common.Behaviors.LoggingBehavior|CorrelationId=7fbf6137-b178-4c3c-948f-38c579c36b72|Smarloan Request:GetCustomersQuery finished in 26ms 
2026-08-29 00:14:19.4522|Info|Microsoft.AspNetCore.Mvc.Infrastructure.ObjectResultExecutor|CorrelationId=7fbf6137-b178-4c3c-948f-38c579c36b72|Executing ObjectResult, writing value of type 'SmartLoan.Application.Common.PagedResponse`1[[SmartLoan.Application.Customers.CustomerDetailsDto, SmartLoan.Application, Version=1.0.0.0, Culture=neutral, PublicKeyToken=null]]'. 
2026-08-29 00:14:19.4522|Info|Microsoft.AspNetCore.Mvc.Infrastructure.ControllerActionInvoker|CorrelationId=7fbf6137-b178-4c3c-948f-38c579c36b72|Executed action SmartLoan.Api.Controllers.CustomersController.GetAll (SmartLoan.Api) in 33.0044ms 
2026-08-29 00:14:19.4522|Info|Microsoft.AspNetCore.Routing.EndpointMiddleware|CorrelationId=7fbf6137-b178-4c3c-948f-38c579c36b72|Executed endpoint 'SmartLoan.Api.Controllers.CustomersController.GetAll (SmartLoan.Api)' 
2026-08-29 00:14:19.4522|Info|Microsoft.AspNetCore.Hosting.Diagnostics|CorrelationId=|Request finished HTTP/1.1 GET http://localhost:5176/api/v1/Customers - 200 - application/json;+charset=utf-8 50.0793ms 
2026-08-29 00:14:20.8646|Info|Microsoft.AspNetCore.Hosting.Diagnostics|CorrelationId=|Request starting HTTP/1.1 GET http://localhost:5176/api/v1/Customers - - - 
2026-08-29 00:14:20.8646|Info|Microsoft.AspNetCore.Authentication.JwtBearer.JwtBearerHandler|CorrelationId=c04b1fc0-5ccb-4a22-9370-f1ade619368a|Failed to validate the token. Microsoft.IdentityModel.Tokens.SecurityTokenExpiredException: IDX10223: Lifetime validation failed. The token is expired. ValidTo (UTC): '8/28/2026 9:13:12 PM', Current time (UTC): '8/28/2026 9:14:20 PM'.
   at Microsoft.IdentityModel.Tokens.ValidatorUtilities.ValidateLifetime(Nullable`1 notBefore, Nullable`1 expires, SecurityToken securityToken, TokenValidationParameters validationParameters)
   at Microsoft.IdentityModel.Tokens.Validators.ValidateLifetime(Nullable`1 notBefore, Nullable`1 expires, SecurityToken securityToken, TokenValidationParameters validationParameters)
   at Microsoft.IdentityModel.JsonWebTokens.JsonWebTokenHandler.ValidateTokenPayloadAsync(JsonWebToken jsonWebToken, TokenValidationParameters validationParameters, BaseConfiguration configuration)
   at Microsoft.IdentityModel.JsonWebTokens.JsonWebTokenHandler.ValidateJWSAsync(JsonWebToken jsonWebToken, TokenValidationParameters validationParameters, BaseConfiguration configuration)
2026-08-29 00:14:20.8646|Info|Microsoft.AspNetCore.Authentication.JwtBearer.JwtBearerHandler|CorrelationId=c04b1fc0-5ccb-4a22-9370-f1ade619368a|Bearer was not authenticated. Failure message: IDX10223: Lifetime validation failed. The token is expired. ValidTo (UTC): '8/28/2026 9:13:12 PM', Current time (UTC): '8/28/2026 9:14:20 PM'. 
2026-08-29 00:14:20.8646|Info|Microsoft.AspNetCore.Routing.EndpointMiddleware|CorrelationId=c04b1fc0-5ccb-4a22-9370-f1ade619368a|Executing endpoint 'SmartLoan.Api.Controllers.CustomersController.GetAll (SmartLoan.Api)' 
2026-08-29 00:14:20.8646|Info|Microsoft.AspNetCore.Mvc.Infrastructure.ControllerActionInvoker|CorrelationId=c04b1fc0-5ccb-4a22-9370-f1ade619368a|Route matched with {action = "GetAll", controller = "Customers"}. Executing controller action with signature System.Threading.Tasks.Task`1[Microsoft.AspNetCore.Mvc.ActionResult`1[SmartLoan.Application.Common.PagedResponse`1[SmartLoan.Application.Customers.CustomerDetailsDto]]] GetAll(SmartLoan.Application.Common.PagedRequest) on controller SmartLoan.Api.Controllers.CustomersController (SmartLoan.Api). 
2026-08-29 00:14:20.8646|Info|SmartLoan.Application.Common.Behaviors.LoggingBehavior|CorrelationId=c04b1fc0-5ccb-4a22-9370-f1ade619368a|smartloan Request:GetCustomersQuery starting... 
2026-08-29 00:14:20.8744|Info|Microsoft.EntityFrameworkCore.Database.Command|CorrelationId=c04b1fc0-5ccb-4a22-9370-f1ade619368a|Executed DbCommand (1ms) [Parameters=[], CommandType='Text', CommandTimeout='30']
SELECT count(*)::int
FROM "Customers" AS c
WHERE NOT (c."IsDeleted") 
2026-08-29 00:14:20.8744|Info|Microsoft.EntityFrameworkCore.Database.Command|CorrelationId=c04b1fc0-5ccb-4a22-9370-f1ade619368a|Executed DbCommand (1ms) [Parameters=[@p1='?' (DbType = Int32), @p='?' (DbType = Int32)], CommandType='Text', CommandTimeout='30']
SELECT c."Id", c."FullName", c."Phone", c."Address"
FROM "Customers" AS c
WHERE NOT (c."IsDeleted")
ORDER BY c."FullName"
LIMIT @p1 OFFSET @p 
2026-08-29 00:14:20.8744|Info|SmartLoan.Application.Common.Behaviors.LoggingBehavior|CorrelationId=c04b1fc0-5ccb-4a22-9370-f1ade619368a|Smarloan Request:GetCustomersQuery finished in 7ms 
2026-08-29 00:14:20.8744|Info|Microsoft.AspNetCore.Mvc.Infrastructure.ObjectResultExecutor|CorrelationId=c04b1fc0-5ccb-4a22-9370-f1ade619368a|Executing ObjectResult, writing value of type 'SmartLoan.Application.Common.PagedResponse`1[[SmartLoan.Application.Customers.CustomerDetailsDto, SmartLoan.Application, Version=1.0.0.0, Culture=neutral, PublicKeyToken=null]]'. 
2026-08-29 00:14:20.8744|Info|Microsoft.AspNetCore.Mvc.Infrastructure.ControllerActionInvoker|CorrelationId=c04b1fc0-5ccb-4a22-9370-f1ade619368a|Executed action SmartLoan.Api.Controllers.CustomersController.GetAll (SmartLoan.Api) in 9.2457ms 
2026-08-29 00:14:20.8744|Info|Microsoft.AspNetCore.Routing.EndpointMiddleware|CorrelationId=c04b1fc0-5ccb-4a22-9370-f1ade619368a|Executed endpoint 'SmartLoan.Api.Controllers.CustomersController.GetAll (SmartLoan.Api)' 
2026-08-29 00:14:20.8744|Info|Microsoft.AspNetCore.Hosting.Diagnostics|CorrelationId=|Request finished HTTP/1.1 GET http://localhost:5176/api/v1/Customers - 200 - application/json;+charset=utf-8 15.8538ms 
2026-08-29 00:14:24.4276|Info|Microsoft.AspNetCore.Hosting.Diagnostics|CorrelationId=|Request starting HTTP/1.1 GET http://localhost:5176/scalar/ - - - 
2026-08-29 00:14:24.4276|Info|Microsoft.AspNetCore.Routing.EndpointMiddleware|CorrelationId=defbe59e-b62d-4de3-83b1-9e77dff99450|Executing endpoint 'HTTP: GET /scalar/{documentName?}' 
2026-08-29 00:14:24.4365|Info|Microsoft.AspNetCore.Http.Result.ContentResult|CorrelationId=defbe59e-b62d-4de3-83b1-9e77dff99450|Write content with HTTP Response ContentType of text/html 
2026-08-29 00:14:24.4365|Info|Microsoft.AspNetCore.Routing.EndpointMiddleware|CorrelationId=defbe59e-b62d-4de3-83b1-9e77dff99450|Executed endpoint 'HTTP: GET /scalar/{documentName?}' 
2026-08-29 00:14:24.4365|Info|Microsoft.AspNetCore.Hosting.Diagnostics|CorrelationId=|Request finished HTTP/1.1 GET http://localhost:5176/scalar/ - 200 637 text/html 10.1679ms 
2026-08-29 00:14:24.5981|Info|Microsoft.AspNetCore.Hosting.Diagnostics|CorrelationId=|Request starting HTTP/1.1 GET http://localhost:5176/scalar/scalar.js - - - 
2026-08-29 00:14:24.5981|Info|Microsoft.AspNetCore.Routing.EndpointMiddleware|CorrelationId=68314861-5e40-4577-aa0a-ed656d37fd03|Executing endpoint 'HTTP: GET /scalar/scalar.js' 
2026-08-29 00:14:24.5981|Info|Microsoft.AspNetCore.Http.Result.FileStreamResult|CorrelationId=68314861-5e40-4577-aa0a-ed656d37fd03|Sending file with download name ''. 
2026-08-29 00:14:24.5981|Info|Microsoft.AspNetCore.Routing.EndpointMiddleware|CorrelationId=68314861-5e40-4577-aa0a-ed656d37fd03|Executed endpoint 'HTTP: GET /scalar/scalar.js' 
2026-08-29 00:14:24.5981|Info|Microsoft.AspNetCore.Hosting.Diagnostics|CorrelationId=|Request starting HTTP/1.1 GET http://localhost:5176/scalar/scalar.aspnetcore.js - - - 
2026-08-29 00:14:24.5981|Info|Microsoft.AspNetCore.Hosting.Diagnostics|CorrelationId=|Request finished HTTP/1.1 GET http://localhost:5176/scalar/scalar.js - 304 - - 3.3591ms 
2026-08-29 00:14:24.5981|Info|Microsoft.AspNetCore.Cors.Infrastructure.CorsService|CorrelationId=51b49378-a643-4430-ab9b-b3a6a35c2e97|CORS policy execution failed. 
2026-08-29 00:14:24.5981|Info|Microsoft.AspNetCore.Cors.Infrastructure.CorsService|CorrelationId=51b49378-a643-4430-ab9b-b3a6a35c2e97|Request origin http://localhost:5176 does not have permission to access the resource. 
2026-08-29 00:14:24.5981|Info|Microsoft.AspNetCore.Routing.EndpointMiddleware|CorrelationId=51b49378-a643-4430-ab9b-b3a6a35c2e97|Executing endpoint 'HTTP: GET /scalar/scalar.aspnetcore.js' 
2026-08-29 00:14:24.5981|Info|Microsoft.AspNetCore.Http.Result.FileStreamResult|CorrelationId=51b49378-a643-4430-ab9b-b3a6a35c2e97|Sending file with download name ''. 
2026-08-29 00:14:24.5981|Info|Microsoft.AspNetCore.Routing.EndpointMiddleware|CorrelationId=51b49378-a643-4430-ab9b-b3a6a35c2e97|Executed endpoint 'HTTP: GET /scalar/scalar.aspnetcore.js' 
2026-08-29 00:14:24.6075|Info|Microsoft.AspNetCore.Hosting.Diagnostics|CorrelationId=|Request finished HTTP/1.1 GET http://localhost:5176/scalar/scalar.aspnetcore.js - 304 - - 6.3813ms 
2026-08-29 00:14:24.7988|Info|Microsoft.AspNetCore.Hosting.Diagnostics|CorrelationId=|Request starting HTTP/1.1 GET http://localhost:5176/openapi/v1.json - - - 
2026-08-29 00:14:24.7988|Info|Microsoft.AspNetCore.Routing.EndpointMiddleware|CorrelationId=67b20c69-89d2-4a0d-bde4-e43b20d45994|Executing endpoint 'HTTP: GET /openapi/{documentName}.json' 
2026-08-29 00:14:24.8772|Info|Microsoft.AspNetCore.Routing.EndpointMiddleware|CorrelationId=67b20c69-89d2-4a0d-bde4-e43b20d45994|Executed endpoint 'HTTP: GET /openapi/{documentName}.json' 
2026-08-29 00:14:24.8772|Info|Microsoft.AspNetCore.Hosting.Diagnostics|CorrelationId=|Request finished HTTP/1.1 GET http://localhost:5176/openapi/v1.json - 200 - application/json;charset=utf-8 78.9488ms 
2026-08-29 00:14:25.9337|Info|Microsoft.AspNetCore.Hosting.Diagnostics|CorrelationId=|Request starting HTTP/1.1 GET http://localhost:5176/scalar/favicon.svg - - - 
2026-08-29 00:14:25.9337|Info|Microsoft.AspNetCore.Routing.EndpointMiddleware|CorrelationId=655695eb-d574-4c0d-9896-02894113eef5|Executing endpoint 'HTTP: GET /scalar/favicon.svg' 
2026-08-29 00:14:25.9337|Info|Microsoft.AspNetCore.Http.Result.FileStreamResult|CorrelationId=655695eb-d574-4c0d-9896-02894113eef5|Sending file with download name ''. 
2026-08-29 00:14:25.9337|Info|Microsoft.AspNetCore.Routing.EndpointMiddleware|CorrelationId=655695eb-d574-4c0d-9896-02894113eef5|Executed endpoint 'HTTP: GET /scalar/favicon.svg' 
2026-08-29 00:14:25.9337|Info|Microsoft.AspNetCore.Hosting.Diagnostics|CorrelationId=|Request finished HTTP/1.1 GET http://localhost:5176/scalar/favicon.svg - 304 - - 1.3594ms 
2026-08-29 00:14:40.4824|Info|Microsoft.AspNetCore.Hosting.Diagnostics|CorrelationId=|Request starting HTTP/1.1 GET http://localhost:5176/scalar/ - - - 
2026-08-29 00:14:40.4835|Info|Microsoft.AspNetCore.Routing.EndpointMiddleware|CorrelationId=4dd95641-67b1-47c5-96a6-8f4d0b88bebe|Executing endpoint 'HTTP: GET /scalar/{documentName?}' 
2026-08-29 00:14:40.4835|Info|Microsoft.AspNetCore.Http.Result.ContentResult|CorrelationId=4dd95641-67b1-47c5-96a6-8f4d0b88bebe|Write content with HTTP Response ContentType of text/html 
2026-08-29 00:14:40.4835|Info|Microsoft.AspNetCore.Routing.EndpointMiddleware|CorrelationId=4dd95641-67b1-47c5-96a6-8f4d0b88bebe|Executed endpoint 'HTTP: GET /scalar/{documentName?}' 
2026-08-29 00:14:40.4835|Info|Microsoft.AspNetCore.Hosting.Diagnostics|CorrelationId=|Request finished HTTP/1.1 GET http://localhost:5176/scalar/ - 200 637 text/html 3.0594ms 
2026-08-29 00:14:40.6289|Info|Microsoft.AspNetCore.Hosting.Diagnostics|CorrelationId=|Request starting HTTP/1.1 GET http://localhost:5176/scalar/scalar.js - - - 
2026-08-29 00:14:40.6289|Info|Microsoft.AspNetCore.Hosting.Diagnostics|CorrelationId=|Request starting HTTP/1.1 GET http://localhost:5176/scalar/scalar.aspnetcore.js - - - 
2026-08-29 00:14:40.6289|Info|Microsoft.AspNetCore.Routing.EndpointMiddleware|CorrelationId=1c795f1f-0582-4d2e-9594-8d24051c5587|Executing endpoint 'HTTP: GET /scalar/scalar.js' 
2026-08-29 00:14:40.6289|Info|Microsoft.AspNetCore.Cors.Infrastructure.CorsService|CorrelationId=8d8a0d4d-8b08-400f-9aa1-1546268a9455|CORS policy execution failed. 
2026-08-29 00:14:40.6289|Info|Microsoft.AspNetCore.Http.Result.FileStreamResult|CorrelationId=1c795f1f-0582-4d2e-9594-8d24051c5587|Sending file with download name ''. 
2026-08-29 00:14:40.6289|Info|Microsoft.AspNetCore.Cors.Infrastructure.CorsService|CorrelationId=8d8a0d4d-8b08-400f-9aa1-1546268a9455|Request origin http://localhost:5176 does not have permission to access the resource. 
2026-08-29 00:14:40.6289|Info|Microsoft.AspNetCore.Routing.EndpointMiddleware|CorrelationId=1c795f1f-0582-4d2e-9594-8d24051c5587|Executed endpoint 'HTTP: GET /scalar/scalar.js' 
2026-08-29 00:14:40.6289|Info|Microsoft.AspNetCore.Routing.EndpointMiddleware|CorrelationId=8d8a0d4d-8b08-400f-9aa1-1546268a9455|Executing endpoint 'HTTP: GET /scalar/scalar.aspnetcore.js' 
2026-08-29 00:14:40.6289|Info|Microsoft.AspNetCore.Hosting.Diagnostics|CorrelationId=|Request finished HTTP/1.1 GET http://localhost:5176/scalar/scalar.js - 304 - - 2.5259ms 
2026-08-29 00:14:40.6289|Info|Microsoft.AspNetCore.Http.Result.FileStreamResult|CorrelationId=8d8a0d4d-8b08-400f-9aa1-1546268a9455|Sending file with download name ''. 
2026-08-29 00:14:40.6289|Info|Microsoft.AspNetCore.Routing.EndpointMiddleware|CorrelationId=8d8a0d4d-8b08-400f-9aa1-1546268a9455|Executed endpoint 'HTTP: GET /scalar/scalar.aspnetcore.js' 
2026-08-29 00:14:40.6289|Info|Microsoft.AspNetCore.Hosting.Diagnostics|CorrelationId=|Request finished HTTP/1.1 GET http://localhost:5176/scalar/scalar.aspnetcore.js - 304 - - 3.4228ms 
2026-08-29 00:14:40.8514|Info|Microsoft.AspNetCore.Hosting.Diagnostics|CorrelationId=|Request starting HTTP/1.1 GET http://localhost:5176/openapi/v1.json - - - 
2026-08-29 00:14:40.8514|Info|Microsoft.AspNetCore.Routing.EndpointMiddleware|CorrelationId=7eb4bda3-1472-4cb7-a104-a1825139f7f4|Executing endpoint 'HTTP: GET /openapi/{documentName}.json' 
2026-08-29 00:14:40.8878|Info|Microsoft.AspNetCore.Routing.EndpointMiddleware|CorrelationId=7eb4bda3-1472-4cb7-a104-a1825139f7f4|Executed endpoint 'HTTP: GET /openapi/{documentName}.json' 
2026-08-29 00:14:40.8878|Info|Microsoft.AspNetCore.Hosting.Diagnostics|CorrelationId=|Request finished HTTP/1.1 GET http://localhost:5176/openapi/v1.json - 200 - application/json;charset=utf-8 36.6855ms 
2026-08-29 00:14:42.3649|Info|Microsoft.AspNetCore.Hosting.Diagnostics|CorrelationId=|Request starting HTTP/1.1 GET http://localhost:5176/scalar/favicon.svg - - - 
2026-08-29 00:14:42.3649|Info|Microsoft.AspNetCore.Routing.EndpointMiddleware|CorrelationId=2c56f1b0-c838-44ea-86b0-c46e4629a052|Executing endpoint 'HTTP: GET /scalar/favicon.svg' 
2026-08-29 00:14:42.3649|Info|Microsoft.AspNetCore.Http.Result.FileStreamResult|CorrelationId=2c56f1b0-c838-44ea-86b0-c46e4629a052|Sending file with download name ''. 
2026-08-29 00:14:42.3649|Info|Microsoft.AspNetCore.Routing.EndpointMiddleware|CorrelationId=2c56f1b0-c838-44ea-86b0-c46e4629a052|Executed endpoint 'HTTP: GET /scalar/favicon.svg' 
2026-08-29 00:14:42.3649|Info|Microsoft.AspNetCore.Hosting.Diagnostics|CorrelationId=|Request finished HTTP/1.1 GET http://localhost:5176/scalar/favicon.svg - 304 - - 6.7843ms 
2026-08-29 00:14:47.8972|Info|Microsoft.AspNetCore.Hosting.Diagnostics|CorrelationId=|Request starting HTTP/1.1 GET http://localhost:5176/api/v1/Customers - - - 
2026-08-29 00:14:47.8972|Info|Microsoft.AspNetCore.Routing.EndpointMiddleware|CorrelationId=6bb290d3-51cf-4e19-9bd7-0b7604de384e|Executing endpoint 'SmartLoan.Api.Controllers.CustomersController.GetAll (SmartLoan.Api)' 
2026-08-29 00:14:47.8972|Info|Microsoft.AspNetCore.Mvc.Infrastructure.ControllerActionInvoker|CorrelationId=6bb290d3-51cf-4e19-9bd7-0b7604de384e|Route matched with {action = "GetAll", controller = "Customers"}. Executing controller action with signature System.Threading.Tasks.Task`1[Microsoft.AspNetCore.Mvc.ActionResult`1[SmartLoan.Application.Common.PagedResponse`1[SmartLoan.Application.Customers.CustomerDetailsDto]]] GetAll(SmartLoan.Application.Common.PagedRequest) on controller SmartLoan.Api.Controllers.CustomersController (SmartLoan.Api). 
2026-08-29 00:14:47.8972|Info|SmartLoan.Application.Common.Behaviors.LoggingBehavior|CorrelationId=6bb290d3-51cf-4e19-9bd7-0b7604de384e|smartloan Request:GetCustomersQuery starting... 
2026-08-29 00:14:47.8972|Info|Microsoft.EntityFrameworkCore.Database.Command|CorrelationId=6bb290d3-51cf-4e19-9bd7-0b7604de384e|Executed DbCommand (2ms) [Parameters=[], CommandType='Text', CommandTimeout='30']
SELECT count(*)::int
FROM "Customers" AS c
WHERE NOT (c."IsDeleted") 
2026-08-29 00:14:47.9117|Info|Microsoft.EntityFrameworkCore.Database.Command|CorrelationId=6bb290d3-51cf-4e19-9bd7-0b7604de384e|Executed DbCommand (4ms) [Parameters=[@p1='?' (DbType = Int32), @p='?' (DbType = Int32)], CommandType='Text', CommandTimeout='30']
SELECT c."Id", c."FullName", c."Phone", c."Address"
FROM "Customers" AS c
WHERE NOT (c."IsDeleted")
ORDER BY c."FullName"
LIMIT @p1 OFFSET @p 
2026-08-29 00:14:47.9117|Info|SmartLoan.Application.Common.Behaviors.LoggingBehavior|CorrelationId=6bb290d3-51cf-4e19-9bd7-0b7604de384e|Smarloan Request:GetCustomersQuery finished in 12ms 
2026-08-29 00:14:47.9117|Info|Microsoft.AspNetCore.Mvc.Infrastructure.ObjectResultExecutor|CorrelationId=6bb290d3-51cf-4e19-9bd7-0b7604de384e|Executing ObjectResult, writing value of type 'SmartLoan.Application.Common.PagedResponse`1[[SmartLoan.Application.Customers.CustomerDetailsDto, SmartLoan.Application, Version=1.0.0.0, Culture=neutral, PublicKeyToken=null]]'. 
2026-08-29 00:14:47.9117|Info|Microsoft.AspNetCore.Mvc.Infrastructure.ControllerActionInvoker|CorrelationId=6bb290d3-51cf-4e19-9bd7-0b7604de384e|Executed action SmartLoan.Api.Controllers.CustomersController.GetAll (SmartLoan.Api) in 15.2939ms 
2026-08-29 00:14:47.9117|Info|Microsoft.AspNetCore.Routing.EndpointMiddleware|CorrelationId=6bb290d3-51cf-4e19-9bd7-0b7604de384e|Executed endpoint 'SmartLoan.Api.Controllers.CustomersController.GetAll (SmartLoan.Api)' 
2026-08-29 00:14:47.9117|Info|Microsoft.AspNetCore.Hosting.Diagnostics|CorrelationId=|Request finished HTTP/1.1 GET http://localhost:5176/api/v1/Customers - 200 - application/json;+charset=utf-8 19.5462ms 
2026-08-29 00:14:49.2410|Info|Microsoft.AspNetCore.Hosting.Diagnostics|CorrelationId=|Request starting HTTP/1.1 GET http://localhost:5176/api/v1/Customers - - - 
2026-08-29 00:14:49.2410|Info|Microsoft.AspNetCore.Routing.EndpointMiddleware|CorrelationId=d02420fc-3a34-46dd-9a43-887185feaef0|Executing endpoint 'SmartLoan.Api.Controllers.CustomersController.GetAll (SmartLoan.Api)' 
2026-08-29 00:14:49.2410|Info|Microsoft.AspNetCore.Mvc.Infrastructure.ControllerActionInvoker|CorrelationId=d02420fc-3a34-46dd-9a43-887185feaef0|Route matched with {action = "GetAll", controller = "Customers"}. Executing controller action with signature System.Threading.Tasks.Task`1[Microsoft.AspNetCore.Mvc.ActionResult`1[SmartLoan.Application.Common.PagedResponse`1[SmartLoan.Application.Customers.CustomerDetailsDto]]] GetAll(SmartLoan.Application.Common.PagedRequest) on controller SmartLoan.Api.Controllers.CustomersController (SmartLoan.Api). 
2026-08-29 00:14:49.2410|Info|SmartLoan.Application.Common.Behaviors.LoggingBehavior|CorrelationId=d02420fc-3a34-46dd-9a43-887185feaef0|smartloan Request:GetCustomersQuery starting... 
2026-08-29 00:14:49.2520|Info|Microsoft.EntityFrameworkCore.Database.Command|CorrelationId=d02420fc-3a34-46dd-9a43-887185feaef0|Executed DbCommand (2ms) [Parameters=[], CommandType='Text', CommandTimeout='30']
SELECT count(*)::int
FROM "Customers" AS c
WHERE NOT (c."IsDeleted") 
2026-08-29 00:14:49.2520|Info|Microsoft.EntityFrameworkCore.Database.Command|CorrelationId=d02420fc-3a34-46dd-9a43-887185feaef0|Executed DbCommand (2ms) [Parameters=[@p1='?' (DbType = Int32), @p='?' (DbType = Int32)], CommandType='Text', CommandTimeout='30']
SELECT c."Id", c."FullName", c."Phone", c."Address"
FROM "Customers" AS c
WHERE NOT (c."IsDeleted")
ORDER BY c."FullName"
LIMIT @p1 OFFSET @p 
2026-08-29 00:14:49.2520|Info|SmartLoan.Application.Common.Behaviors.LoggingBehavior|CorrelationId=d02420fc-3a34-46dd-9a43-887185feaef0|Smarloan Request:GetCustomersQuery finished in 12ms 
2026-08-29 00:14:49.2520|Info|Microsoft.AspNetCore.Mvc.Infrastructure.ObjectResultExecutor|CorrelationId=d02420fc-3a34-46dd-9a43-887185feaef0|Executing ObjectResult, writing value of type 'SmartLoan.Application.Common.PagedResponse`1[[SmartLoan.Application.Customers.CustomerDetailsDto, SmartLoan.Application, Version=1.0.0.0, Culture=neutral, PublicKeyToken=null]]'. 
2026-08-29 00:14:49.2635|Info|Microsoft.AspNetCore.Mvc.Infrastructure.ControllerActionInvoker|CorrelationId=d02420fc-3a34-46dd-9a43-887185feaef0|Executed action SmartLoan.Api.Controllers.CustomersController.GetAll (SmartLoan.Api) in 17.8357ms 
2026-08-29 00:14:49.2635|Info|Microsoft.AspNetCore.Routing.EndpointMiddleware|CorrelationId=d02420fc-3a34-46dd-9a43-887185feaef0|Executed endpoint 'SmartLoan.Api.Controllers.CustomersController.GetAll (SmartLoan.Api)' 
2026-08-29 00:14:49.2635|Info|Microsoft.AspNetCore.Hosting.Diagnostics|CorrelationId=|Request finished HTTP/1.1 GET http://localhost:5176/api/v1/Customers - 200 - application/json;+charset=utf-8 23.6320ms 
2026-08-29 00:14:59.6806|Info|Microsoft.AspNetCore.Hosting.Diagnostics|CorrelationId=|Request starting HTTP/1.1 GET http://localhost:5176/scalar/ - - - 
2026-08-29 00:14:59.6806|Info|Microsoft.AspNetCore.Routing.EndpointMiddleware|CorrelationId=6bba3027-6bfe-440c-8804-598a3db7b920|Executing endpoint 'HTTP: GET /scalar/{documentName?}' 
2026-08-29 00:14:59.6806|Info|Microsoft.AspNetCore.Http.Result.ContentResult|CorrelationId=6bba3027-6bfe-440c-8804-598a3db7b920|Write content with HTTP Response ContentType of text/html 
2026-08-29 00:14:59.6806|Info|Microsoft.AspNetCore.Routing.EndpointMiddleware|CorrelationId=6bba3027-6bfe-440c-8804-598a3db7b920|Executed endpoint 'HTTP: GET /scalar/{documentName?}' 
2026-08-29 00:14:59.6806|Info|Microsoft.AspNetCore.Hosting.Diagnostics|CorrelationId=|Request finished HTTP/1.1 GET http://localhost:5176/scalar/ - 200 637 text/html 3.0492ms 
2026-08-29 00:14:59.7621|Info|Microsoft.AspNetCore.Hosting.Diagnostics|CorrelationId=|Request starting HTTP/1.1 GET http://localhost:5176/scalar/scalar.aspnetcore.js - - - 
2026-08-29 00:14:59.7621|Info|Microsoft.AspNetCore.Hosting.Diagnostics|CorrelationId=|Request starting HTTP/1.1 GET http://localhost:5176/scalar/scalar.js - - - 
2026-08-29 00:14:59.7631|Info|Microsoft.AspNetCore.Cors.Infrastructure.CorsService|CorrelationId=6e0f631a-ed7e-4a8d-9625-ec6053446327|CORS policy execution failed. 
2026-08-29 00:14:59.7631|Info|Microsoft.AspNetCore.Routing.EndpointMiddleware|CorrelationId=9d8ebca3-bbe8-423f-8123-28d325573af4|Executing endpoint 'HTTP: GET /scalar/scalar.js' 
2026-08-29 00:14:59.7631|Info|Microsoft.AspNetCore.Cors.Infrastructure.CorsService|CorrelationId=6e0f631a-ed7e-4a8d-9625-ec6053446327|Request origin http://localhost:5176 does not have permission to access the resource. 
2026-08-29 00:14:59.7631|Info|Microsoft.AspNetCore.Http.Result.FileStreamResult|CorrelationId=9d8ebca3-bbe8-423f-8123-28d325573af4|Sending file with download name ''. 
2026-08-29 00:14:59.7631|Info|Microsoft.AspNetCore.Routing.EndpointMiddleware|CorrelationId=6e0f631a-ed7e-4a8d-9625-ec6053446327|Executing endpoint 'HTTP: GET /scalar/scalar.aspnetcore.js' 
2026-08-29 00:14:59.7631|Info|Microsoft.AspNetCore.Routing.EndpointMiddleware|CorrelationId=9d8ebca3-bbe8-423f-8123-28d325573af4|Executed endpoint 'HTTP: GET /scalar/scalar.js' 
2026-08-29 00:14:59.7631|Info|Microsoft.AspNetCore.Http.Result.FileStreamResult|CorrelationId=6e0f631a-ed7e-4a8d-9625-ec6053446327|Sending file with download name ''. 
2026-08-29 00:14:59.7631|Info|Microsoft.AspNetCore.Hosting.Diagnostics|CorrelationId=|Request finished HTTP/1.1 GET http://localhost:5176/scalar/scalar.js - 304 - - 2.5663ms 
2026-08-29 00:14:59.7631|Info|Microsoft.AspNetCore.Routing.EndpointMiddleware|CorrelationId=6e0f631a-ed7e-4a8d-9625-ec6053446327|Executed endpoint 'HTTP: GET /scalar/scalar.aspnetcore.js' 
2026-08-29 00:14:59.7631|Info|Microsoft.AspNetCore.Hosting.Diagnostics|CorrelationId=|Request finished HTTP/1.1 GET http://localhost:5176/scalar/scalar.aspnetcore.js - 304 - - 3.6004ms 
2026-08-29 00:15:00.6789|Info|Microsoft.AspNetCore.Hosting.Diagnostics|CorrelationId=|Request starting HTTP/1.1 GET http://localhost:5176/openapi/v1.json - - - 
2026-08-29 00:15:00.6789|Info|Microsoft.AspNetCore.Routing.EndpointMiddleware|CorrelationId=933cee4a-4a87-442a-988e-c5396e940227|Executing endpoint 'HTTP: GET /openapi/{documentName}.json' 
2026-08-29 00:15:00.7205|Info|Microsoft.AspNetCore.Routing.EndpointMiddleware|CorrelationId=933cee4a-4a87-442a-988e-c5396e940227|Executed endpoint 'HTTP: GET /openapi/{documentName}.json' 
2026-08-29 00:15:00.7205|Info|Microsoft.AspNetCore.Hosting.Diagnostics|CorrelationId=|Request finished HTTP/1.1 GET http://localhost:5176/openapi/v1.json - 200 - application/json;charset=utf-8 42.4017ms 
2026-08-29 00:15:14.0179|Info|Microsoft.AspNetCore.Hosting.Diagnostics|CorrelationId=|Request starting HTTP/1.1 GET http://localhost:5176/api/v1/Loan - - - 
2026-08-29 00:15:14.0523|Info|Microsoft.AspNetCore.Authorization.DefaultAuthorizationService|CorrelationId=08a17685-42f2-4155-a96c-b8434e4f41a8|Authorization failed. These requirements were not met:
DenyAnonymousAuthorizationRequirement: Requires an authenticated user. 
2026-08-29 00:15:14.0720|Info|Microsoft.AspNetCore.Authentication.JwtBearer.JwtBearerHandler|CorrelationId=08a17685-42f2-4155-a96c-b8434e4f41a8|AuthenticationScheme: Bearer was challenged. 
2026-08-29 00:15:14.0720|Info|Microsoft.AspNetCore.Hosting.Diagnostics|CorrelationId=|Request finished HTTP/1.1 GET http://localhost:5176/api/v1/Loan - 401 0 - 54.8247ms 
2026-08-29 00:15:30.3288|Info|Microsoft.AspNetCore.Hosting.Diagnostics|CorrelationId=|Request starting HTTP/1.1 GET http://localhost:5176/api/v1/Loan - - - 
2026-08-29 00:15:30.3288|Info|Microsoft.AspNetCore.Authentication.JwtBearer.JwtBearerHandler|CorrelationId=f80ba1cb-4fb8-4c41-9a12-edde1b496f4a|Failed to validate the token. Microsoft.IdentityModel.Tokens.SecurityTokenExpiredException: IDX10223: Lifetime validation failed. The token is expired. ValidTo (UTC): '8/28/2026 9:13:12 PM', Current time (UTC): '8/28/2026 9:15:30 PM'.
   at Microsoft.IdentityModel.Tokens.ValidatorUtilities.ValidateLifetime(Nullable`1 notBefore, Nullable`1 expires, SecurityToken securityToken, TokenValidationParameters validationParameters)
   at Microsoft.IdentityModel.Tokens.Validators.ValidateLifetime(Nullable`1 notBefore, Nullable`1 expires, SecurityToken securityToken, TokenValidationParameters validationParameters)
   at Microsoft.IdentityModel.JsonWebTokens.JsonWebTokenHandler.ValidateTokenPayloadAsync(JsonWebToken jsonWebToken, TokenValidationParameters validationParameters, BaseConfiguration configuration)
   at Microsoft.IdentityModel.JsonWebTokens.JsonWebTokenHandler.ValidateJWSAsync(JsonWebToken jsonWebToken, TokenValidationParameters validationParameters, BaseConfiguration configuration)
2026-08-29 00:15:30.3288|Info|Microsoft.AspNetCore.Authentication.JwtBearer.JwtBearerHandler|CorrelationId=f80ba1cb-4fb8-4c41-9a12-edde1b496f4a|Bearer was not authenticated. Failure message: IDX10223: Lifetime validation failed. The token is expired. ValidTo (UTC): '8/28/2026 9:13:12 PM', Current time (UTC): '8/28/2026 9:15:30 PM'. 
2026-08-29 00:15:30.3288|Info|Microsoft.AspNetCore.Authorization.DefaultAuthorizationService|CorrelationId=f80ba1cb-4fb8-4c41-9a12-edde1b496f4a|Authorization failed. These requirements were not met:
DenyAnonymousAuthorizationRequirement: Requires an authenticated user. 
2026-08-29 00:15:30.3288|Info|Microsoft.AspNetCore.Authentication.JwtBearer.JwtBearerHandler|CorrelationId=f80ba1cb-4fb8-4c41-9a12-edde1b496f4a|AuthenticationScheme: Bearer was challenged. 
2026-08-29 00:15:30.3288|Info|Microsoft.AspNetCore.Hosting.Diagnostics|CorrelationId=|Request finished HTTP/1.1 GET http://localhost:5176/api/v1/Loan - 401 0 - 9.7018ms 
2026-08-29 00:15:31.5224|Info|Microsoft.AspNetCore.Hosting.Diagnostics|CorrelationId=|Request starting HTTP/1.1 GET http://localhost:5176/api/v1/Loan - - - 
2026-08-29 00:15:31.5224|Info|Microsoft.AspNetCore.Authentication.JwtBearer.JwtBearerHandler|CorrelationId=0ba87893-f1d9-4b3f-8f4b-92c047dbc15d|Failed to validate the token. Microsoft.IdentityModel.Tokens.SecurityTokenExpiredException: IDX10223: Lifetime validation failed. The token is expired. ValidTo (UTC): '8/28/2026 9:13:12 PM', Current time (UTC): '8/28/2026 9:15:31 PM'.
   at Microsoft.IdentityModel.Tokens.ValidatorUtilities.ValidateLifetime(Nullable`1 notBefore, Nullable`1 expires, SecurityToken securityToken, TokenValidationParameters validationParameters)
   at Microsoft.IdentityModel.Tokens.Validators.ValidateLifetime(Nullable`1 notBefore, Nullable`1 expires, SecurityToken securityToken, TokenValidationParameters validationParameters)
   at Microsoft.IdentityModel.JsonWebTokens.JsonWebTokenHandler.ValidateTokenPayloadAsync(JsonWebToken jsonWebToken, TokenValidationParameters validationParameters, BaseConfiguration configuration)
   at Microsoft.IdentityModel.JsonWebTokens.JsonWebTokenHandler.ValidateJWSAsync(JsonWebToken jsonWebToken, TokenValidationParameters validationParameters, BaseConfiguration configuration)
2026-08-29 00:15:31.5326|Info|Microsoft.AspNetCore.Authentication.JwtBearer.JwtBearerHandler|CorrelationId=0ba87893-f1d9-4b3f-8f4b-92c047dbc15d|Bearer was not authenticated. Failure message: IDX10223: Lifetime validation failed. The token is expired. ValidTo (UTC): '8/28/2026 9:13:12 PM', Current time (UTC): '8/28/2026 9:15:31 PM'. 
2026-08-29 00:15:31.5326|Info|Microsoft.AspNetCore.Authorization.DefaultAuthorizationService|CorrelationId=0ba87893-f1d9-4b3f-8f4b-92c047dbc15d|Authorization failed. These requirements were not met:
DenyAnonymousAuthorizationRequirement: Requires an authenticated user. 
2026-08-29 00:15:31.5450|Info|Microsoft.AspNetCore.Authentication.JwtBearer.JwtBearerHandler|CorrelationId=0ba87893-f1d9-4b3f-8f4b-92c047dbc15d|AuthenticationScheme: Bearer was challenged. 
2026-08-29 00:15:31.5450|Info|Microsoft.AspNetCore.Hosting.Diagnostics|CorrelationId=|Request finished HTTP/1.1 GET http://localhost:5176/api/v1/Loan - 401 0 - 23.2876ms 
2026-08-29 00:16:18.1968|Info|Microsoft.AspNetCore.Hosting.Diagnostics|CorrelationId=|Request starting HTTP/1.1 POST http://localhost:5176/api/v1/Auth/login - application/json 59 
2026-08-29 00:16:18.2021|Info|Microsoft.AspNetCore.Cors.Infrastructure.CorsService|CorrelationId=04d8369a-8117-4942-a7da-3978ef80c066|CORS policy execution failed. 
2026-08-29 00:16:18.2021|Info|Microsoft.AspNetCore.Cors.Infrastructure.CorsService|CorrelationId=04d8369a-8117-4942-a7da-3978ef80c066|Request origin http://localhost:5176 does not have permission to access the resource. 
2026-08-29 00:16:18.2021|Info|Microsoft.AspNetCore.Authentication.JwtBearer.JwtBearerHandler|CorrelationId=04d8369a-8117-4942-a7da-3978ef80c066|Failed to validate the token. Microsoft.IdentityModel.Tokens.SecurityTokenExpiredException: IDX10223: Lifetime validation failed. The token is expired. ValidTo (UTC): '8/28/2026 9:13:12 PM', Current time (UTC): '8/28/2026 9:16:18 PM'.
   at Microsoft.IdentityModel.Tokens.ValidatorUtilities.ValidateLifetime(Nullable`1 notBefore, Nullable`1 expires, SecurityToken securityToken, TokenValidationParameters validationParameters)
   at Microsoft.IdentityModel.Tokens.Validators.ValidateLifetime(Nullable`1 notBefore, Nullable`1 expires, SecurityToken securityToken, TokenValidationParameters validationParameters)
   at Microsoft.IdentityModel.JsonWebTokens.JsonWebTokenHandler.ValidateTokenPayloadAsync(JsonWebToken jsonWebToken, TokenValidationParameters validationParameters, BaseConfiguration configuration)
   at Microsoft.IdentityModel.JsonWebTokens.JsonWebTokenHandler.ValidateJWSAsync(JsonWebToken jsonWebToken, TokenValidationParameters validationParameters, BaseConfiguration configuration)
2026-08-29 00:16:18.2167|Info|Microsoft.AspNetCore.Authentication.JwtBearer.JwtBearerHandler|CorrelationId=04d8369a-8117-4942-a7da-3978ef80c066|Bearer was not authenticated. Failure message: IDX10223: Lifetime validation failed. The token is expired. ValidTo (UTC): '8/28/2026 9:13:12 PM', Current time (UTC): '8/28/2026 9:16:18 PM'. 
2026-08-29 00:16:18.2167|Info|Microsoft.AspNetCore.Routing.EndpointMiddleware|CorrelationId=04d8369a-8117-4942-a7da-3978ef80c066|Executing endpoint 'SmartLoan.Api.Controllers.AuthController.Login (SmartLoan.Api)' 
2026-08-29 00:16:18.2167|Info|Microsoft.AspNetCore.Mvc.Infrastructure.ControllerActionInvoker|CorrelationId=04d8369a-8117-4942-a7da-3978ef80c066|Route matched with {action = "Login", controller = "Auth"}. Executing controller action with signature System.Threading.Tasks.Task`1[Microsoft.AspNetCore.Mvc.ActionResult`1[SmartLoan.Application.Users.LoginResponse]] Login(SmartLoan.Application.Users.LoginCommand) on controller SmartLoan.Api.Controllers.AuthController (SmartLoan.Api). 
2026-08-29 00:16:18.2400|Info|SmartLoan.Application.Common.Behaviors.LoggingBehavior|CorrelationId=04d8369a-8117-4942-a7da-3978ef80c066|smartloan Request:LoginCommand starting... 
2026-08-29 00:16:18.2546|Info|Microsoft.EntityFrameworkCore.Database.Command|CorrelationId=04d8369a-8117-4942-a7da-3978ef80c066|Executed DbCommand (4ms) [Parameters=[@request_Email='?'], CommandType='Text', CommandTimeout='30']
SELECT u."Id", u."Email", u."FullName", u."PasswordHash", u."RefreshToken", u."RefreshTokenExpiryTime", u."Role"
FROM "Users" AS u
WHERE u."Email" = @request_Email
LIMIT 1 
2026-08-29 00:16:19.4062|Info|Microsoft.EntityFrameworkCore.Database.Command|CorrelationId=04d8369a-8117-4942-a7da-3978ef80c066|Executed DbCommand (11ms) [Parameters=[@p2='?' (DbType = Int32), @p0='?', @p1='?' (DbType = DateTime)], CommandType='Text', CommandTimeout='30']
UPDATE "Users" SET "RefreshToken" = @p0, "RefreshTokenExpiryTime" = @p1
WHERE "Id" = @p2; 
2026-08-29 00:16:19.4062|Info|SmartLoan.Application.Common.Behaviors.LoggingBehavior|CorrelationId=04d8369a-8117-4942-a7da-3978ef80c066|Smarloan Request:LoginCommand finished in 1168ms 
2026-08-29 00:16:19.4062|Info|Microsoft.AspNetCore.Mvc.Infrastructure.ObjectResultExecutor|CorrelationId=04d8369a-8117-4942-a7da-3978ef80c066|Executing OkObjectResult, writing value of type 'SmartLoan.Application.Users.LoginResponse'. 
2026-08-29 00:16:19.4062|Info|Microsoft.AspNetCore.Mvc.Infrastructure.ControllerActionInvoker|CorrelationId=04d8369a-8117-4942-a7da-3978ef80c066|Executed action SmartLoan.Api.Controllers.AuthController.Login (SmartLoan.Api) in 1186.1099ms 
2026-08-29 00:16:19.4062|Info|Microsoft.AspNetCore.Routing.EndpointMiddleware|CorrelationId=04d8369a-8117-4942-a7da-3978ef80c066|Executed endpoint 'SmartLoan.Api.Controllers.AuthController.Login (SmartLoan.Api)' 
2026-08-29 00:16:19.4062|Info|Microsoft.AspNetCore.Hosting.Diagnostics|CorrelationId=|Request finished HTTP/1.1 POST http://localhost:5176/api/v1/Auth/login - 200 - application/json;+charset=utf-8 1213.9523ms 
2026-08-29 00:16:52.9888|Info|Microsoft.AspNetCore.Hosting.Diagnostics|CorrelationId=|Request starting HTTP/1.1 GET http://localhost:5176/api/v1/Loan - - - 
2026-08-29 00:16:52.9888|Info|Microsoft.AspNetCore.Authentication.JwtBearer.JwtBearerHandler|CorrelationId=c6539777-1178-4c3b-b9b0-c8c152d10034|Failed to validate the token. Microsoft.IdentityModel.Tokens.SecurityTokenExpiredException: IDX10223: Lifetime validation failed. The token is expired. ValidTo (UTC): '8/28/2026 9:13:12 PM', Current time (UTC): '8/28/2026 9:16:52 PM'.
   at Microsoft.IdentityModel.Tokens.ValidatorUtilities.ValidateLifetime(Nullable`1 notBefore, Nullable`1 expires, SecurityToken securityToken, TokenValidationParameters validationParameters)
   at Microsoft.IdentityModel.Tokens.Validators.ValidateLifetime(Nullable`1 notBefore, Nullable`1 expires, SecurityToken securityToken, TokenValidationParameters validationParameters)
   at Microsoft.IdentityModel.JsonWebTokens.JsonWebTokenHandler.ValidateTokenPayloadAsync(JsonWebToken jsonWebToken, TokenValidationParameters validationParameters, BaseConfiguration configuration)
   at Microsoft.IdentityModel.JsonWebTokens.JsonWebTokenHandler.ValidateJWSAsync(JsonWebToken jsonWebToken, TokenValidationParameters validationParameters, BaseConfiguration configuration)
2026-08-29 00:16:52.9888|Info|Microsoft.AspNetCore.Authentication.JwtBearer.JwtBearerHandler|CorrelationId=c6539777-1178-4c3b-b9b0-c8c152d10034|Bearer was not authenticated. Failure message: IDX10223: Lifetime validation failed. The token is expired. ValidTo (UTC): '8/28/2026 9:13:12 PM', Current time (UTC): '8/28/2026 9:16:52 PM'. 
2026-08-29 00:16:52.9978|Info|Microsoft.AspNetCore.Authorization.DefaultAuthorizationService|CorrelationId=c6539777-1178-4c3b-b9b0-c8c152d10034|Authorization failed. These requirements were not met:
DenyAnonymousAuthorizationRequirement: Requires an authenticated user. 
2026-08-29 00:16:52.9978|Info|Microsoft.AspNetCore.Authentication.JwtBearer.JwtBearerHandler|CorrelationId=c6539777-1178-4c3b-b9b0-c8c152d10034|AuthenticationScheme: Bearer was challenged. 
2026-08-29 00:16:52.9978|Info|Microsoft.AspNetCore.Hosting.Diagnostics|CorrelationId=|Request finished HTTP/1.1 GET http://localhost:5176/api/v1/Loan - 401 0 - 15.4614ms 
2026-08-29 00:16:54.8472|Info|Microsoft.AspNetCore.Hosting.Diagnostics|CorrelationId=|Request starting HTTP/1.1 GET http://localhost:5176/api/v1/Loan - - - 
2026-08-29 00:16:54.8472|Info|Microsoft.AspNetCore.Authentication.JwtBearer.JwtBearerHandler|CorrelationId=b7b51b16-0499-4cb2-ae9a-1280c8bb3776|Failed to validate the token. Microsoft.IdentityModel.Tokens.SecurityTokenExpiredException: IDX10223: Lifetime validation failed. The token is expired. ValidTo (UTC): '8/28/2026 9:13:12 PM', Current time (UTC): '8/28/2026 9:16:54 PM'.
   at Microsoft.IdentityModel.Tokens.ValidatorUtilities.ValidateLifetime(Nullable`1 notBefore, Nullable`1 expires, SecurityToken securityToken, TokenValidationParameters validationParameters)
   at Microsoft.IdentityModel.Tokens.Validators.ValidateLifetime(Nullable`1 notBefore, Nullable`1 expires, SecurityToken securityToken, TokenValidationParameters validationParameters)
   at Microsoft.IdentityModel.JsonWebTokens.JsonWebTokenHandler.ValidateTokenPayloadAsync(JsonWebToken jsonWebToken, TokenValidationParameters validationParameters, BaseConfiguration configuration)
   at Microsoft.IdentityModel.JsonWebTokens.JsonWebTokenHandler.ValidateJWSAsync(JsonWebToken jsonWebToken, TokenValidationParameters validationParameters, BaseConfiguration configuration)
2026-08-29 00:16:54.8472|Info|Microsoft.AspNetCore.Authentication.JwtBearer.JwtBearerHandler|CorrelationId=b7b51b16-0499-4cb2-ae9a-1280c8bb3776|Bearer was not authenticated. Failure message: IDX10223: Lifetime validation failed. The token is expired. ValidTo (UTC): '8/28/2026 9:13:12 PM', Current time (UTC): '8/28/2026 9:16:54 PM'. 
2026-08-29 00:16:54.8472|Info|Microsoft.AspNetCore.Authorization.DefaultAuthorizationService|CorrelationId=b7b51b16-0499-4cb2-ae9a-1280c8bb3776|Authorization failed. These requirements were not met:
DenyAnonymousAuthorizationRequirement: Requires an authenticated user. 
2026-08-29 00:16:54.8472|Info|Microsoft.AspNetCore.Authentication.JwtBearer.JwtBearerHandler|CorrelationId=b7b51b16-0499-4cb2-ae9a-1280c8bb3776|AuthenticationScheme: Bearer was challenged. 
2026-08-29 00:16:54.8472|Info|Microsoft.AspNetCore.Hosting.Diagnostics|CorrelationId=|Request finished HTTP/1.1 GET http://localhost:5176/api/v1/Loan - 401 0 - 8.3422ms 
2026-08-29 00:17:11.2806|Info|Microsoft.AspNetCore.Hosting.Diagnostics|CorrelationId=|Request starting HTTP/1.1 GET http://localhost:5176/api/v1/Loan - - - 
2026-08-29 00:17:11.2806|Info|Microsoft.AspNetCore.Authorization.DefaultAuthorizationService|CorrelationId=6b365c37-bde9-4cdd-873a-7218e8b9c2cb|Authorization failed. These requirements were not met:
DenyAnonymousAuthorizationRequirement: Requires an authenticated user. 
2026-08-29 00:17:11.2806|Info|Microsoft.AspNetCore.Authentication.JwtBearer.JwtBearerHandler|CorrelationId=6b365c37-bde9-4cdd-873a-7218e8b9c2cb|AuthenticationScheme: Bearer was challenged. 
2026-08-29 00:17:11.2806|Info|Microsoft.AspNetCore.Hosting.Diagnostics|CorrelationId=|Request finished HTTP/1.1 GET http://localhost:5176/api/v1/Loan - 401 0 - 2.6287ms 
2026-08-29 00:17:18.7139|Info|Microsoft.AspNetCore.Hosting.Diagnostics|CorrelationId=|Request starting HTTP/1.1 GET http://localhost:5176/api/v1/Customers - - - 
2026-08-29 00:17:18.7139|Info|Microsoft.AspNetCore.Routing.EndpointMiddleware|CorrelationId=d0061eef-4e07-4744-8aaf-a79524d3cbbc|Executing endpoint 'SmartLoan.Api.Controllers.CustomersController.GetAll (SmartLoan.Api)' 
2026-08-29 00:17:18.7161|Info|Microsoft.AspNetCore.Mvc.Infrastructure.ControllerActionInvoker|CorrelationId=d0061eef-4e07-4744-8aaf-a79524d3cbbc|Route matched with {action = "GetAll", controller = "Customers"}. Executing controller action with signature System.Threading.Tasks.Task`1[Microsoft.AspNetCore.Mvc.ActionResult`1[SmartLoan.Application.Common.PagedResponse`1[SmartLoan.Application.Customers.CustomerDetailsDto]]] GetAll(SmartLoan.Application.Common.PagedRequest) on controller SmartLoan.Api.Controllers.CustomersController (SmartLoan.Api). 
2026-08-29 00:17:18.7161|Info|SmartLoan.Application.Common.Behaviors.LoggingBehavior|CorrelationId=d0061eef-4e07-4744-8aaf-a79524d3cbbc|smartloan Request:GetCustomersQuery starting... 
2026-08-29 00:17:18.7161|Info|Microsoft.EntityFrameworkCore.Database.Command|CorrelationId=d0061eef-4e07-4744-8aaf-a79524d3cbbc|Executed DbCommand (2ms) [Parameters=[], CommandType='Text', CommandTimeout='30']
SELECT count(*)::int
FROM "Customers" AS c
WHERE NOT (c."IsDeleted") 
2026-08-29 00:17:18.7161|Info|Microsoft.EntityFrameworkCore.Database.Command|CorrelationId=d0061eef-4e07-4744-8aaf-a79524d3cbbc|Executed DbCommand (3ms) [Parameters=[@p1='?' (DbType = Int32), @p='?' (DbType = Int32)], CommandType='Text', CommandTimeout='30']
SELECT c."Id", c."FullName", c."Phone", c."Address"
FROM "Customers" AS c
WHERE NOT (c."IsDeleted")
ORDER BY c."FullName"
LIMIT @p1 OFFSET @p 
2026-08-29 00:17:18.7327|Info|SmartLoan.Application.Common.Behaviors.LoggingBehavior|CorrelationId=d0061eef-4e07-4744-8aaf-a79524d3cbbc|Smarloan Request:GetCustomersQuery finished in 14ms 
2026-08-29 00:17:18.7327|Info|Microsoft.AspNetCore.Mvc.Infrastructure.ObjectResultExecutor|CorrelationId=d0061eef-4e07-4744-8aaf-a79524d3cbbc|Executing ObjectResult, writing value of type 'SmartLoan.Application.Common.PagedResponse`1[[SmartLoan.Application.Customers.CustomerDetailsDto, SmartLoan.Application, Version=1.0.0.0, Culture=neutral, PublicKeyToken=null]]'. 
2026-08-29 00:17:18.7327|Info|Microsoft.AspNetCore.Mvc.Infrastructure.ControllerActionInvoker|CorrelationId=d0061eef-4e07-4744-8aaf-a79524d3cbbc|Executed action SmartLoan.Api.Controllers.CustomersController.GetAll (SmartLoan.Api) in 18.9513ms 
2026-08-29 00:17:18.7327|Info|Microsoft.AspNetCore.Routing.EndpointMiddleware|CorrelationId=d0061eef-4e07-4744-8aaf-a79524d3cbbc|Executed endpoint 'SmartLoan.Api.Controllers.CustomersController.GetAll (SmartLoan.Api)' 
2026-08-29 00:17:18.7327|Info|Microsoft.AspNetCore.Hosting.Diagnostics|CorrelationId=|Request finished HTTP/1.1 GET http://localhost:5176/api/v1/Customers - 200 - application/json;+charset=utf-8 27.6052ms 
2026-08-29 00:17:37.2605|Info|Microsoft.AspNetCore.Hosting.Diagnostics|CorrelationId=|Request starting HTTP/1.1 GET http://localhost:5176/api/v1/Customers/6 - - - 
2026-08-29 00:17:37.2605|Info|Microsoft.AspNetCore.Routing.EndpointMiddleware|CorrelationId=1e857e7e-aaf8-4312-84a0-b730ac45e4aa|Executing endpoint 'SmartLoan.Api.Controllers.CustomersController.Get (SmartLoan.Api)' 
2026-08-29 00:17:37.3050|Info|Microsoft.AspNetCore.Mvc.Infrastructure.ControllerActionInvoker|CorrelationId=1e857e7e-aaf8-4312-84a0-b730ac45e4aa|Route matched with {action = "Get", controller = "Customers"}. Executing controller action with signature System.Threading.Tasks.Task`1[Microsoft.AspNetCore.Mvc.ActionResult`1[SmartLoan.Application.Customers.CustomerDetailsDto]] Get(Int32) on controller SmartLoan.Api.Controllers.CustomersController (SmartLoan.Api). 
2026-08-29 00:17:37.3233|Info|SmartLoan.Application.Common.Behaviors.LoggingBehavior|CorrelationId=1e857e7e-aaf8-4312-84a0-b730ac45e4aa|smartloan Request:GetCustomerByIdQuery starting... 
2026-08-29 00:17:37.4078|Info|Microsoft.EntityFrameworkCore.Database.Command|CorrelationId=1e857e7e-aaf8-4312-84a0-b730ac45e4aa|Executed DbCommand (2ms) [Parameters=[@request_Id='?' (DbType = Int32)], CommandType='Text', CommandTimeout='30']
SELECT c."Id", c."Address", c."FullName", c."IsDeleted", c."Phone"
FROM "Customers" AS c
WHERE NOT (c."IsDeleted") AND c."Id" = @request_Id
LIMIT 1 
2026-08-29 00:17:37.4130|Info|SmartLoan.Application.Common.Behaviors.LoggingBehavior|CorrelationId=1e857e7e-aaf8-4312-84a0-b730ac45e4aa|Smarloan Request:GetCustomerByIdQuery finished in 90ms 
2026-08-29 00:17:37.4130|Info|Microsoft.AspNetCore.Mvc.Infrastructure.ObjectResultExecutor|CorrelationId=1e857e7e-aaf8-4312-84a0-b730ac45e4aa|Executing OkObjectResult, writing value of type 'SmartLoan.Application.Customers.CustomerDetailsDto'. 
2026-08-29 00:17:37.4130|Info|Microsoft.AspNetCore.Mvc.Infrastructure.ControllerActionInvoker|CorrelationId=1e857e7e-aaf8-4312-84a0-b730ac45e4aa|Executed action SmartLoan.Api.Controllers.CustomersController.Get (SmartLoan.Api) in 112.304ms 
2026-08-29 00:17:37.4130|Info|Microsoft.AspNetCore.Routing.EndpointMiddleware|CorrelationId=1e857e7e-aaf8-4312-84a0-b730ac45e4aa|Executed endpoint 'SmartLoan.Api.Controllers.CustomersController.Get (SmartLoan.Api)' 
2026-08-29 00:17:37.4130|Info|Microsoft.AspNetCore.Hosting.Diagnostics|CorrelationId=|Request finished HTTP/1.1 GET http://localhost:5176/api/v1/Customers/6 - 200 - application/json;+charset=utf-8 158.9178ms 
2026-08-29 00:18:20.8546|Info|Microsoft.AspNetCore.Hosting.Diagnostics|CorrelationId=|Request starting HTTP/1.1 GET http://localhost:5176/scalar/ - - - 
2026-08-29 00:18:20.8546|Info|Microsoft.AspNetCore.Routing.EndpointMiddleware|CorrelationId=b11d48a6-fbd9-421f-97a4-fbf0c4356a46|Executing endpoint 'HTTP: GET /scalar/{documentName?}' 
2026-08-29 00:18:20.8546|Info|Microsoft.AspNetCore.Http.Result.ContentResult|CorrelationId=b11d48a6-fbd9-421f-97a4-fbf0c4356a46|Write content with HTTP Response ContentType of text/html 
2026-08-29 00:18:20.8572|Info|Microsoft.AspNetCore.Routing.EndpointMiddleware|CorrelationId=b11d48a6-fbd9-421f-97a4-fbf0c4356a46|Executed endpoint 'HTTP: GET /scalar/{documentName?}' 
2026-08-29 00:18:20.8572|Info|Microsoft.AspNetCore.Hosting.Diagnostics|CorrelationId=|Request finished HTTP/1.1 GET http://localhost:5176/scalar/ - 200 637 text/html 3.4736ms 
2026-08-29 00:18:20.9297|Info|Microsoft.AspNetCore.Hosting.Diagnostics|CorrelationId=|Request starting HTTP/1.1 GET http://localhost:5176/scalar/scalar.aspnetcore.js - - - 
2026-08-29 00:18:20.9297|Info|Microsoft.AspNetCore.Hosting.Diagnostics|CorrelationId=|Request starting HTTP/1.1 GET http://localhost:5176/scalar/scalar.js - - - 
2026-08-29 00:18:20.9297|Info|Microsoft.AspNetCore.Cors.Infrastructure.CorsService|CorrelationId=c0968f2d-f3db-496f-ad33-d4bb65d2e374|CORS policy execution failed. 
2026-08-29 00:18:20.9297|Info|Microsoft.AspNetCore.Routing.EndpointMiddleware|CorrelationId=3714c2e9-963c-4a60-be16-c2783606271b|Executing endpoint 'HTTP: GET /scalar/scalar.js' 
2026-08-29 00:18:20.9297|Info|Microsoft.AspNetCore.Cors.Infrastructure.CorsService|CorrelationId=c0968f2d-f3db-496f-ad33-d4bb65d2e374|Request origin http://localhost:5176 does not have permission to access the resource. 
2026-08-29 00:18:20.9297|Info|Microsoft.AspNetCore.Http.Result.FileStreamResult|CorrelationId=3714c2e9-963c-4a60-be16-c2783606271b|Sending file with download name ''. 
2026-08-29 00:18:20.9297|Info|Microsoft.AspNetCore.Routing.EndpointMiddleware|CorrelationId=c0968f2d-f3db-496f-ad33-d4bb65d2e374|Executing endpoint 'HTTP: GET /scalar/scalar.aspnetcore.js' 
2026-08-29 00:18:20.9297|Info|Microsoft.AspNetCore.Http.Result.FileStreamResult|CorrelationId=c0968f2d-f3db-496f-ad33-d4bb65d2e374|Sending file with download name ''. 
2026-08-29 00:18:20.9297|Info|Microsoft.AspNetCore.Routing.EndpointMiddleware|CorrelationId=3714c2e9-963c-4a60-be16-c2783606271b|Executed endpoint 'HTTP: GET /scalar/scalar.js' 
2026-08-29 00:18:20.9297|Info|Microsoft.AspNetCore.Routing.EndpointMiddleware|CorrelationId=c0968f2d-f3db-496f-ad33-d4bb65d2e374|Executed endpoint 'HTTP: GET /scalar/scalar.aspnetcore.js' 
2026-08-29 00:18:20.9297|Info|Microsoft.AspNetCore.Hosting.Diagnostics|CorrelationId=|Request finished HTTP/1.1 GET http://localhost:5176/scalar/scalar.js - 304 - - 1.1968ms 
2026-08-29 00:18:20.9297|Info|Microsoft.AspNetCore.Hosting.Diagnostics|CorrelationId=|Request finished HTTP/1.1 GET http://localhost:5176/scalar/scalar.aspnetcore.js - 304 - - 1.6012ms 
2026-08-29 00:18:21.8923|Info|Microsoft.AspNetCore.Hosting.Diagnostics|CorrelationId=|Request starting HTTP/1.1 GET http://localhost:5176/openapi/v1.json - - - 
2026-08-29 00:18:21.8923|Info|Microsoft.AspNetCore.Routing.EndpointMiddleware|CorrelationId=f3fb1d33-5be3-4496-8d3f-1c5131bc3916|Executing endpoint 'HTTP: GET /openapi/{documentName}.json' 
2026-08-29 00:18:21.9340|Info|Microsoft.AspNetCore.Routing.EndpointMiddleware|CorrelationId=f3fb1d33-5be3-4496-8d3f-1c5131bc3916|Executed endpoint 'HTTP: GET /openapi/{documentName}.json' 
2026-08-29 00:18:21.9390|Info|Microsoft.AspNetCore.Hosting.Diagnostics|CorrelationId=|Request finished HTTP/1.1 GET http://localhost:5176/openapi/v1.json - 200 - application/json;charset=utf-8 46.6428ms 
2026-08-29 00:18:31.7541|Info|Microsoft.AspNetCore.Hosting.Diagnostics|CorrelationId=|Request starting HTTP/1.1 GET http://localhost:5176/api/v1/Customers - - - 
2026-08-29 00:18:31.7541|Info|Microsoft.AspNetCore.Routing.EndpointMiddleware|CorrelationId=93dce933-752a-43e7-8b73-fbe10341feed|Executing endpoint 'SmartLoan.Api.Controllers.CustomersController.GetAll (SmartLoan.Api)' 
2026-08-29 00:18:31.7541|Info|Microsoft.AspNetCore.Mvc.Infrastructure.ControllerActionInvoker|CorrelationId=93dce933-752a-43e7-8b73-fbe10341feed|Route matched with {action = "GetAll", controller = "Customers"}. Executing controller action with signature System.Threading.Tasks.Task`1[Microsoft.AspNetCore.Mvc.ActionResult`1[SmartLoan.Application.Common.PagedResponse`1[SmartLoan.Application.Customers.CustomerDetailsDto]]] GetAll(SmartLoan.Application.Common.PagedRequest) on controller SmartLoan.Api.Controllers.CustomersController (SmartLoan.Api). 
2026-08-29 00:18:31.7541|Info|SmartLoan.Application.Common.Behaviors.LoggingBehavior|CorrelationId=93dce933-752a-43e7-8b73-fbe10341feed|smartloan Request:GetCustomersQuery starting... 
2026-08-29 00:18:31.9794|Info|Microsoft.EntityFrameworkCore.Database.Command|CorrelationId=93dce933-752a-43e7-8b73-fbe10341feed|Executed DbCommand (13ms) [Parameters=[], CommandType='Text', CommandTimeout='30']
SELECT count(*)::int
FROM "Customers" AS c
WHERE NOT (c."IsDeleted") 
2026-08-29 00:18:31.9858|Info|Microsoft.EntityFrameworkCore.Database.Command|CorrelationId=93dce933-752a-43e7-8b73-fbe10341feed|Executed DbCommand (4ms) [Parameters=[@p1='?' (DbType = Int32), @p='?' (DbType = Int32)], CommandType='Text', CommandTimeout='30']
SELECT c."Id", c."FullName", c."Phone", c."Address"
FROM "Customers" AS c
WHERE NOT (c."IsDeleted")
ORDER BY c."FullName"
LIMIT @p1 OFFSET @p 
2026-08-29 00:18:31.9858|Info|SmartLoan.Application.Common.Behaviors.LoggingBehavior|CorrelationId=93dce933-752a-43e7-8b73-fbe10341feed|Smarloan Request:GetCustomersQuery finished in 227ms 
2026-08-29 00:18:31.9858|Info|Microsoft.AspNetCore.Mvc.Infrastructure.ObjectResultExecutor|CorrelationId=93dce933-752a-43e7-8b73-fbe10341feed|Executing ObjectResult, writing value of type 'SmartLoan.Application.Common.PagedResponse`1[[SmartLoan.Application.Customers.CustomerDetailsDto, SmartLoan.Application, Version=1.0.0.0, Culture=neutral, PublicKeyToken=null]]'. 
2026-08-29 00:18:31.9858|Info|Microsoft.AspNetCore.Mvc.Infrastructure.ControllerActionInvoker|CorrelationId=93dce933-752a-43e7-8b73-fbe10341feed|Executed action SmartLoan.Api.Controllers.CustomersController.GetAll (SmartLoan.Api) in 231.2235ms 
2026-08-29 00:18:31.9858|Info|Microsoft.AspNetCore.Routing.EndpointMiddleware|CorrelationId=93dce933-752a-43e7-8b73-fbe10341feed|Executed endpoint 'SmartLoan.Api.Controllers.CustomersController.GetAll (SmartLoan.Api)' 
2026-08-29 00:18:31.9858|Info|Microsoft.AspNetCore.Hosting.Diagnostics|CorrelationId=|Request finished HTTP/1.1 GET http://localhost:5176/api/v1/Customers - 200 - application/json;+charset=utf-8 235.5191ms 
2026-08-29 00:19:20.5867|Info|Microsoft.AspNetCore.Hosting.Diagnostics|CorrelationId=|Request starting HTTP/1.1 GET http://localhost:5176/scalar/ - - - 
2026-08-29 00:19:20.5867|Info|Microsoft.AspNetCore.Routing.EndpointMiddleware|CorrelationId=e8b39dce-0735-405b-92a9-cdc857a7d19d|Executing endpoint 'HTTP: GET /scalar/{documentName?}' 
2026-08-29 00:19:20.5867|Info|Microsoft.AspNetCore.Http.Result.ContentResult|CorrelationId=e8b39dce-0735-405b-92a9-cdc857a7d19d|Write content with HTTP Response ContentType of text/html 
2026-08-29 00:19:20.5867|Info|Microsoft.AspNetCore.Routing.EndpointMiddleware|CorrelationId=e8b39dce-0735-405b-92a9-cdc857a7d19d|Executed endpoint 'HTTP: GET /scalar/{documentName?}' 
2026-08-29 00:19:20.5867|Info|Microsoft.AspNetCore.Hosting.Diagnostics|CorrelationId=|Request finished HTTP/1.1 GET http://localhost:5176/scalar/ - 200 637 text/html 2.5019ms 
2026-08-29 00:19:20.7179|Info|Microsoft.AspNetCore.Hosting.Diagnostics|CorrelationId=|Request starting HTTP/1.1 GET http://localhost:5176/scalar/scalar.js - - - 
2026-08-29 00:19:20.7179|Info|Microsoft.AspNetCore.Routing.EndpointMiddleware|CorrelationId=913543bf-4cbf-4aa3-ac61-8688949c635d|Executing endpoint 'HTTP: GET /scalar/scalar.js' 
2026-08-29 00:19:20.7179|Info|Microsoft.AspNetCore.Hosting.Diagnostics|CorrelationId=|Request starting HTTP/1.1 GET http://localhost:5176/scalar/scalar.aspnetcore.js - - - 
2026-08-29 00:19:20.7179|Info|Microsoft.AspNetCore.Http.Result.FileStreamResult|CorrelationId=913543bf-4cbf-4aa3-ac61-8688949c635d|Sending file with download name ''. 
2026-08-29 00:19:20.7179|Info|Microsoft.AspNetCore.Cors.Infrastructure.CorsService|CorrelationId=822fec95-0f13-436e-af1f-13b5461b224b|CORS policy execution failed. 
2026-08-29 00:19:20.7179|Info|Microsoft.AspNetCore.Routing.EndpointMiddleware|CorrelationId=913543bf-4cbf-4aa3-ac61-8688949c635d|Executed endpoint 'HTTP: GET /scalar/scalar.js' 
2026-08-29 00:19:20.7179|Info|Microsoft.AspNetCore.Cors.Infrastructure.CorsService|CorrelationId=822fec95-0f13-436e-af1f-13b5461b224b|Request origin http://localhost:5176 does not have permission to access the resource. 
2026-08-29 00:19:20.7179|Info|Microsoft.AspNetCore.Hosting.Diagnostics|CorrelationId=|Request finished HTTP/1.1 GET http://localhost:5176/scalar/scalar.js - 304 - - 2.3582ms 
2026-08-29 00:19:20.7179|Info|Microsoft.AspNetCore.Routing.EndpointMiddleware|CorrelationId=822fec95-0f13-436e-af1f-13b5461b224b|Executing endpoint 'HTTP: GET /scalar/scalar.aspnetcore.js' 
2026-08-29 00:19:20.7179|Info|Microsoft.AspNetCore.Http.Result.FileStreamResult|CorrelationId=822fec95-0f13-436e-af1f-13b5461b224b|Sending file with download name ''. 
2026-08-29 00:19:20.7179|Info|Microsoft.AspNetCore.Routing.EndpointMiddleware|CorrelationId=822fec95-0f13-436e-af1f-13b5461b224b|Executed endpoint 'HTTP: GET /scalar/scalar.aspnetcore.js' 
2026-08-29 00:19:20.7179|Info|Microsoft.AspNetCore.Hosting.Diagnostics|CorrelationId=|Request finished HTTP/1.1 GET http://localhost:5176/scalar/scalar.aspnetcore.js - 304 - - 2.6186ms 
2026-08-29 00:19:20.8524|Info|Microsoft.AspNetCore.Hosting.Diagnostics|CorrelationId=|Request starting HTTP/1.1 GET http://localhost:5176/openapi/v1.json - - - 
2026-08-29 00:19:20.8524|Info|Microsoft.AspNetCore.Routing.EndpointMiddleware|CorrelationId=cf4e1c32-1166-48e6-b65a-445390742ff8|Executing endpoint 'HTTP: GET /openapi/{documentName}.json' 
2026-08-29 00:19:20.8788|Info|Microsoft.AspNetCore.Routing.EndpointMiddleware|CorrelationId=cf4e1c32-1166-48e6-b65a-445390742ff8|Executed endpoint 'HTTP: GET /openapi/{documentName}.json' 
2026-08-29 00:19:20.8788|Info|Microsoft.AspNetCore.Hosting.Diagnostics|CorrelationId=|Request finished HTTP/1.1 GET http://localhost:5176/openapi/v1.json - 200 - application/json;charset=utf-8 26.7304ms 
2026-08-29 00:19:22.0675|Info|Microsoft.AspNetCore.Hosting.Diagnostics|CorrelationId=|Request starting HTTP/1.1 GET http://localhost:5176/scalar/favicon.svg - - - 
2026-08-29 00:19:22.0675|Info|Microsoft.AspNetCore.Routing.EndpointMiddleware|CorrelationId=bf973569-04f3-4afb-9cf8-97c09421efea|Executing endpoint 'HTTP: GET /scalar/favicon.svg' 
2026-08-29 00:19:22.0675|Info|Microsoft.AspNetCore.Http.Result.FileStreamResult|CorrelationId=bf973569-04f3-4afb-9cf8-97c09421efea|Sending file with download name ''. 
2026-08-29 00:19:22.0675|Info|Microsoft.AspNetCore.Routing.EndpointMiddleware|CorrelationId=bf973569-04f3-4afb-9cf8-97c09421efea|Executed endpoint 'HTTP: GET /scalar/favicon.svg' 
2026-08-29 00:19:22.0675|Info|Microsoft.AspNetCore.Hosting.Diagnostics|CorrelationId=|Request finished HTTP/1.1 GET http://localhost:5176/scalar/favicon.svg - 304 - - 1.5195ms 
2026-08-29 00:19:26.0432|Info|Microsoft.AspNetCore.Hosting.Diagnostics|CorrelationId=|Request starting HTTP/1.1 GET http://localhost:5176/api/v1/Customers - - - 
2026-08-29 00:19:26.0444|Info|Microsoft.AspNetCore.Routing.EndpointMiddleware|CorrelationId=ba1c3989-5773-411d-bff2-4628bcbd5caf|Executing endpoint 'SmartLoan.Api.Controllers.CustomersController.GetAll (SmartLoan.Api)' 
2026-08-29 00:19:26.0444|Info|Microsoft.AspNetCore.Mvc.Infrastructure.ControllerActionInvoker|CorrelationId=ba1c3989-5773-411d-bff2-4628bcbd5caf|Route matched with {action = "GetAll", controller = "Customers"}. Executing controller action with signature System.Threading.Tasks.Task`1[Microsoft.AspNetCore.Mvc.ActionResult`1[SmartLoan.Application.Common.PagedResponse`1[SmartLoan.Application.Customers.CustomerDetailsDto]]] GetAll(SmartLoan.Application.Common.PagedRequest) on controller SmartLoan.Api.Controllers.CustomersController (SmartLoan.Api). 
2026-08-29 00:19:26.0444|Info|SmartLoan.Application.Common.Behaviors.LoggingBehavior|CorrelationId=ba1c3989-5773-411d-bff2-4628bcbd5caf|smartloan Request:GetCustomersQuery starting... 
2026-08-29 00:19:26.0444|Info|Microsoft.EntityFrameworkCore.Database.Command|CorrelationId=ba1c3989-5773-411d-bff2-4628bcbd5caf|Executed DbCommand (2ms) [Parameters=[], CommandType='Text', CommandTimeout='30']
SELECT count(*)::int
FROM "Customers" AS c
WHERE NOT (c."IsDeleted") 
2026-08-29 00:19:26.0444|Info|Microsoft.EntityFrameworkCore.Database.Command|CorrelationId=ba1c3989-5773-411d-bff2-4628bcbd5caf|Executed DbCommand (2ms) [Parameters=[@p1='?' (DbType = Int32), @p='?' (DbType = Int32)], CommandType='Text', CommandTimeout='30']
SELECT c."Id", c."FullName", c."Phone", c."Address"
FROM "Customers" AS c
WHERE NOT (c."IsDeleted")
ORDER BY c."FullName"
LIMIT @p1 OFFSET @p 
2026-08-29 00:19:26.0444|Info|SmartLoan.Application.Common.Behaviors.LoggingBehavior|CorrelationId=ba1c3989-5773-411d-bff2-4628bcbd5caf|Smarloan Request:GetCustomersQuery finished in 10ms 
2026-08-29 00:19:26.0444|Info|Microsoft.AspNetCore.Mvc.Infrastructure.ObjectResultExecutor|CorrelationId=ba1c3989-5773-411d-bff2-4628bcbd5caf|Executing ObjectResult, writing value of type 'SmartLoan.Application.Common.PagedResponse`1[[SmartLoan.Application.Customers.CustomerDetailsDto, SmartLoan.Application, Version=1.0.0.0, Culture=neutral, PublicKeyToken=null]]'. 
2026-08-29 00:19:26.0610|Info|Microsoft.AspNetCore.Mvc.Infrastructure.ControllerActionInvoker|CorrelationId=ba1c3989-5773-411d-bff2-4628bcbd5caf|Executed action SmartLoan.Api.Controllers.CustomersController.GetAll (SmartLoan.Api) in 13.8491ms 
2026-08-29 00:19:26.0610|Info|Microsoft.AspNetCore.Routing.EndpointMiddleware|CorrelationId=ba1c3989-5773-411d-bff2-4628bcbd5caf|Executed endpoint 'SmartLoan.Api.Controllers.CustomersController.GetAll (SmartLoan.Api)' 
2026-08-29 00:19:26.0610|Info|Microsoft.AspNetCore.Hosting.Diagnostics|CorrelationId=|Request finished HTTP/1.1 GET http://localhost:5176/api/v1/Customers - 200 - application/json;+charset=utf-8 19.3228ms 
2026-08-29 00:19:35.9283|Info|Microsoft.Hosting.Lifetime|CorrelationId=|Application is shutting down... 
2026-08-29 00:19:51.8974|Warn|Microsoft.EntityFrameworkCore.Model.Validation|CorrelationId=|Entity 'LoanApplication' has a global query filter defined and is the required end of a relationship with the entity 'Payment'. This may lead to unexpected results when the required entity is filtered out. Either configure the navigation as optional, or define matching query filters for both entities in the navigation. See https://go.microsoft.com/fwlink/?linkid=2131316 for more information. 
2026-08-29 00:19:52.6605|Info|Microsoft.EntityFrameworkCore.Database.Command|CorrelationId=|Executed DbCommand (55ms) [Parameters=[], CommandType='Text', CommandTimeout='30']
SELECT "MigrationId", "ProductVersion"
FROM "__EFMigrationsHistory"
ORDER BY "MigrationId"; 
2026-08-29 00:19:53.0257|Info|Microsoft.EntityFrameworkCore.Database.Command|CorrelationId=|Executed DbCommand (14ms) [Parameters=[], CommandType='Text', CommandTimeout='30']
SELECT 1 
2026-08-29 00:19:53.1509|Info|Microsoft.EntityFrameworkCore.Database.Command|CorrelationId=|Executed DbCommand (8ms) [Parameters=[], CommandType='Text', CommandTimeout='30']
CREATE TABLE IF NOT EXISTS "__EFMigrationsHistory" (
    "MigrationId" character varying(150) NOT NULL,
    "ProductVersion" character varying(32) NOT NULL,
    CONSTRAINT "PK___EFMigrationsHistory" PRIMARY KEY ("MigrationId")
); 
2026-08-29 00:19:53.1875|Info|Microsoft.EntityFrameworkCore.Database.Command|CorrelationId=|Executed DbCommand (1ms) [Parameters=[], CommandType='Text', CommandTimeout='30']
LOCK TABLE "__EFMigrationsHistory" IN ACCESS EXCLUSIVE MODE 
2026-08-29 00:19:53.1875|Info|Microsoft.EntityFrameworkCore.Database.Command|CorrelationId=|Executed DbCommand (3ms) [Parameters=[], CommandType='Text', CommandTimeout='30']
SELECT "MigrationId", "ProductVersion"
FROM "__EFMigrationsHistory"
ORDER BY "MigrationId"; 
2026-08-29 00:19:53.2108|Info|Microsoft.EntityFrameworkCore.Migrations|CorrelationId=|No migrations were applied. The database is already up to date. 
2026-08-29 00:19:53.7363|Info|Microsoft.EntityFrameworkCore.Database.Command|CorrelationId=|Executed DbCommand (3ms) [Parameters=[], CommandType='Text', CommandTimeout='30']
SELECT EXISTS (
    SELECT 1
    FROM "Users" AS u
    WHERE u."Email" = 'admin@loan.com') 
2026-08-29 00:19:54.0294|Info|Microsoft.AspNetCore.DataProtection.KeyManagement.XmlKeyManager|CorrelationId=|User profile is available. Using 'C:\Users\isaac\AppData\Local\ASP.NET\DataProtection-Keys' as key repository and Windows DPAPI to encrypt keys at rest. 
2026-08-29 00:19:54.0509|Info|SmartLoan.Infrastructure.BackgroundJobs.ReportWorker|CorrelationId=|Report Worker is starting... 
2026-08-29 00:19:54.1661|Info|Microsoft.Hosting.Lifetime|CorrelationId=|Now listening on: http://localhost:5176 
2026-08-29 00:19:54.1661|Info|Microsoft.Hosting.Lifetime|CorrelationId=|Application started. Press Ctrl+C to shut down. 
2026-08-29 00:19:54.1661|Info|Microsoft.Hosting.Lifetime|CorrelationId=|Hosting environment: Development 
2026-08-29 00:19:54.1661|Info|Microsoft.Hosting.Lifetime|CorrelationId=|Content root path: D:\isaac\educational purpose only\.net\kyas pro\SmartLoanTracker\smartloan.api 
2026-08-29 00:19:59.5705|Info|Microsoft.AspNetCore.Hosting.Diagnostics|CorrelationId=|Request starting HTTP/1.1 GET http://localhost:5176/scalar/ - - - 
2026-08-29 00:19:59.5884|Warn|Microsoft.AspNetCore.HttpsPolicy.HttpsRedirectionMiddleware|CorrelationId=92bdf930-bc79-4b9f-bba8-5f2be4329e73|Failed to determine the https port for redirect. 
2026-08-29 00:19:59.8052|Info|Microsoft.AspNetCore.Routing.EndpointMiddleware|CorrelationId=92bdf930-bc79-4b9f-bba8-5f2be4329e73|Executing endpoint 'HTTP: GET /scalar/{documentName?}' 
2026-08-29 00:20:00.2479|Info|Microsoft.AspNetCore.Http.Result.ContentResult|CorrelationId=92bdf930-bc79-4b9f-bba8-5f2be4329e73|Write content with HTTP Response ContentType of text/html 
2026-08-29 00:20:00.2566|Info|Microsoft.AspNetCore.Routing.EndpointMiddleware|CorrelationId=92bdf930-bc79-4b9f-bba8-5f2be4329e73|Executed endpoint 'HTTP: GET /scalar/{documentName?}' 
2026-08-29 00:20:00.2566|Info|Microsoft.AspNetCore.Hosting.Diagnostics|CorrelationId=|Request finished HTTP/1.1 GET http://localhost:5176/scalar/ - 200 637 text/html 695.8815ms 
2026-08-29 00:20:00.3325|Info|Microsoft.AspNetCore.Hosting.Diagnostics|CorrelationId=|Request starting HTTP/1.1 GET http://localhost:5176/scalar/scalar.aspnetcore.js - - - 
2026-08-29 00:20:00.3325|Info|Microsoft.AspNetCore.Hosting.Diagnostics|CorrelationId=|Request starting HTTP/1.1 GET http://localhost:5176/scalar/scalar.js - - - 
2026-08-29 00:20:00.3325|Info|Microsoft.AspNetCore.Cors.Infrastructure.CorsService|CorrelationId=cdc14729-dc0b-4058-9418-a3c349ba733e|CORS policy execution failed. 
2026-08-29 00:20:00.3325|Info|Microsoft.AspNetCore.Cors.Infrastructure.CorsService|CorrelationId=cdc14729-dc0b-4058-9418-a3c349ba733e|Request origin http://localhost:5176 does not have permission to access the resource. 
2026-08-29 00:20:00.3325|Info|Microsoft.AspNetCore.Routing.EndpointMiddleware|CorrelationId=2805d0ab-1546-4d31-a0aa-e15aa4c0f326|Executing endpoint 'HTTP: GET /scalar/scalar.js' 
2026-08-29 00:20:00.3471|Info|Microsoft.AspNetCore.Routing.EndpointMiddleware|CorrelationId=cdc14729-dc0b-4058-9418-a3c349ba733e|Executing endpoint 'HTTP: GET /scalar/scalar.aspnetcore.js' 
2026-08-29 00:20:00.3471|Info|Microsoft.AspNetCore.Http.Result.FileStreamResult|CorrelationId=cdc14729-dc0b-4058-9418-a3c349ba733e|Sending file with download name ''. 
2026-08-29 00:20:00.3471|Info|Microsoft.AspNetCore.Routing.EndpointMiddleware|CorrelationId=cdc14729-dc0b-4058-9418-a3c349ba733e|Executed endpoint 'HTTP: GET /scalar/scalar.aspnetcore.js' 
2026-08-29 00:20:00.3594|Info|Microsoft.AspNetCore.Hosting.Diagnostics|CorrelationId=|Request finished HTTP/1.1 GET http://localhost:5176/scalar/scalar.aspnetcore.js - 304 - - 26.8783ms 
2026-08-29 00:20:00.3594|Info|Microsoft.AspNetCore.Http.Result.FileStreamResult|CorrelationId=2805d0ab-1546-4d31-a0aa-e15aa4c0f326|Sending file with download name ''. 
2026-08-29 00:20:00.3594|Info|Microsoft.AspNetCore.Routing.EndpointMiddleware|CorrelationId=2805d0ab-1546-4d31-a0aa-e15aa4c0f326|Executed endpoint 'HTTP: GET /scalar/scalar.js' 
2026-08-29 00:20:00.3594|Info|Microsoft.AspNetCore.Hosting.Diagnostics|CorrelationId=|Request finished HTTP/1.1 GET http://localhost:5176/scalar/scalar.js - 304 - - 32.8120ms 
2026-08-29 00:20:00.5390|Info|Microsoft.AspNetCore.Hosting.Diagnostics|CorrelationId=|Request starting HTTP/1.1 GET http://localhost:5176/openapi/v1.json - - - 
2026-08-29 00:20:00.5390|Info|Microsoft.AspNetCore.Routing.EndpointMiddleware|CorrelationId=97f68664-c8a6-463c-a3fa-fa86715ef3b3|Executing endpoint 'HTTP: GET /openapi/{documentName}.json' 
2026-08-29 00:20:00.7089|Info|Microsoft.AspNetCore.Hosting.Diagnostics|CorrelationId=|Request starting HTTP/1.1 GET http://localhost:5176/scalar/favicon.svg - - - 
2026-08-29 00:20:00.7089|Info|Microsoft.AspNetCore.Routing.EndpointMiddleware|CorrelationId=96e517d7-270e-459e-9ef7-784ef0c2b6c8|Executing endpoint 'HTTP: GET /scalar/favicon.svg' 
2026-08-29 00:20:00.7089|Info|Microsoft.AspNetCore.Http.Result.FileStreamResult|CorrelationId=96e517d7-270e-459e-9ef7-784ef0c2b6c8|Sending file with download name ''. 
2026-08-29 00:20:00.7089|Info|Microsoft.AspNetCore.Routing.EndpointMiddleware|CorrelationId=96e517d7-270e-459e-9ef7-784ef0c2b6c8|Executed endpoint 'HTTP: GET /scalar/favicon.svg' 
2026-08-29 00:20:00.7089|Info|Microsoft.AspNetCore.Hosting.Diagnostics|CorrelationId=|Request finished HTTP/1.1 GET http://localhost:5176/scalar/favicon.svg - 304 - - 3.7640ms 
2026-08-29 00:20:01.1766|Info|Microsoft.AspNetCore.Routing.EndpointMiddleware|CorrelationId=97f68664-c8a6-463c-a3fa-fa86715ef3b3|Executed endpoint 'HTTP: GET /openapi/{documentName}.json' 
2026-08-29 00:20:01.1766|Info|Microsoft.AspNetCore.Hosting.Diagnostics|CorrelationId=|Request finished HTTP/1.1 GET http://localhost:5176/openapi/v1.json - 200 - application/json;charset=utf-8 640.5777ms 
2026-08-29 00:20:05.7638|Info|Microsoft.AspNetCore.Hosting.Diagnostics|CorrelationId=|Request starting HTTP/1.1 GET http://localhost:5176/api/v1/Customers - - - 
2026-08-29 00:20:05.8306|Info|Microsoft.AspNetCore.Authorization.DefaultAuthorizationService|CorrelationId=d9c92d5e-ed12-4bc5-a70c-8a3c5d342e64|Authorization failed. These requirements were not met:
RolesAuthorizationRequirement:User.IsInRole must be true for one of the following roles: (Administrator) 
2026-08-29 00:20:05.8480|Info|Microsoft.AspNetCore.Authentication.JwtBearer.JwtBearerHandler|CorrelationId=d9c92d5e-ed12-4bc5-a70c-8a3c5d342e64|AuthenticationScheme: Bearer was challenged. 
2026-08-29 00:20:05.8480|Info|Microsoft.AspNetCore.Hosting.Diagnostics|CorrelationId=|Request finished HTTP/1.1 GET http://localhost:5176/api/v1/Customers - 401 0 - 85.4237ms 
2026-08-29 00:20:15.1339|Info|Microsoft.AspNetCore.Hosting.Diagnostics|CorrelationId=|Request starting HTTP/1.1 GET http://localhost:5176/api/v1/customers?pageNumber=1&pageSize=10&search= - - - 
2026-08-29 00:20:15.1461|Info|Microsoft.AspNetCore.Authorization.DefaultAuthorizationService|CorrelationId=75c715ab-fbd5-4a75-afff-5d6aaf0f07ab|Authorization failed. These requirements were not met:
RolesAuthorizationRequirement:User.IsInRole must be true for one of the following roles: (Administrator) 
2026-08-29 00:20:15.1461|Info|Microsoft.AspNetCore.Authentication.JwtBearer.JwtBearerHandler|CorrelationId=75c715ab-fbd5-4a75-afff-5d6aaf0f07ab|AuthenticationScheme: Bearer was challenged. 
2026-08-29 00:20:15.1461|Info|Microsoft.AspNetCore.Hosting.Diagnostics|CorrelationId=|Request finished HTTP/1.1 GET http://localhost:5176/api/v1/customers?pageNumber=1&pageSize=10&search= - 401 0 - 15.0688ms 
2026-08-29 00:20:18.1856|Info|Microsoft.AspNetCore.Hosting.Diagnostics|CorrelationId=|Request starting HTTP/1.1 GET http://localhost:5176/api/v1/customers?pageNumber=1&pageSize=10&search= - - - 
2026-08-29 00:20:18.1856|Info|Microsoft.AspNetCore.Authorization.DefaultAuthorizationService|CorrelationId=c24743da-ad56-4e7f-80be-aab3d33c4027|Authorization failed. These requirements were not met:
RolesAuthorizationRequirement:User.IsInRole must be true for one of the following roles: (Administrator) 
2026-08-29 00:20:18.1856|Info|Microsoft.AspNetCore.Authentication.JwtBearer.JwtBearerHandler|CorrelationId=c24743da-ad56-4e7f-80be-aab3d33c4027|AuthenticationScheme: Bearer was challenged. 
2026-08-29 00:20:18.1856|Info|Microsoft.AspNetCore.Hosting.Diagnostics|CorrelationId=|Request finished HTTP/1.1 GET http://localhost:5176/api/v1/customers?pageNumber=1&pageSize=10&search= - 401 0 - 6.0320ms 
2026-08-29 00:20:19.5874|Info|Microsoft.AspNetCore.Hosting.Diagnostics|CorrelationId=|Request starting HTTP/1.1 GET http://localhost:5176/api/v1/customers?pageNumber=1&pageSize=10&search= - - - 
2026-08-29 00:20:19.5874|Info|Microsoft.AspNetCore.Authorization.DefaultAuthorizationService|CorrelationId=3249b6a7-bb30-44ff-a0d3-68a73506b7bc|Authorization failed. These requirements were not met:
RolesAuthorizationRequirement:User.IsInRole must be true for one of the following roles: (Administrator) 
2026-08-29 00:20:19.5874|Info|Microsoft.AspNetCore.Authentication.JwtBearer.JwtBearerHandler|CorrelationId=3249b6a7-bb30-44ff-a0d3-68a73506b7bc|AuthenticationScheme: Bearer was challenged. 
2026-08-29 00:20:19.5874|Info|Microsoft.AspNetCore.Hosting.Diagnostics|CorrelationId=|Request finished HTTP/1.1 GET http://localhost:5176/api/v1/customers?pageNumber=1&pageSize=10&search= - 401 0 - 3.7545ms 
2026-08-29 00:20:21.0386|Info|Microsoft.AspNetCore.Hosting.Diagnostics|CorrelationId=|Request starting HTTP/1.1 GET http://localhost:5176/api/v1/customers?pageNumber=1&pageSize=10&search= - - - 
2026-08-29 00:20:21.0386|Info|Microsoft.AspNetCore.Authorization.DefaultAuthorizationService|CorrelationId=23c27277-8e7e-4471-98e0-d2ca8b727bb2|Authorization failed. These requirements were not met:
RolesAuthorizationRequirement:User.IsInRole must be true for one of the following roles: (Administrator) 
2026-08-29 00:20:21.0447|Info|Microsoft.AspNetCore.Authentication.JwtBearer.JwtBearerHandler|CorrelationId=23c27277-8e7e-4471-98e0-d2ca8b727bb2|AuthenticationScheme: Bearer was challenged. 
2026-08-29 00:20:21.0447|Info|Microsoft.AspNetCore.Hosting.Diagnostics|CorrelationId=|Request finished HTTP/1.1 GET http://localhost:5176/api/v1/customers?pageNumber=1&pageSize=10&search= - 401 0 - 6.7768ms 
2026-08-29 00:20:22.3593|Info|Microsoft.AspNetCore.Hosting.Diagnostics|CorrelationId=|Request starting HTTP/1.1 GET http://localhost:5176/api/v1/customers?pageNumber=1&pageSize=10&search= - - - 
2026-08-29 00:20:22.3593|Info|Microsoft.AspNetCore.Authorization.DefaultAuthorizationService|CorrelationId=73f5cf05-3390-4e8a-9d25-8d1779c45374|Authorization failed. These requirements were not met:
RolesAuthorizationRequirement:User.IsInRole must be true for one of the following roles: (Administrator) 
2026-08-29 00:20:22.3593|Info|Microsoft.AspNetCore.Authentication.JwtBearer.JwtBearerHandler|CorrelationId=73f5cf05-3390-4e8a-9d25-8d1779c45374|AuthenticationScheme: Bearer was challenged. 
2026-08-29 00:20:22.3593|Info|Microsoft.AspNetCore.Hosting.Diagnostics|CorrelationId=|Request finished HTTP/1.1 GET http://localhost:5176/api/v1/customers?pageNumber=1&pageSize=10&search= - 401 0 - 2.0180ms 
2026-08-29 00:20:24.0194|Info|Microsoft.AspNetCore.Hosting.Diagnostics|CorrelationId=|Request starting HTTP/1.1 GET http://localhost:5176/api/v1/customers?pageNumber=1&pageSize=10&search= - - - 
2026-08-29 00:20:24.0194|Info|Microsoft.AspNetCore.Authorization.DefaultAuthorizationService|CorrelationId=300dae25-50f6-4714-ac8c-d516d79de444|Authorization failed. These requirements were not met:
RolesAuthorizationRequirement:User.IsInRole must be true for one of the following roles: (Administrator) 
2026-08-29 00:20:24.0194|Info|Microsoft.AspNetCore.Authentication.JwtBearer.JwtBearerHandler|CorrelationId=300dae25-50f6-4714-ac8c-d516d79de444|AuthenticationScheme: Bearer was challenged. 
2026-08-29 00:20:24.0194|Info|Microsoft.AspNetCore.Hosting.Diagnostics|CorrelationId=|Request finished HTTP/1.1 GET http://localhost:5176/api/v1/customers?pageNumber=1&pageSize=10&search= - 401 0 - 3.5345ms 
2026-08-29 00:20:24.9623|Info|Microsoft.AspNetCore.Hosting.Diagnostics|CorrelationId=|Request starting HTTP/1.1 GET http://localhost:5176/api/v1/customers?pageNumber=1&pageSize=10&search= - - - 
2026-08-29 00:20:24.9623|Info|Microsoft.AspNetCore.Authorization.DefaultAuthorizationService|CorrelationId=96824b94-9f79-4d6c-af4a-7e7f79c49bb5|Authorization failed. These requirements were not met:
RolesAuthorizationRequirement:User.IsInRole must be true for one of the following roles: (Administrator) 
2026-08-29 00:20:24.9623|Info|Microsoft.AspNetCore.Authentication.JwtBearer.JwtBearerHandler|CorrelationId=96824b94-9f79-4d6c-af4a-7e7f79c49bb5|AuthenticationScheme: Bearer was challenged. 
2026-08-29 00:20:24.9623|Info|Microsoft.AspNetCore.Hosting.Diagnostics|CorrelationId=|Request finished HTTP/1.1 GET http://localhost:5176/api/v1/customers?pageNumber=1&pageSize=10&search= - 401 0 - 2.8217ms 
2026-08-29 00:22:29.5157|Info|Microsoft.AspNetCore.Hosting.Diagnostics|CorrelationId=|Request starting HTTP/1.1 GET http://localhost:5176/api/v1/customers?pageNumber=1&pageSize=10&search= - - - 
2026-08-29 00:22:29.5157|Info|Microsoft.AspNetCore.Authorization.DefaultAuthorizationService|CorrelationId=faa9966a-a868-485a-b33e-eb313015ee2a|Authorization failed. These requirements were not met:
RolesAuthorizationRequirement:User.IsInRole must be true for one of the following roles: (Administrator) 
2026-08-29 00:22:29.5157|Info|Microsoft.AspNetCore.Authentication.JwtBearer.JwtBearerHandler|CorrelationId=faa9966a-a868-485a-b33e-eb313015ee2a|AuthenticationScheme: Bearer was challenged. 
2026-08-29 00:22:29.5157|Info|Microsoft.AspNetCore.Hosting.Diagnostics|CorrelationId=|Request finished HTTP/1.1 GET http://localhost:5176/api/v1/customers?pageNumber=1&pageSize=10&search= - 401 0 - 6.4578ms 
2026-08-29 00:22:29.8469|Info|Microsoft.AspNetCore.Hosting.Diagnostics|CorrelationId=|Request starting HTTP/1.1 GET http://localhost:5176/api/v1/customers?pageNumber=1&pageSize=10&search= - - - 
2026-08-29 00:22:29.8469|Info|Microsoft.AspNetCore.Authorization.DefaultAuthorizationService|CorrelationId=22bead1a-b09e-476c-9fab-1737e3a13324|Authorization failed. These requirements were not met:
RolesAuthorizationRequirement:User.IsInRole must be true for one of the following roles: (Administrator) 
2026-08-29 00:22:29.8469|Info|Microsoft.AspNetCore.Authentication.JwtBearer.JwtBearerHandler|CorrelationId=22bead1a-b09e-476c-9fab-1737e3a13324|AuthenticationScheme: Bearer was challenged. 
2026-08-29 00:22:29.8469|Info|Microsoft.AspNetCore.Hosting.Diagnostics|CorrelationId=|Request finished HTTP/1.1 GET http://localhost:5176/api/v1/customers?pageNumber=1&pageSize=10&search= - 401 0 - 6.6179ms 
2026-08-29 00:22:40.2913|Info|Microsoft.AspNetCore.Hosting.Diagnostics|CorrelationId=|Request starting HTTP/1.1 GET http://localhost:5176/api/v1/customers?pageNumber=1&pageSize=10&search= - - - 
2026-08-29 00:22:40.2913|Info|Microsoft.AspNetCore.Authorization.DefaultAuthorizationService|CorrelationId=9083cbb8-c74e-4cb7-b990-65ba131a3090|Authorization failed. These requirements were not met:
RolesAuthorizationRequirement:User.IsInRole must be true for one of the following roles: (Administrator) 
2026-08-29 00:22:40.2949|Info|Microsoft.AspNetCore.Hosting.Diagnostics|CorrelationId=|Request starting HTTP/1.1 GET http://localhost:5176/api/v1/customers?pageNumber=1&pageSize=10&search= - - - 
2026-08-29 00:22:40.2949|Info|Microsoft.AspNetCore.Authentication.JwtBearer.JwtBearerHandler|CorrelationId=9083cbb8-c74e-4cb7-b990-65ba131a3090|AuthenticationScheme: Bearer was challenged. 
2026-08-29 00:22:40.2949|Info|Microsoft.AspNetCore.Authorization.DefaultAuthorizationService|CorrelationId=55e8f485-1214-427e-8dde-2ad667de8cbd|Authorization failed. These requirements were not met:
RolesAuthorizationRequirement:User.IsInRole must be true for one of the following roles: (Administrator) 
2026-08-29 00:22:40.2949|Info|Microsoft.AspNetCore.Hosting.Diagnostics|CorrelationId=|Request finished HTTP/1.1 GET http://localhost:5176/api/v1/customers?pageNumber=1&pageSize=10&search= - 401 0 - 7.5370ms 
2026-08-29 00:22:40.2949|Info|Microsoft.AspNetCore.Authentication.JwtBearer.JwtBearerHandler|CorrelationId=55e8f485-1214-427e-8dde-2ad667de8cbd|AuthenticationScheme: Bearer was challenged. 
2026-08-29 00:22:40.2949|Info|Microsoft.AspNetCore.Hosting.Diagnostics|CorrelationId=|Request finished HTTP/1.1 GET http://localhost:5176/api/v1/customers?pageNumber=1&pageSize=10&search= - 401 0 - 5.5504ms 
2026-08-29 00:22:49.8703|Info|Microsoft.AspNetCore.Hosting.Diagnostics|CorrelationId=|Request starting HTTP/1.1 GET http://localhost:5176/api/v1/customers?pageNumber=1&pageSize=10&search= - - - 
2026-08-29 00:22:49.8703|Info|Microsoft.AspNetCore.Authorization.DefaultAuthorizationService|CorrelationId=507d7f3f-9483-47a5-b374-acab9c34996c|Authorization failed. These requirements were not met:
RolesAuthorizationRequirement:User.IsInRole must be true for one of the following roles: (Administrator) 
2026-08-29 00:22:49.8703|Info|Microsoft.AspNetCore.Authentication.JwtBearer.JwtBearerHandler|CorrelationId=507d7f3f-9483-47a5-b374-acab9c34996c|AuthenticationScheme: Bearer was challenged. 
2026-08-29 00:22:49.8703|Info|Microsoft.AspNetCore.Hosting.Diagnostics|CorrelationId=|Request finished HTTP/1.1 GET http://localhost:5176/api/v1/customers?pageNumber=1&pageSize=10&search= - 401 0 - 1.9059ms 
2026-08-29 00:22:50.0556|Info|Microsoft.AspNetCore.Hosting.Diagnostics|CorrelationId=|Request starting HTTP/1.1 GET http://localhost:5176/api/v1/customers?pageNumber=1&pageSize=10&search= - - - 
2026-08-29 00:22:50.0556|Info|Microsoft.AspNetCore.Authorization.DefaultAuthorizationService|CorrelationId=911ddc70-0fc3-4792-9348-981c74d471c2|Authorization failed. These requirements were not met:
RolesAuthorizationRequirement:User.IsInRole must be true for one of the following roles: (Administrator) 
2026-08-29 00:22:50.0606|Info|Microsoft.AspNetCore.Authentication.JwtBearer.JwtBearerHandler|CorrelationId=911ddc70-0fc3-4792-9348-981c74d471c2|AuthenticationScheme: Bearer was challenged. 
2026-08-29 00:22:50.0606|Info|Microsoft.AspNetCore.Hosting.Diagnostics|CorrelationId=|Request finished HTTP/1.1 GET http://localhost:5176/api/v1/customers?pageNumber=1&pageSize=10&search= - 401 0 - 5.6162ms 
2026-08-29 00:22:54.3162|Info|Microsoft.AspNetCore.Hosting.Diagnostics|CorrelationId=|Request starting HTTP/1.1 GET http://localhost:5176/api/v1/customers?pageNumber=1&pageSize=10&search= - - - 
2026-08-29 00:22:54.3162|Info|Microsoft.AspNetCore.Authorization.DefaultAuthorizationService|CorrelationId=13ded5aa-7858-41e7-b7a6-f4d124b7e5eb|Authorization failed. These requirements were not met:
RolesAuthorizationRequirement:User.IsInRole must be true for one of the following roles: (Administrator) 
2026-08-29 00:22:54.3162|Info|Microsoft.AspNetCore.Authentication.JwtBearer.JwtBearerHandler|CorrelationId=13ded5aa-7858-41e7-b7a6-f4d124b7e5eb|AuthenticationScheme: Bearer was challenged. 
2026-08-29 00:22:54.3162|Info|Microsoft.AspNetCore.Hosting.Diagnostics|CorrelationId=|Request finished HTTP/1.1 GET http://localhost:5176/api/v1/customers?pageNumber=1&pageSize=10&search= - 401 0 - 6.1146ms 
2026-08-29 00:22:54.5012|Info|Microsoft.AspNetCore.Hosting.Diagnostics|CorrelationId=|Request starting HTTP/1.1 GET http://localhost:5176/api/v1/customers?pageNumber=1&pageSize=10&search= - - - 
2026-08-29 00:22:54.5012|Info|Microsoft.AspNetCore.Authorization.DefaultAuthorizationService|CorrelationId=05657c8e-4aac-4a02-aafe-4095e5c92985|Authorization failed. These requirements were not met:
RolesAuthorizationRequirement:User.IsInRole must be true for one of the following roles: (Administrator) 
2026-08-29 00:22:54.5012|Info|Microsoft.AspNetCore.Authentication.JwtBearer.JwtBearerHandler|CorrelationId=05657c8e-4aac-4a02-aafe-4095e5c92985|AuthenticationScheme: Bearer was challenged. 
2026-08-29 00:22:54.5012|Info|Microsoft.AspNetCore.Hosting.Diagnostics|CorrelationId=|Request finished HTTP/1.1 GET http://localhost:5176/api/v1/customers?pageNumber=1&pageSize=10&search= - 401 0 - 1.3155ms 
2026-08-29 00:22:58.4489|Info|Microsoft.AspNetCore.Hosting.Diagnostics|CorrelationId=|Request starting HTTP/1.1 GET http://localhost:5176/api/v1/customers?pageNumber=1&pageSize=10&search= - - - 
2026-08-29 00:22:58.4489|Info|Microsoft.AspNetCore.Authorization.DefaultAuthorizationService|CorrelationId=7cc0e01a-d017-4ebc-8dad-d1a60e02e860|Authorization failed. These requirements were not met:
RolesAuthorizationRequirement:User.IsInRole must be true for one of the following roles: (Administrator) 
2026-08-29 00:22:58.4489|Info|Microsoft.AspNetCore.Authentication.JwtBearer.JwtBearerHandler|CorrelationId=7cc0e01a-d017-4ebc-8dad-d1a60e02e860|AuthenticationScheme: Bearer was challenged. 
2026-08-29 00:22:58.4489|Info|Microsoft.AspNetCore.Hosting.Diagnostics|CorrelationId=|Request finished HTTP/1.1 GET http://localhost:5176/api/v1/customers?pageNumber=1&pageSize=10&search= - 401 0 - 1.7984ms 
2026-08-29 00:22:58.5632|Info|Microsoft.AspNetCore.Hosting.Diagnostics|CorrelationId=|Request starting HTTP/1.1 GET http://localhost:5176/api/v1/customers?pageNumber=1&pageSize=10&search= - - - 
2026-08-29 00:22:58.5632|Info|Microsoft.AspNetCore.Authorization.DefaultAuthorizationService|CorrelationId=0c801766-eda4-4bfc-83f1-abcff65ec13d|Authorization failed. These requirements were not met:
RolesAuthorizationRequirement:User.IsInRole must be true for one of the following roles: (Administrator) 
2026-08-29 00:22:58.5632|Info|Microsoft.AspNetCore.Authentication.JwtBearer.JwtBearerHandler|CorrelationId=0c801766-eda4-4bfc-83f1-abcff65ec13d|AuthenticationScheme: Bearer was challenged. 
2026-08-29 00:22:58.5632|Info|Microsoft.AspNetCore.Hosting.Diagnostics|CorrelationId=|Request finished HTTP/1.1 GET http://localhost:5176/api/v1/customers?pageNumber=1&pageSize=10&search= - 401 0 - 2.7691ms 
2026-08-29 00:23:13.4345|Info|Microsoft.AspNetCore.Hosting.Diagnostics|CorrelationId=|Request starting HTTP/1.1 GET http://localhost:5176/api/v1/customers?pageNumber=1&pageSize=10&search= - - - 
2026-08-29 00:23:13.4362|Info|Microsoft.AspNetCore.Authorization.DefaultAuthorizationService|CorrelationId=76b29e47-0a78-4c46-8a3d-337893173b8e|Authorization failed. These requirements were not met:
RolesAuthorizationRequirement:User.IsInRole must be true for one of the following roles: (Administrator) 
2026-08-29 00:23:13.4362|Info|Microsoft.AspNetCore.Authentication.JwtBearer.JwtBearerHandler|CorrelationId=76b29e47-0a78-4c46-8a3d-337893173b8e|AuthenticationScheme: Bearer was challenged. 
2026-08-29 00:23:13.4362|Info|Microsoft.AspNetCore.Hosting.Diagnostics|CorrelationId=|Request finished HTTP/1.1 GET http://localhost:5176/api/v1/customers?pageNumber=1&pageSize=10&search= - 401 0 - 3.7939ms 
2026-08-29 00:23:13.4776|Info|Microsoft.AspNetCore.Hosting.Diagnostics|CorrelationId=|Request starting HTTP/1.1 GET http://localhost:5176/api/v1/customers?pageNumber=1&pageSize=10&search= - - - 
2026-08-29 00:23:13.4776|Info|Microsoft.AspNetCore.Authorization.DefaultAuthorizationService|CorrelationId=481ba037-5329-4d69-8c57-bef507cc6da7|Authorization failed. These requirements were not met:
RolesAuthorizationRequirement:User.IsInRole must be true for one of the following roles: (Administrator) 
2026-08-29 00:23:13.4776|Info|Microsoft.AspNetCore.Authentication.JwtBearer.JwtBearerHandler|CorrelationId=481ba037-5329-4d69-8c57-bef507cc6da7|AuthenticationScheme: Bearer was challenged. 
2026-08-29 00:23:13.4776|Info|Microsoft.AspNetCore.Hosting.Diagnostics|CorrelationId=|Request finished HTTP/1.1 GET http://localhost:5176/api/v1/customers?pageNumber=1&pageSize=10&search= - 401 0 - 1.2561ms 
2026-08-29 00:23:15.4510|Info|Microsoft.AspNetCore.Hosting.Diagnostics|CorrelationId=|Request starting HTTP/1.1 GET http://localhost:5176/api/v1/customers?pageNumber=1&pageSize=10&search= - - - 
2026-08-29 00:23:15.4510|Info|Microsoft.AspNetCore.Authorization.DefaultAuthorizationService|CorrelationId=cceb939e-f494-4281-8f1f-fcbc15c70a9c|Authorization failed. These requirements were not met:
RolesAuthorizationRequirement:User.IsInRole must be true for one of the following roles: (Administrator) 
2026-08-29 00:23:15.4510|Info|Microsoft.AspNetCore.Authentication.JwtBearer.JwtBearerHandler|CorrelationId=cceb939e-f494-4281-8f1f-fcbc15c70a9c|AuthenticationScheme: Bearer was challenged. 
2026-08-29 00:23:15.4510|Info|Microsoft.AspNetCore.Hosting.Diagnostics|CorrelationId=|Request finished HTTP/1.1 GET http://localhost:5176/api/v1/customers?pageNumber=1&pageSize=10&search= - 401 0 - 7.7939ms 
2026-08-29 00:23:16.0133|Info|Microsoft.AspNetCore.Hosting.Diagnostics|CorrelationId=|Request starting HTTP/1.1 GET http://localhost:5176/api/v1/customers?pageNumber=1&pageSize=10&search= - - - 
2026-08-29 00:23:16.0133|Info|Microsoft.AspNetCore.Authorization.DefaultAuthorizationService|CorrelationId=651a6058-4422-4125-96eb-c0fee6096942|Authorization failed. These requirements were not met:
RolesAuthorizationRequirement:User.IsInRole must be true for one of the following roles: (Administrator) 
2026-08-29 00:23:16.0133|Info|Microsoft.AspNetCore.Authentication.JwtBearer.JwtBearerHandler|CorrelationId=651a6058-4422-4125-96eb-c0fee6096942|AuthenticationScheme: Bearer was challenged. 
2026-08-29 00:23:16.0133|Info|Microsoft.AspNetCore.Hosting.Diagnostics|CorrelationId=|Request finished HTTP/1.1 GET http://localhost:5176/api/v1/customers?pageNumber=1&pageSize=10&search= - 401 0 - 1.2802ms 
2026-08-29 00:23:17.8333|Info|Microsoft.AspNetCore.Hosting.Diagnostics|CorrelationId=|Request starting HTTP/1.1 GET http://localhost:5176/api/v1/customers?pageNumber=1&pageSize=10&search= - - - 
2026-08-29 00:23:17.8333|Info|Microsoft.AspNetCore.Authorization.DefaultAuthorizationService|CorrelationId=2df4a1af-ce55-475c-88df-1fbf82540040|Authorization failed. These requirements were not met:
RolesAuthorizationRequirement:User.IsInRole must be true for one of the following roles: (Administrator) 
2026-08-29 00:23:17.8333|Info|Microsoft.AspNetCore.Authentication.JwtBearer.JwtBearerHandler|CorrelationId=2df4a1af-ce55-475c-88df-1fbf82540040|AuthenticationScheme: Bearer was challenged. 
2026-08-29 00:23:17.8333|Info|Microsoft.AspNetCore.Hosting.Diagnostics|CorrelationId=|Request finished HTTP/1.1 GET http://localhost:5176/api/v1/customers?pageNumber=1&pageSize=10&search= - 401 0 - 1.8470ms 
2026-08-29 00:23:17.9457|Info|Microsoft.AspNetCore.Hosting.Diagnostics|CorrelationId=|Request starting HTTP/1.1 GET http://localhost:5176/api/v1/customers?pageNumber=1&pageSize=10&search= - - - 
2026-08-29 00:23:17.9457|Info|Microsoft.AspNetCore.Authorization.DefaultAuthorizationService|CorrelationId=27cd3b13-484c-4fb0-82b6-85e46c8e05b6|Authorization failed. These requirements were not met:
RolesAuthorizationRequirement:User.IsInRole must be true for one of the following roles: (Administrator) 
2026-08-29 00:23:17.9457|Info|Microsoft.AspNetCore.Authentication.JwtBearer.JwtBearerHandler|CorrelationId=27cd3b13-484c-4fb0-82b6-85e46c8e05b6|AuthenticationScheme: Bearer was challenged. 
2026-08-29 00:23:17.9457|Info|Microsoft.AspNetCore.Hosting.Diagnostics|CorrelationId=|Request finished HTTP/1.1 GET http://localhost:5176/api/v1/customers?pageNumber=1&pageSize=10&search= - 401 0 - 1.4554ms 
2026-08-29 00:23:19.7131|Info|Microsoft.AspNetCore.Hosting.Diagnostics|CorrelationId=|Request starting HTTP/1.1 GET http://localhost:5176/api/v1/customers?pageNumber=1&pageSize=10&search= - - - 
2026-08-29 00:23:19.7131|Info|Microsoft.AspNetCore.Authorization.DefaultAuthorizationService|CorrelationId=050c21a1-63bf-4f7c-9f64-aef7b45aa319|Authorization failed. These requirements were not met:
RolesAuthorizationRequirement:User.IsInRole must be true for one of the following roles: (Administrator) 
2026-08-29 00:23:19.7131|Info|Microsoft.AspNetCore.Authentication.JwtBearer.JwtBearerHandler|CorrelationId=050c21a1-63bf-4f7c-9f64-aef7b45aa319|AuthenticationScheme: Bearer was challenged. 
2026-08-29 00:23:19.7131|Info|Microsoft.AspNetCore.Hosting.Diagnostics|CorrelationId=|Request finished HTTP/1.1 GET http://localhost:5176/api/v1/customers?pageNumber=1&pageSize=10&search= - 401 0 - 1.9866ms 
2026-08-29 00:23:19.8959|Info|Microsoft.AspNetCore.Hosting.Diagnostics|CorrelationId=|Request starting HTTP/1.1 GET http://localhost:5176/api/v1/customers?pageNumber=1&pageSize=10&search= - - - 
2026-08-29 00:23:19.8959|Info|Microsoft.AspNetCore.Authorization.DefaultAuthorizationService|CorrelationId=bed55689-1ef3-459e-9772-30f60f523cfa|Authorization failed. These requirements were not met:
RolesAuthorizationRequirement:User.IsInRole must be true for one of the following roles: (Administrator) 
2026-08-29 00:23:19.8959|Info|Microsoft.AspNetCore.Authentication.JwtBearer.JwtBearerHandler|CorrelationId=bed55689-1ef3-459e-9772-30f60f523cfa|AuthenticationScheme: Bearer was challenged. 
2026-08-29 00:23:19.8959|Info|Microsoft.AspNetCore.Hosting.Diagnostics|CorrelationId=|Request finished HTTP/1.1 GET http://localhost:5176/api/v1/customers?pageNumber=1&pageSize=10&search= - 401 0 - 1.0560ms 
2026-08-29 00:23:23.5064|Info|Microsoft.AspNetCore.Hosting.Diagnostics|CorrelationId=|Request starting HTTP/1.1 GET http://localhost:5176/api/v1/customers?pageNumber=1&pageSize=10&search= - - - 
2026-08-29 00:23:23.5064|Info|Microsoft.AspNetCore.Authorization.DefaultAuthorizationService|CorrelationId=299ba669-0a7a-49cd-b20d-d35605fa3c5a|Authorization failed. These requirements were not met:
RolesAuthorizationRequirement:User.IsInRole must be true for one of the following roles: (Administrator) 
2026-08-29 00:23:23.5064|Info|Microsoft.AspNetCore.Authentication.JwtBearer.JwtBearerHandler|CorrelationId=299ba669-0a7a-49cd-b20d-d35605fa3c5a|AuthenticationScheme: Bearer was challenged. 
2026-08-29 00:23:23.5064|Info|Microsoft.AspNetCore.Hosting.Diagnostics|CorrelationId=|Request finished HTTP/1.1 GET http://localhost:5176/api/v1/customers?pageNumber=1&pageSize=10&search= - 401 0 - 2.6488ms 
2026-08-29 00:23:23.6600|Info|Microsoft.AspNetCore.Hosting.Diagnostics|CorrelationId=|Request starting HTTP/1.1 GET http://localhost:5176/api/v1/customers?pageNumber=1&pageSize=10&search= - - - 
2026-08-29 00:23:23.6600|Info|Microsoft.AspNetCore.Authorization.DefaultAuthorizationService|CorrelationId=ac78d41f-e5e5-43ff-81a9-68fbad9ab5bc|Authorization failed. These requirements were not met:
RolesAuthorizationRequirement:User.IsInRole must be true for one of the following roles: (Administrator) 
2026-08-29 00:23:23.6600|Info|Microsoft.AspNetCore.Authentication.JwtBearer.JwtBearerHandler|CorrelationId=ac78d41f-e5e5-43ff-81a9-68fbad9ab5bc|AuthenticationScheme: Bearer was challenged. 
2026-08-29 00:23:23.6600|Info|Microsoft.AspNetCore.Hosting.Diagnostics|CorrelationId=|Request finished HTTP/1.1 GET http://localhost:5176/api/v1/customers?pageNumber=1&pageSize=10&search= - 401 0 - 1.6719ms 
2026-08-29 00:23:26.6171|Info|Microsoft.AspNetCore.Hosting.Diagnostics|CorrelationId=|Request starting HTTP/1.1 GET http://localhost:5176/api/v1/customers?pageNumber=1&pageSize=10&search= - - - 
2026-08-29 00:23:26.6171|Info|Microsoft.AspNetCore.Authorization.DefaultAuthorizationService|CorrelationId=b76a1674-6686-4f76-8e85-aaf2fb4e99bc|Authorization failed. These requirements were not met:
RolesAuthorizationRequirement:User.IsInRole must be true for one of the following roles: (Administrator) 
2026-08-29 00:23:26.6171|Info|Microsoft.AspNetCore.Authentication.JwtBearer.JwtBearerHandler|CorrelationId=b76a1674-6686-4f76-8e85-aaf2fb4e99bc|AuthenticationScheme: Bearer was challenged. 
2026-08-29 00:23:26.6171|Info|Microsoft.AspNetCore.Hosting.Diagnostics|CorrelationId=|Request finished HTTP/1.1 GET http://localhost:5176/api/v1/customers?pageNumber=1&pageSize=10&search= - 401 0 - 1.9169ms 
2026-08-29 00:23:26.8636|Info|Microsoft.AspNetCore.Hosting.Diagnostics|CorrelationId=|Request starting HTTP/1.1 GET http://localhost:5176/api/v1/customers?pageNumber=1&pageSize=10&search= - - - 
2026-08-29 00:23:26.8636|Info|Microsoft.AspNetCore.Authorization.DefaultAuthorizationService|CorrelationId=f4093845-adf0-4f81-9211-fd2071a4aaae|Authorization failed. These requirements were not met:
RolesAuthorizationRequirement:User.IsInRole must be true for one of the following roles: (Administrator) 
2026-08-29 00:23:26.8636|Info|Microsoft.AspNetCore.Authentication.JwtBearer.JwtBearerHandler|CorrelationId=f4093845-adf0-4f81-9211-fd2071a4aaae|AuthenticationScheme: Bearer was challenged. 
2026-08-29 00:23:26.8636|Info|Microsoft.AspNetCore.Hosting.Diagnostics|CorrelationId=|Request finished HTTP/1.1 GET http://localhost:5176/api/v1/customers?pageNumber=1&pageSize=10&search= - 401 0 - 6.4731ms 
2026-08-29 00:23:35.3256|Info|Microsoft.AspNetCore.Hosting.Diagnostics|CorrelationId=|Request starting HTTP/1.1 GET http://localhost:5176/api/v1/customers?pageNumber=1&pageSize=10&search= - - - 
2026-08-29 00:23:35.3258|Info|Microsoft.AspNetCore.Authorization.DefaultAuthorizationService|CorrelationId=5bacfa2d-2825-4c72-ba07-42ac3993cbc8|Authorization failed. These requirements were not met:
RolesAuthorizationRequirement:User.IsInRole must be true for one of the following roles: (Administrator) 
2026-08-29 00:23:35.3258|Info|Microsoft.AspNetCore.Authentication.JwtBearer.JwtBearerHandler|CorrelationId=5bacfa2d-2825-4c72-ba07-42ac3993cbc8|AuthenticationScheme: Bearer was challenged. 
2026-08-29 00:23:35.3258|Info|Microsoft.AspNetCore.Hosting.Diagnostics|CorrelationId=|Request finished HTTP/1.1 GET http://localhost:5176/api/v1/customers?pageNumber=1&pageSize=10&search= - 401 0 - 4.8938ms 
2026-08-29 00:23:35.4283|Info|Microsoft.AspNetCore.Hosting.Diagnostics|CorrelationId=|Request starting HTTP/1.1 GET http://localhost:5176/api/v1/customers?pageNumber=1&pageSize=10&search= - - - 
2026-08-29 00:23:35.4283|Info|Microsoft.AspNetCore.Authorization.DefaultAuthorizationService|CorrelationId=f6d890ef-585a-47b7-bbff-0b39fe2c77d0|Authorization failed. These requirements were not met:
RolesAuthorizationRequirement:User.IsInRole must be true for one of the following roles: (Administrator) 
2026-08-29 00:23:35.4283|Info|Microsoft.AspNetCore.Authentication.JwtBearer.JwtBearerHandler|CorrelationId=f6d890ef-585a-47b7-bbff-0b39fe2c77d0|AuthenticationScheme: Bearer was challenged. 
2026-08-29 00:23:35.4283|Info|Microsoft.AspNetCore.Hosting.Diagnostics|CorrelationId=|Request finished HTTP/1.1 GET http://localhost:5176/api/v1/customers?pageNumber=1&pageSize=10&search= - 401 0 - 3.4057ms 
2026-08-29 00:23:40.6778|Info|Microsoft.AspNetCore.Hosting.Diagnostics|CorrelationId=|Request starting HTTP/1.1 GET http://localhost:5176/api/v1/customers?pageNumber=1&pageSize=10&search= - - - 
2026-08-29 00:23:40.6778|Info|Microsoft.AspNetCore.Authorization.DefaultAuthorizationService|CorrelationId=5aeb2474-21b5-42e8-880d-bd519da6028d|Authorization failed. These requirements were not met:
RolesAuthorizationRequirement:User.IsInRole must be true for one of the following roles: (Administrator) 
2026-08-29 00:23:40.6778|Info|Microsoft.AspNetCore.Authentication.JwtBearer.JwtBearerHandler|CorrelationId=5aeb2474-21b5-42e8-880d-bd519da6028d|AuthenticationScheme: Bearer was challenged. 
2026-08-29 00:23:40.6778|Info|Microsoft.AspNetCore.Hosting.Diagnostics|CorrelationId=|Request finished HTTP/1.1 GET http://localhost:5176/api/v1/customers?pageNumber=1&pageSize=10&search= - 401 0 - 6.0286ms 
2026-08-29 00:23:41.0517|Info|Microsoft.AspNetCore.Hosting.Diagnostics|CorrelationId=|Request starting HTTP/1.1 GET http://localhost:5176/api/v1/customers?pageNumber=1&pageSize=10&search= - - - 
2026-08-29 00:23:41.0517|Info|Microsoft.AspNetCore.Authorization.DefaultAuthorizationService|CorrelationId=c179ae73-cf07-41e7-bc6b-9dce9c50c09b|Authorization failed. These requirements were not met:
RolesAuthorizationRequirement:User.IsInRole must be true for one of the following roles: (Administrator) 
2026-08-29 00:23:41.0517|Info|Microsoft.AspNetCore.Authentication.JwtBearer.JwtBearerHandler|CorrelationId=c179ae73-cf07-41e7-bc6b-9dce9c50c09b|AuthenticationScheme: Bearer was challenged. 
2026-08-29 00:23:41.0517|Info|Microsoft.AspNetCore.Hosting.Diagnostics|CorrelationId=|Request finished HTTP/1.1 GET http://localhost:5176/api/v1/customers?pageNumber=1&pageSize=10&search= - 401 0 - 1.0240ms 
2026-08-29 00:24:02.7829|Info|Microsoft.AspNetCore.Hosting.Diagnostics|CorrelationId=|Request starting HTTP/1.1 GET http://localhost:5176/api/v1/customers?pageNumber=1&pageSize=10&search= - - - 
2026-08-29 00:24:02.7829|Info|Microsoft.AspNetCore.Authorization.DefaultAuthorizationService|CorrelationId=c2233248-3d4a-47a8-acd1-530a8ffdb269|Authorization failed. These requirements were not met:
RolesAuthorizationRequirement:User.IsInRole must be true for one of the following roles: (Administrator) 
2026-08-29 00:24:02.7829|Info|Microsoft.AspNetCore.Authentication.JwtBearer.JwtBearerHandler|CorrelationId=c2233248-3d4a-47a8-acd1-530a8ffdb269|AuthenticationScheme: Bearer was challenged. 
2026-08-29 00:24:02.7829|Info|Microsoft.AspNetCore.Hosting.Diagnostics|CorrelationId=|Request finished HTTP/1.1 GET http://localhost:5176/api/v1/customers?pageNumber=1&pageSize=10&search= - 401 0 - 1.4057ms 
2026-08-29 00:24:03.1116|Info|Microsoft.AspNetCore.Hosting.Diagnostics|CorrelationId=|Request starting HTTP/1.1 GET http://localhost:5176/api/v1/customers?pageNumber=1&pageSize=10&search= - - - 
2026-08-29 00:24:03.1116|Info|Microsoft.AspNetCore.Authorization.DefaultAuthorizationService|CorrelationId=ac6e67af-6ea8-4fec-8a6b-32da07dae036|Authorization failed. These requirements were not met:
RolesAuthorizationRequirement:User.IsInRole must be true for one of the following roles: (Administrator) 
2026-08-29 00:24:03.1116|Info|Microsoft.AspNetCore.Authentication.JwtBearer.JwtBearerHandler|CorrelationId=ac6e67af-6ea8-4fec-8a6b-32da07dae036|AuthenticationScheme: Bearer was challenged. 
2026-08-29 00:24:03.1116|Info|Microsoft.AspNetCore.Hosting.Diagnostics|CorrelationId=|Request finished HTTP/1.1 GET http://localhost:5176/api/v1/customers?pageNumber=1&pageSize=10&search= - 401 0 - 3.3365ms 
2026-08-29 00:24:04.6864|Info|Microsoft.AspNetCore.Hosting.Diagnostics|CorrelationId=|Request starting HTTP/1.1 GET http://localhost:5176/api/v1/customers?pageNumber=1&pageSize=10&search= - - - 
2026-08-29 00:24:04.6864|Info|Microsoft.AspNetCore.Authorization.DefaultAuthorizationService|CorrelationId=f1794b14-09f5-4718-a0dd-eb9f9b82884b|Authorization failed. These requirements were not met:
RolesAuthorizationRequirement:User.IsInRole must be true for one of the following roles: (Administrator) 
2026-08-29 00:24:04.6864|Info|Microsoft.AspNetCore.Authentication.JwtBearer.JwtBearerHandler|CorrelationId=f1794b14-09f5-4718-a0dd-eb9f9b82884b|AuthenticationScheme: Bearer was challenged. 
2026-08-29 00:24:04.6864|Info|Microsoft.AspNetCore.Hosting.Diagnostics|CorrelationId=|Request finished HTTP/1.1 GET http://localhost:5176/api/v1/customers?pageNumber=1&pageSize=10&search= - 401 0 - 1.9942ms 
2026-08-29 00:24:05.2480|Info|Microsoft.AspNetCore.Hosting.Diagnostics|CorrelationId=|Request starting HTTP/1.1 GET http://localhost:5176/api/v1/customers?pageNumber=1&pageSize=10&search= - - - 
2026-08-29 00:24:05.2480|Info|Microsoft.AspNetCore.Authorization.DefaultAuthorizationService|CorrelationId=fbebcf10-6716-449e-a956-2665a0c0f43b|Authorization failed. These requirements were not met:
RolesAuthorizationRequirement:User.IsInRole must be true for one of the following roles: (Administrator) 
2026-08-29 00:24:05.2480|Info|Microsoft.AspNetCore.Authentication.JwtBearer.JwtBearerHandler|CorrelationId=fbebcf10-6716-449e-a956-2665a0c0f43b|AuthenticationScheme: Bearer was challenged. 
2026-08-29 00:24:05.2704|Info|Microsoft.AspNetCore.Hosting.Diagnostics|CorrelationId=|Request finished HTTP/1.1 GET http://localhost:5176/api/v1/customers?pageNumber=1&pageSize=10&search= - 401 0 - 22.3970ms 
2026-08-29 00:24:07.2416|Info|Microsoft.AspNetCore.Hosting.Diagnostics|CorrelationId=|Request starting HTTP/1.1 GET http://localhost:5176/api/v1/customers?pageNumber=1&pageSize=10&search= - - - 
2026-08-29 00:24:07.2416|Info|Microsoft.AspNetCore.Authorization.DefaultAuthorizationService|CorrelationId=38841b5a-df87-4034-afb3-187bc354ab4e|Authorization failed. These requirements were not met:
RolesAuthorizationRequirement:User.IsInRole must be true for one of the following roles: (Administrator) 
2026-08-29 00:24:07.2416|Info|Microsoft.AspNetCore.Authentication.JwtBearer.JwtBearerHandler|CorrelationId=38841b5a-df87-4034-afb3-187bc354ab4e|AuthenticationScheme: Bearer was challenged. 
2026-08-29 00:24:07.2416|Info|Microsoft.AspNetCore.Hosting.Diagnostics|CorrelationId=|Request finished HTTP/1.1 GET http://localhost:5176/api/v1/customers?pageNumber=1&pageSize=10&search= - 401 0 - 1.1578ms 
2026-08-29 00:24:07.2826|Info|Microsoft.AspNetCore.Hosting.Diagnostics|CorrelationId=|Request starting HTTP/1.1 GET http://localhost:5176/api/v1/customers?pageNumber=1&pageSize=10&search= - - - 
2026-08-29 00:24:07.2826|Info|Microsoft.AspNetCore.Authorization.DefaultAuthorizationService|CorrelationId=1905e564-0e61-4dad-b598-a3a07e7d227f|Authorization failed. These requirements were not met:
RolesAuthorizationRequirement:User.IsInRole must be true for one of the following roles: (Administrator) 
2026-08-29 00:24:07.2826|Info|Microsoft.AspNetCore.Authentication.JwtBearer.JwtBearerHandler|CorrelationId=1905e564-0e61-4dad-b598-a3a07e7d227f|AuthenticationScheme: Bearer was challenged. 
2026-08-29 00:24:07.2826|Info|Microsoft.AspNetCore.Hosting.Diagnostics|CorrelationId=|Request finished HTTP/1.1 GET http://localhost:5176/api/v1/customers?pageNumber=1&pageSize=10&search= - 401 0 - 0.7737ms 
2026-08-29 00:24:17.3937|Info|Microsoft.AspNetCore.Hosting.Diagnostics|CorrelationId=|Request starting HTTP/1.1 GET http://localhost:5176/api/v1/customers?pageNumber=1&pageSize=10&search= - - - 
2026-08-29 00:24:17.3937|Info|Microsoft.AspNetCore.Authorization.DefaultAuthorizationService|CorrelationId=9e87497b-bda0-4be6-8b34-0fc2c0dee0a3|Authorization failed. These requirements were not met:
RolesAuthorizationRequirement:User.IsInRole must be true for one of the following roles: (Administrator) 
2026-08-29 00:24:17.3937|Info|Microsoft.AspNetCore.Authentication.JwtBearer.JwtBearerHandler|CorrelationId=9e87497b-bda0-4be6-8b34-0fc2c0dee0a3|AuthenticationScheme: Bearer was challenged. 
2026-08-29 00:24:17.3937|Info|Microsoft.AspNetCore.Hosting.Diagnostics|CorrelationId=|Request finished HTTP/1.1 GET http://localhost:5176/api/v1/customers?pageNumber=1&pageSize=10&search= - 401 0 - 1.0448ms 
2026-08-29 00:24:17.4470|Info|Microsoft.AspNetCore.Hosting.Diagnostics|CorrelationId=|Request starting HTTP/1.1 GET http://localhost:5176/api/v1/customers?pageNumber=1&pageSize=10&search= - - - 
2026-08-29 00:24:17.4470|Info|Microsoft.AspNetCore.Authorization.DefaultAuthorizationService|CorrelationId=c48c87cb-9576-4def-9618-a08210e3ad9d|Authorization failed. These requirements were not met:
RolesAuthorizationRequirement:User.IsInRole must be true for one of the following roles: (Administrator) 
2026-08-29 00:24:17.4470|Info|Microsoft.AspNetCore.Authentication.JwtBearer.JwtBearerHandler|CorrelationId=c48c87cb-9576-4def-9618-a08210e3ad9d|AuthenticationScheme: Bearer was challenged. 
2026-08-29 00:24:17.4470|Info|Microsoft.AspNetCore.Hosting.Diagnostics|CorrelationId=|Request finished HTTP/1.1 GET http://localhost:5176/api/v1/customers?pageNumber=1&pageSize=10&search= - 401 0 - 0.8189ms 
2026-08-29 00:24:19.2800|Info|Microsoft.AspNetCore.Hosting.Diagnostics|CorrelationId=|Request starting HTTP/1.1 GET http://localhost:5176/api/v1/customers?pageNumber=1&pageSize=10&search= - - - 
2026-08-29 00:24:19.2800|Info|Microsoft.AspNetCore.Authorization.DefaultAuthorizationService|CorrelationId=d5674110-915f-4dda-aa38-f3e6f753bc26|Authorization failed. These requirements were not met:
RolesAuthorizationRequirement:User.IsInRole must be true for one of the following roles: (Administrator) 
2026-08-29 00:24:19.2800|Info|Microsoft.AspNetCore.Authentication.JwtBearer.JwtBearerHandler|CorrelationId=d5674110-915f-4dda-aa38-f3e6f753bc26|AuthenticationScheme: Bearer was challenged. 
2026-08-29 00:24:19.2800|Info|Microsoft.AspNetCore.Hosting.Diagnostics|CorrelationId=|Request finished HTTP/1.1 GET http://localhost:5176/api/v1/customers?pageNumber=1&pageSize=10&search= - 401 0 - 0.9629ms 
2026-08-29 00:24:19.4286|Info|Microsoft.AspNetCore.Hosting.Diagnostics|CorrelationId=|Request starting HTTP/1.1 GET http://localhost:5176/api/v1/customers?pageNumber=1&pageSize=10&search= - - - 
2026-08-29 00:24:19.4286|Info|Microsoft.AspNetCore.Authorization.DefaultAuthorizationService|CorrelationId=cb08f5f4-a9c9-4a16-87d8-6500c74cfd98|Authorization failed. These requirements were not met:
RolesAuthorizationRequirement:User.IsInRole must be true for one of the following roles: (Administrator) 
2026-08-29 00:24:19.4286|Info|Microsoft.AspNetCore.Authentication.JwtBearer.JwtBearerHandler|CorrelationId=cb08f5f4-a9c9-4a16-87d8-6500c74cfd98|AuthenticationScheme: Bearer was challenged. 
2026-08-29 00:24:19.4286|Info|Microsoft.AspNetCore.Hosting.Diagnostics|CorrelationId=|Request finished HTTP/1.1 GET http://localhost:5176/api/v1/customers?pageNumber=1&pageSize=10&search= - 401 0 - 0.8591ms 
2026-08-29 00:24:34.2899|Info|Microsoft.AspNetCore.Hosting.Diagnostics|CorrelationId=|Request starting HTTP/1.1 GET http://localhost:5176/api/v1/customers?pageNumber=1&pageSize=10&search= - - - 
2026-08-29 00:24:34.2899|Info|Microsoft.AspNetCore.Authorization.DefaultAuthorizationService|CorrelationId=7046612b-d1a0-44a4-8fc6-e1d1e21d1e3d|Authorization failed. These requirements were not met:
RolesAuthorizationRequirement:User.IsInRole must be true for one of the following roles: (Administrator) 
2026-08-29 00:24:34.2899|Info|Microsoft.AspNetCore.Authentication.JwtBearer.JwtBearerHandler|CorrelationId=7046612b-d1a0-44a4-8fc6-e1d1e21d1e3d|AuthenticationScheme: Bearer was challenged. 
2026-08-29 00:24:34.2899|Info|Microsoft.AspNetCore.Hosting.Diagnostics|CorrelationId=|Request finished HTTP/1.1 GET http://localhost:5176/api/v1/customers?pageNumber=1&pageSize=10&search= - 401 0 - 1.0495ms 
2026-08-29 00:24:34.3068|Info|Microsoft.AspNetCore.Hosting.Diagnostics|CorrelationId=|Request starting HTTP/1.1 GET http://localhost:5176/api/v1/customers?pageNumber=1&pageSize=10&search= - - - 
2026-08-29 00:24:34.3068|Info|Microsoft.AspNetCore.Authorization.DefaultAuthorizationService|CorrelationId=6a561b83-903c-4cc8-bf8c-924bc9b935b1|Authorization failed. These requirements were not met:
RolesAuthorizationRequirement:User.IsInRole must be true for one of the following roles: (Administrator) 
2026-08-29 00:24:34.3068|Info|Microsoft.AspNetCore.Authentication.JwtBearer.JwtBearerHandler|CorrelationId=6a561b83-903c-4cc8-bf8c-924bc9b935b1|AuthenticationScheme: Bearer was challenged. 
2026-08-29 00:24:34.3068|Info|Microsoft.AspNetCore.Hosting.Diagnostics|CorrelationId=|Request finished HTTP/1.1 GET http://localhost:5176/api/v1/customers?pageNumber=1&pageSize=10&search= - 401 0 - 0.7502ms 
2026-08-29 00:24:38.2386|Info|Microsoft.AspNetCore.Hosting.Diagnostics|CorrelationId=|Request starting HTTP/1.1 GET http://localhost:5176/api/v1/customers?pageNumber=1&pageSize=10&search= - - - 
2026-08-29 00:24:38.2386|Info|Microsoft.AspNetCore.Authorization.DefaultAuthorizationService|CorrelationId=573ab3bb-ab67-40d8-9695-420439430dd3|Authorization failed. These requirements were not met:
RolesAuthorizationRequirement:User.IsInRole must be true for one of the following roles: (Administrator) 
2026-08-29 00:24:38.2386|Info|Microsoft.AspNetCore.Authentication.JwtBearer.JwtBearerHandler|CorrelationId=573ab3bb-ab67-40d8-9695-420439430dd3|AuthenticationScheme: Bearer was challenged. 
2026-08-29 00:24:38.2386|Info|Microsoft.AspNetCore.Hosting.Diagnostics|CorrelationId=|Request finished HTTP/1.1 GET http://localhost:5176/api/v1/customers?pageNumber=1&pageSize=10&search= - 401 0 - 1.4660ms 
2026-08-29 00:24:38.3873|Info|Microsoft.AspNetCore.Hosting.Diagnostics|CorrelationId=|Request starting HTTP/1.1 GET http://localhost:5176/api/v1/customers?pageNumber=1&pageSize=10&search= - - - 
2026-08-29 00:24:38.3880|Info|Microsoft.AspNetCore.Authorization.DefaultAuthorizationService|CorrelationId=13b5aed0-fd19-44e5-8642-e2c4920e7af0|Authorization failed. These requirements were not met:
RolesAuthorizationRequirement:User.IsInRole must be true for one of the following roles: (Administrator) 
2026-08-29 00:24:38.3880|Info|Microsoft.AspNetCore.Authentication.JwtBearer.JwtBearerHandler|CorrelationId=13b5aed0-fd19-44e5-8642-e2c4920e7af0|AuthenticationScheme: Bearer was challenged. 
2026-08-29 00:24:38.3880|Info|Microsoft.AspNetCore.Hosting.Diagnostics|CorrelationId=|Request finished HTTP/1.1 GET http://localhost:5176/api/v1/customers?pageNumber=1&pageSize=10&search= - 401 0 - 1.3071ms 
2026-08-29 00:24:46.1738|Info|Microsoft.AspNetCore.Hosting.Diagnostics|CorrelationId=|Request starting HTTP/1.1 GET http://localhost:5176/api/v1/customers?pageNumber=1&pageSize=10&search= - - - 
2026-08-29 00:24:46.1738|Info|Microsoft.AspNetCore.Authorization.DefaultAuthorizationService|CorrelationId=5a7cba6e-563c-4440-8d90-555792b5596a|Authorization failed. These requirements were not met:
RolesAuthorizationRequirement:User.IsInRole must be true for one of the following roles: (Administrator) 
2026-08-29 00:24:46.1738|Info|Microsoft.AspNetCore.Authentication.JwtBearer.JwtBearerHandler|CorrelationId=5a7cba6e-563c-4440-8d90-555792b5596a|AuthenticationScheme: Bearer was challenged. 
2026-08-29 00:24:46.1738|Info|Microsoft.AspNetCore.Hosting.Diagnostics|CorrelationId=|Request finished HTTP/1.1 GET http://localhost:5176/api/v1/customers?pageNumber=1&pageSize=10&search= - 401 0 - 1.5292ms 
2026-08-29 00:24:46.2932|Info|Microsoft.AspNetCore.Hosting.Diagnostics|CorrelationId=|Request starting HTTP/1.1 GET http://localhost:5176/api/v1/customers?pageNumber=1&pageSize=10&search= - - - 
2026-08-29 00:24:46.2932|Info|Microsoft.AspNetCore.Authorization.DefaultAuthorizationService|CorrelationId=fdee86e3-ae53-4bd7-87d8-9dae0164e581|Authorization failed. These requirements were not met:
RolesAuthorizationRequirement:User.IsInRole must be true for one of the following roles: (Administrator) 
2026-08-29 00:24:46.2932|Info|Microsoft.AspNetCore.Authentication.JwtBearer.JwtBearerHandler|CorrelationId=fdee86e3-ae53-4bd7-87d8-9dae0164e581|AuthenticationScheme: Bearer was challenged. 
2026-08-29 00:24:46.2932|Info|Microsoft.AspNetCore.Hosting.Diagnostics|CorrelationId=|Request finished HTTP/1.1 GET http://localhost:5176/api/v1/customers?pageNumber=1&pageSize=10&search= - 401 0 - 1.5277ms 
2026-08-29 00:32:32.4266|Info|Microsoft.AspNetCore.Hosting.Diagnostics|CorrelationId=|Request starting HTTP/1.1 GET http://localhost:5176/api/v1/customers?pageNumber=1&pageSize=10&search= - - - 
2026-08-29 00:32:32.4266|Info|Microsoft.AspNetCore.Authorization.DefaultAuthorizationService|CorrelationId=24a8a07e-ac4d-40fc-9b3a-d705467e2c6b|Authorization failed. These requirements were not met:
RolesAuthorizationRequirement:User.IsInRole must be true for one of the following roles: (Administrator) 
2026-08-29 00:32:32.4266|Info|Microsoft.AspNetCore.Authentication.JwtBearer.JwtBearerHandler|CorrelationId=24a8a07e-ac4d-40fc-9b3a-d705467e2c6b|AuthenticationScheme: Bearer was challenged. 
2026-08-29 00:32:32.4266|Info|Microsoft.AspNetCore.Hosting.Diagnostics|CorrelationId=|Request finished HTTP/1.1 GET http://localhost:5176/api/v1/customers?pageNumber=1&pageSize=10&search= - 401 0 - 2.3492ms 
2026-08-29 00:32:32.4482|Info|Microsoft.AspNetCore.Hosting.Diagnostics|CorrelationId=|Request starting HTTP/1.1 POST http://localhost:5176/api/v1/auth/refresh - application/json 706 
2026-08-29 00:32:32.4516|Info|Microsoft.AspNetCore.Cors.Infrastructure.CorsService|CorrelationId=240d98a5-2a17-406f-a812-b6766dff85d2|CORS policy execution successful. 
2026-08-29 00:32:32.4516|Info|Microsoft.AspNetCore.Routing.EndpointMiddleware|CorrelationId=240d98a5-2a17-406f-a812-b6766dff85d2|Executing endpoint 'SmartLoan.Api.Controllers.AuthController.Refresh (SmartLoan.Api)' 
2026-08-29 00:32:32.5275|Info|Microsoft.AspNetCore.Mvc.Infrastructure.ControllerActionInvoker|CorrelationId=240d98a5-2a17-406f-a812-b6766dff85d2|Route matched with {action = "Refresh", controller = "Auth"}. Executing controller action with signature System.Threading.Tasks.Task`1[Microsoft.AspNetCore.Mvc.ActionResult] Refresh(SmartLoan.Application.Users.Commands.RefreshToken.RefreshTokenRequest) on controller SmartLoan.Api.Controllers.AuthController (SmartLoan.Api). 
2026-08-29 00:32:32.5533|Warn|LuckyPennySoftware.MediatR.License|CorrelationId=240d98a5-2a17-406f-a812-b6766dff85d2|You do not have a valid license key for the Lucky Penny software MediatR. This is allowed for development and testing scenarios. If you are running in production you are required to have a licensed version. Please visit https://luckypennysoftware.com to obtain a valid license. 
2026-08-29 00:32:32.6126|Info|Microsoft.AspNetCore.Hosting.Diagnostics|CorrelationId=|Request starting HTTP/1.1 GET http://localhost:5176/api/v1/customers?pageNumber=1&pageSize=10&search= - - - 
2026-08-29 00:32:32.6126|Info|Microsoft.AspNetCore.Authorization.DefaultAuthorizationService|CorrelationId=99516ad5-b928-4422-94be-cdd85c14c9d1|Authorization failed. These requirements were not met:
RolesAuthorizationRequirement:User.IsInRole must be true for one of the following roles: (Administrator) 
2026-08-29 00:32:32.6126|Info|Microsoft.AspNetCore.Authentication.JwtBearer.JwtBearerHandler|CorrelationId=99516ad5-b928-4422-94be-cdd85c14c9d1|AuthenticationScheme: Bearer was challenged. 
2026-08-29 00:32:32.6126|Info|Microsoft.AspNetCore.Hosting.Diagnostics|CorrelationId=|Request finished HTTP/1.1 GET http://localhost:5176/api/v1/customers?pageNumber=1&pageSize=10&search= - 401 0 - 4.5545ms 
2026-08-29 00:32:32.6247|Info|SmartLoan.Application.Common.Behaviors.LoggingBehavior|CorrelationId=240d98a5-2a17-406f-a812-b6766dff85d2|smartloan Request:RefreshTokenRequest starting... 
2026-08-29 00:32:32.6247|Info|Microsoft.AspNetCore.Hosting.Diagnostics|CorrelationId=|Request starting HTTP/1.1 POST http://localhost:5176/api/v1/auth/refresh - application/json 706 
2026-08-29 00:32:32.6385|Info|Microsoft.AspNetCore.Cors.Infrastructure.CorsService|CorrelationId=1d0418b6-7ab2-4be2-947c-aae44eb757f6|CORS policy execution successful. 
2026-08-29 00:32:32.6385|Info|Microsoft.AspNetCore.Routing.EndpointMiddleware|CorrelationId=1d0418b6-7ab2-4be2-947c-aae44eb757f6|Executing endpoint 'SmartLoan.Api.Controllers.AuthController.Refresh (SmartLoan.Api)' 
2026-08-29 00:32:32.6385|Info|Microsoft.AspNetCore.Mvc.Infrastructure.ControllerActionInvoker|CorrelationId=1d0418b6-7ab2-4be2-947c-aae44eb757f6|Route matched with {action = "Refresh", controller = "Auth"}. Executing controller action with signature System.Threading.Tasks.Task`1[Microsoft.AspNetCore.Mvc.ActionResult] Refresh(SmartLoan.Application.Users.Commands.RefreshToken.RefreshTokenRequest) on controller SmartLoan.Api.Controllers.AuthController (SmartLoan.Api). 
2026-08-29 00:32:32.6385|Info|SmartLoan.Application.Common.Behaviors.LoggingBehavior|CorrelationId=1d0418b6-7ab2-4be2-947c-aae44eb757f6|smartloan Request:RefreshTokenRequest starting... 
2026-08-29 00:32:32.9879|Info|Microsoft.EntityFrameworkCore.Database.Command|CorrelationId=1d0418b6-7ab2-4be2-947c-aae44eb757f6|Executed DbCommand (28ms) [Parameters=[@request_RefreshToken='?'], CommandType='Text', CommandTimeout='30']
SELECT u."Id", u."Email", u."FullName", u."PasswordHash", u."RefreshToken", u."RefreshTokenExpiryTime", u."Role"
FROM "Users" AS u
WHERE u."RefreshToken" = @request_RefreshToken
LIMIT 1 
2026-08-29 00:32:32.9879|Info|Microsoft.EntityFrameworkCore.Database.Command|CorrelationId=240d98a5-2a17-406f-a812-b6766dff85d2|Executed DbCommand (32ms) [Parameters=[@request_RefreshToken='?'], CommandType='Text', CommandTimeout='30']
SELECT u."Id", u."Email", u."FullName", u."PasswordHash", u."RefreshToken", u."RefreshTokenExpiryTime", u."Role"
FROM "Users" AS u
WHERE u."RefreshToken" = @request_RefreshToken
LIMIT 1 
2026-08-29 00:32:33.0165|Info|Microsoft.AspNetCore.Mvc.Infrastructure.ControllerActionInvoker|CorrelationId=1d0418b6-7ab2-4be2-947c-aae44eb757f6|Executed action SmartLoan.Api.Controllers.AuthController.Refresh (SmartLoan.Api) in 362.4188ms 
2026-08-29 00:32:33.0180|Info|Microsoft.AspNetCore.Routing.EndpointMiddleware|CorrelationId=1d0418b6-7ab2-4be2-947c-aae44eb757f6|Executed endpoint 'SmartLoan.Api.Controllers.AuthController.Refresh (SmartLoan.Api)' 
2026-08-29 00:32:33.0180|Error|SmartLoan.Api.Middleware.GlobalExeptionHandle|CorrelationId=|an error occurred:Session expired. Please login again. SmartLoan.Application.Common.Exceptions.BusinessRuleException: Session expired. Please login again.
   at SmartLoan.Application.Users.Commands.RefreshToken.RefreshTokenHandler.Handle(RefreshTokenRequest request, CancellationToken ct) in D:\isaac\educational purpose only\.net\kyas pro\SmartLoanTracker\SmartLoan.Application\Users\Commands\RefreshToken\RefreshTokenRequest.cs:line 19
   at SmartLoan.Application.Common.Behaviors.ValidationBehavior`2.Handle(TRequest request, RequestHandlerDelegate`1 next, CancellationToken cancellationToken) in D:\isaac\educational purpose only\.net\kyas pro\SmartLoanTracker\SmartLoan.Application\Common\Behaviors\ValidationBehavior.cs:line 31
   at SmartLoan.Application.Common.Behaviors.LoggingBehavior`2.Handle(TRequest request, RequestHandlerDelegate`1 next, CancellationToken cancellationToken) in D:\isaac\educational purpose only\.net\kyas pro\SmartLoanTracker\SmartLoan.Application\Common\Behaviors\LoggingBehavior.cs:line 14
   at SmartLoan.Api.Controllers.AuthController.Refresh(RefreshTokenRequest command) in D:\isaac\educational purpose only\.net\kyas pro\SmartLoanTracker\smartloan.api\Controllers\AuthController.cs:line 27
   at lambda_method17(Closure, Object)
   at Microsoft.AspNetCore.Mvc.Infrastructure.ActionMethodExecutor.TaskOfActionResultExecutor.Execute(ActionContext actionContext, IActionResultTypeMapper mapper, ObjectMethodExecutor executor, Object controller, Object[] arguments)
   at Microsoft.AspNetCore.Mvc.Infrastructure.ControllerActionInvoker.<InvokeActionMethodAsync>g__Awaited|12_0(ControllerActionInvoker invoker, ValueTask`1 actionResultValueTask)
   at Microsoft.AspNetCore.Mvc.Infrastructure.ControllerActionInvoker.<InvokeNextActionFilterAsync>g__Awaited|10_0(ControllerActionInvoker invoker, Task lastTask, State next, Scope scope, Object state, Boolean isCompleted)
   at Microsoft.AspNetCore.Mvc.Infrastructure.ControllerActionInvoker.Rethrow(ActionExecutedContextSealed context)
   at Microsoft.AspNetCore.Mvc.Infrastructure.ControllerActionInvoker.Next(State& next, Scope& scope, Object& state, Boolean& isCompleted)
   at Microsoft.AspNetCore.Mvc.Infrastructure.ControllerActionInvoker.<InvokeInnerFilterAsync>g__Awaited|13_0(ControllerActionInvoker invoker, Task lastTask, State next, Scope scope, Object state, Boolean isCompleted)
   at Microsoft.AspNetCore.Mvc.Infrastructure.ResourceInvoker.<InvokeFilterPipelineAsync>g__Awaited|20_0(ResourceInvoker invoker, Task lastTask, State next, Scope scope, Object state, Boolean isCompleted)
   at Microsoft.AspNetCore.Mvc.Infrastructure.ResourceInvoker.<InvokeAsync>g__Logged|17_1(ResourceInvoker invoker)
   at Microsoft.AspNetCore.Mvc.Infrastructure.ResourceInvoker.<InvokeAsync>g__Logged|17_1(ResourceInvoker invoker)
   at Microsoft.AspNetCore.Routing.EndpointMiddleware.<Invoke>g__AwaitRequestTask|7_0(Endpoint endpoint, Task requestTask, ILogger logger)
   at Microsoft.AspNetCore.Authorization.AuthorizationMiddleware.Invoke(HttpContext context)
   at Microsoft.AspNetCore.Authentication.AuthenticationMiddleware.Invoke(HttpContext context)
   at SmartLoan.Api.Middleware.SecurityHeadersMiddleware.InvokeAsync(HttpContext context) in D:\isaac\educational purpose only\.net\kyas pro\SmartLoanTracker\smartloan.api\Middleware\SecurityHeadersMiddleware.cs:line 23
   at SmartLoan.Api.Middleware.CorrelationIdMiddleware.InvokeAsync(HttpContext context) in D:\isaac\educational purpose only\.net\kyas pro\SmartLoanTracker\smartloan.api\Middleware\CorrelationIdMiddleware.cs:line 14
   at Microsoft.AspNetCore.Diagnostics.ExceptionHandlerMiddlewareImpl.<Invoke>g__Awaited|10_0(ExceptionHandlerMiddlewareImpl middleware, HttpContext context, Task task)
2026-08-29 00:32:33.1427|Info|Microsoft.AspNetCore.Hosting.Diagnostics|CorrelationId=|Request finished HTTP/1.1 POST http://localhost:5176/api/v1/auth/refresh - 500 - application/json;+charset=utf-8 506.0289ms 
2026-08-29 00:32:33.3420|Info|Microsoft.EntityFrameworkCore.Database.Command|CorrelationId=240d98a5-2a17-406f-a812-b6766dff85d2|Executed DbCommand (5ms) [Parameters=[@p1='?' (DbType = Int32), @p0='?'], CommandType='Text', CommandTimeout='30']
UPDATE "Users" SET "RefreshToken" = @p0
WHERE "Id" = @p1; 
2026-08-29 00:32:33.3628|Info|SmartLoan.Application.Common.Behaviors.LoggingBehavior|CorrelationId=240d98a5-2a17-406f-a812-b6766dff85d2|Smarloan Request:RefreshTokenRequest finished in 738ms 
2026-08-29 00:32:33.3628|Info|Microsoft.AspNetCore.Mvc.Infrastructure.ObjectResultExecutor|CorrelationId=240d98a5-2a17-406f-a812-b6766dff85d2|Executing OkObjectResult, writing value of type 'SmartLoan.Application.Users.LoginResponse'. 
2026-08-29 00:32:33.3628|Info|Microsoft.AspNetCore.Mvc.Infrastructure.ControllerActionInvoker|CorrelationId=240d98a5-2a17-406f-a812-b6766dff85d2|Executed action SmartLoan.Api.Controllers.AuthController.Refresh (SmartLoan.Api) in 843.9522ms 
2026-08-29 00:32:33.3628|Info|Microsoft.AspNetCore.Routing.EndpointMiddleware|CorrelationId=240d98a5-2a17-406f-a812-b6766dff85d2|Executed endpoint 'SmartLoan.Api.Controllers.AuthController.Refresh (SmartLoan.Api)' 
2026-08-29 00:32:33.3628|Info|Microsoft.AspNetCore.Hosting.Diagnostics|CorrelationId=|Request finished HTTP/1.1 POST http://localhost:5176/api/v1/auth/refresh - 200 - application/json;+charset=utf-8 925.3548ms 
2026-08-29 00:32:33.3812|Info|Microsoft.AspNetCore.Hosting.Diagnostics|CorrelationId=|Request starting HTTP/1.1 GET http://localhost:5176/api/v1/customers?pageNumber=1&pageSize=10&search= - - - 
2026-08-29 00:32:33.4913|Info|Microsoft.AspNetCore.Routing.EndpointMiddleware|CorrelationId=b25cb03e-e1fe-4cce-9e82-ddfc9bd857c8|Executing endpoint 'SmartLoan.Api.Controllers.CustomersController.GetAll (SmartLoan.Api)' 
2026-08-29 00:32:33.5108|Info|Microsoft.AspNetCore.Mvc.Infrastructure.ControllerActionInvoker|CorrelationId=b25cb03e-e1fe-4cce-9e82-ddfc9bd857c8|Route matched with {action = "GetAll", controller = "Customers"}. Executing controller action with signature System.Threading.Tasks.Task`1[Microsoft.AspNetCore.Mvc.ActionResult`1[SmartLoan.Application.Common.PagedResponse`1[SmartLoan.Application.Customers.CustomerDetailsDto]]] GetAll(SmartLoan.Application.Common.PagedRequest) on controller SmartLoan.Api.Controllers.CustomersController (SmartLoan.Api). 
2026-08-29 00:32:33.5434|Info|SmartLoan.Application.Common.Behaviors.LoggingBehavior|CorrelationId=b25cb03e-e1fe-4cce-9e82-ddfc9bd857c8|smartloan Request:GetCustomersQuery starting... 
2026-08-29 00:32:33.7915|Info|Microsoft.EntityFrameworkCore.Database.Command|CorrelationId=b25cb03e-e1fe-4cce-9e82-ddfc9bd857c8|Executed DbCommand (6ms) [Parameters=[], CommandType='Text', CommandTimeout='30']
SELECT count(*)::int
FROM "Customers" AS c
WHERE NOT (c."IsDeleted") 
2026-08-29 00:32:33.9377|Info|Microsoft.EntityFrameworkCore.Database.Command|CorrelationId=b25cb03e-e1fe-4cce-9e82-ddfc9bd857c8|Executed DbCommand (6ms) [Parameters=[@p1='?' (DbType = Int32), @p='?' (DbType = Int32)], CommandType='Text', CommandTimeout='30']
SELECT c."Id", c."FullName", c."Phone", c."Address"
FROM "Customers" AS c
WHERE NOT (c."IsDeleted")
ORDER BY c."FullName"
LIMIT @p1 OFFSET @p 
2026-08-29 00:32:33.9377|Info|SmartLoan.Application.Common.Behaviors.LoggingBehavior|CorrelationId=b25cb03e-e1fe-4cce-9e82-ddfc9bd857c8|Smarloan Request:GetCustomersQuery finished in 399ms 
2026-08-29 00:32:33.9377|Info|Microsoft.AspNetCore.Mvc.Infrastructure.ObjectResultExecutor|CorrelationId=b25cb03e-e1fe-4cce-9e82-ddfc9bd857c8|Executing ObjectResult, writing value of type 'SmartLoan.Application.Common.PagedResponse`1[[SmartLoan.Application.Customers.CustomerDetailsDto, SmartLoan.Application, Version=1.0.0.0, Culture=neutral, PublicKeyToken=null]]'. 
2026-08-29 00:32:33.9572|Info|Microsoft.AspNetCore.Mvc.Infrastructure.ControllerActionInvoker|CorrelationId=b25cb03e-e1fe-4cce-9e82-ddfc9bd857c8|Executed action SmartLoan.Api.Controllers.CustomersController.GetAll (SmartLoan.Api) in 446.023ms 
2026-08-29 00:32:33.9572|Info|Microsoft.AspNetCore.Routing.EndpointMiddleware|CorrelationId=b25cb03e-e1fe-4cce-9e82-ddfc9bd857c8|Executed endpoint 'SmartLoan.Api.Controllers.CustomersController.GetAll (SmartLoan.Api)' 
2026-08-29 00:32:33.9572|Info|Microsoft.AspNetCore.Hosting.Diagnostics|CorrelationId=|Request finished HTTP/1.1 GET http://localhost:5176/api/v1/customers?pageNumber=1&pageSize=10&search= - 200 - application/json;+charset=utf-8 576.4881ms 
2026-08-29 00:33:00.3952|Info|Microsoft.AspNetCore.Hosting.Diagnostics|CorrelationId=|Request starting HTTP/1.1 GET http://localhost:5176/api/v1/customers?pageNumber=1&pageSize=10&search= - - - 
2026-08-29 00:33:00.3952|Info|Microsoft.AspNetCore.Authorization.DefaultAuthorizationService|CorrelationId=d20cc838-ba18-4a77-b5c2-f006664f142a|Authorization failed. These requirements were not met:
RolesAuthorizationRequirement:User.IsInRole must be true for one of the following roles: (Administrator) 
2026-08-29 00:33:00.3952|Info|Microsoft.AspNetCore.Authentication.JwtBearer.JwtBearerHandler|CorrelationId=d20cc838-ba18-4a77-b5c2-f006664f142a|AuthenticationScheme: Bearer was challenged. 
2026-08-29 00:33:00.3952|Info|Microsoft.AspNetCore.Hosting.Diagnostics|CorrelationId=|Request finished HTTP/1.1 GET http://localhost:5176/api/v1/customers?pageNumber=1&pageSize=10&search= - 401 0 - 1.1806ms 
2026-08-29 00:33:00.4117|Info|Microsoft.AspNetCore.Hosting.Diagnostics|CorrelationId=|Request starting HTTP/1.1 POST http://localhost:5176/api/v1/auth/refresh - application/json 706 
2026-08-29 00:33:00.4117|Info|Microsoft.AspNetCore.Cors.Infrastructure.CorsService|CorrelationId=625d547c-8665-41e4-bc4e-1b7c0047b413|CORS policy execution successful. 
2026-08-29 00:33:00.4117|Info|Microsoft.AspNetCore.Routing.EndpointMiddleware|CorrelationId=625d547c-8665-41e4-bc4e-1b7c0047b413|Executing endpoint 'SmartLoan.Api.Controllers.AuthController.Refresh (SmartLoan.Api)' 
2026-08-29 00:33:00.4117|Info|Microsoft.AspNetCore.Mvc.Infrastructure.ControllerActionInvoker|CorrelationId=625d547c-8665-41e4-bc4e-1b7c0047b413|Route matched with {action = "Refresh", controller = "Auth"}. Executing controller action with signature System.Threading.Tasks.Task`1[Microsoft.AspNetCore.Mvc.ActionResult] Refresh(SmartLoan.Application.Users.Commands.RefreshToken.RefreshTokenRequest) on controller SmartLoan.Api.Controllers.AuthController (SmartLoan.Api). 
2026-08-29 00:33:00.4117|Info|SmartLoan.Application.Common.Behaviors.LoggingBehavior|CorrelationId=625d547c-8665-41e4-bc4e-1b7c0047b413|smartloan Request:RefreshTokenRequest starting... 
2026-08-29 00:33:00.4250|Info|Microsoft.EntityFrameworkCore.Database.Command|CorrelationId=625d547c-8665-41e4-bc4e-1b7c0047b413|Executed DbCommand (1ms) [Parameters=[@request_RefreshToken='?'], CommandType='Text', CommandTimeout='30']
SELECT u."Id", u."Email", u."FullName", u."PasswordHash", u."RefreshToken", u."RefreshTokenExpiryTime", u."Role"
FROM "Users" AS u
WHERE u."RefreshToken" = @request_RefreshToken
LIMIT 1 
2026-08-29 00:33:00.4250|Info|Microsoft.EntityFrameworkCore.Database.Command|CorrelationId=625d547c-8665-41e4-bc4e-1b7c0047b413|Executed DbCommand (1ms) [Parameters=[@p1='?' (DbType = Int32), @p0='?'], CommandType='Text', CommandTimeout='30']
UPDATE "Users" SET "RefreshToken" = @p0
WHERE "Id" = @p1; 
2026-08-29 00:33:00.4250|Info|SmartLoan.Application.Common.Behaviors.LoggingBehavior|CorrelationId=625d547c-8665-41e4-bc4e-1b7c0047b413|Smarloan Request:RefreshTokenRequest finished in 18ms 
2026-08-29 00:33:00.4250|Info|Microsoft.AspNetCore.Mvc.Infrastructure.ObjectResultExecutor|CorrelationId=625d547c-8665-41e4-bc4e-1b7c0047b413|Executing OkObjectResult, writing value of type 'SmartLoan.Application.Users.LoginResponse'. 
2026-08-29 00:33:00.4250|Info|Microsoft.AspNetCore.Mvc.Infrastructure.ControllerActionInvoker|CorrelationId=625d547c-8665-41e4-bc4e-1b7c0047b413|Executed action SmartLoan.Api.Controllers.AuthController.Refresh (SmartLoan.Api) in 21.2092ms 
2026-08-29 00:33:00.4250|Info|Microsoft.AspNetCore.Routing.EndpointMiddleware|CorrelationId=625d547c-8665-41e4-bc4e-1b7c0047b413|Executed endpoint 'SmartLoan.Api.Controllers.AuthController.Refresh (SmartLoan.Api)' 
2026-08-29 00:33:00.4250|Info|Microsoft.AspNetCore.Hosting.Diagnostics|CorrelationId=|Request finished HTTP/1.1 POST http://localhost:5176/api/v1/auth/refresh - 200 - application/json;+charset=utf-8 23.1238ms 
2026-08-29 00:33:00.4447|Info|Microsoft.AspNetCore.Hosting.Diagnostics|CorrelationId=|Request starting HTTP/1.1 GET http://localhost:5176/api/v1/customers?pageNumber=1&pageSize=10&search= - - - 
2026-08-29 00:33:00.4447|Info|Microsoft.AspNetCore.Routing.EndpointMiddleware|CorrelationId=e82b001b-98dd-4aff-9233-d7b9c1d6598a|Executing endpoint 'SmartLoan.Api.Controllers.CustomersController.GetAll (SmartLoan.Api)' 
2026-08-29 00:33:00.4447|Info|Microsoft.AspNetCore.Mvc.Infrastructure.ControllerActionInvoker|CorrelationId=e82b001b-98dd-4aff-9233-d7b9c1d6598a|Route matched with {action = "GetAll", controller = "Customers"}. Executing controller action with signature System.Threading.Tasks.Task`1[Microsoft.AspNetCore.Mvc.ActionResult`1[SmartLoan.Application.Common.PagedResponse`1[SmartLoan.Application.Customers.CustomerDetailsDto]]] GetAll(SmartLoan.Application.Common.PagedRequest) on controller SmartLoan.Api.Controllers.CustomersController (SmartLoan.Api). 
2026-08-29 00:33:00.4447|Info|SmartLoan.Application.Common.Behaviors.LoggingBehavior|CorrelationId=e82b001b-98dd-4aff-9233-d7b9c1d6598a|smartloan Request:GetCustomersQuery starting... 
2026-08-29 00:33:00.4532|Info|Microsoft.EntityFrameworkCore.Database.Command|CorrelationId=e82b001b-98dd-4aff-9233-d7b9c1d6598a|Executed DbCommand (1ms) [Parameters=[], CommandType='Text', CommandTimeout='30']
SELECT count(*)::int
FROM "Customers" AS c
WHERE NOT (c."IsDeleted") 
2026-08-29 00:33:00.4532|Info|Microsoft.EntityFrameworkCore.Database.Command|CorrelationId=e82b001b-98dd-4aff-9233-d7b9c1d6598a|Executed DbCommand (1ms) [Parameters=[@p1='?' (DbType = Int32), @p='?' (DbType = Int32)], CommandType='Text', CommandTimeout='30']
SELECT c."Id", c."FullName", c."Phone", c."Address"
FROM "Customers" AS c
WHERE NOT (c."IsDeleted")
ORDER BY c."FullName"
LIMIT @p1 OFFSET @p 
2026-08-29 00:33:00.4532|Info|SmartLoan.Application.Common.Behaviors.LoggingBehavior|CorrelationId=e82b001b-98dd-4aff-9233-d7b9c1d6598a|Smarloan Request:GetCustomersQuery finished in 11ms 
2026-08-29 00:33:00.4532|Info|Microsoft.AspNetCore.Mvc.Infrastructure.ObjectResultExecutor|CorrelationId=e82b001b-98dd-4aff-9233-d7b9c1d6598a|Executing ObjectResult, writing value of type 'SmartLoan.Application.Common.PagedResponse`1[[SmartLoan.Application.Customers.CustomerDetailsDto, SmartLoan.Application, Version=1.0.0.0, Culture=neutral, PublicKeyToken=null]]'. 
2026-08-29 00:33:00.4532|Info|Microsoft.AspNetCore.Mvc.Infrastructure.ControllerActionInvoker|CorrelationId=e82b001b-98dd-4aff-9233-d7b9c1d6598a|Executed action SmartLoan.Api.Controllers.CustomersController.GetAll (SmartLoan.Api) in 14.8862ms 
2026-08-29 00:33:00.4532|Info|Microsoft.AspNetCore.Routing.EndpointMiddleware|CorrelationId=e82b001b-98dd-4aff-9233-d7b9c1d6598a|Executed endpoint 'SmartLoan.Api.Controllers.CustomersController.GetAll (SmartLoan.Api)' 
2026-08-29 00:33:00.4532|Info|Microsoft.AspNetCore.Hosting.Diagnostics|CorrelationId=|Request finished HTTP/1.1 GET http://localhost:5176/api/v1/customers?pageNumber=1&pageSize=10&search= - 200 - application/json;+charset=utf-8 18.2861ms 
2026-08-29 00:33:03.3148|Info|Microsoft.AspNetCore.Hosting.Diagnostics|CorrelationId=|Request starting HTTP/1.1 GET http://localhost:5176/api/v1/customers?pageNumber=1&pageSize=10&search= - - - 
2026-08-29 00:33:03.3148|Info|Microsoft.AspNetCore.Authorization.DefaultAuthorizationService|CorrelationId=7f1d98ee-ba13-478c-9bc2-ac5484358dea|Authorization failed. These requirements were not met:
RolesAuthorizationRequirement:User.IsInRole must be true for one of the following roles: (Administrator) 
2026-08-29 00:33:03.3148|Info|Microsoft.AspNetCore.Authentication.JwtBearer.JwtBearerHandler|CorrelationId=7f1d98ee-ba13-478c-9bc2-ac5484358dea|AuthenticationScheme: Bearer was challenged. 
2026-08-29 00:33:03.3148|Info|Microsoft.AspNetCore.Hosting.Diagnostics|CorrelationId=|Request finished HTTP/1.1 GET http://localhost:5176/api/v1/customers?pageNumber=1&pageSize=10&search= - 401 0 - 1.1424ms 
2026-08-29 00:33:03.3257|Info|Microsoft.AspNetCore.Hosting.Diagnostics|CorrelationId=|Request starting HTTP/1.1 POST http://localhost:5176/api/v1/auth/refresh - application/json 706 
2026-08-29 00:33:03.3257|Info|Microsoft.AspNetCore.Cors.Infrastructure.CorsService|CorrelationId=033aebf0-609a-48b4-b95f-fd1c02c659a8|CORS policy execution successful. 
2026-08-29 00:33:03.3257|Info|Microsoft.AspNetCore.Routing.EndpointMiddleware|CorrelationId=033aebf0-609a-48b4-b95f-fd1c02c659a8|Executing endpoint 'SmartLoan.Api.Controllers.AuthController.Refresh (SmartLoan.Api)' 
2026-08-29 00:33:03.3257|Info|Microsoft.AspNetCore.Mvc.Infrastructure.ControllerActionInvoker|CorrelationId=033aebf0-609a-48b4-b95f-fd1c02c659a8|Route matched with {action = "Refresh", controller = "Auth"}. Executing controller action with signature System.Threading.Tasks.Task`1[Microsoft.AspNetCore.Mvc.ActionResult] Refresh(SmartLoan.Application.Users.Commands.RefreshToken.RefreshTokenRequest) on controller SmartLoan.Api.Controllers.AuthController (SmartLoan.Api). 
2026-08-29 00:33:03.3257|Info|SmartLoan.Application.Common.Behaviors.LoggingBehavior|CorrelationId=033aebf0-609a-48b4-b95f-fd1c02c659a8|smartloan Request:RefreshTokenRequest starting... 
2026-08-29 00:33:03.3257|Info|Microsoft.EntityFrameworkCore.Database.Command|CorrelationId=033aebf0-609a-48b4-b95f-fd1c02c659a8|Executed DbCommand (1ms) [Parameters=[@request_RefreshToken='?'], CommandType='Text', CommandTimeout='30']
SELECT u."Id", u."Email", u."FullName", u."PasswordHash", u."RefreshToken", u."RefreshTokenExpiryTime", u."Role"
FROM "Users" AS u
WHERE u."RefreshToken" = @request_RefreshToken
LIMIT 1 
2026-08-29 00:33:03.3257|Info|Microsoft.EntityFrameworkCore.Database.Command|CorrelationId=033aebf0-609a-48b4-b95f-fd1c02c659a8|Executed DbCommand (1ms) [Parameters=[@p1='?' (DbType = Int32), @p0='?'], CommandType='Text', CommandTimeout='30']
UPDATE "Users" SET "RefreshToken" = @p0
WHERE "Id" = @p1; 
2026-08-29 00:33:03.3257|Info|SmartLoan.Application.Common.Behaviors.LoggingBehavior|CorrelationId=033aebf0-609a-48b4-b95f-fd1c02c659a8|Smarloan Request:RefreshTokenRequest finished in 5ms 
2026-08-29 00:33:03.3257|Info|Microsoft.AspNetCore.Mvc.Infrastructure.ObjectResultExecutor|CorrelationId=033aebf0-609a-48b4-b95f-fd1c02c659a8|Executing OkObjectResult, writing value of type 'SmartLoan.Application.Users.LoginResponse'. 
2026-08-29 00:33:03.3257|Info|Microsoft.AspNetCore.Mvc.Infrastructure.ControllerActionInvoker|CorrelationId=033aebf0-609a-48b4-b95f-fd1c02c659a8|Executed action SmartLoan.Api.Controllers.AuthController.Refresh (SmartLoan.Api) in 6.9107ms 
2026-08-29 00:33:03.3257|Info|Microsoft.AspNetCore.Routing.EndpointMiddleware|CorrelationId=033aebf0-609a-48b4-b95f-fd1c02c659a8|Executed endpoint 'SmartLoan.Api.Controllers.AuthController.Refresh (SmartLoan.Api)' 
2026-08-29 00:33:03.3257|Info|Microsoft.AspNetCore.Hosting.Diagnostics|CorrelationId=|Request finished HTTP/1.1 POST http://localhost:5176/api/v1/auth/refresh - 200 - application/json;+charset=utf-8 9.0778ms 
2026-08-29 00:33:03.3435|Info|Microsoft.AspNetCore.Hosting.Diagnostics|CorrelationId=|Request starting HTTP/1.1 GET http://localhost:5176/api/v1/customers?pageNumber=1&pageSize=10&search= - - - 
2026-08-29 00:33:03.3435|Info|Microsoft.AspNetCore.Routing.EndpointMiddleware|CorrelationId=5de0709c-5788-41c7-9a28-2506de8fb1c5|Executing endpoint 'SmartLoan.Api.Controllers.CustomersController.GetAll (SmartLoan.Api)' 
2026-08-29 00:33:03.3435|Info|Microsoft.AspNetCore.Mvc.Infrastructure.ControllerActionInvoker|CorrelationId=5de0709c-5788-41c7-9a28-2506de8fb1c5|Route matched with {action = "GetAll", controller = "Customers"}. Executing controller action with signature System.Threading.Tasks.Task`1[Microsoft.AspNetCore.Mvc.ActionResult`1[SmartLoan.Application.Common.PagedResponse`1[SmartLoan.Application.Customers.CustomerDetailsDto]]] GetAll(SmartLoan.Application.Common.PagedRequest) on controller SmartLoan.Api.Controllers.CustomersController (SmartLoan.Api). 
2026-08-29 00:33:03.3435|Info|SmartLoan.Application.Common.Behaviors.LoggingBehavior|CorrelationId=5de0709c-5788-41c7-9a28-2506de8fb1c5|smartloan Request:GetCustomersQuery starting... 
2026-08-29 00:33:03.3435|Info|Microsoft.EntityFrameworkCore.Database.Command|CorrelationId=5de0709c-5788-41c7-9a28-2506de8fb1c5|Executed DbCommand (1ms) [Parameters=[], CommandType='Text', CommandTimeout='30']
SELECT count(*)::int
FROM "Customers" AS c
WHERE NOT (c."IsDeleted") 
2026-08-29 00:33:03.3435|Info|Microsoft.EntityFrameworkCore.Database.Command|CorrelationId=5de0709c-5788-41c7-9a28-2506de8fb1c5|Executed DbCommand (1ms) [Parameters=[@p1='?' (DbType = Int32), @p='?' (DbType = Int32)], CommandType='Text', CommandTimeout='30']
SELECT c."Id", c."FullName", c."Phone", c."Address"
FROM "Customers" AS c
WHERE NOT (c."IsDeleted")
ORDER BY c."FullName"
LIMIT @p1 OFFSET @p 
2026-08-29 00:33:03.3435|Info|SmartLoan.Application.Common.Behaviors.LoggingBehavior|CorrelationId=5de0709c-5788-41c7-9a28-2506de8fb1c5|Smarloan Request:GetCustomersQuery finished in 4ms 
2026-08-29 00:33:03.3435|Info|Microsoft.AspNetCore.Mvc.Infrastructure.ObjectResultExecutor|CorrelationId=5de0709c-5788-41c7-9a28-2506de8fb1c5|Executing ObjectResult, writing value of type 'SmartLoan.Application.Common.PagedResponse`1[[SmartLoan.Application.Customers.CustomerDetailsDto, SmartLoan.Application, Version=1.0.0.0, Culture=neutral, PublicKeyToken=null]]'. 
2026-08-29 00:33:03.3435|Info|Microsoft.AspNetCore.Mvc.Infrastructure.ControllerActionInvoker|CorrelationId=5de0709c-5788-41c7-9a28-2506de8fb1c5|Executed action SmartLoan.Api.Controllers.CustomersController.GetAll (SmartLoan.Api) in 6.5234ms 
2026-08-29 00:33:03.3435|Info|Microsoft.AspNetCore.Routing.EndpointMiddleware|CorrelationId=5de0709c-5788-41c7-9a28-2506de8fb1c5|Executed endpoint 'SmartLoan.Api.Controllers.CustomersController.GetAll (SmartLoan.Api)' 
2026-08-29 00:33:03.3435|Info|Microsoft.AspNetCore.Hosting.Diagnostics|CorrelationId=|Request finished HTTP/1.1 GET http://localhost:5176/api/v1/customers?pageNumber=1&pageSize=10&search= - 200 - application/json;+charset=utf-8 8.7529ms 
2026-08-29 00:33:23.7753|Info|Microsoft.AspNetCore.Hosting.Diagnostics|CorrelationId=|Request starting HTTP/1.1 GET http://localhost:5176/api/v1/customers?pageNumber=1&pageSize=10&search= - - - 
2026-08-29 00:33:23.7753|Info|Microsoft.AspNetCore.Authorization.DefaultAuthorizationService|CorrelationId=a1836340-bce1-40ad-aa4b-0a2153030805|Authorization failed. These requirements were not met:
RolesAuthorizationRequirement:User.IsInRole must be true for one of the following roles: (Administrator) 
2026-08-29 00:33:23.7753|Info|Microsoft.AspNetCore.Authentication.JwtBearer.JwtBearerHandler|CorrelationId=a1836340-bce1-40ad-aa4b-0a2153030805|AuthenticationScheme: Bearer was challenged. 
2026-08-29 00:33:23.7753|Info|Microsoft.AspNetCore.Hosting.Diagnostics|CorrelationId=|Request finished HTTP/1.1 GET http://localhost:5176/api/v1/customers?pageNumber=1&pageSize=10&search= - 401 0 - 0.9170ms 
2026-08-29 00:33:23.8131|Info|Microsoft.AspNetCore.Hosting.Diagnostics|CorrelationId=|Request starting HTTP/1.1 POST http://localhost:5176/api/v1/auth/refresh - application/json 706 
2026-08-29 00:33:23.8131|Info|Microsoft.AspNetCore.Cors.Infrastructure.CorsService|CorrelationId=8b80d234-36c3-46eb-9c98-b722a6f84c0e|CORS policy execution successful. 
2026-08-29 00:33:23.8131|Info|Microsoft.AspNetCore.Routing.EndpointMiddleware|CorrelationId=8b80d234-36c3-46eb-9c98-b722a6f84c0e|Executing endpoint 'SmartLoan.Api.Controllers.AuthController.Refresh (SmartLoan.Api)' 
2026-08-29 00:33:23.8131|Info|Microsoft.AspNetCore.Mvc.Infrastructure.ControllerActionInvoker|CorrelationId=8b80d234-36c3-46eb-9c98-b722a6f84c0e|Route matched with {action = "Refresh", controller = "Auth"}. Executing controller action with signature System.Threading.Tasks.Task`1[Microsoft.AspNetCore.Mvc.ActionResult] Refresh(SmartLoan.Application.Users.Commands.RefreshToken.RefreshTokenRequest) on controller SmartLoan.Api.Controllers.AuthController (SmartLoan.Api). 
2026-08-29 00:33:23.8131|Info|SmartLoan.Application.Common.Behaviors.LoggingBehavior|CorrelationId=8b80d234-36c3-46eb-9c98-b722a6f84c0e|smartloan Request:RefreshTokenRequest starting... 
2026-08-29 00:33:23.8131|Info|Microsoft.EntityFrameworkCore.Database.Command|CorrelationId=8b80d234-36c3-46eb-9c98-b722a6f84c0e|Executed DbCommand (2ms) [Parameters=[@request_RefreshToken='?'], CommandType='Text', CommandTimeout='30']
SELECT u."Id", u."Email", u."FullName", u."PasswordHash", u."RefreshToken", u."RefreshTokenExpiryTime", u."Role"
FROM "Users" AS u
WHERE u."RefreshToken" = @request_RefreshToken
LIMIT 1 
2026-08-29 00:33:23.8131|Info|Microsoft.AspNetCore.Mvc.Infrastructure.ControllerActionInvoker|CorrelationId=8b80d234-36c3-46eb-9c98-b722a6f84c0e|Executed action SmartLoan.Api.Controllers.AuthController.Refresh (SmartLoan.Api) in 6.8592ms 
2026-08-29 00:33:23.8131|Info|Microsoft.AspNetCore.Routing.EndpointMiddleware|CorrelationId=8b80d234-36c3-46eb-9c98-b722a6f84c0e|Executed endpoint 'SmartLoan.Api.Controllers.AuthController.Refresh (SmartLoan.Api)' 
2026-08-29 00:33:23.8131|Error|SmartLoan.Api.Middleware.GlobalExeptionHandle|CorrelationId=|an error occurred:Session expired. Please login again. SmartLoan.Application.Common.Exceptions.BusinessRuleException: Session expired. Please login again.
   at SmartLoan.Application.Users.Commands.RefreshToken.RefreshTokenHandler.Handle(RefreshTokenRequest request, CancellationToken ct) in D:\isaac\educational purpose only\.net\kyas pro\SmartLoanTracker\SmartLoan.Application\Users\Commands\RefreshToken\RefreshTokenRequest.cs:line 19
   at SmartLoan.Application.Common.Behaviors.ValidationBehavior`2.Handle(TRequest request, RequestHandlerDelegate`1 next, CancellationToken cancellationToken) in D:\isaac\educational purpose only\.net\kyas pro\SmartLoanTracker\SmartLoan.Application\Common\Behaviors\ValidationBehavior.cs:line 31
   at SmartLoan.Application.Common.Behaviors.LoggingBehavior`2.Handle(TRequest request, RequestHandlerDelegate`1 next, CancellationToken cancellationToken) in D:\isaac\educational purpose only\.net\kyas pro\SmartLoanTracker\SmartLoan.Application\Common\Behaviors\LoggingBehavior.cs:line 14
   at SmartLoan.Api.Controllers.AuthController.Refresh(RefreshTokenRequest command) in D:\isaac\educational purpose only\.net\kyas pro\SmartLoanTracker\smartloan.api\Controllers\AuthController.cs:line 27
   at lambda_method17(Closure, Object)
   at Microsoft.AspNetCore.Mvc.Infrastructure.ActionMethodExecutor.TaskOfActionResultExecutor.Execute(ActionContext actionContext, IActionResultTypeMapper mapper, ObjectMethodExecutor executor, Object controller, Object[] arguments)
   at Microsoft.AspNetCore.Mvc.Infrastructure.ControllerActionInvoker.<InvokeActionMethodAsync>g__Awaited|12_0(ControllerActionInvoker invoker, ValueTask`1 actionResultValueTask)
   at Microsoft.AspNetCore.Mvc.Infrastructure.ControllerActionInvoker.<InvokeNextActionFilterAsync>g__Awaited|10_0(ControllerActionInvoker invoker, Task lastTask, State next, Scope scope, Object state, Boolean isCompleted)
   at Microsoft.AspNetCore.Mvc.Infrastructure.ControllerActionInvoker.Rethrow(ActionExecutedContextSealed context)
   at Microsoft.AspNetCore.Mvc.Infrastructure.ControllerActionInvoker.Next(State& next, Scope& scope, Object& state, Boolean& isCompleted)
   at Microsoft.AspNetCore.Mvc.Infrastructure.ControllerActionInvoker.<InvokeInnerFilterAsync>g__Awaited|13_0(ControllerActionInvoker invoker, Task lastTask, State next, Scope scope, Object state, Boolean isCompleted)
   at Microsoft.AspNetCore.Mvc.Infrastructure.ResourceInvoker.<InvokeFilterPipelineAsync>g__Awaited|20_0(ResourceInvoker invoker, Task lastTask, State next, Scope scope, Object state, Boolean isCompleted)
   at Microsoft.AspNetCore.Mvc.Infrastructure.ResourceInvoker.<InvokeAsync>g__Logged|17_1(ResourceInvoker invoker)
   at Microsoft.AspNetCore.Mvc.Infrastructure.ResourceInvoker.<InvokeAsync>g__Logged|17_1(ResourceInvoker invoker)
   at Microsoft.AspNetCore.Routing.EndpointMiddleware.<Invoke>g__AwaitRequestTask|7_0(Endpoint endpoint, Task requestTask, ILogger logger)
   at Microsoft.AspNetCore.Authorization.AuthorizationMiddleware.Invoke(HttpContext context)
   at Microsoft.AspNetCore.Authentication.AuthenticationMiddleware.Invoke(HttpContext context)
   at SmartLoan.Api.Middleware.SecurityHeadersMiddleware.InvokeAsync(HttpContext context) in D:\isaac\educational purpose only\.net\kyas pro\SmartLoanTracker\smartloan.api\Middleware\SecurityHeadersMiddleware.cs:line 23
   at SmartLoan.Api.Middleware.CorrelationIdMiddleware.InvokeAsync(HttpContext context) in D:\isaac\educational purpose only\.net\kyas pro\SmartLoanTracker\smartloan.api\Middleware\CorrelationIdMiddleware.cs:line 14
   at Microsoft.AspNetCore.Diagnostics.ExceptionHandlerMiddlewareImpl.<Invoke>g__Awaited|10_0(ExceptionHandlerMiddlewareImpl middleware, HttpContext context, Task task)
2026-08-29 00:33:23.8278|Info|Microsoft.AspNetCore.Hosting.Diagnostics|CorrelationId=|Request finished HTTP/1.1 POST http://localhost:5176/api/v1/auth/refresh - 500 - application/json;+charset=utf-8 14.7015ms 
2026-08-29 01:26:24.2838|Info|Microsoft.AspNetCore.Hosting.Diagnostics|CorrelationId=|Request starting HTTP/1.1 GET http://localhost:5176/api/v1/customers?pageNumber=1&pageSize=10&search= - - - 
2026-08-29 01:26:24.2838|Info|Microsoft.AspNetCore.Authorization.DefaultAuthorizationService|CorrelationId=963ae09e-8957-4eb6-b559-49cbfc496730|Authorization failed. These requirements were not met:
RolesAuthorizationRequirement:User.IsInRole must be true for one of the following roles: (Administrator) 
2026-08-29 01:26:24.2838|Info|Microsoft.AspNetCore.Authentication.JwtBearer.JwtBearerHandler|CorrelationId=963ae09e-8957-4eb6-b559-49cbfc496730|AuthenticationScheme: Bearer was challenged. 
2026-08-29 01:26:24.2838|Info|Microsoft.AspNetCore.Hosting.Diagnostics|CorrelationId=|Request finished HTTP/1.1 GET http://localhost:5176/api/v1/customers?pageNumber=1&pageSize=10&search= - 401 0 - 1.0374ms 
2026-08-29 01:26:24.2838|Info|Microsoft.AspNetCore.Hosting.Diagnostics|CorrelationId=|Request starting HTTP/1.1 POST http://localhost:5176/api/v1/auth/refresh - application/json 706 
2026-08-29 01:26:24.2838|Info|Microsoft.AspNetCore.Cors.Infrastructure.CorsService|CorrelationId=6a7946bb-fb51-42af-b579-a832b9bf8ace|CORS policy execution successful. 
2026-08-29 01:26:24.2941|Info|Microsoft.AspNetCore.Routing.EndpointMiddleware|CorrelationId=6a7946bb-fb51-42af-b579-a832b9bf8ace|Executing endpoint 'SmartLoan.Api.Controllers.AuthController.Refresh (SmartLoan.Api)' 
2026-08-29 01:26:24.2941|Info|Microsoft.AspNetCore.Mvc.Infrastructure.ControllerActionInvoker|CorrelationId=6a7946bb-fb51-42af-b579-a832b9bf8ace|Route matched with {action = "Refresh", controller = "Auth"}. Executing controller action with signature System.Threading.Tasks.Task`1[Microsoft.AspNetCore.Mvc.ActionResult] Refresh(SmartLoan.Application.Users.Commands.RefreshToken.RefreshTokenRequest) on controller SmartLoan.Api.Controllers.AuthController (SmartLoan.Api). 
2026-08-29 01:26:24.2941|Info|SmartLoan.Application.Common.Behaviors.LoggingBehavior|CorrelationId=6a7946bb-fb51-42af-b579-a832b9bf8ace|smartloan Request:RefreshTokenRequest starting... 
2026-08-29 01:26:24.3384|Info|Microsoft.EntityFrameworkCore.Database.Command|CorrelationId=6a7946bb-fb51-42af-b579-a832b9bf8ace|Executed DbCommand (4ms) [Parameters=[@request_RefreshToken='?'], CommandType='Text', CommandTimeout='30']
SELECT u."Id", u."Email", u."FullName", u."PasswordHash", u."RefreshToken", u."RefreshTokenExpiryTime", u."Role"
FROM "Users" AS u
WHERE u."RefreshToken" = @request_RefreshToken
LIMIT 1 
2026-08-29 01:26:24.3384|Info|Microsoft.AspNetCore.Mvc.Infrastructure.ControllerActionInvoker|CorrelationId=6a7946bb-fb51-42af-b579-a832b9bf8ace|Executed action SmartLoan.Api.Controllers.AuthController.Refresh (SmartLoan.Api) in 44.2824ms 
2026-08-29 01:26:24.3384|Info|Microsoft.AspNetCore.Routing.EndpointMiddleware|CorrelationId=6a7946bb-fb51-42af-b579-a832b9bf8ace|Executed endpoint 'SmartLoan.Api.Controllers.AuthController.Refresh (SmartLoan.Api)' 
2026-08-29 01:26:24.3384|Error|SmartLoan.Api.Middleware.GlobalExeptionHandle|CorrelationId=|an error occurred:Session expired. Please login again. SmartLoan.Application.Common.Exceptions.BusinessRuleException: Session expired. Please login again.
   at SmartLoan.Application.Users.Commands.RefreshToken.RefreshTokenHandler.Handle(RefreshTokenRequest request, CancellationToken ct) in D:\isaac\educational purpose only\.net\kyas pro\SmartLoanTracker\SmartLoan.Application\Users\Commands\RefreshToken\RefreshTokenRequest.cs:line 19
   at SmartLoan.Application.Common.Behaviors.ValidationBehavior`2.Handle(TRequest request, RequestHandlerDelegate`1 next, CancellationToken cancellationToken) in D:\isaac\educational purpose only\.net\kyas pro\SmartLoanTracker\SmartLoan.Application\Common\Behaviors\ValidationBehavior.cs:line 31
   at SmartLoan.Application.Common.Behaviors.LoggingBehavior`2.Handle(TRequest request, RequestHandlerDelegate`1 next, CancellationToken cancellationToken) in D:\isaac\educational purpose only\.net\kyas pro\SmartLoanTracker\SmartLoan.Application\Common\Behaviors\LoggingBehavior.cs:line 14
   at SmartLoan.Api.Controllers.AuthController.Refresh(RefreshTokenRequest command) in D:\isaac\educational purpose only\.net\kyas pro\SmartLoanTracker\smartloan.api\Controllers\AuthController.cs:line 27
   at lambda_method17(Closure, Object)
   at Microsoft.AspNetCore.Mvc.Infrastructure.ActionMethodExecutor.TaskOfActionResultExecutor.Execute(ActionContext actionContext, IActionResultTypeMapper mapper, ObjectMethodExecutor executor, Object controller, Object[] arguments)
   at Microsoft.AspNetCore.Mvc.Infrastructure.ControllerActionInvoker.<InvokeActionMethodAsync>g__Awaited|12_0(ControllerActionInvoker invoker, ValueTask`1 actionResultValueTask)
   at Microsoft.AspNetCore.Mvc.Infrastructure.ControllerActionInvoker.<InvokeNextActionFilterAsync>g__Awaited|10_0(ControllerActionInvoker invoker, Task lastTask, State next, Scope scope, Object state, Boolean isCompleted)
   at Microsoft.AspNetCore.Mvc.Infrastructure.ControllerActionInvoker.Rethrow(ActionExecutedContextSealed context)
   at Microsoft.AspNetCore.Mvc.Infrastructure.ControllerActionInvoker.Next(State& next, Scope& scope, Object& state, Boolean& isCompleted)
   at Microsoft.AspNetCore.Mvc.Infrastructure.ControllerActionInvoker.<InvokeInnerFilterAsync>g__Awaited|13_0(ControllerActionInvoker invoker, Task lastTask, State next, Scope scope, Object state, Boolean isCompleted)
   at Microsoft.AspNetCore.Mvc.Infrastructure.ResourceInvoker.<InvokeFilterPipelineAsync>g__Awaited|20_0(ResourceInvoker invoker, Task lastTask, State next, Scope scope, Object state, Boolean isCompleted)
   at Microsoft.AspNetCore.Mvc.Infrastructure.ResourceInvoker.<InvokeAsync>g__Logged|17_1(ResourceInvoker invoker)
   at Microsoft.AspNetCore.Mvc.Infrastructure.ResourceInvoker.<InvokeAsync>g__Logged|17_1(ResourceInvoker invoker)
   at Microsoft.AspNetCore.Routing.EndpointMiddleware.<Invoke>g__AwaitRequestTask|7_0(Endpoint endpoint, Task requestTask, ILogger logger)
   at Microsoft.AspNetCore.Authorization.AuthorizationMiddleware.Invoke(HttpContext context)
   at Microsoft.AspNetCore.Authentication.AuthenticationMiddleware.Invoke(HttpContext context)
   at SmartLoan.Api.Middleware.SecurityHeadersMiddleware.InvokeAsync(HttpContext context) in D:\isaac\educational purpose only\.net\kyas pro\SmartLoanTracker\smartloan.api\Middleware\SecurityHeadersMiddleware.cs:line 23
   at SmartLoan.Api.Middleware.CorrelationIdMiddleware.InvokeAsync(HttpContext context) in D:\isaac\educational purpose only\.net\kyas pro\SmartLoanTracker\smartloan.api\Middleware\CorrelationIdMiddleware.cs:line 14
   at Microsoft.AspNetCore.Diagnostics.ExceptionHandlerMiddlewareImpl.<Invoke>g__Awaited|10_0(ExceptionHandlerMiddlewareImpl middleware, HttpContext context, Task task)
2026-08-29 01:26:24.3417|Info|Microsoft.AspNetCore.Hosting.Diagnostics|CorrelationId=|Request finished HTTP/1.1 POST http://localhost:5176/api/v1/auth/refresh - 500 - application/json;+charset=utf-8 48.2960ms 
2026-08-29 01:26:36.3863|Info|Microsoft.AspNetCore.Hosting.Diagnostics|CorrelationId=|Request starting HTTP/1.1 POST http://localhost:5176/api/v1/auth/login - application/json 49 
2026-08-29 01:26:36.3863|Info|Microsoft.AspNetCore.Cors.Infrastructure.CorsService|CorrelationId=8a111cb5-dc16-4460-a41e-be52b5a4f990|CORS policy execution successful. 
2026-08-29 01:26:36.3947|Info|Microsoft.AspNetCore.Routing.EndpointMiddleware|CorrelationId=8a111cb5-dc16-4460-a41e-be52b5a4f990|Executing endpoint 'SmartLoan.Api.Controllers.AuthController.Login (SmartLoan.Api)' 
2026-08-29 01:26:36.3947|Info|Microsoft.AspNetCore.Mvc.Infrastructure.ControllerActionInvoker|CorrelationId=8a111cb5-dc16-4460-a41e-be52b5a4f990|Route matched with {action = "Login", controller = "Auth"}. Executing controller action with signature System.Threading.Tasks.Task`1[Microsoft.AspNetCore.Mvc.ActionResult`1[SmartLoan.Application.Users.LoginResponse]] Login(SmartLoan.Application.Users.LoginCommand) on controller SmartLoan.Api.Controllers.AuthController (SmartLoan.Api). 
2026-08-29 01:26:36.4059|Info|SmartLoan.Application.Common.Behaviors.LoggingBehavior|CorrelationId=8a111cb5-dc16-4460-a41e-be52b5a4f990|smartloan Request:LoginCommand starting... 
2026-08-29 01:26:36.4059|Info|Microsoft.EntityFrameworkCore.Database.Command|CorrelationId=8a111cb5-dc16-4460-a41e-be52b5a4f990|Executed DbCommand (1ms) [Parameters=[@request_Email='?'], CommandType='Text', CommandTimeout='30']
SELECT u."Id", u."Email", u."FullName", u."PasswordHash", u."RefreshToken", u."RefreshTokenExpiryTime", u."Role"
FROM "Users" AS u
WHERE u."Email" = @request_Email
LIMIT 1 
2026-08-29 01:26:36.9942|Info|Microsoft.EntityFrameworkCore.Database.Command|CorrelationId=8a111cb5-dc16-4460-a41e-be52b5a4f990|Executed DbCommand (4ms) [Parameters=[@p2='?' (DbType = Int32), @p0='?', @p1='?' (DbType = DateTime)], CommandType='Text', CommandTimeout='30']
UPDATE "Users" SET "RefreshToken" = @p0, "RefreshTokenExpiryTime" = @p1
WHERE "Id" = @p2; 
2026-08-29 01:26:36.9942|Info|SmartLoan.Application.Common.Behaviors.LoggingBehavior|CorrelationId=8a111cb5-dc16-4460-a41e-be52b5a4f990|Smarloan Request:LoginCommand finished in 588ms 
2026-08-29 01:26:36.9942|Info|Microsoft.AspNetCore.Mvc.Infrastructure.ObjectResultExecutor|CorrelationId=8a111cb5-dc16-4460-a41e-be52b5a4f990|Executing OkObjectResult, writing value of type 'SmartLoan.Application.Users.LoginResponse'. 
2026-08-29 01:26:36.9942|Info|Microsoft.AspNetCore.Mvc.Infrastructure.ControllerActionInvoker|CorrelationId=8a111cb5-dc16-4460-a41e-be52b5a4f990|Executed action SmartLoan.Api.Controllers.AuthController.Login (SmartLoan.Api) in 592.8865ms 
2026-08-29 01:26:36.9942|Info|Microsoft.AspNetCore.Routing.EndpointMiddleware|CorrelationId=8a111cb5-dc16-4460-a41e-be52b5a4f990|Executed endpoint 'SmartLoan.Api.Controllers.AuthController.Login (SmartLoan.Api)' 
2026-08-29 01:26:36.9942|Info|Microsoft.AspNetCore.Hosting.Diagnostics|CorrelationId=|Request finished HTTP/1.1 POST http://localhost:5176/api/v1/auth/login - 200 - application/json;+charset=utf-8 610.0221ms 
2026-08-29 01:26:39.4316|Info|Microsoft.AspNetCore.Hosting.Diagnostics|CorrelationId=|Request starting HTTP/1.1 GET http://localhost:5176/api/v1/customers?pageNumber=1&pageSize=10&search= - - - 
2026-08-29 01:26:39.4316|Info|Microsoft.AspNetCore.Authorization.DefaultAuthorizationService|CorrelationId=e623e392-4d52-469e-b577-583fe3aa6382|Authorization failed. These requirements were not met:
RolesAuthorizationRequirement:User.IsInRole must be true for one of the following roles: (Administrator) 
2026-08-29 01:26:39.4316|Info|Microsoft.AspNetCore.Authentication.JwtBearer.JwtBearerHandler|CorrelationId=e623e392-4d52-469e-b577-583fe3aa6382|AuthenticationScheme: Bearer was challenged. 
2026-08-29 01:26:39.4316|Info|Microsoft.AspNetCore.Hosting.Diagnostics|CorrelationId=|Request finished HTTP/1.1 GET http://localhost:5176/api/v1/customers?pageNumber=1&pageSize=10&search= - 401 0 - 0.5898ms 
2026-08-29 01:26:39.4394|Info|Microsoft.AspNetCore.Hosting.Diagnostics|CorrelationId=|Request starting HTTP/1.1 POST http://localhost:5176/api/v1/auth/refresh - application/json 706 
2026-08-29 01:26:39.4394|Info|Microsoft.AspNetCore.Cors.Infrastructure.CorsService|CorrelationId=d016bae8-8d0c-4975-8aea-fa3bb1d796ec|CORS policy execution successful. 
2026-08-29 01:26:39.4394|Info|Microsoft.AspNetCore.Routing.EndpointMiddleware|CorrelationId=d016bae8-8d0c-4975-8aea-fa3bb1d796ec|Executing endpoint 'SmartLoan.Api.Controllers.AuthController.Refresh (SmartLoan.Api)' 
2026-08-29 01:26:39.4394|Info|Microsoft.AspNetCore.Mvc.Infrastructure.ControllerActionInvoker|CorrelationId=d016bae8-8d0c-4975-8aea-fa3bb1d796ec|Route matched with {action = "Refresh", controller = "Auth"}. Executing controller action with signature System.Threading.Tasks.Task`1[Microsoft.AspNetCore.Mvc.ActionResult] Refresh(SmartLoan.Application.Users.Commands.RefreshToken.RefreshTokenRequest) on controller SmartLoan.Api.Controllers.AuthController (SmartLoan.Api). 
2026-08-29 01:26:39.4394|Info|SmartLoan.Application.Common.Behaviors.LoggingBehavior|CorrelationId=d016bae8-8d0c-4975-8aea-fa3bb1d796ec|smartloan Request:RefreshTokenRequest starting... 
2026-08-29 01:26:39.4394|Info|Microsoft.EntityFrameworkCore.Database.Command|CorrelationId=d016bae8-8d0c-4975-8aea-fa3bb1d796ec|Executed DbCommand (1ms) [Parameters=[@request_RefreshToken='?'], CommandType='Text', CommandTimeout='30']
SELECT u."Id", u."Email", u."FullName", u."PasswordHash", u."RefreshToken", u."RefreshTokenExpiryTime", u."Role"
FROM "Users" AS u
WHERE u."RefreshToken" = @request_RefreshToken
LIMIT 1 
2026-08-29 01:26:39.4394|Info|Microsoft.EntityFrameworkCore.Database.Command|CorrelationId=d016bae8-8d0c-4975-8aea-fa3bb1d796ec|Executed DbCommand (1ms) [Parameters=[@p1='?' (DbType = Int32), @p0='?'], CommandType='Text', CommandTimeout='30']
UPDATE "Users" SET "RefreshToken" = @p0
WHERE "Id" = @p1; 
2026-08-29 01:26:39.4394|Info|SmartLoan.Application.Common.Behaviors.LoggingBehavior|CorrelationId=d016bae8-8d0c-4975-8aea-fa3bb1d796ec|Smarloan Request:RefreshTokenRequest finished in 3ms 
2026-08-29 01:26:39.4394|Info|Microsoft.AspNetCore.Mvc.Infrastructure.ObjectResultExecutor|CorrelationId=d016bae8-8d0c-4975-8aea-fa3bb1d796ec|Executing OkObjectResult, writing value of type 'SmartLoan.Application.Users.LoginResponse'. 
2026-08-29 01:26:39.4394|Info|Microsoft.AspNetCore.Mvc.Infrastructure.ControllerActionInvoker|CorrelationId=d016bae8-8d0c-4975-8aea-fa3bb1d796ec|Executed action SmartLoan.Api.Controllers.AuthController.Refresh (SmartLoan.Api) in 3.9356ms 
2026-08-29 01:26:39.4394|Info|Microsoft.AspNetCore.Routing.EndpointMiddleware|CorrelationId=d016bae8-8d0c-4975-8aea-fa3bb1d796ec|Executed endpoint 'SmartLoan.Api.Controllers.AuthController.Refresh (SmartLoan.Api)' 
2026-08-29 01:26:39.4394|Info|Microsoft.AspNetCore.Hosting.Diagnostics|CorrelationId=|Request finished HTTP/1.1 POST http://localhost:5176/api/v1/auth/refresh - 200 - application/json;+charset=utf-8 4.7166ms 
2026-08-29 01:26:39.4394|Info|Microsoft.AspNetCore.Hosting.Diagnostics|CorrelationId=|Request starting HTTP/1.1 GET http://localhost:5176/api/v1/customers?pageNumber=1&pageSize=10&search= - - - 
2026-08-29 01:26:39.4394|Info|Microsoft.AspNetCore.Routing.EndpointMiddleware|CorrelationId=d71ed41e-3535-4371-9ccc-e277cb4ba55b|Executing endpoint 'SmartLoan.Api.Controllers.CustomersController.GetAll (SmartLoan.Api)' 
2026-08-29 01:26:39.4394|Info|Microsoft.AspNetCore.Mvc.Infrastructure.ControllerActionInvoker|CorrelationId=d71ed41e-3535-4371-9ccc-e277cb4ba55b|Route matched with {action = "GetAll", controller = "Customers"}. Executing controller action with signature System.Threading.Tasks.Task`1[Microsoft.AspNetCore.Mvc.ActionResult`1[SmartLoan.Application.Common.PagedResponse`1[SmartLoan.Application.Customers.CustomerDetailsDto]]] GetAll(SmartLoan.Application.Common.PagedRequest) on controller SmartLoan.Api.Controllers.CustomersController (SmartLoan.Api). 
2026-08-29 01:26:39.4502|Info|SmartLoan.Application.Common.Behaviors.LoggingBehavior|CorrelationId=d71ed41e-3535-4371-9ccc-e277cb4ba55b|smartloan Request:GetCustomersQuery starting... 
2026-08-29 01:26:39.4502|Info|Microsoft.EntityFrameworkCore.Database.Command|CorrelationId=d71ed41e-3535-4371-9ccc-e277cb4ba55b|Executed DbCommand (2ms) [Parameters=[], CommandType='Text', CommandTimeout='30']
SELECT count(*)::int
FROM "Customers" AS c
WHERE NOT (c."IsDeleted") 
2026-08-29 01:26:39.4502|Info|Microsoft.EntityFrameworkCore.Database.Command|CorrelationId=d71ed41e-3535-4371-9ccc-e277cb4ba55b|Executed DbCommand (1ms) [Parameters=[@p1='?' (DbType = Int32), @p='?' (DbType = Int32)], CommandType='Text', CommandTimeout='30']
SELECT c."Id", c."FullName", c."Phone", c."Address"
FROM "Customers" AS c
WHERE NOT (c."IsDeleted")
ORDER BY c."FullName"
LIMIT @p1 OFFSET @p 
2026-08-29 01:26:39.4502|Info|SmartLoan.Application.Common.Behaviors.LoggingBehavior|CorrelationId=d71ed41e-3535-4371-9ccc-e277cb4ba55b|Smarloan Request:GetCustomersQuery finished in 4ms 
2026-08-29 01:26:39.4502|Info|Microsoft.AspNetCore.Mvc.Infrastructure.ObjectResultExecutor|CorrelationId=d71ed41e-3535-4371-9ccc-e277cb4ba55b|Executing ObjectResult, writing value of type 'SmartLoan.Application.Common.PagedResponse`1[[SmartLoan.Application.Customers.CustomerDetailsDto, SmartLoan.Application, Version=1.0.0.0, Culture=neutral, PublicKeyToken=null]]'. 
2026-08-29 01:26:39.4502|Info|Microsoft.AspNetCore.Mvc.Infrastructure.ControllerActionInvoker|CorrelationId=d71ed41e-3535-4371-9ccc-e277cb4ba55b|Executed action SmartLoan.Api.Controllers.CustomersController.GetAll (SmartLoan.Api) in 4.8687ms 
2026-08-29 01:26:39.4502|Info|Microsoft.AspNetCore.Routing.EndpointMiddleware|CorrelationId=d71ed41e-3535-4371-9ccc-e277cb4ba55b|Executed endpoint 'SmartLoan.Api.Controllers.CustomersController.GetAll (SmartLoan.Api)' 
2026-08-29 01:26:39.4502|Info|Microsoft.AspNetCore.Hosting.Diagnostics|CorrelationId=|Request finished HTTP/1.1 GET http://localhost:5176/api/v1/customers?pageNumber=1&pageSize=10&search= - 200 - application/json;+charset=utf-8 5.7697ms 
2026-08-29 01:26:48.1411|Info|Microsoft.AspNetCore.Hosting.Diagnostics|CorrelationId=|Request starting HTTP/1.1 GET http://localhost:5176/api/v1/customers?pageNumber=1&pageSize=10&search= - - - 
2026-08-29 01:26:48.1411|Info|Microsoft.AspNetCore.Authorization.DefaultAuthorizationService|CorrelationId=a7ff9e68-f98a-4f0a-b088-9e76c68e0d87|Authorization failed. These requirements were not met:
RolesAuthorizationRequirement:User.IsInRole must be true for one of the following roles: (Administrator) 
2026-08-29 01:26:48.1411|Info|Microsoft.AspNetCore.Authentication.JwtBearer.JwtBearerHandler|CorrelationId=a7ff9e68-f98a-4f0a-b088-9e76c68e0d87|AuthenticationScheme: Bearer was challenged. 
2026-08-29 01:26:48.1411|Info|Microsoft.AspNetCore.Hosting.Diagnostics|CorrelationId=|Request finished HTTP/1.1 GET http://localhost:5176/api/v1/customers?pageNumber=1&pageSize=10&search= - 401 0 - 0.8063ms 
2026-08-29 01:26:48.1411|Info|Microsoft.AspNetCore.Hosting.Diagnostics|CorrelationId=|Request starting HTTP/1.1 POST http://localhost:5176/api/v1/auth/refresh - application/json 706 
2026-08-29 01:26:48.1411|Info|Microsoft.AspNetCore.Cors.Infrastructure.CorsService|CorrelationId=c8030771-5964-49e5-ba95-2ee324f7a3a3|CORS policy execution successful. 
2026-08-29 01:26:48.1411|Info|Microsoft.AspNetCore.Routing.EndpointMiddleware|CorrelationId=c8030771-5964-49e5-ba95-2ee324f7a3a3|Executing endpoint 'SmartLoan.Api.Controllers.AuthController.Refresh (SmartLoan.Api)' 
2026-08-29 01:26:48.1411|Info|Microsoft.AspNetCore.Mvc.Infrastructure.ControllerActionInvoker|CorrelationId=c8030771-5964-49e5-ba95-2ee324f7a3a3|Route matched with {action = "Refresh", controller = "Auth"}. Executing controller action with signature System.Threading.Tasks.Task`1[Microsoft.AspNetCore.Mvc.ActionResult] Refresh(SmartLoan.Application.Users.Commands.RefreshToken.RefreshTokenRequest) on controller SmartLoan.Api.Controllers.AuthController (SmartLoan.Api). 
2026-08-29 01:26:48.1411|Info|SmartLoan.Application.Common.Behaviors.LoggingBehavior|CorrelationId=c8030771-5964-49e5-ba95-2ee324f7a3a3|smartloan Request:RefreshTokenRequest starting... 
2026-08-29 01:26:48.1411|Info|Microsoft.EntityFrameworkCore.Database.Command|CorrelationId=c8030771-5964-49e5-ba95-2ee324f7a3a3|Executed DbCommand (0ms) [Parameters=[@request_RefreshToken='?'], CommandType='Text', CommandTimeout='30']
SELECT u."Id", u."Email", u."FullName", u."PasswordHash", u."RefreshToken", u."RefreshTokenExpiryTime", u."Role"
FROM "Users" AS u
WHERE u."RefreshToken" = @request_RefreshToken
LIMIT 1 
2026-08-29 01:26:48.1563|Info|Microsoft.EntityFrameworkCore.Database.Command|CorrelationId=c8030771-5964-49e5-ba95-2ee324f7a3a3|Executed DbCommand (4ms) [Parameters=[@p1='?' (DbType = Int32), @p0='?'], CommandType='Text', CommandTimeout='30']
UPDATE "Users" SET "RefreshToken" = @p0
WHERE "Id" = @p1; 
2026-08-29 01:26:48.1563|Info|SmartLoan.Application.Common.Behaviors.LoggingBehavior|CorrelationId=c8030771-5964-49e5-ba95-2ee324f7a3a3|Smarloan Request:RefreshTokenRequest finished in 6ms 
2026-08-29 01:26:48.1563|Info|Microsoft.AspNetCore.Mvc.Infrastructure.ObjectResultExecutor|CorrelationId=c8030771-5964-49e5-ba95-2ee324f7a3a3|Executing OkObjectResult, writing value of type 'SmartLoan.Application.Users.LoginResponse'. 
2026-08-29 01:26:48.1563|Info|Microsoft.AspNetCore.Mvc.Infrastructure.ControllerActionInvoker|CorrelationId=c8030771-5964-49e5-ba95-2ee324f7a3a3|Executed action SmartLoan.Api.Controllers.AuthController.Refresh (SmartLoan.Api) in 7.6153ms 
2026-08-29 01:26:48.1563|Info|Microsoft.AspNetCore.Routing.EndpointMiddleware|CorrelationId=c8030771-5964-49e5-ba95-2ee324f7a3a3|Executed endpoint 'SmartLoan.Api.Controllers.AuthController.Refresh (SmartLoan.Api)' 
2026-08-29 01:26:48.1563|Info|Microsoft.AspNetCore.Hosting.Diagnostics|CorrelationId=|Request finished HTTP/1.1 POST http://localhost:5176/api/v1/auth/refresh - 200 - application/json;+charset=utf-8 8.5328ms 
2026-08-29 01:26:48.1563|Info|Microsoft.AspNetCore.Hosting.Diagnostics|CorrelationId=|Request starting HTTP/1.1 GET http://localhost:5176/api/v1/customers?pageNumber=1&pageSize=10&search= - - - 
2026-08-29 01:26:48.1563|Info|Microsoft.AspNetCore.Routing.EndpointMiddleware|CorrelationId=8c3b67b3-867d-4861-946b-1a231323d377|Executing endpoint 'SmartLoan.Api.Controllers.CustomersController.GetAll (SmartLoan.Api)' 
2026-08-29 01:26:48.1563|Info|Microsoft.AspNetCore.Mvc.Infrastructure.ControllerActionInvoker|CorrelationId=8c3b67b3-867d-4861-946b-1a231323d377|Route matched with {action = "GetAll", controller = "Customers"}. Executing controller action with signature System.Threading.Tasks.Task`1[Microsoft.AspNetCore.Mvc.ActionResult`1[SmartLoan.Application.Common.PagedResponse`1[SmartLoan.Application.Customers.CustomerDetailsDto]]] GetAll(SmartLoan.Application.Common.PagedRequest) on controller SmartLoan.Api.Controllers.CustomersController (SmartLoan.Api). 
2026-08-29 01:26:48.1563|Info|SmartLoan.Application.Common.Behaviors.LoggingBehavior|CorrelationId=8c3b67b3-867d-4861-946b-1a231323d377|smartloan Request:GetCustomersQuery starting... 
2026-08-29 01:26:48.1563|Info|Microsoft.EntityFrameworkCore.Database.Command|CorrelationId=8c3b67b3-867d-4861-946b-1a231323d377|Executed DbCommand (1ms) [Parameters=[], CommandType='Text', CommandTimeout='30']
SELECT count(*)::int
FROM "Customers" AS c
WHERE NOT (c."IsDeleted") 
2026-08-29 01:26:48.1563|Info|Microsoft.EntityFrameworkCore.Database.Command|CorrelationId=8c3b67b3-867d-4861-946b-1a231323d377|Executed DbCommand (0ms) [Parameters=[@p1='?' (DbType = Int32), @p='?' (DbType = Int32)], CommandType='Text', CommandTimeout='30']
SELECT c."Id", c."FullName", c."Phone", c."Address"
FROM "Customers" AS c
WHERE NOT (c."IsDeleted")
ORDER BY c."FullName"
LIMIT @p1 OFFSET @p 
2026-08-29 01:26:48.1563|Info|SmartLoan.Application.Common.Behaviors.LoggingBehavior|CorrelationId=8c3b67b3-867d-4861-946b-1a231323d377|Smarloan Request:GetCustomersQuery finished in 2ms 
2026-08-29 01:26:48.1563|Info|Microsoft.AspNetCore.Mvc.Infrastructure.ObjectResultExecutor|CorrelationId=8c3b67b3-867d-4861-946b-1a231323d377|Executing ObjectResult, writing value of type 'SmartLoan.Application.Common.PagedResponse`1[[SmartLoan.Application.Customers.CustomerDetailsDto, SmartLoan.Application, Version=1.0.0.0, Culture=neutral, PublicKeyToken=null]]'. 
2026-08-29 01:26:48.1563|Info|Microsoft.AspNetCore.Mvc.Infrastructure.ControllerActionInvoker|CorrelationId=8c3b67b3-867d-4861-946b-1a231323d377|Executed action SmartLoan.Api.Controllers.CustomersController.GetAll (SmartLoan.Api) in 3.2956ms 
2026-08-29 01:26:48.1563|Info|Microsoft.AspNetCore.Routing.EndpointMiddleware|CorrelationId=8c3b67b3-867d-4861-946b-1a231323d377|Executed endpoint 'SmartLoan.Api.Controllers.CustomersController.GetAll (SmartLoan.Api)' 
2026-08-29 01:26:48.1563|Info|Microsoft.AspNetCore.Hosting.Diagnostics|CorrelationId=|Request finished HTTP/1.1 GET http://localhost:5176/api/v1/customers?pageNumber=1&pageSize=10&search= - 200 - application/json;+charset=utf-8 4.1862ms 
2026-08-29 01:27:43.9196|Info|Microsoft.AspNetCore.Hosting.Diagnostics|CorrelationId=|Request starting HTTP/1.1 GET http://localhost:5176/api/v1/customers?pageNumber=1&pageSize=10&search= - - - 
2026-08-29 01:27:43.9196|Info|Microsoft.AspNetCore.Authorization.DefaultAuthorizationService|CorrelationId=5b7d5bc7-37b9-48c2-b2c6-7c42af5f8413|Authorization failed. These requirements were not met:
RolesAuthorizationRequirement:User.IsInRole must be true for one of the following roles: (Administrator) 
2026-08-29 01:27:43.9196|Info|Microsoft.AspNetCore.Authentication.JwtBearer.JwtBearerHandler|CorrelationId=5b7d5bc7-37b9-48c2-b2c6-7c42af5f8413|AuthenticationScheme: Bearer was challenged. 
2026-08-29 01:27:43.9196|Info|Microsoft.AspNetCore.Hosting.Diagnostics|CorrelationId=|Request finished HTTP/1.1 GET http://localhost:5176/api/v1/customers?pageNumber=1&pageSize=10&search= - 401 0 - 0.8686ms 
2026-08-29 01:27:43.9383|Info|Microsoft.AspNetCore.Hosting.Diagnostics|CorrelationId=|Request starting HTTP/1.1 POST http://localhost:5176/api/v1/auth/refresh - application/json 706 
2026-08-29 01:27:43.9383|Info|Microsoft.AspNetCore.Cors.Infrastructure.CorsService|CorrelationId=f122938c-0d24-458c-ba91-8f645a61e214|CORS policy execution successful. 
2026-08-29 01:27:43.9383|Info|Microsoft.AspNetCore.Routing.EndpointMiddleware|CorrelationId=f122938c-0d24-458c-ba91-8f645a61e214|Executing endpoint 'SmartLoan.Api.Controllers.AuthController.Refresh (SmartLoan.Api)' 
2026-08-29 01:27:43.9383|Info|Microsoft.AspNetCore.Mvc.Infrastructure.ControllerActionInvoker|CorrelationId=f122938c-0d24-458c-ba91-8f645a61e214|Route matched with {action = "Refresh", controller = "Auth"}. Executing controller action with signature System.Threading.Tasks.Task`1[Microsoft.AspNetCore.Mvc.ActionResult] Refresh(SmartLoan.Application.Users.Commands.RefreshToken.RefreshTokenRequest) on controller SmartLoan.Api.Controllers.AuthController (SmartLoan.Api). 
2026-08-29 01:27:43.9383|Info|SmartLoan.Application.Common.Behaviors.LoggingBehavior|CorrelationId=f122938c-0d24-458c-ba91-8f645a61e214|smartloan Request:RefreshTokenRequest starting... 
2026-08-29 01:27:43.9383|Info|Microsoft.EntityFrameworkCore.Database.Command|CorrelationId=f122938c-0d24-458c-ba91-8f645a61e214|Executed DbCommand (1ms) [Parameters=[@request_RefreshToken='?'], CommandType='Text', CommandTimeout='30']
SELECT u."Id", u."Email", u."FullName", u."PasswordHash", u."RefreshToken", u."RefreshTokenExpiryTime", u."Role"
FROM "Users" AS u
WHERE u."RefreshToken" = @request_RefreshToken
LIMIT 1 
2026-08-29 01:27:43.9383|Info|Microsoft.EntityFrameworkCore.Database.Command|CorrelationId=f122938c-0d24-458c-ba91-8f645a61e214|Executed DbCommand (1ms) [Parameters=[@p1='?' (DbType = Int32), @p0='?'], CommandType='Text', CommandTimeout='30']
UPDATE "Users" SET "RefreshToken" = @p0
WHERE "Id" = @p1; 
2026-08-29 01:27:43.9383|Info|SmartLoan.Application.Common.Behaviors.LoggingBehavior|CorrelationId=f122938c-0d24-458c-ba91-8f645a61e214|Smarloan Request:RefreshTokenRequest finished in 5ms 
2026-08-29 01:27:43.9383|Info|Microsoft.AspNetCore.Mvc.Infrastructure.ObjectResultExecutor|CorrelationId=f122938c-0d24-458c-ba91-8f645a61e214|Executing OkObjectResult, writing value of type 'SmartLoan.Application.Users.LoginResponse'. 
2026-08-29 01:27:43.9383|Info|Microsoft.AspNetCore.Mvc.Infrastructure.ControllerActionInvoker|CorrelationId=f122938c-0d24-458c-ba91-8f645a61e214|Executed action SmartLoan.Api.Controllers.AuthController.Refresh (SmartLoan.Api) in 5.848ms 
2026-08-29 01:27:43.9383|Info|Microsoft.AspNetCore.Routing.EndpointMiddleware|CorrelationId=f122938c-0d24-458c-ba91-8f645a61e214|Executed endpoint 'SmartLoan.Api.Controllers.AuthController.Refresh (SmartLoan.Api)' 
2026-08-29 01:27:43.9383|Info|Microsoft.AspNetCore.Hosting.Diagnostics|CorrelationId=|Request finished HTTP/1.1 POST http://localhost:5176/api/v1/auth/refresh - 200 - application/json;+charset=utf-8 7.3081ms 
2026-08-29 01:27:43.9647|Info|Microsoft.AspNetCore.Hosting.Diagnostics|CorrelationId=|Request starting HTTP/1.1 GET http://localhost:5176/api/v1/customers?pageNumber=1&pageSize=10&search= - - - 
2026-08-29 01:27:43.9647|Info|Microsoft.AspNetCore.Routing.EndpointMiddleware|CorrelationId=6931f7ca-82a3-4f57-b42e-38470f5c46c5|Executing endpoint 'SmartLoan.Api.Controllers.CustomersController.GetAll (SmartLoan.Api)' 
2026-08-29 01:27:43.9647|Info|Microsoft.AspNetCore.Mvc.Infrastructure.ControllerActionInvoker|CorrelationId=6931f7ca-82a3-4f57-b42e-38470f5c46c5|Route matched with {action = "GetAll", controller = "Customers"}. Executing controller action with signature System.Threading.Tasks.Task`1[Microsoft.AspNetCore.Mvc.ActionResult`1[SmartLoan.Application.Common.PagedResponse`1[SmartLoan.Application.Customers.CustomerDetailsDto]]] GetAll(SmartLoan.Application.Common.PagedRequest) on controller SmartLoan.Api.Controllers.CustomersController (SmartLoan.Api). 
2026-08-29 01:27:43.9647|Info|SmartLoan.Application.Common.Behaviors.LoggingBehavior|CorrelationId=6931f7ca-82a3-4f57-b42e-38470f5c46c5|smartloan Request:GetCustomersQuery starting... 
2026-08-29 01:27:43.9647|Info|Microsoft.EntityFrameworkCore.Database.Command|CorrelationId=6931f7ca-82a3-4f57-b42e-38470f5c46c5|Executed DbCommand (0ms) [Parameters=[], CommandType='Text', CommandTimeout='30']
SELECT count(*)::int
FROM "Customers" AS c
WHERE NOT (c."IsDeleted") 
2026-08-29 01:27:43.9679|Info|Microsoft.EntityFrameworkCore.Database.Command|CorrelationId=6931f7ca-82a3-4f57-b42e-38470f5c46c5|Executed DbCommand (1ms) [Parameters=[@p1='?' (DbType = Int32), @p='?' (DbType = Int32)], CommandType='Text', CommandTimeout='30']
SELECT c."Id", c."FullName", c."Phone", c."Address"
FROM "Customers" AS c
WHERE NOT (c."IsDeleted")
ORDER BY c."FullName"
LIMIT @p1 OFFSET @p 
2026-08-29 01:27:43.9679|Info|SmartLoan.Application.Common.Behaviors.LoggingBehavior|CorrelationId=6931f7ca-82a3-4f57-b42e-38470f5c46c5|Smarloan Request:GetCustomersQuery finished in 2ms 
2026-08-29 01:27:43.9679|Info|Microsoft.AspNetCore.Mvc.Infrastructure.ObjectResultExecutor|CorrelationId=6931f7ca-82a3-4f57-b42e-38470f5c46c5|Executing ObjectResult, writing value of type 'SmartLoan.Application.Common.PagedResponse`1[[SmartLoan.Application.Customers.CustomerDetailsDto, SmartLoan.Application, Version=1.0.0.0, Culture=neutral, PublicKeyToken=null]]'. 
2026-08-29 01:27:43.9679|Info|Microsoft.AspNetCore.Mvc.Infrastructure.ControllerActionInvoker|CorrelationId=6931f7ca-82a3-4f57-b42e-38470f5c46c5|Executed action SmartLoan.Api.Controllers.CustomersController.GetAll (SmartLoan.Api) in 3.2387ms 
2026-08-29 01:27:43.9679|Info|Microsoft.AspNetCore.Routing.EndpointMiddleware|CorrelationId=6931f7ca-82a3-4f57-b42e-38470f5c46c5|Executed endpoint 'SmartLoan.Api.Controllers.CustomersController.GetAll (SmartLoan.Api)' 
2026-08-29 01:27:43.9679|Info|Microsoft.AspNetCore.Hosting.Diagnostics|CorrelationId=|Request finished HTTP/1.1 GET http://localhost:5176/api/v1/customers?pageNumber=1&pageSize=10&search= - 200 - application/json;+charset=utf-8 4.2740ms 
2026-08-29 01:28:57.7561|Info|Microsoft.AspNetCore.Hosting.Diagnostics|CorrelationId=|Request starting HTTP/1.1 GET http://localhost:5176/api/v1/customers?pageNumber=1&pageSize=10&search= - - - 
2026-08-29 01:28:57.7561|Info|Microsoft.AspNetCore.Authorization.DefaultAuthorizationService|CorrelationId=eb03649c-6b1c-4c1b-b462-306b500b1e1b|Authorization failed. These requirements were not met:
RolesAuthorizationRequirement:User.IsInRole must be true for one of the following roles: (Administrator) 
2026-08-29 01:28:57.7561|Info|Microsoft.AspNetCore.Authentication.JwtBearer.JwtBearerHandler|CorrelationId=eb03649c-6b1c-4c1b-b462-306b500b1e1b|AuthenticationScheme: Bearer was challenged. 
2026-08-29 01:28:57.7561|Info|Microsoft.AspNetCore.Hosting.Diagnostics|CorrelationId=|Request finished HTTP/1.1 GET http://localhost:5176/api/v1/customers?pageNumber=1&pageSize=10&search= - 401 0 - 0.7275ms 
2026-08-29 01:28:57.7561|Info|Microsoft.AspNetCore.Hosting.Diagnostics|CorrelationId=|Request starting HTTP/1.1 POST http://localhost:5176/api/v1/auth/refresh - application/json 706 
2026-08-29 01:28:57.7561|Info|Microsoft.AspNetCore.Cors.Infrastructure.CorsService|CorrelationId=60605de0-6b05-4eb4-b70a-320813324d13|CORS policy execution successful. 
2026-08-29 01:28:57.7561|Info|Microsoft.AspNetCore.Routing.EndpointMiddleware|CorrelationId=60605de0-6b05-4eb4-b70a-320813324d13|Executing endpoint 'SmartLoan.Api.Controllers.AuthController.Refresh (SmartLoan.Api)' 
2026-08-29 01:28:57.7561|Info|Microsoft.AspNetCore.Mvc.Infrastructure.ControllerActionInvoker|CorrelationId=60605de0-6b05-4eb4-b70a-320813324d13|Route matched with {action = "Refresh", controller = "Auth"}. Executing controller action with signature System.Threading.Tasks.Task`1[Microsoft.AspNetCore.Mvc.ActionResult] Refresh(SmartLoan.Application.Users.Commands.RefreshToken.RefreshTokenRequest) on controller SmartLoan.Api.Controllers.AuthController (SmartLoan.Api). 
2026-08-29 01:28:57.7561|Info|SmartLoan.Application.Common.Behaviors.LoggingBehavior|CorrelationId=60605de0-6b05-4eb4-b70a-320813324d13|smartloan Request:RefreshTokenRequest starting... 
2026-08-29 01:28:57.7561|Info|Microsoft.EntityFrameworkCore.Database.Command|CorrelationId=60605de0-6b05-4eb4-b70a-320813324d13|Executed DbCommand (1ms) [Parameters=[@request_RefreshToken='?'], CommandType='Text', CommandTimeout='30']
SELECT u."Id", u."Email", u."FullName", u."PasswordHash", u."RefreshToken", u."RefreshTokenExpiryTime", u."Role"
FROM "Users" AS u
WHERE u."RefreshToken" = @request_RefreshToken
LIMIT 1 
2026-08-29 01:28:57.7561|Info|Microsoft.EntityFrameworkCore.Database.Command|CorrelationId=60605de0-6b05-4eb4-b70a-320813324d13|Executed DbCommand (1ms) [Parameters=[@p1='?' (DbType = Int32), @p0='?'], CommandType='Text', CommandTimeout='30']
UPDATE "Users" SET "RefreshToken" = @p0
WHERE "Id" = @p1; 
2026-08-29 01:28:57.7561|Info|SmartLoan.Application.Common.Behaviors.LoggingBehavior|CorrelationId=60605de0-6b05-4eb4-b70a-320813324d13|Smarloan Request:RefreshTokenRequest finished in 4ms 
2026-08-29 01:28:57.7686|Info|Microsoft.AspNetCore.Mvc.Infrastructure.ObjectResultExecutor|CorrelationId=60605de0-6b05-4eb4-b70a-320813324d13|Executing OkObjectResult, writing value of type 'SmartLoan.Application.Users.LoginResponse'. 
2026-08-29 01:28:57.7686|Info|Microsoft.AspNetCore.Mvc.Infrastructure.ControllerActionInvoker|CorrelationId=60605de0-6b05-4eb4-b70a-320813324d13|Executed action SmartLoan.Api.Controllers.AuthController.Refresh (SmartLoan.Api) in 5.7471ms 
2026-08-29 01:28:57.7686|Info|Microsoft.AspNetCore.Routing.EndpointMiddleware|CorrelationId=60605de0-6b05-4eb4-b70a-320813324d13|Executed endpoint 'SmartLoan.Api.Controllers.AuthController.Refresh (SmartLoan.Api)' 
2026-08-29 01:28:57.7686|Info|Microsoft.AspNetCore.Hosting.Diagnostics|CorrelationId=|Request finished HTTP/1.1 POST http://localhost:5176/api/v1/auth/refresh - 200 - application/json;+charset=utf-8 6.7237ms 
2026-08-29 01:28:57.7686|Info|Microsoft.AspNetCore.Hosting.Diagnostics|CorrelationId=|Request starting HTTP/1.1 GET http://localhost:5176/api/v1/customers?pageNumber=1&pageSize=10&search= - - - 
2026-08-29 01:28:57.7686|Info|Microsoft.AspNetCore.Routing.EndpointMiddleware|CorrelationId=8ca3d9cb-3909-4a7d-a19f-82531c2b4a83|Executing endpoint 'SmartLoan.Api.Controllers.CustomersController.GetAll (SmartLoan.Api)' 
2026-08-29 01:28:57.7686|Info|Microsoft.AspNetCore.Mvc.Infrastructure.ControllerActionInvoker|CorrelationId=8ca3d9cb-3909-4a7d-a19f-82531c2b4a83|Route matched with {action = "GetAll", controller = "Customers"}. Executing controller action with signature System.Threading.Tasks.Task`1[Microsoft.AspNetCore.Mvc.ActionResult`1[SmartLoan.Application.Common.PagedResponse`1[SmartLoan.Application.Customers.CustomerDetailsDto]]] GetAll(SmartLoan.Application.Common.PagedRequest) on controller SmartLoan.Api.Controllers.CustomersController (SmartLoan.Api). 
2026-08-29 01:28:57.7686|Info|SmartLoan.Application.Common.Behaviors.LoggingBehavior|CorrelationId=8ca3d9cb-3909-4a7d-a19f-82531c2b4a83|smartloan Request:GetCustomersQuery starting... 
2026-08-29 01:28:57.7686|Info|Microsoft.EntityFrameworkCore.Database.Command|CorrelationId=8ca3d9cb-3909-4a7d-a19f-82531c2b4a83|Executed DbCommand (0ms) [Parameters=[], CommandType='Text', CommandTimeout='30']
SELECT count(*)::int
FROM "Customers" AS c
WHERE NOT (c."IsDeleted") 
2026-08-29 01:28:57.7686|Info|Microsoft.EntityFrameworkCore.Database.Command|CorrelationId=8ca3d9cb-3909-4a7d-a19f-82531c2b4a83|Executed DbCommand (0ms) [Parameters=[@p1='?' (DbType = Int32), @p='?' (DbType = Int32)], CommandType='Text', CommandTimeout='30']
SELECT c."Id", c."FullName", c."Phone", c."Address"
FROM "Customers" AS c
WHERE NOT (c."IsDeleted")
ORDER BY c."FullName"
LIMIT @p1 OFFSET @p 
2026-08-29 01:28:57.7686|Info|SmartLoan.Application.Common.Behaviors.LoggingBehavior|CorrelationId=8ca3d9cb-3909-4a7d-a19f-82531c2b4a83|Smarloan Request:GetCustomersQuery finished in 1ms 
2026-08-29 01:28:57.7686|Info|Microsoft.AspNetCore.Mvc.Infrastructure.ObjectResultExecutor|CorrelationId=8ca3d9cb-3909-4a7d-a19f-82531c2b4a83|Executing ObjectResult, writing value of type 'SmartLoan.Application.Common.PagedResponse`1[[SmartLoan.Application.Customers.CustomerDetailsDto, SmartLoan.Application, Version=1.0.0.0, Culture=neutral, PublicKeyToken=null]]'. 
2026-08-29 01:28:57.7686|Info|Microsoft.AspNetCore.Mvc.Infrastructure.ControllerActionInvoker|CorrelationId=8ca3d9cb-3909-4a7d-a19f-82531c2b4a83|Executed action SmartLoan.Api.Controllers.CustomersController.GetAll (SmartLoan.Api) in 2.3538ms 
2026-08-29 01:28:57.7686|Info|Microsoft.AspNetCore.Routing.EndpointMiddleware|CorrelationId=8ca3d9cb-3909-4a7d-a19f-82531c2b4a83|Executed endpoint 'SmartLoan.Api.Controllers.CustomersController.GetAll (SmartLoan.Api)' 
2026-08-29 01:28:57.7686|Info|Microsoft.AspNetCore.Hosting.Diagnostics|CorrelationId=|Request finished HTTP/1.1 GET http://localhost:5176/api/v1/customers?pageNumber=1&pageSize=10&search= - 200 - application/json;+charset=utf-8 3.2386ms 
2026-08-29 01:29:57.4451|Info|Microsoft.Hosting.Lifetime|CorrelationId=|Application is shutting down... 
2026-08-29 01:30:08.8041|Warn|Microsoft.EntityFrameworkCore.Model.Validation|CorrelationId=|Entity 'LoanApplication' has a global query filter defined and is the required end of a relationship with the entity 'Payment'. This may lead to unexpected results when the required entity is filtered out. Either configure the navigation as optional, or define matching query filters for both entities in the navigation. See https://go.microsoft.com/fwlink/?linkid=2131316 for more information. 
2026-08-29 01:30:09.3548|Info|Microsoft.EntityFrameworkCore.Database.Command|CorrelationId=|Executed DbCommand (29ms) [Parameters=[], CommandType='Text', CommandTimeout='30']
SELECT "MigrationId", "ProductVersion"
FROM "__EFMigrationsHistory"
ORDER BY "MigrationId"; 
2026-08-29 01:30:09.6077|Info|Microsoft.EntityFrameworkCore.Database.Command|CorrelationId=|Executed DbCommand (11ms) [Parameters=[], CommandType='Text', CommandTimeout='30']
SELECT 1 
2026-08-29 01:30:09.6994|Info|Microsoft.EntityFrameworkCore.Database.Command|CorrelationId=|Executed DbCommand (9ms) [Parameters=[], CommandType='Text', CommandTimeout='30']
CREATE TABLE IF NOT EXISTS "__EFMigrationsHistory" (
    "MigrationId" character varying(150) NOT NULL,
    "ProductVersion" character varying(32) NOT NULL,
    CONSTRAINT "PK___EFMigrationsHistory" PRIMARY KEY ("MigrationId")
); 
2026-08-29 01:30:09.7197|Info|Microsoft.EntityFrameworkCore.Database.Command|CorrelationId=|Executed DbCommand (1ms) [Parameters=[], CommandType='Text', CommandTimeout='30']
LOCK TABLE "__EFMigrationsHistory" IN ACCESS EXCLUSIVE MODE 
2026-08-29 01:30:09.7235|Info|Microsoft.EntityFrameworkCore.Database.Command|CorrelationId=|Executed DbCommand (2ms) [Parameters=[], CommandType='Text', CommandTimeout='30']
SELECT "MigrationId", "ProductVersion"
FROM "__EFMigrationsHistory"
ORDER BY "MigrationId"; 
2026-08-29 01:30:09.7235|Info|Microsoft.EntityFrameworkCore.Migrations|CorrelationId=|No migrations were applied. The database is already up to date. 
2026-08-29 01:30:10.0083|Info|Microsoft.EntityFrameworkCore.Database.Command|CorrelationId=|Executed DbCommand (2ms) [Parameters=[], CommandType='Text', CommandTimeout='30']
SELECT EXISTS (
    SELECT 1
    FROM "Users" AS u
    WHERE u."Email" = 'admin@loan.com') 
2026-08-29 01:30:10.1755|Info|Microsoft.AspNetCore.DataProtection.KeyManagement.XmlKeyManager|CorrelationId=|User profile is available. Using 'C:\Users\isaac\AppData\Local\ASP.NET\DataProtection-Keys' as key repository and Windows DPAPI to encrypt keys at rest. 
2026-08-29 01:30:10.1839|Info|SmartLoan.Infrastructure.BackgroundJobs.ReportWorker|CorrelationId=|Report Worker is starting... 
2026-08-29 01:30:10.2494|Info|Microsoft.Hosting.Lifetime|CorrelationId=|Now listening on: http://localhost:5176 
2026-08-29 01:30:10.2494|Info|Microsoft.Hosting.Lifetime|CorrelationId=|Application started. Press Ctrl+C to shut down. 
2026-08-29 01:30:10.2494|Info|Microsoft.Hosting.Lifetime|CorrelationId=|Hosting environment: Development 
2026-08-29 01:30:10.2494|Info|Microsoft.Hosting.Lifetime|CorrelationId=|Content root path: D:\isaac\educational purpose only\.net\kyas pro\SmartLoanTracker\smartloan.api 
2026-08-29 01:30:17.2050|Info|Microsoft.AspNetCore.Hosting.Diagnostics|CorrelationId=|Request starting HTTP/1.1 GET http://localhost:5176/scalar/ - - - 
2026-08-29 01:30:17.2078|Warn|Microsoft.AspNetCore.HttpsPolicy.HttpsRedirectionMiddleware|CorrelationId=f52fc83b-9688-47d3-8907-22c5e916be26|Failed to determine the https port for redirect. 
2026-08-29 01:30:17.3020|Info|Microsoft.AspNetCore.Routing.EndpointMiddleware|CorrelationId=f52fc83b-9688-47d3-8907-22c5e916be26|Executing endpoint 'HTTP: GET /scalar/{documentName?}' 
2026-08-29 01:30:17.4564|Info|Microsoft.AspNetCore.Http.Result.ContentResult|CorrelationId=f52fc83b-9688-47d3-8907-22c5e916be26|Write content with HTTP Response ContentType of text/html 
2026-08-29 01:30:17.4608|Info|Microsoft.AspNetCore.Routing.EndpointMiddleware|CorrelationId=f52fc83b-9688-47d3-8907-22c5e916be26|Executed endpoint 'HTTP: GET /scalar/{documentName?}' 
2026-08-29 01:30:17.4608|Info|Microsoft.AspNetCore.Hosting.Diagnostics|CorrelationId=|Request finished HTTP/1.1 GET http://localhost:5176/scalar/ - 200 637 text/html 259.5155ms 
2026-08-29 01:30:17.5050|Info|Microsoft.AspNetCore.Hosting.Diagnostics|CorrelationId=|Request starting HTTP/1.1 GET http://localhost:5176/scalar/scalar.aspnetcore.js - - - 
2026-08-29 01:30:17.5050|Info|Microsoft.AspNetCore.Hosting.Diagnostics|CorrelationId=|Request starting HTTP/1.1 GET http://localhost:5176/scalar/scalar.js - - - 
2026-08-29 01:30:17.5050|Info|Microsoft.AspNetCore.Cors.Infrastructure.CorsService|CorrelationId=8da8139e-619a-4d34-a6b2-cd0eb15ed14b|CORS policy execution failed. 
2026-08-29 01:30:17.5050|Info|Microsoft.AspNetCore.Cors.Infrastructure.CorsService|CorrelationId=8da8139e-619a-4d34-a6b2-cd0eb15ed14b|Request origin http://localhost:5176 does not have permission to access the resource. 
2026-08-29 01:30:17.5050|Info|Microsoft.AspNetCore.Routing.EndpointMiddleware|CorrelationId=e9e62564-001c-4493-ab65-3d2d425568e2|Executing endpoint 'HTTP: GET /scalar/scalar.js' 
2026-08-29 01:30:17.5050|Info|Microsoft.AspNetCore.Routing.EndpointMiddleware|CorrelationId=8da8139e-619a-4d34-a6b2-cd0eb15ed14b|Executing endpoint 'HTTP: GET /scalar/scalar.aspnetcore.js' 
2026-08-29 01:30:17.5050|Info|Microsoft.AspNetCore.Http.Result.FileStreamResult|CorrelationId=8da8139e-619a-4d34-a6b2-cd0eb15ed14b|Sending file with download name ''. 
2026-08-29 01:30:17.5050|Info|Microsoft.AspNetCore.Routing.EndpointMiddleware|CorrelationId=8da8139e-619a-4d34-a6b2-cd0eb15ed14b|Executed endpoint 'HTTP: GET /scalar/scalar.aspnetcore.js' 
2026-08-29 01:30:17.5050|Info|Microsoft.AspNetCore.Hosting.Diagnostics|CorrelationId=|Request finished HTTP/1.1 GET http://localhost:5176/scalar/scalar.aspnetcore.js - 304 - - 13.2093ms 
2026-08-29 01:30:17.5192|Info|Microsoft.AspNetCore.Http.Result.FileStreamResult|CorrelationId=e9e62564-001c-4493-ab65-3d2d425568e2|Sending file with download name ''. 
2026-08-29 01:30:17.5192|Info|Microsoft.AspNetCore.Routing.EndpointMiddleware|CorrelationId=e9e62564-001c-4493-ab65-3d2d425568e2|Executed endpoint 'HTTP: GET /scalar/scalar.js' 
2026-08-29 01:30:17.5192|Info|Microsoft.AspNetCore.Hosting.Diagnostics|CorrelationId=|Request finished HTTP/1.1 GET http://localhost:5176/scalar/scalar.js - 304 - - 16.1460ms 
2026-08-29 01:30:17.8893|Info|Microsoft.AspNetCore.Hosting.Diagnostics|CorrelationId=|Request starting HTTP/1.1 GET http://localhost:5176/openapi/v1.json - - - 
2026-08-29 01:30:17.8893|Info|Microsoft.AspNetCore.Routing.EndpointMiddleware|CorrelationId=08dc5384-878e-4df1-bf43-aa5b468908d0|Executing endpoint 'HTTP: GET /openapi/{documentName}.json' 
2026-08-29 01:30:18.0539|Info|Microsoft.AspNetCore.Hosting.Diagnostics|CorrelationId=|Request starting HTTP/1.1 GET http://localhost:5176/scalar/favicon.svg - - - 
2026-08-29 01:30:18.0539|Info|Microsoft.AspNetCore.Routing.EndpointMiddleware|CorrelationId=eb880ead-ed2b-4eb9-8455-16c3f66254e0|Executing endpoint 'HTTP: GET /scalar/favicon.svg' 
2026-08-29 01:30:18.0539|Info|Microsoft.AspNetCore.Http.Result.FileStreamResult|CorrelationId=eb880ead-ed2b-4eb9-8455-16c3f66254e0|Sending file with download name ''. 
2026-08-29 01:30:18.0539|Info|Microsoft.AspNetCore.Routing.EndpointMiddleware|CorrelationId=eb880ead-ed2b-4eb9-8455-16c3f66254e0|Executed endpoint 'HTTP: GET /scalar/favicon.svg' 
2026-08-29 01:30:18.0539|Info|Microsoft.AspNetCore.Hosting.Diagnostics|CorrelationId=|Request finished HTTP/1.1 GET http://localhost:5176/scalar/favicon.svg - 304 - - 4.0601ms 
2026-08-29 01:30:18.1827|Info|Microsoft.AspNetCore.Routing.EndpointMiddleware|CorrelationId=08dc5384-878e-4df1-bf43-aa5b468908d0|Executed endpoint 'HTTP: GET /openapi/{documentName}.json' 
2026-08-29 01:30:18.1827|Info|Microsoft.AspNetCore.Hosting.Diagnostics|CorrelationId=|Request finished HTTP/1.1 GET http://localhost:5176/openapi/v1.json - 200 - application/json;charset=utf-8 297.2421ms 
2026-08-29 01:30:41.7635|Info|Microsoft.AspNetCore.Hosting.Diagnostics|CorrelationId=|Request starting HTTP/1.1 POST http://localhost:5176/api/v1/Auth/login - application/json 59 
2026-08-29 01:30:41.7768|Info|Microsoft.AspNetCore.Cors.Infrastructure.CorsService|CorrelationId=508bd8bb-2e7f-45d4-a70f-65145d7ce989|CORS policy execution failed. 
2026-08-29 01:30:41.7768|Info|Microsoft.AspNetCore.Cors.Infrastructure.CorsService|CorrelationId=508bd8bb-2e7f-45d4-a70f-65145d7ce989|Request origin http://localhost:5176 does not have permission to access the resource. 
2026-08-29 01:30:41.7768|Info|Microsoft.AspNetCore.Routing.EndpointMiddleware|CorrelationId=508bd8bb-2e7f-45d4-a70f-65145d7ce989|Executing endpoint 'SmartLoan.Api.Controllers.AuthController.Login (SmartLoan.Api)' 
2026-08-29 01:30:41.8062|Info|Microsoft.AspNetCore.Mvc.Infrastructure.ControllerActionInvoker|CorrelationId=508bd8bb-2e7f-45d4-a70f-65145d7ce989|Route matched with {action = "Login", controller = "Auth"}. Executing controller action with signature System.Threading.Tasks.Task`1[Microsoft.AspNetCore.Mvc.ActionResult`1[SmartLoan.Application.Users.LoginResponse]] Login(SmartLoan.Application.Users.LoginCommand) on controller SmartLoan.Api.Controllers.AuthController (SmartLoan.Api). 
2026-08-29 01:30:41.8062|Warn|LuckyPennySoftware.MediatR.License|CorrelationId=508bd8bb-2e7f-45d4-a70f-65145d7ce989|You do not have a valid license key for the Lucky Penny software MediatR. This is allowed for development and testing scenarios. If you are running in production you are required to have a licensed version. Please visit https://luckypennysoftware.com to obtain a valid license. 
2026-08-29 01:30:41.8389|Info|SmartLoan.Application.Common.Behaviors.LoggingBehavior|CorrelationId=508bd8bb-2e7f-45d4-a70f-65145d7ce989|smartloan Request:LoginCommand starting... 
2026-08-29 01:30:41.9309|Info|Microsoft.EntityFrameworkCore.Database.Command|CorrelationId=508bd8bb-2e7f-45d4-a70f-65145d7ce989|Executed DbCommand (9ms) [Parameters=[@request_Email='?'], CommandType='Text', CommandTimeout='30']
SELECT u."Id", u."Email", u."FullName", u."PasswordHash", u."RefreshToken", u."RefreshTokenExpiryTime", u."Role"
FROM "Users" AS u
WHERE u."Email" = @request_Email
LIMIT 1 
2026-08-29 01:30:41.9452|Info|Microsoft.AspNetCore.Mvc.Infrastructure.ControllerActionInvoker|CorrelationId=508bd8bb-2e7f-45d4-a70f-65145d7ce989|Executed action SmartLoan.Api.Controllers.AuthController.Login (SmartLoan.Api) in 132.6299ms 
2026-08-29 01:30:41.9452|Info|Microsoft.AspNetCore.Routing.EndpointMiddleware|CorrelationId=508bd8bb-2e7f-45d4-a70f-65145d7ce989|Executed endpoint 'SmartLoan.Api.Controllers.AuthController.Login (SmartLoan.Api)' 
2026-08-29 01:30:41.9452|Error|SmartLoan.Api.Middleware.GlobalExeptionHandle|CorrelationId=|an error occurred:Invalid email or password. SmartLoan.Application.Common.Exceptions.BusinessRuleException: Invalid email or password.
   at SmartLoan.Application.Users.LoginHandler.Handle(LoginCommand request, CancellationToken ct) in D:\isaac\educational purpose only\.net\kyas pro\SmartLoanTracker\SmartLoan.Application\Users\Commands\Login\LoginResponse.cs:line 16
   at SmartLoan.Application.Common.Behaviors.ValidationBehavior`2.Handle(TRequest request, RequestHandlerDelegate`1 next, CancellationToken cancellationToken) in D:\isaac\educational purpose only\.net\kyas pro\SmartLoanTracker\SmartLoan.Application\Common\Behaviors\ValidationBehavior.cs:line 31
   at SmartLoan.Application.Common.Behaviors.LoggingBehavior`2.Handle(TRequest request, RequestHandlerDelegate`1 next, CancellationToken cancellationToken) in D:\isaac\educational purpose only\.net\kyas pro\SmartLoanTracker\SmartLoan.Application\Common\Behaviors\LoggingBehavior.cs:line 14
   at SmartLoan.Api.Controllers.AuthController.Login(LoginCommand command) in D:\isaac\educational purpose only\.net\kyas pro\SmartLoanTracker\smartloan.api\Controllers\AuthController.cs:line 21
   at lambda_method17(Closure, Object)
   at Microsoft.AspNetCore.Mvc.Infrastructure.ActionMethodExecutor.AwaitableObjectResultExecutor.Execute(ActionContext actionContext, IActionResultTypeMapper mapper, ObjectMethodExecutor executor, Object controller, Object[] arguments)
   at Microsoft.AspNetCore.Mvc.Infrastructure.ControllerActionInvoker.<InvokeActionMethodAsync>g__Awaited|12_0(ControllerActionInvoker invoker, ValueTask`1 actionResultValueTask)
   at Microsoft.AspNetCore.Mvc.Infrastructure.ControllerActionInvoker.<InvokeNextActionFilterAsync>g__Awaited|10_0(ControllerActionInvoker invoker, Task lastTask, State next, Scope scope, Object state, Boolean isCompleted)
   at Microsoft.AspNetCore.Mvc.Infrastructure.ControllerActionInvoker.Rethrow(ActionExecutedContextSealed context)
   at Microsoft.AspNetCore.Mvc.Infrastructure.ControllerActionInvoker.Next(State& next, Scope& scope, Object& state, Boolean& isCompleted)
   at Microsoft.AspNetCore.Mvc.Infrastructure.ControllerActionInvoker.<InvokeInnerFilterAsync>g__Awaited|13_0(ControllerActionInvoker invoker, Task lastTask, State next, Scope scope, Object state, Boolean isCompleted)
   at Microsoft.AspNetCore.Mvc.Infrastructure.ResourceInvoker.<InvokeFilterPipelineAsync>g__Awaited|20_0(ResourceInvoker invoker, Task lastTask, State next, Scope scope, Object state, Boolean isCompleted)
   at Microsoft.AspNetCore.Mvc.Infrastructure.ResourceInvoker.<InvokeAsync>g__Logged|17_1(ResourceInvoker invoker)
   at Microsoft.AspNetCore.Mvc.Infrastructure.ResourceInvoker.<InvokeAsync>g__Logged|17_1(ResourceInvoker invoker)
   at Microsoft.AspNetCore.Routing.EndpointMiddleware.<Invoke>g__AwaitRequestTask|7_0(Endpoint endpoint, Task requestTask, ILogger logger)
   at Microsoft.AspNetCore.Authorization.AuthorizationMiddleware.Invoke(HttpContext context)
   at Microsoft.AspNetCore.Authentication.AuthenticationMiddleware.Invoke(HttpContext context)
   at Microsoft.AspNetCore.RateLimiting.RateLimitingMiddleware.InvokeInternal(HttpContext context, EnableRateLimitingAttribute enableRateLimitingAttribute)
   at SmartLoan.Api.Middleware.SecurityHeadersMiddleware.InvokeAsync(HttpContext context) in D:\isaac\educational purpose only\.net\kyas pro\SmartLoanTracker\smartloan.api\Middleware\SecurityHeadersMiddleware.cs:line 23
   at SmartLoan.Api.Middleware.CorrelationIdMiddleware.InvokeAsync(HttpContext context) in D:\isaac\educational purpose only\.net\kyas pro\SmartLoanTracker\smartloan.api\Middleware\CorrelationIdMiddleware.cs:line 14
   at Microsoft.AspNetCore.Diagnostics.ExceptionHandlerMiddlewareImpl.<Invoke>g__Awaited|10_0(ExceptionHandlerMiddlewareImpl middleware, HttpContext context, Task task)
2026-08-29 01:30:41.9807|Info|Microsoft.AspNetCore.Hosting.Diagnostics|CorrelationId=|Request finished HTTP/1.1 POST http://localhost:5176/api/v1/Auth/login - 500 - application/json;+charset=utf-8 217.3865ms 
2026-08-29 01:30:57.1243|Info|Microsoft.AspNetCore.Hosting.Diagnostics|CorrelationId=|Request starting HTTP/1.1 POST http://localhost:5176/api/v1/Auth/login - application/json 59 
2026-08-29 01:30:57.1286|Info|Microsoft.AspNetCore.Cors.Infrastructure.CorsService|CorrelationId=2efe5fe8-3eb9-41ab-8e1a-72e4d3f15a8d|CORS policy execution failed. 
2026-08-29 01:30:57.1286|Info|Microsoft.AspNetCore.Cors.Infrastructure.CorsService|CorrelationId=2efe5fe8-3eb9-41ab-8e1a-72e4d3f15a8d|Request origin http://localhost:5176 does not have permission to access the resource. 
2026-08-29 01:30:57.1286|Info|Microsoft.AspNetCore.Routing.EndpointMiddleware|CorrelationId=2efe5fe8-3eb9-41ab-8e1a-72e4d3f15a8d|Executing endpoint 'SmartLoan.Api.Controllers.AuthController.Login (SmartLoan.Api)' 
2026-08-29 01:30:57.1286|Info|Microsoft.AspNetCore.Mvc.Infrastructure.ControllerActionInvoker|CorrelationId=2efe5fe8-3eb9-41ab-8e1a-72e4d3f15a8d|Route matched with {action = "Login", controller = "Auth"}. Executing controller action with signature System.Threading.Tasks.Task`1[Microsoft.AspNetCore.Mvc.ActionResult`1[SmartLoan.Application.Users.LoginResponse]] Login(SmartLoan.Application.Users.LoginCommand) on controller SmartLoan.Api.Controllers.AuthController (SmartLoan.Api). 
2026-08-29 01:30:57.1286|Info|SmartLoan.Application.Common.Behaviors.LoggingBehavior|CorrelationId=2efe5fe8-3eb9-41ab-8e1a-72e4d3f15a8d|smartloan Request:LoginCommand starting... 
2026-08-29 01:30:57.2076|Info|Microsoft.EntityFrameworkCore.Database.Command|CorrelationId=2efe5fe8-3eb9-41ab-8e1a-72e4d3f15a8d|Executed DbCommand (1ms) [Parameters=[@request_Email='?'], CommandType='Text', CommandTimeout='30']
SELECT u."Id", u."Email", u."FullName", u."PasswordHash", u."RefreshToken", u."RefreshTokenExpiryTime", u."Role"
FROM "Users" AS u
WHERE u."Email" = @request_Email
LIMIT 1 
2026-08-29 01:30:57.6812|Info|Microsoft.EntityFrameworkCore.Database.Command|CorrelationId=2efe5fe8-3eb9-41ab-8e1a-72e4d3f15a8d|Executed DbCommand (3ms) [Parameters=[@p2='?' (DbType = Int32), @p0='?', @p1='?' (DbType = DateTime)], CommandType='Text', CommandTimeout='30']
UPDATE "Users" SET "RefreshToken" = @p0, "RefreshTokenExpiryTime" = @p1
WHERE "Id" = @p2; 
2026-08-29 01:30:57.6907|Info|SmartLoan.Application.Common.Behaviors.LoggingBehavior|CorrelationId=2efe5fe8-3eb9-41ab-8e1a-72e4d3f15a8d|Smarloan Request:LoginCommand finished in 557ms 
2026-08-29 01:30:57.6907|Info|Microsoft.AspNetCore.Mvc.Infrastructure.ObjectResultExecutor|CorrelationId=2efe5fe8-3eb9-41ab-8e1a-72e4d3f15a8d|Executing OkObjectResult, writing value of type 'SmartLoan.Application.Users.LoginResponse'. 
2026-08-29 01:30:57.6907|Info|Microsoft.AspNetCore.Mvc.Infrastructure.ControllerActionInvoker|CorrelationId=2efe5fe8-3eb9-41ab-8e1a-72e4d3f15a8d|Executed action SmartLoan.Api.Controllers.AuthController.Login (SmartLoan.Api) in 566.2677ms 
2026-08-29 01:30:57.6907|Info|Microsoft.AspNetCore.Routing.EndpointMiddleware|CorrelationId=2efe5fe8-3eb9-41ab-8e1a-72e4d3f15a8d|Executed endpoint 'SmartLoan.Api.Controllers.AuthController.Login (SmartLoan.Api)' 
2026-08-29 01:30:57.6907|Info|Microsoft.AspNetCore.Hosting.Diagnostics|CorrelationId=|Request finished HTTP/1.1 POST http://localhost:5176/api/v1/Auth/login - 200 - application/json;+charset=utf-8 572.6772ms 
2026-08-29 01:31:50.8819|Info|Microsoft.AspNetCore.Hosting.Diagnostics|CorrelationId=|Request starting HTTP/1.1 POST http://localhost:5176/api/v1/Auth/login - application/json 59 
2026-08-29 01:31:50.8819|Info|Microsoft.AspNetCore.Cors.Infrastructure.CorsService|CorrelationId=5442972b-934f-4c8a-b748-745f69c4b730|CORS policy execution failed. 
2026-08-29 01:31:50.8819|Info|Microsoft.AspNetCore.Cors.Infrastructure.CorsService|CorrelationId=5442972b-934f-4c8a-b748-745f69c4b730|Request origin http://localhost:5176 does not have permission to access the resource. 
2026-08-29 01:31:50.8819|Info|Microsoft.AspNetCore.Routing.EndpointMiddleware|CorrelationId=5442972b-934f-4c8a-b748-745f69c4b730|Executing endpoint 'SmartLoan.Api.Controllers.AuthController.Login (SmartLoan.Api)' 
2026-08-29 01:31:50.8819|Info|Microsoft.AspNetCore.Mvc.Infrastructure.ControllerActionInvoker|CorrelationId=5442972b-934f-4c8a-b748-745f69c4b730|Route matched with {action = "Login", controller = "Auth"}. Executing controller action with signature System.Threading.Tasks.Task`1[Microsoft.AspNetCore.Mvc.ActionResult`1[SmartLoan.Application.Users.LoginResponse]] Login(SmartLoan.Application.Users.LoginCommand) on controller SmartLoan.Api.Controllers.AuthController (SmartLoan.Api). 
2026-08-29 01:31:50.8965|Info|SmartLoan.Application.Common.Behaviors.LoggingBehavior|CorrelationId=5442972b-934f-4c8a-b748-745f69c4b730|smartloan Request:LoginCommand starting... 
2026-08-29 01:31:50.8965|Info|Microsoft.EntityFrameworkCore.Database.Command|CorrelationId=5442972b-934f-4c8a-b748-745f69c4b730|Executed DbCommand (1ms) [Parameters=[@request_Email='?'], CommandType='Text', CommandTimeout='30']
SELECT u."Id", u."Email", u."FullName", u."PasswordHash", u."RefreshToken", u."RefreshTokenExpiryTime", u."Role"
FROM "Users" AS u
WHERE u."Email" = @request_Email
LIMIT 1 
2026-08-29 01:31:51.2388|Info|Microsoft.EntityFrameworkCore.Database.Command|CorrelationId=5442972b-934f-4c8a-b748-745f69c4b730|Executed DbCommand (10ms) [Parameters=[@p2='?' (DbType = Int32), @p0='?', @p1='?' (DbType = DateTime)], CommandType='Text', CommandTimeout='30']
UPDATE "Users" SET "RefreshToken" = @p0, "RefreshTokenExpiryTime" = @p1
WHERE "Id" = @p2; 
2026-08-29 01:31:51.2388|Info|SmartLoan.Application.Common.Behaviors.LoggingBehavior|CorrelationId=5442972b-934f-4c8a-b748-745f69c4b730|Smarloan Request:LoginCommand finished in 343ms 
2026-08-29 01:31:51.2388|Info|Microsoft.AspNetCore.Mvc.Infrastructure.ObjectResultExecutor|CorrelationId=5442972b-934f-4c8a-b748-745f69c4b730|Executing OkObjectResult, writing value of type 'SmartLoan.Application.Users.LoginResponse'. 
2026-08-29 01:31:51.2388|Info|Microsoft.AspNetCore.Mvc.Infrastructure.ControllerActionInvoker|CorrelationId=5442972b-934f-4c8a-b748-745f69c4b730|Executed action SmartLoan.Api.Controllers.AuthController.Login (SmartLoan.Api) in 355.702ms 
2026-08-29 01:31:51.2388|Info|Microsoft.AspNetCore.Routing.EndpointMiddleware|CorrelationId=5442972b-934f-4c8a-b748-745f69c4b730|Executed endpoint 'SmartLoan.Api.Controllers.AuthController.Login (SmartLoan.Api)' 
2026-08-29 01:31:51.2388|Info|Microsoft.AspNetCore.Hosting.Diagnostics|CorrelationId=|Request finished HTTP/1.1 POST http://localhost:5176/api/v1/Auth/login - 200 - application/json;+charset=utf-8 359.2063ms 
2026-08-29 01:32:16.0365|Info|Microsoft.AspNetCore.Hosting.Diagnostics|CorrelationId=|Request starting HTTP/1.1 GET http://localhost:5176/api/v1/Loan - - - 
2026-08-29 01:32:16.0827|Info|Microsoft.AspNetCore.Routing.EndpointMiddleware|CorrelationId=0354b74f-b710-4ff9-af57-029431652171|Executing endpoint 'SmartLoan.Api.Controllers.LoanController.GetAll (SmartLoan.Api)' 
2026-08-29 01:32:16.0827|Info|Microsoft.AspNetCore.Mvc.Infrastructure.ControllerActionInvoker|CorrelationId=0354b74f-b710-4ff9-af57-029431652171|Route matched with {action = "GetAll", controller = "Loan"}. Executing controller action with signature System.Threading.Tasks.Task`1[Microsoft.AspNetCore.Mvc.ActionResult`1[SmartLoan.Application.Common.PagedResponse`1[SmartLoan.Application.Loans.Queries.LoanDto]]] GetAll(SmartLoan.Application.Common.PagedRequest) on controller SmartLoan.Api.Controllers.LoanController (SmartLoan.Api). 
2026-08-29 01:32:16.1041|Info|SmartLoan.Application.Common.Behaviors.LoggingBehavior|CorrelationId=0354b74f-b710-4ff9-af57-029431652171|smartloan Request:GetLoansQuery starting... 
2026-08-29 01:32:16.1457|Info|Microsoft.EntityFrameworkCore.Database.Command|CorrelationId=0354b74f-b710-4ff9-af57-029431652171|Executed DbCommand (3ms) [Parameters=[], CommandType='Text', CommandTimeout='30']
SELECT count(*)::int
FROM "LoanApplications" AS l
WHERE NOT (l."IsDeleted") 
2026-08-29 01:32:16.2154|Info|Microsoft.EntityFrameworkCore.Database.Command|CorrelationId=0354b74f-b710-4ff9-af57-029431652171|Executed DbCommand (3ms) [Parameters=[@p1='?' (DbType = Int32), @p='?' (DbType = Int32)], CommandType='Text', CommandTimeout='30']
SELECT l0."Id", c0."FullName", l0."DailyAmount", l0."LoanAmount", l0."ServiceFee", l0."Status", l0."CreatedAt"
FROM (
    SELECT l."Id", l."CreatedAt", l."CustomerId", l."DailyAmount", l."LoanAmount", l."ServiceFee", l."Status"
    FROM "LoanApplications" AS l
    WHERE NOT (l."IsDeleted")
    ORDER BY l."CreatedAt" DESC
    LIMIT @p1 OFFSET @p
) AS l0
INNER JOIN (
    SELECT c."Id", c."FullName"
    FROM "Customers" AS c
    WHERE NOT (c."IsDeleted")
) AS c0 ON l0."CustomerId" = c0."Id"
ORDER BY l0."CreatedAt" DESC 
2026-08-29 01:32:16.2154|Info|SmartLoan.Application.Common.Behaviors.LoggingBehavior|CorrelationId=0354b74f-b710-4ff9-af57-029431652171|Smarloan Request:GetLoansQuery finished in 116ms 
2026-08-29 01:32:16.2154|Info|Microsoft.AspNetCore.Mvc.Infrastructure.ObjectResultExecutor|CorrelationId=0354b74f-b710-4ff9-af57-029431652171|Executing ObjectResult, writing value of type 'SmartLoan.Application.Common.PagedResponse`1[[SmartLoan.Application.Loans.Queries.LoanDto, SmartLoan.Application, Version=1.0.0.0, Culture=neutral, PublicKeyToken=null]]'. 
2026-08-29 01:32:16.2275|Info|Microsoft.AspNetCore.Mvc.Infrastructure.ControllerActionInvoker|CorrelationId=0354b74f-b710-4ff9-af57-029431652171|Executed action SmartLoan.Api.Controllers.LoanController.GetAll (SmartLoan.Api) in 138.3486ms 
2026-08-29 01:32:16.2275|Info|Microsoft.AspNetCore.Routing.EndpointMiddleware|CorrelationId=0354b74f-b710-4ff9-af57-029431652171|Executed endpoint 'SmartLoan.Api.Controllers.LoanController.GetAll (SmartLoan.Api)' 
2026-08-29 01:32:16.2275|Info|Microsoft.AspNetCore.Hosting.Diagnostics|CorrelationId=|Request finished HTTP/1.1 GET http://localhost:5176/api/v1/Loan - 200 - application/json;+charset=utf-8 191.2245ms 
2026-08-29 01:33:38.3656|Info|Microsoft.AspNetCore.Hosting.Diagnostics|CorrelationId=|Request starting HTTP/1.1 GET http://localhost:5176/api/v1/Loan/32/payments - - - 
2026-08-29 01:33:38.3656|Info|Microsoft.AspNetCore.Routing.EndpointMiddleware|CorrelationId=3add7de2-d82f-49e8-9f0c-d70835685df8|Executing endpoint 'SmartLoan.Api.Controllers.LoanController.GetPaymentS (SmartLoan.Api)' 
2026-08-29 01:33:38.3827|Info|Microsoft.AspNetCore.Mvc.Infrastructure.ControllerActionInvoker|CorrelationId=3add7de2-d82f-49e8-9f0c-d70835685df8|Route matched with {action = "GetPaymentS", controller = "Loan"}. Executing controller action with signature System.Threading.Tasks.Task`1[Microsoft.AspNetCore.Mvc.ActionResult`1[System.Collections.Generic.List`1[SmartLoan.Application.Payments.PaymentDto]]] GetPaymentS(Int32) on controller SmartLoan.Api.Controllers.LoanController (SmartLoan.Api). 
2026-08-29 01:33:38.3827|Info|SmartLoan.Application.Common.Behaviors.LoggingBehavior|CorrelationId=3add7de2-d82f-49e8-9f0c-d70835685df8|smartloan Request:GetPaymentHistoryQuery starting... 
2026-08-29 01:33:38.4000|Info|Microsoft.EntityFrameworkCore.Database.Command|CorrelationId=3add7de2-d82f-49e8-9f0c-d70835685df8|Executed DbCommand (4ms) [Parameters=[@request_LoanId='?' (DbType = Int32)], CommandType='Text', CommandTimeout='30']
SELECT p."Id", p."Amount", p."PaymentDate", p."LoanApplicationId"
FROM "Payments" AS p
WHERE p."LoanApplicationId" = @request_LoanId
ORDER BY p."PaymentDate" DESC 
2026-08-29 01:33:38.4000|Info|SmartLoan.Application.Common.Behaviors.LoggingBehavior|CorrelationId=3add7de2-d82f-49e8-9f0c-d70835685df8|Smarloan Request:GetPaymentHistoryQuery finished in 15ms 
2026-08-29 01:33:38.4000|Info|Microsoft.AspNetCore.Mvc.Infrastructure.ObjectResultExecutor|CorrelationId=3add7de2-d82f-49e8-9f0c-d70835685df8|Executing ObjectResult, writing value of type 'System.Collections.Generic.List`1[[SmartLoan.Application.Payments.PaymentDto, SmartLoan.Application, Version=1.0.0.0, Culture=neutral, PublicKeyToken=null]]'. 
2026-08-29 01:33:38.4000|Info|Microsoft.AspNetCore.Mvc.Infrastructure.ControllerActionInvoker|CorrelationId=3add7de2-d82f-49e8-9f0c-d70835685df8|Executed action SmartLoan.Api.Controllers.LoanController.GetPaymentS (SmartLoan.Api) in 18.428ms 
2026-08-29 01:33:38.4000|Info|Microsoft.AspNetCore.Routing.EndpointMiddleware|CorrelationId=3add7de2-d82f-49e8-9f0c-d70835685df8|Executed endpoint 'SmartLoan.Api.Controllers.LoanController.GetPaymentS (SmartLoan.Api)' 
2026-08-29 01:33:38.4000|Info|Microsoft.AspNetCore.Hosting.Diagnostics|CorrelationId=|Request finished HTTP/1.1 GET http://localhost:5176/api/v1/Loan/32/payments - 200 - application/json;+charset=utf-8 36.1483ms 
2026-08-29 23:38:24.6037|Warn|Microsoft.EntityFrameworkCore.Model.Validation|CorrelationId=|Entity 'LoanApplication' has a global query filter defined and is the required end of a relationship with the entity 'Payment'. This may lead to unexpected results when the required entity is filtered out. Either configure the navigation as optional, or define matching query filters for both entities in the navigation. See https://go.microsoft.com/fwlink/?linkid=2131316 for more information. 
2026-08-29 23:38:25.2982|Info|Microsoft.EntityFrameworkCore.Database.Command|CorrelationId=|Executed DbCommand (29ms) [Parameters=[], CommandType='Text', CommandTimeout='30']
SELECT "MigrationId", "ProductVersion"
FROM "__EFMigrationsHistory"
ORDER BY "MigrationId"; 
2026-08-29 23:38:25.5570|Info|Microsoft.EntityFrameworkCore.Database.Command|CorrelationId=|Executed DbCommand (11ms) [Parameters=[], CommandType='Text', CommandTimeout='30']
SELECT 1 
2026-08-29 23:38:25.6535|Info|Microsoft.EntityFrameworkCore.Database.Command|CorrelationId=|Executed DbCommand (9ms) [Parameters=[], CommandType='Text', CommandTimeout='30']
CREATE TABLE IF NOT EXISTS "__EFMigrationsHistory" (
    "MigrationId" character varying(150) NOT NULL,
    "ProductVersion" character varying(32) NOT NULL,
    CONSTRAINT "PK___EFMigrationsHistory" PRIMARY KEY ("MigrationId")
); 
2026-08-29 23:38:25.6821|Info|Microsoft.EntityFrameworkCore.Database.Command|CorrelationId=|Executed DbCommand (1ms) [Parameters=[], CommandType='Text', CommandTimeout='30']
LOCK TABLE "__EFMigrationsHistory" IN ACCESS EXCLUSIVE MODE 
2026-08-29 23:38:25.6873|Info|Microsoft.EntityFrameworkCore.Database.Command|CorrelationId=|Executed DbCommand (2ms) [Parameters=[], CommandType='Text', CommandTimeout='30']
SELECT "MigrationId", "ProductVersion"
FROM "__EFMigrationsHistory"
ORDER BY "MigrationId"; 
2026-08-29 23:38:25.6873|Info|Microsoft.EntityFrameworkCore.Migrations|CorrelationId=|No migrations were applied. The database is already up to date. 
2026-08-29 23:38:26.0681|Info|Microsoft.EntityFrameworkCore.Database.Command|CorrelationId=|Executed DbCommand (4ms) [Parameters=[], CommandType='Text', CommandTimeout='30']
SELECT EXISTS (
    SELECT 1
    FROM "Users" AS u
    WHERE u."Email" = 'admin@loan.com') 
2026-08-29 23:38:26.2974|Info|Microsoft.AspNetCore.DataProtection.KeyManagement.XmlKeyManager|CorrelationId=|User profile is available. Using 'C:\Users\isaac\AppData\Local\ASP.NET\DataProtection-Keys' as key repository and Windows DPAPI to encrypt keys at rest. 
2026-08-29 23:38:26.3113|Info|SmartLoan.Infrastructure.BackgroundJobs.ReportWorker|CorrelationId=|Report Worker is starting... 
2026-08-29 23:38:26.4273|Info|Microsoft.Hosting.Lifetime|CorrelationId=|Now listening on: http://localhost:5176 
2026-08-29 23:38:26.4273|Info|Microsoft.Hosting.Lifetime|CorrelationId=|Application started. Press Ctrl+C to shut down. 
2026-08-29 23:38:26.4273|Info|Microsoft.Hosting.Lifetime|CorrelationId=|Hosting environment: Development 
2026-08-29 23:38:26.4273|Info|Microsoft.Hosting.Lifetime|CorrelationId=|Content root path: D:\isaac\educational purpose only\.net\kyas pro\SmartLoanTracker\smartloan.api 
2026-08-29 23:40:38.2150|Info|Microsoft.AspNetCore.Hosting.Diagnostics|CorrelationId=|Request starting HTTP/1.1 GET http://localhost:5176/api/v1/customers?pageNumber=1&pageSize=10&search= - - - 
2026-08-29 23:40:38.3342|Warn|Microsoft.AspNetCore.HttpsPolicy.HttpsRedirectionMiddleware|CorrelationId=1a61a3e6-0ae4-4b05-8754-119025e80d02|Failed to determine the https port for redirect. 
2026-08-29 23:40:42.5515|Info|Microsoft.AspNetCore.Authorization.DefaultAuthorizationService|CorrelationId=1a61a3e6-0ae4-4b05-8754-119025e80d02|Authorization failed. These requirements were not met:
RolesAuthorizationRequirement:User.IsInRole must be true for one of the following roles: (Administrator) 
2026-08-29 23:40:42.5515|Info|Microsoft.AspNetCore.Authentication.JwtBearer.JwtBearerHandler|CorrelationId=1a61a3e6-0ae4-4b05-8754-119025e80d02|AuthenticationScheme: Bearer was challenged. 
2026-08-29 23:40:42.5646|Info|Microsoft.AspNetCore.Hosting.Diagnostics|CorrelationId=|Request finished HTTP/1.1 GET http://localhost:5176/api/v1/customers?pageNumber=1&pageSize=10&search= - 401 0 - 4404.6047ms 
2026-08-29 23:40:42.5777|Info|Microsoft.AspNetCore.Hosting.Diagnostics|CorrelationId=|Request starting HTTP/1.1 POST http://localhost:5176/api/v1/auth/refresh - application/json 706 
2026-08-29 23:40:42.5777|Info|Microsoft.AspNetCore.Cors.Infrastructure.CorsService|CorrelationId=b9ba0f5e-6e9a-48d9-a38d-e92cd17e9205|CORS policy execution successful. 
2026-08-29 23:40:42.5777|Info|Microsoft.AspNetCore.Routing.EndpointMiddleware|CorrelationId=b9ba0f5e-6e9a-48d9-a38d-e92cd17e9205|Executing endpoint 'SmartLoan.Api.Controllers.AuthController.Refresh (SmartLoan.Api)' 
2026-08-29 23:40:42.6190|Info|Microsoft.AspNetCore.Mvc.Infrastructure.ControllerActionInvoker|CorrelationId=b9ba0f5e-6e9a-48d9-a38d-e92cd17e9205|Route matched with {action = "Refresh", controller = "Auth"}. Executing controller action with signature System.Threading.Tasks.Task`1[Microsoft.AspNetCore.Mvc.ActionResult] Refresh(SmartLoan.Application.Users.Commands.RefreshToken.RefreshTokenRequest) on controller SmartLoan.Api.Controllers.AuthController (SmartLoan.Api). 
2026-08-29 23:40:42.6190|Warn|LuckyPennySoftware.MediatR.License|CorrelationId=b9ba0f5e-6e9a-48d9-a38d-e92cd17e9205|You do not have a valid license key for the Lucky Penny software MediatR. This is allowed for development and testing scenarios. If you are running in production you are required to have a licensed version. Please visit https://luckypennysoftware.com to obtain a valid license. 
2026-08-29 23:40:42.6959|Info|SmartLoan.Application.Common.Behaviors.LoggingBehavior|CorrelationId=b9ba0f5e-6e9a-48d9-a38d-e92cd17e9205|smartloan Request:RefreshTokenRequest starting... 
2026-08-29 23:40:42.8893|Info|Microsoft.EntityFrameworkCore.Database.Command|CorrelationId=b9ba0f5e-6e9a-48d9-a38d-e92cd17e9205|Executed DbCommand (14ms) [Parameters=[@request_RefreshToken='?'], CommandType='Text', CommandTimeout='30']
SELECT u."Id", u."Email", u."FullName", u."PasswordHash", u."RefreshToken", u."RefreshTokenExpiryTime", u."Role"
FROM "Users" AS u
WHERE u."RefreshToken" = @request_RefreshToken
LIMIT 1 
2026-08-29 23:40:43.1705|Info|Microsoft.EntityFrameworkCore.Database.Command|CorrelationId=b9ba0f5e-6e9a-48d9-a38d-e92cd17e9205|Executed DbCommand (8ms) [Parameters=[@p1='?' (DbType = Int32), @p0='?'], CommandType='Text', CommandTimeout='30']
UPDATE "Users" SET "RefreshToken" = @p0
WHERE "Id" = @p1; 
2026-08-29 23:40:43.1705|Info|SmartLoan.Application.Common.Behaviors.LoggingBehavior|CorrelationId=b9ba0f5e-6e9a-48d9-a38d-e92cd17e9205|Smarloan Request:RefreshTokenRequest finished in 484ms 
2026-08-29 23:40:43.1874|Info|Microsoft.AspNetCore.Mvc.Infrastructure.ObjectResultExecutor|CorrelationId=b9ba0f5e-6e9a-48d9-a38d-e92cd17e9205|Executing OkObjectResult, writing value of type 'SmartLoan.Application.Users.LoginResponse'. 
2026-08-29 23:40:43.2125|Info|Microsoft.AspNetCore.Mvc.Infrastructure.ControllerActionInvoker|CorrelationId=b9ba0f5e-6e9a-48d9-a38d-e92cd17e9205|Executed action SmartLoan.Api.Controllers.AuthController.Refresh (SmartLoan.Api) in 584.8328ms 
2026-08-29 23:40:43.2125|Info|Microsoft.AspNetCore.Routing.EndpointMiddleware|CorrelationId=b9ba0f5e-6e9a-48d9-a38d-e92cd17e9205|Executed endpoint 'SmartLoan.Api.Controllers.AuthController.Refresh (SmartLoan.Api)' 
2026-08-29 23:40:43.2197|Info|Microsoft.AspNetCore.Hosting.Diagnostics|CorrelationId=|Request finished HTTP/1.1 POST http://localhost:5176/api/v1/auth/refresh - 200 - application/json;+charset=utf-8 642.0240ms 
2026-08-29 23:40:43.2197|Info|Microsoft.AspNetCore.Hosting.Diagnostics|CorrelationId=|Request starting HTTP/1.1 GET http://localhost:5176/api/v1/customers?pageNumber=1&pageSize=10&search= - - - 
2026-08-29 23:40:43.2775|Info|Microsoft.AspNetCore.Routing.EndpointMiddleware|CorrelationId=760868fb-0e79-45f8-a8fc-8a6bd31d0fab|Executing endpoint 'SmartLoan.Api.Controllers.CustomersController.GetAll (SmartLoan.Api)' 
2026-08-29 23:40:43.2895|Info|Microsoft.AspNetCore.Mvc.Infrastructure.ControllerActionInvoker|CorrelationId=760868fb-0e79-45f8-a8fc-8a6bd31d0fab|Route matched with {action = "GetAll", controller = "Customers"}. Executing controller action with signature System.Threading.Tasks.Task`1[Microsoft.AspNetCore.Mvc.ActionResult`1[SmartLoan.Application.Common.PagedResponse`1[SmartLoan.Application.Customers.CustomerDetailsDto]]] GetAll(SmartLoan.Application.Common.PagedRequest) on controller SmartLoan.Api.Controllers.CustomersController (SmartLoan.Api). 
2026-08-29 23:40:43.3052|Info|SmartLoan.Application.Common.Behaviors.LoggingBehavior|CorrelationId=760868fb-0e79-45f8-a8fc-8a6bd31d0fab|smartloan Request:GetCustomersQuery starting... 
2026-08-29 23:40:43.4610|Info|Microsoft.EntityFrameworkCore.Database.Command|CorrelationId=760868fb-0e79-45f8-a8fc-8a6bd31d0fab|Executed DbCommand (13ms) [Parameters=[], CommandType='Text', CommandTimeout='30']
SELECT count(*)::int
FROM "Customers" AS c
WHERE NOT (c."IsDeleted") 
2026-08-29 23:40:43.5477|Info|Microsoft.EntityFrameworkCore.Database.Command|CorrelationId=760868fb-0e79-45f8-a8fc-8a6bd31d0fab|Executed DbCommand (1ms) [Parameters=[@p1='?' (DbType = Int32), @p='?' (DbType = Int32)], CommandType='Text', CommandTimeout='30']
SELECT c."Id", c."FullName", c."Phone", c."Address"
FROM "Customers" AS c
WHERE NOT (c."IsDeleted")
ORDER BY c."FullName"
LIMIT @p1 OFFSET @p 
2026-08-29 23:40:43.5477|Info|SmartLoan.Application.Common.Behaviors.LoggingBehavior|CorrelationId=760868fb-0e79-45f8-a8fc-8a6bd31d0fab|Smarloan Request:GetCustomersQuery finished in 244ms 
2026-08-29 23:40:43.5477|Info|Microsoft.AspNetCore.Mvc.Infrastructure.ObjectResultExecutor|CorrelationId=760868fb-0e79-45f8-a8fc-8a6bd31d0fab|Executing ObjectResult, writing value of type 'SmartLoan.Application.Common.PagedResponse`1[[SmartLoan.Application.Customers.CustomerDetailsDto, SmartLoan.Application, Version=1.0.0.0, Culture=neutral, PublicKeyToken=null]]'. 
2026-08-29 23:40:43.5674|Info|Microsoft.AspNetCore.Mvc.Infrastructure.ControllerActionInvoker|CorrelationId=760868fb-0e79-45f8-a8fc-8a6bd31d0fab|Executed action SmartLoan.Api.Controllers.CustomersController.GetAll (SmartLoan.Api) in 277.5472ms 
2026-08-29 23:40:43.5674|Info|Microsoft.AspNetCore.Routing.EndpointMiddleware|CorrelationId=760868fb-0e79-45f8-a8fc-8a6bd31d0fab|Executed endpoint 'SmartLoan.Api.Controllers.CustomersController.GetAll (SmartLoan.Api)' 
2026-08-29 23:40:43.5674|Info|Microsoft.AspNetCore.Hosting.Diagnostics|CorrelationId=|Request finished HTTP/1.1 GET http://localhost:5176/api/v1/customers?pageNumber=1&pageSize=10&search= - 200 - application/json;+charset=utf-8 349.4282ms 
2026-08-29 23:41:03.8471|Info|Microsoft.AspNetCore.Hosting.Diagnostics|CorrelationId=|Request starting HTTP/1.1 GET http://localhost:5176/scalar/ - - - 
2026-08-29 23:41:03.8471|Info|Microsoft.AspNetCore.Routing.EndpointMiddleware|CorrelationId=9e6969da-58af-4510-8348-bdc5b2a8c43c|Executing endpoint 'HTTP: GET /scalar/{documentName?}' 
2026-08-29 23:41:04.0981|Info|Microsoft.AspNetCore.Http.Result.ContentResult|CorrelationId=9e6969da-58af-4510-8348-bdc5b2a8c43c|Write content with HTTP Response ContentType of text/html 
2026-08-29 23:41:04.0981|Info|Microsoft.AspNetCore.Routing.EndpointMiddleware|CorrelationId=9e6969da-58af-4510-8348-bdc5b2a8c43c|Executed endpoint 'HTTP: GET /scalar/{documentName?}' 
2026-08-29 23:41:04.0981|Info|Microsoft.AspNetCore.Hosting.Diagnostics|CorrelationId=|Request finished HTTP/1.1 GET http://localhost:5176/scalar/ - 200 637 text/html 252.0106ms 
2026-08-29 23:41:04.1352|Info|Microsoft.AspNetCore.Hosting.Diagnostics|CorrelationId=|Request starting HTTP/1.1 GET http://localhost:5176/scalar/scalar.js - - - 
2026-08-29 23:41:04.1352|Info|Microsoft.AspNetCore.Hosting.Diagnostics|CorrelationId=|Request starting HTTP/1.1 GET http://localhost:5176/scalar/scalar.aspnetcore.js - - - 
2026-08-29 23:41:04.1352|Info|Microsoft.AspNetCore.Routing.EndpointMiddleware|CorrelationId=1dedb85d-f6f8-4ad4-9d0b-d57535bad53d|Executing endpoint 'HTTP: GET /scalar/scalar.js' 
2026-08-29 23:41:04.1352|Info|Microsoft.AspNetCore.Cors.Infrastructure.CorsService|CorrelationId=abdc7885-cf09-4f69-b3b8-0982c80e970e|CORS policy execution failed. 
2026-08-29 23:41:04.1352|Info|Microsoft.AspNetCore.Cors.Infrastructure.CorsService|CorrelationId=abdc7885-cf09-4f69-b3b8-0982c80e970e|Request origin http://localhost:5176 does not have permission to access the resource. 
2026-08-29 23:41:04.1352|Info|Microsoft.AspNetCore.Routing.EndpointMiddleware|CorrelationId=abdc7885-cf09-4f69-b3b8-0982c80e970e|Executing endpoint 'HTTP: GET /scalar/scalar.aspnetcore.js' 
2026-08-29 23:41:04.1400|Info|Microsoft.AspNetCore.Http.Result.FileStreamResult|CorrelationId=abdc7885-cf09-4f69-b3b8-0982c80e970e|Sending file with download name ''. 
2026-08-29 23:41:04.1400|Info|Microsoft.AspNetCore.Routing.EndpointMiddleware|CorrelationId=abdc7885-cf09-4f69-b3b8-0982c80e970e|Executed endpoint 'HTTP: GET /scalar/scalar.aspnetcore.js' 
2026-08-29 23:41:04.1400|Info|Microsoft.AspNetCore.Hosting.Diagnostics|CorrelationId=|Request finished HTTP/1.1 GET http://localhost:5176/scalar/scalar.aspnetcore.js - 304 - - 8.3724ms 
2026-08-29 23:41:04.1656|Info|Microsoft.AspNetCore.Http.Result.FileStreamResult|CorrelationId=1dedb85d-f6f8-4ad4-9d0b-d57535bad53d|Sending file with download name ''. 
2026-08-29 23:41:04.1656|Info|Microsoft.AspNetCore.Routing.EndpointMiddleware|CorrelationId=1dedb85d-f6f8-4ad4-9d0b-d57535bad53d|Executed endpoint 'HTTP: GET /scalar/scalar.js' 
2026-08-29 23:41:04.1656|Info|Microsoft.AspNetCore.Hosting.Diagnostics|CorrelationId=|Request finished HTTP/1.1 GET http://localhost:5176/scalar/scalar.js - 304 - - 30.9238ms 
2026-08-29 23:41:04.2228|Info|Microsoft.AspNetCore.Hosting.Diagnostics|CorrelationId=|Request starting HTTP/1.1 GET http://localhost:5176/openapi/v1.json - - - 
2026-08-29 23:41:04.2228|Info|Microsoft.AspNetCore.Routing.EndpointMiddleware|CorrelationId=952d338c-e1d1-4dc7-9f19-5fad21cb3b5c|Executing endpoint 'HTTP: GET /openapi/{documentName}.json' 
2026-08-29 23:41:04.3138|Info|Microsoft.AspNetCore.Hosting.Diagnostics|CorrelationId=|Request starting HTTP/1.1 GET http://localhost:5176/scalar/favicon.svg - - - 
2026-08-29 23:41:04.3138|Info|Microsoft.AspNetCore.Routing.EndpointMiddleware|CorrelationId=80239171-1809-46c8-83f6-67e70cc5ce5b|Executing endpoint 'HTTP: GET /scalar/favicon.svg' 
2026-08-29 23:41:04.3138|Info|Microsoft.AspNetCore.Http.Result.FileStreamResult|CorrelationId=80239171-1809-46c8-83f6-67e70cc5ce5b|Sending file with download name ''. 
2026-08-29 23:41:04.3138|Info|Microsoft.AspNetCore.Routing.EndpointMiddleware|CorrelationId=80239171-1809-46c8-83f6-67e70cc5ce5b|Executed endpoint 'HTTP: GET /scalar/favicon.svg' 
2026-08-29 23:41:04.3138|Info|Microsoft.AspNetCore.Hosting.Diagnostics|CorrelationId=|Request finished HTTP/1.1 GET http://localhost:5176/scalar/favicon.svg - 304 - - 3.2951ms 
2026-08-29 23:41:04.4969|Info|Microsoft.AspNetCore.Routing.EndpointMiddleware|CorrelationId=952d338c-e1d1-4dc7-9f19-5fad21cb3b5c|Executed endpoint 'HTTP: GET /openapi/{documentName}.json' 
2026-08-29 23:41:04.4975|Info|Microsoft.AspNetCore.Hosting.Diagnostics|CorrelationId=|Request finished HTTP/1.1 GET http://localhost:5176/openapi/v1.json - 200 - application/json;charset=utf-8 274.6534ms 
