2026-08-28 20:46:17.1150|Warn|Microsoft.EntityFrameworkCore.Model.Validation|CorrelationId=|Entity 'LoanApplication' has a global query filter defined and is the required end of a relationship with the entity 'Payment'. This may lead to unexpected results when the required entity is filtered out. Either configure the navigation as optional, or define matching query filters for both entities in the navigation. See https://go.microsoft.com/fwlink/?linkid=2131316 for more information. 
2026-08-28 20:46:17.7742|Info|Microsoft.EntityFrameworkCore.Database.Command|CorrelationId=|Executed DbCommand (21ms) [Parameters=[], CommandType='Text', CommandTimeout='30']
SELECT "MigrationId", "ProductVersion"
FROM "__EFMigrationsHistory"
ORDER BY "MigrationId"; 
2026-08-28 20:46:17.9367|Info|Microsoft.EntityFrameworkCore.Database.Command|CorrelationId=|Executed DbCommand (7ms) [Parameters=[], CommandType='Text', CommandTimeout='30']
SELECT 1 
2026-08-28 20:46:17.9998|Info|Microsoft.EntityFrameworkCore.Database.Command|CorrelationId=|Executed DbCommand (6ms) [Parameters=[], CommandType='Text', CommandTimeout='30']
CREATE TABLE IF NOT EXISTS "__EFMigrationsHistory" (
    "MigrationId" character varying(150) NOT NULL,
    "ProductVersion" character varying(32) NOT NULL,
    CONSTRAINT "PK___EFMigrationsHistory" PRIMARY KEY ("MigrationId")
); 
2026-08-28 20:46:17.9998|Info|Microsoft.EntityFrameworkCore.Database.Command|CorrelationId=|Executed DbCommand (1ms) [Parameters=[], CommandType='Text', CommandTimeout='30']
LOCK TABLE "__EFMigrationsHistory" IN ACCESS EXCLUSIVE MODE 
2026-08-28 20:46:18.0187|Info|Microsoft.EntityFrameworkCore.Database.Command|CorrelationId=|Executed DbCommand (1ms) [Parameters=[], CommandType='Text', CommandTimeout='30']
SELECT "MigrationId", "ProductVersion"
FROM "__EFMigrationsHistory"
ORDER BY "MigrationId"; 
2026-08-28 20:46:18.0187|Info|Microsoft.EntityFrameworkCore.Migrations|CorrelationId=|No migrations were applied. The database is already up to date. 
2026-08-28 20:46:18.2694|Info|Microsoft.EntityFrameworkCore.Database.Command|CorrelationId=|Executed DbCommand (3ms) [Parameters=[], CommandType='Text', CommandTimeout='30']
SELECT EXISTS (
    SELECT 1
    FROM "Users" AS u
    WHERE u."Email" = 'admin@loan.com') 
2026-08-28 20:46:18.4227|Info|Microsoft.AspNetCore.DataProtection.KeyManagement.XmlKeyManager|CorrelationId=|User profile is available. Using 'C:\Users\isaac\AppData\Local\ASP.NET\DataProtection-Keys' as key repository and Windows DPAPI to encrypt keys at rest. 
2026-08-28 20:46:18.4227|Info|SmartLoan.Infrastructure.BackgroundJobs.ReportWorker|CorrelationId=|Report Worker is starting... 
2026-08-28 20:46:18.5154|Info|Microsoft.Hosting.Lifetime|CorrelationId=|Now listening on: http://localhost:5176 
2026-08-28 20:46:18.5154|Info|Microsoft.Hosting.Lifetime|CorrelationId=|Application started. Press Ctrl+C to shut down. 
2026-08-28 20:46:18.5154|Info|Microsoft.Hosting.Lifetime|CorrelationId=|Hosting environment: Development 
2026-08-28 20:46:18.5154|Info|Microsoft.Hosting.Lifetime|CorrelationId=|Content root path: D:\isaac\educational purpose only\.net\kyas pro\SmartLoanTracker\smartloan.api 
2026-08-28 20:46:48.1572|Info|Microsoft.AspNetCore.Hosting.Diagnostics|CorrelationId=|Request starting HTTP/1.1 GET http://localhost:5176/scalar/ - - - 
2026-08-28 20:46:49.9343|Warn|Microsoft.AspNetCore.HttpsPolicy.HttpsRedirectionMiddleware|CorrelationId=25309562-35b6-43bd-a551-ffba7fecf5c4|Failed to determine the https port for redirect. 
2026-08-28 20:46:49.9358|Info|Microsoft.AspNetCore.Routing.EndpointMiddleware|CorrelationId=25309562-35b6-43bd-a551-ffba7fecf5c4|Executing endpoint 'HTTP: GET /scalar/{documentName?}' 
2026-08-28 20:46:50.0754|Info|Microsoft.AspNetCore.Http.Result.ContentResult|CorrelationId=25309562-35b6-43bd-a551-ffba7fecf5c4|Write content with HTTP Response ContentType of text/html 
2026-08-28 20:46:50.0754|Info|Microsoft.AspNetCore.Routing.EndpointMiddleware|CorrelationId=25309562-35b6-43bd-a551-ffba7fecf5c4|Executed endpoint 'HTTP: GET /scalar/{documentName?}' 
2026-08-28 20:46:50.0754|Info|Microsoft.AspNetCore.Hosting.Diagnostics|CorrelationId=|Request finished HTTP/1.1 GET http://localhost:5176/scalar/ - 200 637 text/html 1927.6484ms 
2026-08-28 20:46:50.1245|Info|Microsoft.AspNetCore.Hosting.Diagnostics|CorrelationId=|Request starting HTTP/1.1 GET http://localhost:5176/scalar/scalar.aspnetcore.js - - - 
2026-08-28 20:46:50.1245|Info|Microsoft.AspNetCore.Hosting.Diagnostics|CorrelationId=|Request starting HTTP/1.1 GET http://localhost:5176/scalar/scalar.js - - - 
2026-08-28 20:46:50.1245|Info|Microsoft.AspNetCore.Routing.EndpointMiddleware|CorrelationId=c136cf6d-17b5-436a-a13c-9a063563d84a|Executing endpoint 'HTTP: GET /scalar/scalar.js' 
2026-08-28 20:46:50.1245|Info|Microsoft.AspNetCore.Cors.Infrastructure.CorsService|CorrelationId=06dc4bd3-12e5-4795-be9c-07b0a119bae9|CORS policy execution successful. 
2026-08-28 20:46:50.1245|Info|Microsoft.AspNetCore.Routing.EndpointMiddleware|CorrelationId=06dc4bd3-12e5-4795-be9c-07b0a119bae9|Executing endpoint 'HTTP: GET /scalar/scalar.aspnetcore.js' 
2026-08-28 20:46:50.1245|Info|Microsoft.AspNetCore.Http.Result.FileStreamResult|CorrelationId=06dc4bd3-12e5-4795-be9c-07b0a119bae9|Sending file with download name ''. 
2026-08-28 20:46:50.1245|Info|Microsoft.AspNetCore.Routing.EndpointMiddleware|CorrelationId=06dc4bd3-12e5-4795-be9c-07b0a119bae9|Executed endpoint 'HTTP: GET /scalar/scalar.aspnetcore.js' 
2026-08-28 20:46:50.1245|Info|Microsoft.AspNetCore.Hosting.Diagnostics|CorrelationId=|Request finished HTTP/1.1 GET http://localhost:5176/scalar/scalar.aspnetcore.js - 304 - - 12.4824ms 
2026-08-28 20:46:50.1430|Info|Microsoft.AspNetCore.Http.Result.FileStreamResult|CorrelationId=c136cf6d-17b5-436a-a13c-9a063563d84a|Sending file with download name ''. 
2026-08-28 20:46:50.1430|Info|Microsoft.AspNetCore.Routing.EndpointMiddleware|CorrelationId=c136cf6d-17b5-436a-a13c-9a063563d84a|Executed endpoint 'HTTP: GET /scalar/scalar.js' 
2026-08-28 20:46:50.1430|Info|Microsoft.AspNetCore.Hosting.Diagnostics|CorrelationId=|Request finished HTTP/1.1 GET http://localhost:5176/scalar/scalar.js - 304 - - 18.5757ms 
2026-08-28 20:46:50.4810|Info|Microsoft.AspNetCore.Hosting.Diagnostics|CorrelationId=|Request starting HTTP/1.1 GET http://localhost:5176/openapi/v1.json - - - 
2026-08-28 20:46:50.4857|Info|Microsoft.AspNetCore.Routing.EndpointMiddleware|CorrelationId=1c927514-4a15-46d2-9896-a94ccaa09bd3|Executing endpoint 'HTTP: GET /openapi/{documentName}.json' 
2026-08-28 20:46:50.7465|Info|Microsoft.AspNetCore.Routing.EndpointMiddleware|CorrelationId=1c927514-4a15-46d2-9896-a94ccaa09bd3|Executed endpoint 'HTTP: GET /openapi/{documentName}.json' 
2026-08-28 20:46:50.7496|Info|Microsoft.AspNetCore.Hosting.Diagnostics|CorrelationId=|Request finished HTTP/1.1 GET http://localhost:5176/openapi/v1.json - 200 - application/json;charset=utf-8 268.5554ms 
2026-08-28 20:49:03.2232|Info|Microsoft.AspNetCore.Hosting.Diagnostics|CorrelationId=|Request starting HTTP/1.1 POST http://localhost:5176/api/v1/Auth/login - application/json 58 
2026-08-28 20:49:03.2415|Info|Microsoft.AspNetCore.Cors.Infrastructure.CorsService|CorrelationId=c8a9989d-60ba-44e8-8b00-caf358ad57fb|CORS policy execution successful. 
2026-08-28 20:49:03.2415|Info|Microsoft.AspNetCore.Routing.EndpointMiddleware|CorrelationId=c8a9989d-60ba-44e8-8b00-caf358ad57fb|Executing endpoint 'SmartLoan.Api.Controllers.AuthController.Login (SmartLoan.Api)' 
2026-08-28 20:49:03.2791|Info|Microsoft.AspNetCore.Mvc.Infrastructure.ControllerActionInvoker|CorrelationId=c8a9989d-60ba-44e8-8b00-caf358ad57fb|Route matched with {action = "Login", controller = "Auth"}. Executing controller action with signature System.Threading.Tasks.Task`1[Microsoft.AspNetCore.Mvc.ActionResult`1[SmartLoan.Application.Users.LoginResponse]] Login(SmartLoan.Application.Users.LoginCommand) on controller SmartLoan.Api.Controllers.AuthController (SmartLoan.Api). 
2026-08-28 20:49:03.2791|Warn|LuckyPennySoftware.MediatR.License|CorrelationId=c8a9989d-60ba-44e8-8b00-caf358ad57fb|You do not have a valid license key for the Lucky Penny software MediatR. This is allowed for development and testing scenarios. If you are running in production you are required to have a licensed version. Please visit https://luckypennysoftware.com to obtain a valid license. 
2026-08-28 20:49:03.3136|Info|SmartLoan.Application.Common.Behaviors.LoggingBehavior|CorrelationId=c8a9989d-60ba-44e8-8b00-caf358ad57fb|smartloan Request:LoginCommand starting... 
2026-08-28 20:49:03.4586|Info|Microsoft.EntityFrameworkCore.Database.Command|CorrelationId=c8a9989d-60ba-44e8-8b00-caf358ad57fb|Executed DbCommand (24ms) [Parameters=[@request_Email='?'], CommandType='Text', CommandTimeout='30']
SELECT u."Id", u."Email", u."FullName", u."PasswordHash", u."RefreshToken", u."RefreshTokenExpiryTime", u."Role"
FROM "Users" AS u
WHERE u."Email" = @request_Email
LIMIT 1 
2026-08-28 20:49:04.0938|Info|Microsoft.EntityFrameworkCore.Database.Command|CorrelationId=c8a9989d-60ba-44e8-8b00-caf358ad57fb|Executed DbCommand (9ms) [Parameters=[@p2='?' (DbType = Int32), @p0='?', @p1='?' (DbType = DateTime)], CommandType='Text', CommandTimeout='30']
UPDATE "Users" SET "RefreshToken" = @p0, "RefreshTokenExpiryTime" = @p1
WHERE "Id" = @p2; 
2026-08-28 20:49:04.0938|Info|SmartLoan.Application.Common.Behaviors.LoggingBehavior|CorrelationId=c8a9989d-60ba-44e8-8b00-caf358ad57fb|Smarloan Request:LoginCommand finished in 789ms 
2026-08-28 20:49:04.1119|Info|Microsoft.AspNetCore.Mvc.Infrastructure.ObjectResultExecutor|CorrelationId=c8a9989d-60ba-44e8-8b00-caf358ad57fb|Executing OkObjectResult, writing value of type 'SmartLoan.Application.Users.LoginResponse'. 
2026-08-28 20:49:04.1271|Info|Microsoft.AspNetCore.Mvc.Infrastructure.ControllerActionInvoker|CorrelationId=c8a9989d-60ba-44e8-8b00-caf358ad57fb|Executed action SmartLoan.Api.Controllers.AuthController.Login (SmartLoan.Api) in 838.1837ms 
2026-08-28 20:49:04.1271|Info|Microsoft.AspNetCore.Routing.EndpointMiddleware|CorrelationId=c8a9989d-60ba-44e8-8b00-caf358ad57fb|Executed endpoint 'SmartLoan.Api.Controllers.AuthController.Login (SmartLoan.Api)' 
2026-08-28 20:49:04.1271|Info|Microsoft.AspNetCore.Hosting.Diagnostics|CorrelationId=|Request finished HTTP/1.1 POST http://localhost:5176/api/v1/Auth/login - 200 - application/json;+charset=utf-8 910.8968ms 
2026-08-28 21:01:43.6071|Info|Microsoft.AspNetCore.Hosting.Diagnostics|CorrelationId=|Request starting HTTP/1.1 POST http://localhost:5176/api/v1/Auth/register - application/json 109 
2026-08-28 21:01:43.6910|Info|Microsoft.AspNetCore.Cors.Infrastructure.CorsService|CorrelationId=2b271757-37f0-4cea-96de-461677fd858f|CORS policy execution successful. 
2026-08-28 21:01:43.6910|Info|Microsoft.AspNetCore.Routing.EndpointMiddleware|CorrelationId=2b271757-37f0-4cea-96de-461677fd858f|Executing endpoint 'SmartLoan.Api.Controllers.AuthController.Register (SmartLoan.Api)' 
2026-08-28 21:01:43.6910|Info|Microsoft.AspNetCore.Mvc.Infrastructure.ControllerActionInvoker|CorrelationId=2b271757-37f0-4cea-96de-461677fd858f|Route matched with {action = "Register", controller = "Auth"}. Executing controller action with signature System.Threading.Tasks.Task`1[Microsoft.AspNetCore.Mvc.ActionResult`1[System.Int32]] Register(SmartLoan.Application.Users.RegisterUserCommand) on controller SmartLoan.Api.Controllers.AuthController (SmartLoan.Api). 
2026-08-28 21:01:43.7329|Info|SmartLoan.Application.Common.Behaviors.LoggingBehavior|CorrelationId=2b271757-37f0-4cea-96de-461677fd858f|smartloan Request:RegisterUserCommand starting... 
2026-08-28 21:01:43.9260|Info|Microsoft.EntityFrameworkCore.Database.Command|CorrelationId=2b271757-37f0-4cea-96de-461677fd858f|Executed DbCommand (3ms) [Parameters=[@request_Email='?'], CommandType='Text', CommandTimeout='30']
SELECT EXISTS (
    SELECT 1
    FROM "Users" AS u
    WHERE u."Email" = @request_Email) 
2026-08-28 21:01:44.4064|Info|Microsoft.EntityFrameworkCore.Database.Command|CorrelationId=2b271757-37f0-4cea-96de-461677fd858f|Executed DbCommand (10ms) [Parameters=[@p0='?', @p1='?', @p2='?', @p3='?', @p4='?' (DbType = DateTime), @p5='?'], CommandType='Text', CommandTimeout='30']
INSERT INTO "Users" ("Email", "FullName", "PasswordHash", "RefreshToken", "RefreshTokenExpiryTime", "Role")
VALUES (@p0, @p1, @p2, @p3, @p4, @p5)
RETURNING "Id"; 
2026-08-28 21:01:44.4222|Info|SmartLoan.Application.Common.Behaviors.LoggingBehavior|CorrelationId=2b271757-37f0-4cea-96de-461677fd858f|Smarloan Request:RegisterUserCommand finished in 689ms 
2026-08-28 21:01:44.4222|Info|Microsoft.AspNetCore.Mvc.Infrastructure.ObjectResultExecutor|CorrelationId=2b271757-37f0-4cea-96de-461677fd858f|Executing OkObjectResult, writing value of type 'System.Int32'. 
2026-08-28 21:01:44.4222|Info|Microsoft.AspNetCore.Mvc.Infrastructure.ControllerActionInvoker|CorrelationId=2b271757-37f0-4cea-96de-461677fd858f|Executed action SmartLoan.Api.Controllers.AuthController.Register (SmartLoan.Api) in 724.6676ms 
2026-08-28 21:01:44.4222|Info|Microsoft.AspNetCore.Routing.EndpointMiddleware|CorrelationId=2b271757-37f0-4cea-96de-461677fd858f|Executed endpoint 'SmartLoan.Api.Controllers.AuthController.Register (SmartLoan.Api)' 
2026-08-28 21:01:44.4222|Info|Microsoft.AspNetCore.Hosting.Diagnostics|CorrelationId=|Request finished HTTP/1.1 POST http://localhost:5176/api/v1/Auth/register - 200 - application/json;+charset=utf-8 818.8155ms 
2026-08-28 21:02:35.8145|Info|Microsoft.AspNetCore.Hosting.Diagnostics|CorrelationId=|Request starting HTTP/1.1 POST http://localhost:5176/api/v1/Auth/login - application/json 63 
2026-08-28 21:02:35.8145|Info|Microsoft.AspNetCore.Cors.Infrastructure.CorsService|CorrelationId=bc318c73-4405-4afb-b6b7-065c7d6d92ed|CORS policy execution successful. 
2026-08-28 21:02:35.8145|Info|Microsoft.AspNetCore.Routing.EndpointMiddleware|CorrelationId=bc318c73-4405-4afb-b6b7-065c7d6d92ed|Executing endpoint 'SmartLoan.Api.Controllers.AuthController.Login (SmartLoan.Api)' 
2026-08-28 21:02:35.8145|Info|Microsoft.AspNetCore.Mvc.Infrastructure.ControllerActionInvoker|CorrelationId=bc318c73-4405-4afb-b6b7-065c7d6d92ed|Route matched with {action = "Login", controller = "Auth"}. Executing controller action with signature System.Threading.Tasks.Task`1[Microsoft.AspNetCore.Mvc.ActionResult`1[SmartLoan.Application.Users.LoginResponse]] Login(SmartLoan.Application.Users.LoginCommand) on controller SmartLoan.Api.Controllers.AuthController (SmartLoan.Api). 
2026-08-28 21:02:35.8368|Info|SmartLoan.Application.Common.Behaviors.LoggingBehavior|CorrelationId=bc318c73-4405-4afb-b6b7-065c7d6d92ed|smartloan Request:LoginCommand starting... 
2026-08-28 21:02:35.8593|Info|Microsoft.EntityFrameworkCore.Database.Command|CorrelationId=bc318c73-4405-4afb-b6b7-065c7d6d92ed|Executed DbCommand (1ms) [Parameters=[@request_Email='?'], CommandType='Text', CommandTimeout='30']
SELECT u."Id", u."Email", u."FullName", u."PasswordHash", u."RefreshToken", u."RefreshTokenExpiryTime", u."Role"
FROM "Users" AS u
WHERE u."Email" = @request_Email
LIMIT 1 
2026-08-28 21:02:35.8593|Info|Microsoft.AspNetCore.Mvc.Infrastructure.ControllerActionInvoker|CorrelationId=bc318c73-4405-4afb-b6b7-065c7d6d92ed|Executed action SmartLoan.Api.Controllers.AuthController.Login (SmartLoan.Api) in 41.13ms 
2026-08-28 21:02:35.8593|Info|Microsoft.AspNetCore.Routing.EndpointMiddleware|CorrelationId=bc318c73-4405-4afb-b6b7-065c7d6d92ed|Executed endpoint 'SmartLoan.Api.Controllers.AuthController.Login (SmartLoan.Api)' 
2026-08-28 21:02:35.8593|Error|SmartLoan.Api.Middleware.GlobalExeptionHandle|CorrelationId=bc318c73-4405-4afb-b6b7-065c7d6d92ed|an error occurred:Invalid email or password. SmartLoan.Application.Common.Exceptions.BusinessRuleException: Invalid email or password.
   at SmartLoan.Application.Users.LoginHandler.Handle(LoginCommand request, CancellationToken ct) in D:\isaac\educational purpose only\.net\kyas pro\SmartLoanTracker\SmartLoan.Application\Users\Commands\Login\LoginResponse.cs:line 16
   at SmartLoan.Application.Common.Behaviors.ValidationBehavior`2.Handle(TRequest request, RequestHandlerDelegate`1 next, CancellationToken cancellationToken) in D:\isaac\educational purpose only\.net\kyas pro\SmartLoanTracker\SmartLoan.Application\Common\Behaviors\ValidationBehavior.cs:line 31
   at SmartLoan.Application.Common.Behaviors.LoggingBehavior`2.Handle(TRequest request, RequestHandlerDelegate`1 next, CancellationToken cancellationToken) in D:\isaac\educational purpose only\.net\kyas pro\SmartLoanTracker\SmartLoan.Application\Common\Behaviors\LoggingBehavior.cs:line 14
   at SmartLoan.Api.Controllers.AuthController.Login(LoginCommand command) in D:\isaac\educational purpose only\.net\kyas pro\SmartLoanTracker\smartloan.api\Controllers\AuthController.cs:line 21
   at lambda_method17(Closure, Object)
   at Microsoft.AspNetCore.Mvc.Infrastructure.ActionMethodExecutor.AwaitableObjectResultExecutor.Execute(ActionContext actionContext, IActionResultTypeMapper mapper, ObjectMethodExecutor executor, Object controller, Object[] arguments)
   at Microsoft.AspNetCore.Mvc.Infrastructure.ControllerActionInvoker.<InvokeActionMethodAsync>g__Awaited|12_0(ControllerActionInvoker invoker, ValueTask`1 actionResultValueTask)
   at Microsoft.AspNetCore.Mvc.Infrastructure.ControllerActionInvoker.<InvokeNextActionFilterAsync>g__Awaited|10_0(ControllerActionInvoker invoker, Task lastTask, State next, Scope scope, Object state, Boolean isCompleted)
   at Microsoft.AspNetCore.Mvc.Infrastructure.ControllerActionInvoker.Rethrow(ActionExecutedContextSealed context)
   at Microsoft.AspNetCore.Mvc.Infrastructure.ControllerActionInvoker.Next(State& next, Scope& scope, Object& state, Boolean& isCompleted)
   at Microsoft.AspNetCore.Mvc.Infrastructure.ControllerActionInvoker.<InvokeInnerFilterAsync>g__Awaited|13_0(ControllerActionInvoker invoker, Task lastTask, State next, Scope scope, Object state, Boolean isCompleted)
   at Microsoft.AspNetCore.Mvc.Infrastructure.ResourceInvoker.<InvokeFilterPipelineAsync>g__Awaited|20_0(ResourceInvoker invoker, Task lastTask, State next, Scope scope, Object state, Boolean isCompleted)
   at Microsoft.AspNetCore.Mvc.Infrastructure.ResourceInvoker.<InvokeAsync>g__Logged|17_1(ResourceInvoker invoker)
   at Microsoft.AspNetCore.Mvc.Infrastructure.ResourceInvoker.<InvokeAsync>g__Logged|17_1(ResourceInvoker invoker)
   at Microsoft.AspNetCore.Routing.EndpointMiddleware.<Invoke>g__AwaitRequestTask|7_0(Endpoint endpoint, Task requestTask, ILogger logger)
   at Microsoft.AspNetCore.Diagnostics.ExceptionHandlerMiddlewareImpl.<Invoke>g__Awaited|10_0(ExceptionHandlerMiddlewareImpl middleware, HttpContext context, Task task)
2026-08-28 21:02:35.9375|Info|Microsoft.AspNetCore.Hosting.Diagnostics|CorrelationId=|Request finished HTTP/1.1 POST http://localhost:5176/api/v1/Auth/login - 500 - application/json;+charset=utf-8 123.2524ms 
2026-08-28 21:03:35.0540|Info|Microsoft.AspNetCore.Hosting.Diagnostics|CorrelationId=|Request starting HTTP/1.1 POST http://localhost:5176/api/v1/Auth/login - application/json 59 
2026-08-28 21:03:35.0540|Info|Microsoft.AspNetCore.Cors.Infrastructure.CorsService|CorrelationId=14b36cf3-edc6-434d-b00e-58081b60aefd|CORS policy execution successful. 
2026-08-28 21:03:35.0540|Info|Microsoft.AspNetCore.Routing.EndpointMiddleware|CorrelationId=14b36cf3-edc6-434d-b00e-58081b60aefd|Executing endpoint 'SmartLoan.Api.Controllers.AuthController.Login (SmartLoan.Api)' 
2026-08-28 21:03:35.0540|Info|Microsoft.AspNetCore.Mvc.Infrastructure.ControllerActionInvoker|CorrelationId=14b36cf3-edc6-434d-b00e-58081b60aefd|Route matched with {action = "Login", controller = "Auth"}. Executing controller action with signature System.Threading.Tasks.Task`1[Microsoft.AspNetCore.Mvc.ActionResult`1[SmartLoan.Application.Users.LoginResponse]] Login(SmartLoan.Application.Users.LoginCommand) on controller SmartLoan.Api.Controllers.AuthController (SmartLoan.Api). 
2026-08-28 21:03:35.0616|Info|SmartLoan.Application.Common.Behaviors.LoggingBehavior|CorrelationId=14b36cf3-edc6-434d-b00e-58081b60aefd|smartloan Request:LoginCommand starting... 
2026-08-28 21:03:35.0616|Info|Microsoft.EntityFrameworkCore.Database.Command|CorrelationId=14b36cf3-edc6-434d-b00e-58081b60aefd|Executed DbCommand (2ms) [Parameters=[@request_Email='?'], CommandType='Text', CommandTimeout='30']
SELECT u."Id", u."Email", u."FullName", u."PasswordHash", u."RefreshToken", u."RefreshTokenExpiryTime", u."Role"
FROM "Users" AS u
WHERE u."Email" = @request_Email
LIMIT 1 
2026-08-28 21:03:35.3175|Info|Microsoft.EntityFrameworkCore.Database.Command|CorrelationId=14b36cf3-edc6-434d-b00e-58081b60aefd|Executed DbCommand (7ms) [Parameters=[@p2='?' (DbType = Int32), @p0='?', @p1='?' (DbType = DateTime)], CommandType='Text', CommandTimeout='30']
UPDATE "Users" SET "RefreshToken" = @p0, "RefreshTokenExpiryTime" = @p1
WHERE "Id" = @p2; 
2026-08-28 21:03:35.3175|Info|SmartLoan.Application.Common.Behaviors.LoggingBehavior|CorrelationId=14b36cf3-edc6-434d-b00e-58081b60aefd|Smarloan Request:LoginCommand finished in 256ms 
2026-08-28 21:03:35.3175|Info|Microsoft.AspNetCore.Mvc.Infrastructure.ObjectResultExecutor|CorrelationId=14b36cf3-edc6-434d-b00e-58081b60aefd|Executing OkObjectResult, writing value of type 'SmartLoan.Application.Users.LoginResponse'. 
2026-08-28 21:03:35.3175|Info|Microsoft.AspNetCore.Mvc.Infrastructure.ControllerActionInvoker|CorrelationId=14b36cf3-edc6-434d-b00e-58081b60aefd|Executed action SmartLoan.Api.Controllers.AuthController.Login (SmartLoan.Api) in 259.7533ms 
2026-08-28 21:03:35.3175|Info|Microsoft.AspNetCore.Routing.EndpointMiddleware|CorrelationId=14b36cf3-edc6-434d-b00e-58081b60aefd|Executed endpoint 'SmartLoan.Api.Controllers.AuthController.Login (SmartLoan.Api)' 
2026-08-28 21:03:35.3175|Info|Microsoft.AspNetCore.Hosting.Diagnostics|CorrelationId=|Request finished HTTP/1.1 POST http://localhost:5176/api/v1/Auth/login - 200 - application/json;+charset=utf-8 265.3825ms 
2026-08-28 21:04:42.8933|Info|Microsoft.AspNetCore.Hosting.Diagnostics|CorrelationId=|Request starting HTTP/1.1 POST http://localhost:5176/api/v1/Loan - application/json 43 
2026-08-28 21:04:42.8933|Info|Microsoft.AspNetCore.Cors.Infrastructure.CorsService|CorrelationId=cb02e299-a95e-4ab1-a16a-c492940b2553|CORS policy execution successful. 
2026-08-28 21:04:42.8933|Info|Microsoft.AspNetCore.Routing.EndpointMiddleware|CorrelationId=cb02e299-a95e-4ab1-a16a-c492940b2553|Executing endpoint 'SmartLoan.Api.Controllers.LoanController.Submit (SmartLoan.Api)' 
2026-08-28 21:04:42.9191|Info|Microsoft.AspNetCore.Mvc.Infrastructure.ControllerActionInvoker|CorrelationId=cb02e299-a95e-4ab1-a16a-c492940b2553|Route matched with {action = "Submit", controller = "Loan"}. Executing controller action with signature System.Threading.Tasks.Task`1[Microsoft.AspNetCore.Mvc.IActionResult] Submit(SmartLoan.Application.Loans.Commands.SubmitLoan.SubmitLoanCommand) on controller SmartLoan.Api.Controllers.LoanController (SmartLoan.Api). 
2026-08-28 21:04:42.9297|Info|SmartLoan.Application.Common.Behaviors.LoggingBehavior|CorrelationId=cb02e299-a95e-4ab1-a16a-c492940b2553|smartloan Request:SubmitLoanCommand starting... 
2026-08-28 21:04:43.0452|Info|Microsoft.EntityFrameworkCore.Database.Command|CorrelationId=cb02e299-a95e-4ab1-a16a-c492940b2553|Executed DbCommand (26ms) [Parameters=[@p0='?' (DbType = DateTime), @p1='?' (DbType = Int32), @p2='?' (DbType = Decimal), @p3='?' (DbType = Int32), @p4='?' (DbType = Boolean), @p5='?' (DbType = Decimal), @p6='?' (DbType = Decimal), @p7='?', @p8='?' (DbType = Int32)], CommandType='Text', CommandTimeout='30']
INSERT INTO "LoanApplications" ("CreatedAt", "CustomerId", "DailyAmount", "EligibilityDays", "IsDeleted", "LoanAmount", "ServiceFee", "Status", "TotalDays")
VALUES (@p0, @p1, @p2, @p3, @p4, @p5, @p6, @p7, @p8)
RETURNING "Id"; 
2026-08-28 21:04:43.0452|Info|SmartLoan.Application.Common.Behaviors.LoggingBehavior|CorrelationId=cb02e299-a95e-4ab1-a16a-c492940b2553|Smarloan Request:SubmitLoanCommand finished in 119ms 
2026-08-28 21:04:43.0452|Info|Microsoft.AspNetCore.Mvc.Infrastructure.ObjectResultExecutor|CorrelationId=cb02e299-a95e-4ab1-a16a-c492940b2553|Executing CreatedAtActionResult, writing value of type 'System.Int32'. 
2026-08-28 21:04:43.0809|Info|Microsoft.AspNetCore.Mvc.Infrastructure.ControllerActionInvoker|CorrelationId=cb02e299-a95e-4ab1-a16a-c492940b2553|Executed action SmartLoan.Api.Controllers.LoanController.Submit (SmartLoan.Api) in 161.4559ms 
2026-08-28 21:04:43.0809|Info|Microsoft.AspNetCore.Routing.EndpointMiddleware|CorrelationId=cb02e299-a95e-4ab1-a16a-c492940b2553|Executed endpoint 'SmartLoan.Api.Controllers.LoanController.Submit (SmartLoan.Api)' 
2026-08-28 21:04:43.0809|Info|Microsoft.AspNetCore.Hosting.Diagnostics|CorrelationId=|Request finished HTTP/1.1 POST http://localhost:5176/api/v1/Loan - 201 - application/json;+charset=utf-8 188.1056ms 
2026-08-28 21:06:11.1964|Info|Microsoft.AspNetCore.Hosting.Diagnostics|CorrelationId=|Request starting HTTP/1.1 POST http://localhost:5176/api/v1/Loan/32/reject - application/json 0 
2026-08-28 21:06:11.2129|Info|Microsoft.AspNetCore.Cors.Infrastructure.CorsService|CorrelationId=21b09bd8-b35d-4349-ba5c-5da634021e50|CORS policy execution successful. 
2026-08-28 21:06:11.2129|Info|Microsoft.AspNetCore.Routing.EndpointMiddleware|CorrelationId=21b09bd8-b35d-4349-ba5c-5da634021e50|Executing endpoint 'SmartLoan.Api.Controllers.LoanController.Reject (SmartLoan.Api)' 
2026-08-28 21:06:11.2313|Info|Microsoft.AspNetCore.Mvc.Infrastructure.ControllerActionInvoker|CorrelationId=21b09bd8-b35d-4349-ba5c-5da634021e50|Route matched with {action = "Reject", controller = "Loan"}. Executing controller action with signature System.Threading.Tasks.Task`1[Microsoft.AspNetCore.Mvc.IActionResult] Reject(Int32, System.String) on controller SmartLoan.Api.Controllers.LoanController (SmartLoan.Api). 
2026-08-28 21:06:11.2380|Info|Microsoft.AspNetCore.Mvc.Infrastructure.ObjectResultExecutor|CorrelationId=21b09bd8-b35d-4349-ba5c-5da634021e50|Executing BadRequestObjectResult, writing value of type 'Microsoft.AspNetCore.Mvc.ValidationProblemDetails'. 
2026-08-28 21:06:11.2548|Info|Microsoft.AspNetCore.Mvc.Infrastructure.ControllerActionInvoker|CorrelationId=21b09bd8-b35d-4349-ba5c-5da634021e50|Executed action SmartLoan.Api.Controllers.LoanController.Reject (SmartLoan.Api) in 23.1385ms 
2026-08-28 21:06:11.2548|Info|Microsoft.AspNetCore.Routing.EndpointMiddleware|CorrelationId=21b09bd8-b35d-4349-ba5c-5da634021e50|Executed endpoint 'SmartLoan.Api.Controllers.LoanController.Reject (SmartLoan.Api)' 
2026-08-28 21:06:11.2548|Info|Microsoft.AspNetCore.Hosting.Diagnostics|CorrelationId=|Request finished HTTP/1.1 POST http://localhost:5176/api/v1/Loan/32/reject - 400 - application/problem+json;+charset=utf-8 58.7200ms 
2026-08-28 21:07:32.8184|Info|Microsoft.AspNetCore.Hosting.Diagnostics|CorrelationId=|Request starting HTTP/1.1 POST http://localhost:5176/api/v1/Loan/32/reject - application/json 9 
2026-08-28 21:07:32.8184|Info|Microsoft.AspNetCore.Cors.Infrastructure.CorsService|CorrelationId=b9480bec-02bd-40b4-bc7f-0232e462cc15|CORS policy execution successful. 
2026-08-28 21:07:32.8184|Info|Microsoft.AspNetCore.Routing.EndpointMiddleware|CorrelationId=b9480bec-02bd-40b4-bc7f-0232e462cc15|Executing endpoint 'SmartLoan.Api.Controllers.LoanController.Reject (SmartLoan.Api)' 
2026-08-28 21:07:32.8184|Info|Microsoft.AspNetCore.Mvc.Infrastructure.ControllerActionInvoker|CorrelationId=b9480bec-02bd-40b4-bc7f-0232e462cc15|Route matched with {action = "Reject", controller = "Loan"}. Executing controller action with signature System.Threading.Tasks.Task`1[Microsoft.AspNetCore.Mvc.IActionResult] Reject(Int32, System.String) on controller SmartLoan.Api.Controllers.LoanController (SmartLoan.Api). 
2026-08-28 21:07:32.8328|Info|Microsoft.AspNetCore.Mvc.Infrastructure.ObjectResultExecutor|CorrelationId=b9480bec-02bd-40b4-bc7f-0232e462cc15|Executing BadRequestObjectResult, writing value of type 'Microsoft.AspNetCore.Mvc.ValidationProblemDetails'. 
2026-08-28 21:07:32.8328|Info|Microsoft.AspNetCore.Mvc.Infrastructure.ControllerActionInvoker|CorrelationId=b9480bec-02bd-40b4-bc7f-0232e462cc15|Executed action SmartLoan.Api.Controllers.LoanController.Reject (SmartLoan.Api) in 12.2603ms 
2026-08-28 21:07:32.8328|Info|Microsoft.AspNetCore.Routing.EndpointMiddleware|CorrelationId=b9480bec-02bd-40b4-bc7f-0232e462cc15|Executed endpoint 'SmartLoan.Api.Controllers.LoanController.Reject (SmartLoan.Api)' 
2026-08-28 21:07:32.8328|Info|Microsoft.AspNetCore.Hosting.Diagnostics|CorrelationId=|Request finished HTTP/1.1 POST http://localhost:5176/api/v1/Loan/32/reject - 400 - application/problem+json;+charset=utf-8 14.9909ms 
2026-08-28 21:09:04.1107|Info|Microsoft.AspNetCore.Hosting.Diagnostics|CorrelationId=|Request starting HTTP/1.1 GET http://localhost:5176/api/v1/Dashboard - - - 
2026-08-28 21:09:04.1107|Info|Microsoft.AspNetCore.Routing.EndpointMiddleware|CorrelationId=261f4531-f0ae-49e2-9483-22f6c81abacc|Executing endpoint 'SmartLoan.Api.Controllers.DashboardController.GetStats (SmartLoan.Api)' 
2026-08-28 21:09:04.1334|Info|Microsoft.AspNetCore.Mvc.Infrastructure.ControllerActionInvoker|CorrelationId=261f4531-f0ae-49e2-9483-22f6c81abacc|Route matched with {action = "GetStats", controller = "Dashboard"}. Executing controller action with signature System.Threading.Tasks.Task`1[Microsoft.AspNetCore.Mvc.ActionResult`1[SmartLoan.Application.Dashboard.Queries.AdminDashboardDto]] GetStats() on controller SmartLoan.Api.Controllers.DashboardController (SmartLoan.Api). 
2026-08-28 21:09:04.1334|Info|SmartLoan.Application.Common.Behaviors.LoggingBehavior|CorrelationId=261f4531-f0ae-49e2-9483-22f6c81abacc|smartloan Request:GetAdminDashboardQuery starting... 
2026-08-28 21:09:04.1740|Info|SmartLoan.Application.Dashboard.Queries.GetAdminDashboardHandler|CorrelationId=261f4531-f0ae-49e2-9483-22f6c81abacc|--- CACHE MISS: Fetching fresh data from PostgreSQL --- 
2026-08-28 21:09:04.4332|Info|Microsoft.EntityFrameworkCore.Database.Command|CorrelationId=261f4531-f0ae-49e2-9483-22f6c81abacc|Executed DbCommand (10ms) [Parameters=[], CommandType='Text', CommandTimeout='30']
SELECT count(*)::int
FROM "Customers" AS c
WHERE NOT (c."IsDeleted") 
2026-08-28 21:09:04.4492|Info|Microsoft.EntityFrameworkCore.Database.Command|CorrelationId=261f4531-f0ae-49e2-9483-22f6c81abacc|Executed DbCommand (5ms) [Parameters=[], CommandType='Text', CommandTimeout='30']
SELECT count(*)::int
FROM "LoanApplications" AS l
WHERE NOT (l."IsDeleted") AND l."Status" = 'Saving' 
2026-08-28 21:09:04.4742|Info|Microsoft.EntityFrameworkCore.Database.Command|CorrelationId=261f4531-f0ae-49e2-9483-22f6c81abacc|Executed DbCommand (8ms) [Parameters=[], CommandType='Text', CommandTimeout='30']
SELECT COALESCE(sum(p."Amount"), 0.0)
FROM "Payments" AS p 
2026-08-28 21:09:04.4892|Info|Microsoft.EntityFrameworkCore.Database.Command|CorrelationId=261f4531-f0ae-49e2-9483-22f6c81abacc|Executed DbCommand (1ms) [Parameters=[], CommandType='Text', CommandTimeout='30']
SELECT COALESCE(sum(l."ServiceFee"), 0.0)
FROM "LoanApplications" AS l
WHERE NOT (l."IsDeleted") 
2026-08-28 21:09:04.5122|Info|SmartLoan.Application.Common.Behaviors.LoggingBehavior|CorrelationId=261f4531-f0ae-49e2-9483-22f6c81abacc|Smarloan Request:GetAdminDashboardQuery finished in 374ms 
2026-08-28 21:09:04.5128|Info|Microsoft.AspNetCore.Mvc.Infrastructure.ObjectResultExecutor|CorrelationId=261f4531-f0ae-49e2-9483-22f6c81abacc|Executing ObjectResult, writing value of type 'SmartLoan.Application.Dashboard.Queries.AdminDashboardDto'. 
2026-08-28 21:09:04.5128|Info|Microsoft.AspNetCore.Mvc.Infrastructure.ControllerActionInvoker|CorrelationId=261f4531-f0ae-49e2-9483-22f6c81abacc|Executed action SmartLoan.Api.Controllers.DashboardController.GetStats (SmartLoan.Api) in 379.4678ms 
2026-08-28 21:09:04.5128|Info|Microsoft.AspNetCore.Routing.EndpointMiddleware|CorrelationId=261f4531-f0ae-49e2-9483-22f6c81abacc|Executed endpoint 'SmartLoan.Api.Controllers.DashboardController.GetStats (SmartLoan.Api)' 
2026-08-28 21:09:04.5128|Info|Microsoft.AspNetCore.Hosting.Diagnostics|CorrelationId=|Request finished HTTP/1.1 GET http://localhost:5176/api/v1/Dashboard - 200 - application/json;+charset=utf-8 403.0981ms 
2026-08-28 21:09:15.6392|Info|Microsoft.AspNetCore.Hosting.Diagnostics|CorrelationId=|Request starting HTTP/1.1 GET http://localhost:5176/api/v1/Dashboard/summary - - - 
2026-08-28 21:09:15.6392|Info|Microsoft.AspNetCore.Routing.EndpointMiddleware|CorrelationId=5ce4f9ed-9275-4fc1-9cef-531262ae1fbd|Executing endpoint 'SmartLoan.Api.Controllers.DashboardController.GetSummary (SmartLoan.Api)' 
2026-08-28 21:09:15.6558|Info|Microsoft.AspNetCore.Mvc.Infrastructure.ControllerActionInvoker|CorrelationId=5ce4f9ed-9275-4fc1-9cef-531262ae1fbd|Route matched with {action = "GetSummary", controller = "Dashboard"}. Executing controller action with signature System.Threading.Tasks.Task`1[Microsoft.AspNetCore.Mvc.ActionResult`1[SmartLoan.Application.Dashboard.Queries.GetLoanSummary.LoanSummaryDto]] GetSummary() on controller SmartLoan.Api.Controllers.DashboardController (SmartLoan.Api). 
2026-08-28 21:09:15.6558|Info|SmartLoan.Application.Common.Behaviors.LoggingBehavior|CorrelationId=5ce4f9ed-9275-4fc1-9cef-531262ae1fbd|smartloan Request:GetLoansummatyQuery starting... 
2026-08-28 21:09:15.6558|Info|Microsoft.EntityFrameworkCore.Database.Command|CorrelationId=5ce4f9ed-9275-4fc1-9cef-531262ae1fbd|Executed DbCommand (1ms) [Parameters=[], CommandType='Text', CommandTimeout='30']
SELECT COALESCE(sum(p."Amount"), 0.0)
FROM "Payments" AS p 
2026-08-28 21:09:15.6779|Info|Microsoft.EntityFrameworkCore.Database.Command|CorrelationId=5ce4f9ed-9275-4fc1-9cef-531262ae1fbd|Executed DbCommand (1ms) [Parameters=[], CommandType='Text', CommandTimeout='30']
SELECT COALESCE(sum(l."ServiceFee"), 0.0)
FROM "LoanApplications" AS l
WHERE NOT (l."IsDeleted") AND l."Status" = 'Approved' 
2026-08-28 21:09:15.6779|Info|Microsoft.EntityFrameworkCore.Database.Command|CorrelationId=5ce4f9ed-9275-4fc1-9cef-531262ae1fbd|Executed DbCommand (0ms) [Parameters=[], CommandType='Text', CommandTimeout='30']
SELECT count(*)::int
FROM "LoanApplications" AS l
WHERE NOT (l."IsDeleted") AND l."Status" = 'Saving' 
2026-08-28 21:09:15.6779|Info|Microsoft.EntityFrameworkCore.Database.Command|CorrelationId=5ce4f9ed-9275-4fc1-9cef-531262ae1fbd|Executed DbCommand (1ms) [Parameters=[], CommandType='Text', CommandTimeout='30']
SELECT count(*)::int
FROM "LoanApplications" AS l
WHERE NOT (l."IsDeleted") AND l."Status" = 'Approved' 
2026-08-28 21:09:15.6779|Info|SmartLoan.Application.Common.Behaviors.LoggingBehavior|CorrelationId=5ce4f9ed-9275-4fc1-9cef-531262ae1fbd|Smarloan Request:GetLoansummatyQuery finished in 23ms 
2026-08-28 21:09:15.6854|Info|Microsoft.AspNetCore.Mvc.Infrastructure.ObjectResultExecutor|CorrelationId=5ce4f9ed-9275-4fc1-9cef-531262ae1fbd|Executing ObjectResult, writing value of type 'SmartLoan.Application.Dashboard.Queries.GetLoanSummary.LoanSummaryDto'. 
2026-08-28 21:09:15.6854|Info|Microsoft.AspNetCore.Mvc.Infrastructure.ControllerActionInvoker|CorrelationId=5ce4f9ed-9275-4fc1-9cef-531262ae1fbd|Executed action SmartLoan.Api.Controllers.DashboardController.GetSummary (SmartLoan.Api) in 29.5539ms 
2026-08-28 21:09:15.6854|Info|Microsoft.AspNetCore.Routing.EndpointMiddleware|CorrelationId=5ce4f9ed-9275-4fc1-9cef-531262ae1fbd|Executed endpoint 'SmartLoan.Api.Controllers.DashboardController.GetSummary (SmartLoan.Api)' 
2026-08-28 21:09:15.6854|Info|Microsoft.AspNetCore.Hosting.Diagnostics|CorrelationId=|Request finished HTTP/1.1 GET http://localhost:5176/api/v1/Dashboard/summary - 200 - application/json;+charset=utf-8 47.0610ms 
2026-08-28 21:15:08.3247|Info|Microsoft.AspNetCore.Hosting.Diagnostics|CorrelationId=|Request starting HTTP/1.1 POST http://localhost:5176/api/v1/Loan/4/approve - - 0 
2026-08-28 21:15:08.3257|Info|Microsoft.AspNetCore.Cors.Infrastructure.CorsService|CorrelationId=bc539f7c-b635-480f-8a5d-47e206e2e3dd|CORS policy execution successful. 
2026-08-28 21:15:08.3257|Info|Microsoft.AspNetCore.Routing.EndpointMiddleware|CorrelationId=bc539f7c-b635-480f-8a5d-47e206e2e3dd|Executing endpoint 'SmartLoan.Api.Controllers.LoanController.Approve (SmartLoan.Api)' 
2026-08-28 21:15:08.3257|Info|Microsoft.AspNetCore.Mvc.Infrastructure.ControllerActionInvoker|CorrelationId=bc539f7c-b635-480f-8a5d-47e206e2e3dd|Route matched with {action = "Approve", controller = "Loan"}. Executing controller action with signature System.Threading.Tasks.Task`1[Microsoft.AspNetCore.Mvc.IActionResult] Approve(Int32) on controller SmartLoan.Api.Controllers.LoanController (SmartLoan.Api). 
2026-08-28 21:15:08.3257|Info|SmartLoan.Application.Common.Behaviors.LoggingBehavior|CorrelationId=bc539f7c-b635-480f-8a5d-47e206e2e3dd|smartloan Request:ApproveLoanCammand starting... 
2026-08-28 21:15:08.6108|Info|Microsoft.EntityFrameworkCore.Database.Command|CorrelationId=bc539f7c-b635-480f-8a5d-47e206e2e3dd|Executed DbCommand (7ms) [Parameters=[@request_LoanId='?' (DbType = Int32)], CommandType='Text', CommandTimeout='30']
SELECT l0."Id", l0."CreatedAt", l0."CustomerId", l0."DailyAmount", l0."EligibilityDays", l0."IsDeleted", l0."LoanAmount", l0."ServiceFee", l0."Status", l0."TotalDays", p."Id", p."Amount", p."LoanApplicationId", p."PaymentDate"
FROM (
    SELECT l."Id", l."CreatedAt", l."CustomerId", l."DailyAmount", l."EligibilityDays", l."IsDeleted", l."LoanAmount", l."ServiceFee", l."Status", l."TotalDays"
    FROM "LoanApplications" AS l
    WHERE NOT (l."IsDeleted") AND l."Id" = @request_LoanId
    LIMIT 1
) AS l0
LEFT JOIN "Payments" AS p ON l0."Id" = p."LoanApplicationId"
ORDER BY l0."Id" 
2026-08-28 21:15:08.6108|Info|Microsoft.AspNetCore.Mvc.Infrastructure.ControllerActionInvoker|CorrelationId=bc539f7c-b635-480f-8a5d-47e206e2e3dd|Executed action SmartLoan.Api.Controllers.LoanController.Approve (SmartLoan.Api) in 284.8798ms 
2026-08-28 21:15:08.6108|Info|Microsoft.AspNetCore.Routing.EndpointMiddleware|CorrelationId=bc539f7c-b635-480f-8a5d-47e206e2e3dd|Executed endpoint 'SmartLoan.Api.Controllers.LoanController.Approve (SmartLoan.Api)' 
2026-08-28 21:15:08.6108|Error|SmartLoan.Api.Middleware.GlobalExeptionHandle|CorrelationId=bc539f7c-b635-480f-8a5d-47e206e2e3dd|an error occurred:Attempted to divide by zero. System.DivideByZeroException: Attempted to divide by zero.
   at System.Decimal.DecCalc.VarDecDiv(DecCalc& d1, DecCalc& d2)
   at System.Decimal.op_Division(Decimal d1, Decimal d2)
   at SmartLoan.Application.Loans.ApproveLoanHandler.Handle(ApproveLoanCammand request, CancellationToken cancellationToken) in D:\isaac\educational purpose only\.net\kyas pro\SmartLoanTracker\SmartLoan.Application\Loans\Commands\ApproveLoan\ApproveLoanHandler.cs:line 17
   at SmartLoan.Application.Common.Behaviors.ValidationBehavior`2.Handle(TRequest request, RequestHandlerDelegate`1 next, CancellationToken cancellationToken) in D:\isaac\educational purpose only\.net\kyas pro\SmartLoanTracker\SmartLoan.Application\Common\Behaviors\ValidationBehavior.cs:line 31
   at SmartLoan.Application.Common.Behaviors.LoggingBehavior`2.Handle(TRequest request, RequestHandlerDelegate`1 next, CancellationToken cancellationToken) in D:\isaac\educational purpose only\.net\kyas pro\SmartLoanTracker\SmartLoan.Application\Common\Behaviors\LoggingBehavior.cs:line 14
   at SmartLoan.Api.Controllers.LoanController.Approve(Int32 id) in D:\isaac\educational purpose only\.net\kyas pro\SmartLoanTracker\smartloan.api\Controllers\LoanController.cs:line 47
   at Microsoft.AspNetCore.Mvc.Infrastructure.ActionMethodExecutor.TaskOfIActionResultExecutor.Execute(ActionContext actionContext, IActionResultTypeMapper mapper, ObjectMethodExecutor executor, Object controller, Object[] arguments)
   at Microsoft.AspNetCore.Mvc.Infrastructure.ControllerActionInvoker.<InvokeActionMethodAsync>g__Awaited|12_0(ControllerActionInvoker invoker, ValueTask`1 actionResultValueTask)
   at Microsoft.AspNetCore.Mvc.Infrastructure.ControllerActionInvoker.<InvokeNextActionFilterAsync>g__Awaited|10_0(ControllerActionInvoker invoker, Task lastTask, State next, Scope scope, Object state, Boolean isCompleted)
   at Microsoft.AspNetCore.Mvc.Infrastructure.ControllerActionInvoker.Rethrow(ActionExecutedContextSealed context)
   at Microsoft.AspNetCore.Mvc.Infrastructure.ControllerActionInvoker.Next(State& next, Scope& scope, Object& state, Boolean& isCompleted)
   at Microsoft.AspNetCore.Mvc.Infrastructure.ControllerActionInvoker.<InvokeInnerFilterAsync>g__Awaited|13_0(ControllerActionInvoker invoker, Task lastTask, State next, Scope scope, Object state, Boolean isCompleted)
   at Microsoft.AspNetCore.Mvc.Infrastructure.ResourceInvoker.<InvokeFilterPipelineAsync>g__Awaited|20_0(ResourceInvoker invoker, Task lastTask, State next, Scope scope, Object state, Boolean isCompleted)
   at Microsoft.AspNetCore.Mvc.Infrastructure.ResourceInvoker.<InvokeAsync>g__Logged|17_1(ResourceInvoker invoker)
   at Microsoft.AspNetCore.Mvc.Infrastructure.ResourceInvoker.<InvokeAsync>g__Logged|17_1(ResourceInvoker invoker)
   at Microsoft.AspNetCore.Routing.EndpointMiddleware.<Invoke>g__AwaitRequestTask|7_0(Endpoint endpoint, Task requestTask, ILogger logger)
   at Microsoft.AspNetCore.Diagnostics.ExceptionHandlerMiddlewareImpl.<Invoke>g__Awaited|10_0(ExceptionHandlerMiddlewareImpl middleware, HttpContext context, Task task)
2026-08-28 21:15:08.6108|Error|Microsoft.AspNetCore.Diagnostics.ExceptionHandlerMiddleware|CorrelationId=bc539f7c-b635-480f-8a5d-47e206e2e3dd|An exception was thrown attempting to execute the error handler. System.Runtime.CompilerServices.SwitchExpressionException: Non-exhaustive switch expression failed to match its input.
Unmatched value was System.DivideByZeroException: Attempted to divide by zero.
   at System.Decimal.DecCalc.VarDecDiv(DecCalc& d1, DecCalc& d2)
   at System.Decimal.op_Division(Decimal d1, Decimal d2)
   at SmartLoan.Application.Loans.ApproveLoanHandler.Handle(ApproveLoanCammand request, CancellationToken cancellationToken) in D:\isaac\educational purpose only\.net\kyas pro\SmartLoanTracker\SmartLoan.Application\Loans\Commands\ApproveLoan\ApproveLoanHandler.cs:line 17
   at SmartLoan.Application.Common.Behaviors.ValidationBehavior`2.Handle(TRequest request, RequestHandlerDelegate`1 next, CancellationToken cancellationToken) in D:\isaac\educational purpose only\.net\kyas pro\SmartLoanTracker\SmartLoan.Application\Common\Behaviors\ValidationBehavior.cs:line 31
   at SmartLoan.Application.Common.Behaviors.LoggingBehavior`2.Handle(TRequest request, RequestHandlerDelegate`1 next, CancellationToken cancellationToken) in D:\isaac\educational purpose only\.net\kyas pro\SmartLoanTracker\SmartLoan.Application\Common\Behaviors\LoggingBehavior.cs:line 14
   at SmartLoan.Api.Controllers.LoanController.Approve(Int32 id) in D:\isaac\educational purpose only\.net\kyas pro\SmartLoanTracker\smartloan.api\Controllers\LoanController.cs:line 47
   at Microsoft.AspNetCore.Mvc.Infrastructure.ActionMethodExecutor.TaskOfIActionResultExecutor.Execute(ActionContext actionContext, IActionResultTypeMapper mapper, ObjectMethodExecutor executor, Object controller, Object[] arguments)
   at Microsoft.AspNetCore.Mvc.Infrastructure.ControllerActionInvoker.<InvokeActionMethodAsync>g__Awaited|12_0(ControllerActionInvoker invoker, ValueTask`1 actionResultValueTask)
   at Microsoft.AspNetCore.Mvc.Infrastructure.ControllerActionInvoker.<InvokeNextActionFilterAsync>g__Awaited|10_0(ControllerActionInvoker invoker, Task lastTask, State next, Scope scope, Object state, Boolean isCompleted)
   at Microsoft.AspNetCore.Mvc.Infrastructure.ControllerActionInvoker.Rethrow(ActionExecutedContextSealed context)
   at Microsoft.AspNetCore.Mvc.Infrastructure.ControllerActionInvoker.Next(State& next, Scope& scope, Object& state, Boolean& isCompleted)
   at Microsoft.AspNetCore.Mvc.Infrastructure.ControllerActionInvoker.<InvokeInnerFilterAsync>g__Awaited|13_0(ControllerActionInvoker invoker, Task lastTask, State next, Scope scope, Object state, Boolean isCompleted)
   at Microsoft.AspNetCore.Mvc.Infrastructure.ResourceInvoker.<InvokeFilterPipelineAsync>g__Awaited|20_0(ResourceInvoker invoker, Task lastTask, State next, Scope scope, Object state, Boolean isCompleted)
   at Microsoft.AspNetCore.Mvc.Infrastructure.ResourceInvoker.<InvokeAsync>g__Logged|17_1(ResourceInvoker invoker)
   at Microsoft.AspNetCore.Mvc.Infrastructure.ResourceInvoker.<InvokeAsync>g__Logged|17_1(ResourceInvoker invoker)
   at Microsoft.AspNetCore.Routing.EndpointMiddleware.<Invoke>g__AwaitRequestTask|7_0(Endpoint endpoint, Task requestTask, ILogger logger)
   at Microsoft.AspNetCore.Diagnostics.ExceptionHandlerMiddlewareImpl.<Invoke>g__Awaited|10_0(ExceptionHandlerMiddlewareImpl middleware, HttpContext context, Task task).
   at <PrivateImplementationDetails>.ThrowSwitchExpressionException(Object unmatchedValue)
   at SmartLoan.Api.Middleware.GlobalExeptionHandle.TryHandleAsync(HttpContext httpContext, Exception exception, CancellationToken cancellationToken) in D:\isaac\educational purpose only\.net\kyas pro\SmartLoanTracker\smartloan.api\Middleware\GlobalExeptionHandle.cs:line 13
   at Microsoft.AspNetCore.Diagnostics.ExceptionHandlerMiddlewareImpl.HandleException(HttpContext context, ExceptionDispatchInfo edi)
2026-08-28 21:15:08.6245|Error|Microsoft.AspNetCore.Diagnostics.ExceptionHandlerMiddleware|CorrelationId=bc539f7c-b635-480f-8a5d-47e206e2e3dd|An unhandled exception has occurred while executing the request. System.DivideByZeroException: Attempted to divide by zero.
   at System.Decimal.DecCalc.VarDecDiv(DecCalc& d1, DecCalc& d2)
   at System.Decimal.op_Division(Decimal d1, Decimal d2)
   at SmartLoan.Application.Loans.ApproveLoanHandler.Handle(ApproveLoanCammand request, CancellationToken cancellationToken) in D:\isaac\educational purpose only\.net\kyas pro\SmartLoanTracker\SmartLoan.Application\Loans\Commands\ApproveLoan\ApproveLoanHandler.cs:line 17
   at SmartLoan.Application.Common.Behaviors.ValidationBehavior`2.Handle(TRequest request, RequestHandlerDelegate`1 next, CancellationToken cancellationToken) in D:\isaac\educational purpose only\.net\kyas pro\SmartLoanTracker\SmartLoan.Application\Common\Behaviors\ValidationBehavior.cs:line 31
   at SmartLoan.Application.Common.Behaviors.LoggingBehavior`2.Handle(TRequest request, RequestHandlerDelegate`1 next, CancellationToken cancellationToken) in D:\isaac\educational purpose only\.net\kyas pro\SmartLoanTracker\SmartLoan.Application\Common\Behaviors\LoggingBehavior.cs:line 14
   at SmartLoan.Api.Controllers.LoanController.Approve(Int32 id) in D:\isaac\educational purpose only\.net\kyas pro\SmartLoanTracker\smartloan.api\Controllers\LoanController.cs:line 47
   at Microsoft.AspNetCore.Mvc.Infrastructure.ActionMethodExecutor.TaskOfIActionResultExecutor.Execute(ActionContext actionContext, IActionResultTypeMapper mapper, ObjectMethodExecutor executor, Object controller, Object[] arguments)
   at Microsoft.AspNetCore.Mvc.Infrastructure.ControllerActionInvoker.<InvokeActionMethodAsync>g__Awaited|12_0(ControllerActionInvoker invoker, ValueTask`1 actionResultValueTask)
   at Microsoft.AspNetCore.Mvc.Infrastructure.ControllerActionInvoker.<InvokeNextActionFilterAsync>g__Awaited|10_0(ControllerActionInvoker invoker, Task lastTask, State next, Scope scope, Object state, Boolean isCompleted)
   at Microsoft.AspNetCore.Mvc.Infrastructure.ControllerActionInvoker.Rethrow(ActionExecutedContextSealed context)
   at Microsoft.AspNetCore.Mvc.Infrastructure.ControllerActionInvoker.Next(State& next, Scope& scope, Object& state, Boolean& isCompleted)
   at Microsoft.AspNetCore.Mvc.Infrastructure.ControllerActionInvoker.<InvokeInnerFilterAsync>g__Awaited|13_0(ControllerActionInvoker invoker, Task lastTask, State next, Scope scope, Object state, Boolean isCompleted)
   at Microsoft.AspNetCore.Mvc.Infrastructure.ResourceInvoker.<InvokeFilterPipelineAsync>g__Awaited|20_0(ResourceInvoker invoker, Task lastTask, State next, Scope scope, Object state, Boolean isCompleted)
   at Microsoft.AspNetCore.Mvc.Infrastructure.ResourceInvoker.<InvokeAsync>g__Logged|17_1(ResourceInvoker invoker)
   at Microsoft.AspNetCore.Mvc.Infrastructure.ResourceInvoker.<InvokeAsync>g__Logged|17_1(ResourceInvoker invoker)
   at Microsoft.AspNetCore.Routing.EndpointMiddleware.<Invoke>g__AwaitRequestTask|7_0(Endpoint endpoint, Task requestTask, ILogger logger)
   at Microsoft.AspNetCore.Diagnostics.ExceptionHandlerMiddlewareImpl.<Invoke>g__Awaited|10_0(ExceptionHandlerMiddlewareImpl middleware, HttpContext context, Task task)
2026-08-28 21:15:08.6245|Error|Microsoft.AspNetCore.Diagnostics.DeveloperExceptionPageMiddleware|CorrelationId=|An unhandled exception has occurred while executing the request. System.DivideByZeroException: Attempted to divide by zero.
   at System.Decimal.DecCalc.VarDecDiv(DecCalc& d1, DecCalc& d2)
   at System.Decimal.op_Division(Decimal d1, Decimal d2)
   at SmartLoan.Application.Loans.ApproveLoanHandler.Handle(ApproveLoanCammand request, CancellationToken cancellationToken) in D:\isaac\educational purpose only\.net\kyas pro\SmartLoanTracker\SmartLoan.Application\Loans\Commands\ApproveLoan\ApproveLoanHandler.cs:line 17
   at SmartLoan.Application.Common.Behaviors.ValidationBehavior`2.Handle(TRequest request, RequestHandlerDelegate`1 next, CancellationToken cancellationToken) in D:\isaac\educational purpose only\.net\kyas pro\SmartLoanTracker\SmartLoan.Application\Common\Behaviors\ValidationBehavior.cs:line 31
   at SmartLoan.Application.Common.Behaviors.LoggingBehavior`2.Handle(TRequest request, RequestHandlerDelegate`1 next, CancellationToken cancellationToken) in D:\isaac\educational purpose only\.net\kyas pro\SmartLoanTracker\SmartLoan.Application\Common\Behaviors\LoggingBehavior.cs:line 14
   at SmartLoan.Api.Controllers.LoanController.Approve(Int32 id) in D:\isaac\educational purpose only\.net\kyas pro\SmartLoanTracker\smartloan.api\Controllers\LoanController.cs:line 47
   at Microsoft.AspNetCore.Mvc.Infrastructure.ActionMethodExecutor.TaskOfIActionResultExecutor.Execute(ActionContext actionContext, IActionResultTypeMapper mapper, ObjectMethodExecutor executor, Object controller, Object[] arguments)
   at Microsoft.AspNetCore.Mvc.Infrastructure.ControllerActionInvoker.<InvokeActionMethodAsync>g__Awaited|12_0(ControllerActionInvoker invoker, ValueTask`1 actionResultValueTask)
   at Microsoft.AspNetCore.Mvc.Infrastructure.ControllerActionInvoker.<InvokeNextActionFilterAsync>g__Awaited|10_0(ControllerActionInvoker invoker, Task lastTask, State next, Scope scope, Object state, Boolean isCompleted)
   at Microsoft.AspNetCore.Mvc.Infrastructure.ControllerActionInvoker.Rethrow(ActionExecutedContextSealed context)
   at Microsoft.AspNetCore.Mvc.Infrastructure.ControllerActionInvoker.Next(State& next, Scope& scope, Object& state, Boolean& isCompleted)
   at Microsoft.AspNetCore.Mvc.Infrastructure.ControllerActionInvoker.<InvokeInnerFilterAsync>g__Awaited|13_0(ControllerActionInvoker invoker, Task lastTask, State next, Scope scope, Object state, Boolean isCompleted)
   at Microsoft.AspNetCore.Mvc.Infrastructure.ResourceInvoker.<InvokeFilterPipelineAsync>g__Awaited|20_0(ResourceInvoker invoker, Task lastTask, State next, Scope scope, Object state, Boolean isCompleted)
   at Microsoft.AspNetCore.Mvc.Infrastructure.ResourceInvoker.<InvokeAsync>g__Logged|17_1(ResourceInvoker invoker)
   at Microsoft.AspNetCore.Mvc.Infrastructure.ResourceInvoker.<InvokeAsync>g__Logged|17_1(ResourceInvoker invoker)
   at Microsoft.AspNetCore.Routing.EndpointMiddleware.<Invoke>g__AwaitRequestTask|7_0(Endpoint endpoint, Task requestTask, ILogger logger)
   at Microsoft.AspNetCore.Diagnostics.ExceptionHandlerMiddlewareImpl.<Invoke>g__Awaited|10_0(ExceptionHandlerMiddlewareImpl middleware, HttpContext context, Task task)
   at Microsoft.AspNetCore.Diagnostics.ExceptionHandlerMiddlewareImpl.HandleException(HttpContext context, ExceptionDispatchInfo edi)
   at Microsoft.AspNetCore.Diagnostics.ExceptionHandlerMiddlewareImpl.HandleException(HttpContext context, ExceptionDispatchInfo edi)
   at Microsoft.AspNetCore.Diagnostics.ExceptionHandlerMiddlewareImpl.<Invoke>g__Awaited|10_0(ExceptionHandlerMiddlewareImpl middleware, HttpContext context, Task task)
   at Microsoft.AspNetCore.Authorization.AuthorizationMiddleware.Invoke(HttpContext context)
   at Microsoft.AspNetCore.Authentication.AuthenticationMiddleware.Invoke(HttpContext context)
   at SmartLoan.Api.Middleware.SecurityHeadersMiddleware.InvokeAsync(HttpContext context) in D:\isaac\educational purpose only\.net\kyas pro\SmartLoanTracker\smartloan.api\Middleware\SecurityHeadersMiddleware.cs:line 23
   at SmartLoan.Api.Middleware.CorrelationIdMiddleware.InvokeAsync(HttpContext context) in D:\isaac\educational purpose only\.net\kyas pro\SmartLoanTracker\smartloan.api\Middleware\CorrelationIdMiddleware.cs:line 14
   at Microsoft.AspNetCore.Diagnostics.DeveloperExceptionPageMiddlewareImpl.Invoke(HttpContext context)
2026-08-28 21:15:08.6491|Info|Microsoft.AspNetCore.Hosting.Diagnostics|CorrelationId=|Request finished HTTP/1.1 POST http://localhost:5176/api/v1/Loan/4/approve - 500 - application/problem+json 324.4497ms 
2026-08-28 21:15:30.3372|Info|Microsoft.AspNetCore.Hosting.Diagnostics|CorrelationId=|Request starting HTTP/1.1 POST http://localhost:5176/api/v1/Loan/32/approve - - 0 
2026-08-28 21:15:30.3372|Info|Microsoft.AspNetCore.Cors.Infrastructure.CorsService|CorrelationId=02857002-5066-4be7-a88c-5e24f790ed51|CORS policy execution successful. 
2026-08-28 21:15:30.3372|Info|Microsoft.AspNetCore.Routing.EndpointMiddleware|CorrelationId=02857002-5066-4be7-a88c-5e24f790ed51|Executing endpoint 'SmartLoan.Api.Controllers.LoanController.Approve (SmartLoan.Api)' 
2026-08-28 21:15:30.3372|Info|Microsoft.AspNetCore.Mvc.Infrastructure.ControllerActionInvoker|CorrelationId=02857002-5066-4be7-a88c-5e24f790ed51|Route matched with {action = "Approve", controller = "Loan"}. Executing controller action with signature System.Threading.Tasks.Task`1[Microsoft.AspNetCore.Mvc.IActionResult] Approve(Int32) on controller SmartLoan.Api.Controllers.LoanController (SmartLoan.Api). 
2026-08-28 21:15:30.3372|Info|SmartLoan.Application.Common.Behaviors.LoggingBehavior|CorrelationId=02857002-5066-4be7-a88c-5e24f790ed51|smartloan Request:ApproveLoanCammand starting... 
2026-08-28 21:15:30.3429|Info|Microsoft.EntityFrameworkCore.Database.Command|CorrelationId=02857002-5066-4be7-a88c-5e24f790ed51|Executed DbCommand (1ms) [Parameters=[@request_LoanId='?' (DbType = Int32)], CommandType='Text', CommandTimeout='30']
SELECT l0."Id", l0."CreatedAt", l0."CustomerId", l0."DailyAmount", l0."EligibilityDays", l0."IsDeleted", l0."LoanAmount", l0."ServiceFee", l0."Status", l0."TotalDays", p."Id", p."Amount", p."LoanApplicationId", p."PaymentDate"
FROM (
    SELECT l."Id", l."CreatedAt", l."CustomerId", l."DailyAmount", l."EligibilityDays", l."IsDeleted", l."LoanAmount", l."ServiceFee", l."Status", l."TotalDays"
    FROM "LoanApplications" AS l
    WHERE NOT (l."IsDeleted") AND l."Id" = @request_LoanId
    LIMIT 1
) AS l0
LEFT JOIN "Payments" AS p ON l0."Id" = p."LoanApplicationId"
ORDER BY l0."Id" 
2026-08-28 21:15:30.3429|Info|Microsoft.AspNetCore.Mvc.Infrastructure.ControllerActionInvoker|CorrelationId=02857002-5066-4be7-a88c-5e24f790ed51|Executed action SmartLoan.Api.Controllers.LoanController.Approve (SmartLoan.Api) in 4.5741ms 
2026-08-28 21:15:30.3429|Info|Microsoft.AspNetCore.Routing.EndpointMiddleware|CorrelationId=02857002-5066-4be7-a88c-5e24f790ed51|Executed endpoint 'SmartLoan.Api.Controllers.LoanController.Approve (SmartLoan.Api)' 
2026-08-28 21:15:30.3429|Error|SmartLoan.Api.Middleware.GlobalExeptionHandle|CorrelationId=02857002-5066-4be7-a88c-5e24f790ed51|an error occurred:Customer is not eligible. They have only saved for 0 days. 45 days required. System.Exception: Customer is not eligible. They have only saved for 0 days. 45 days required.
   at SmartLoan.Application.Loans.ApproveLoanHandler.Handle(ApproveLoanCammand request, CancellationToken cancellationToken) in D:\isaac\educational purpose only\.net\kyas pro\SmartLoanTracker\SmartLoan.Application\Loans\Commands\ApproveLoan\ApproveLoanHandler.cs:line 21
   at SmartLoan.Application.Common.Behaviors.ValidationBehavior`2.Handle(TRequest request, RequestHandlerDelegate`1 next, CancellationToken cancellationToken) in D:\isaac\educational purpose only\.net\kyas pro\SmartLoanTracker\SmartLoan.Application\Common\Behaviors\ValidationBehavior.cs:line 31
   at SmartLoan.Application.Common.Behaviors.LoggingBehavior`2.Handle(TRequest request, RequestHandlerDelegate`1 next, CancellationToken cancellationToken) in D:\isaac\educational purpose only\.net\kyas pro\SmartLoanTracker\SmartLoan.Application\Common\Behaviors\LoggingBehavior.cs:line 14
   at SmartLoan.Api.Controllers.LoanController.Approve(Int32 id) in D:\isaac\educational purpose only\.net\kyas pro\SmartLoanTracker\smartloan.api\Controllers\LoanController.cs:line 47
   at Microsoft.AspNetCore.Mvc.Infrastructure.ActionMethodExecutor.TaskOfIActionResultExecutor.Execute(ActionContext actionContext, IActionResultTypeMapper mapper, ObjectMethodExecutor executor, Object controller, Object[] arguments)
   at Microsoft.AspNetCore.Mvc.Infrastructure.ControllerActionInvoker.<InvokeActionMethodAsync>g__Awaited|12_0(ControllerActionInvoker invoker, ValueTask`1 actionResultValueTask)
   at Microsoft.AspNetCore.Mvc.Infrastructure.ControllerActionInvoker.<InvokeNextActionFilterAsync>g__Awaited|10_0(ControllerActionInvoker invoker, Task lastTask, State next, Scope scope, Object state, Boolean isCompleted)
   at Microsoft.AspNetCore.Mvc.Infrastructure.ControllerActionInvoker.Rethrow(ActionExecutedContextSealed context)
   at Microsoft.AspNetCore.Mvc.Infrastructure.ControllerActionInvoker.Next(State& next, Scope& scope, Object& state, Boolean& isCompleted)
   at Microsoft.AspNetCore.Mvc.Infrastructure.ControllerActionInvoker.<InvokeInnerFilterAsync>g__Awaited|13_0(ControllerActionInvoker invoker, Task lastTask, State next, Scope scope, Object state, Boolean isCompleted)
   at Microsoft.AspNetCore.Mvc.Infrastructure.ResourceInvoker.<InvokeFilterPipelineAsync>g__Awaited|20_0(ResourceInvoker invoker, Task lastTask, State next, Scope scope, Object state, Boolean isCompleted)
   at Microsoft.AspNetCore.Mvc.Infrastructure.ResourceInvoker.<InvokeAsync>g__Logged|17_1(ResourceInvoker invoker)
   at Microsoft.AspNetCore.Mvc.Infrastructure.ResourceInvoker.<InvokeAsync>g__Logged|17_1(ResourceInvoker invoker)
   at Microsoft.AspNetCore.Routing.EndpointMiddleware.<Invoke>g__AwaitRequestTask|7_0(Endpoint endpoint, Task requestTask, ILogger logger)
   at Microsoft.AspNetCore.Diagnostics.ExceptionHandlerMiddlewareImpl.<Invoke>g__Awaited|10_0(ExceptionHandlerMiddlewareImpl middleware, HttpContext context, Task task)
2026-08-28 21:15:30.3429|Error|Microsoft.AspNetCore.Diagnostics.ExceptionHandlerMiddleware|CorrelationId=02857002-5066-4be7-a88c-5e24f790ed51|An exception was thrown attempting to execute the error handler. System.Runtime.CompilerServices.SwitchExpressionException: Non-exhaustive switch expression failed to match its input.
Unmatched value was System.Exception: Customer is not eligible. They have only saved for 0 days. 45 days required.
   at SmartLoan.Application.Loans.ApproveLoanHandler.Handle(ApproveLoanCammand request, CancellationToken cancellationToken) in D:\isaac\educational purpose only\.net\kyas pro\SmartLoanTracker\SmartLoan.Application\Loans\Commands\ApproveLoan\ApproveLoanHandler.cs:line 21
   at SmartLoan.Application.Common.Behaviors.ValidationBehavior`2.Handle(TRequest request, RequestHandlerDelegate`1 next, CancellationToken cancellationToken) in D:\isaac\educational purpose only\.net\kyas pro\SmartLoanTracker\SmartLoan.Application\Common\Behaviors\ValidationBehavior.cs:line 31
   at SmartLoan.Application.Common.Behaviors.LoggingBehavior`2.Handle(TRequest request, RequestHandlerDelegate`1 next, CancellationToken cancellationToken) in D:\isaac\educational purpose only\.net\kyas pro\SmartLoanTracker\SmartLoan.Application\Common\Behaviors\LoggingBehavior.cs:line 14
   at SmartLoan.Api.Controllers.LoanController.Approve(Int32 id) in D:\isaac\educational purpose only\.net\kyas pro\SmartLoanTracker\smartloan.api\Controllers\LoanController.cs:line 47
   at Microsoft.AspNetCore.Mvc.Infrastructure.ActionMethodExecutor.TaskOfIActionResultExecutor.Execute(ActionContext actionContext, IActionResultTypeMapper mapper, ObjectMethodExecutor executor, Object controller, Object[] arguments)
   at Microsoft.AspNetCore.Mvc.Infrastructure.ControllerActionInvoker.<InvokeActionMethodAsync>g__Awaited|12_0(ControllerActionInvoker invoker, ValueTask`1 actionResultValueTask)
   at Microsoft.AspNetCore.Mvc.Infrastructure.ControllerActionInvoker.<InvokeNextActionFilterAsync>g__Awaited|10_0(ControllerActionInvoker invoker, Task lastTask, State next, Scope scope, Object state, Boolean isCompleted)
   at Microsoft.AspNetCore.Mvc.Infrastructure.ControllerActionInvoker.Rethrow(ActionExecutedContextSealed context)
   at Microsoft.AspNetCore.Mvc.Infrastructure.ControllerActionInvoker.Next(State& next, Scope& scope, Object& state, Boolean& isCompleted)
   at Microsoft.AspNetCore.Mvc.Infrastructure.ControllerActionInvoker.<InvokeInnerFilterAsync>g__Awaited|13_0(ControllerActionInvoker invoker, Task lastTask, State next, Scope scope, Object state, Boolean isCompleted)
   at Microsoft.AspNetCore.Mvc.Infrastructure.ResourceInvoker.<InvokeFilterPipelineAsync>g__Awaited|20_0(ResourceInvoker invoker, Task lastTask, State next, Scope scope, Object state, Boolean isCompleted)
   at Microsoft.AspNetCore.Mvc.Infrastructure.ResourceInvoker.<InvokeAsync>g__Logged|17_1(ResourceInvoker invoker)
   at Microsoft.AspNetCore.Mvc.Infrastructure.ResourceInvoker.<InvokeAsync>g__Logged|17_1(ResourceInvoker invoker)
   at Microsoft.AspNetCore.Routing.EndpointMiddleware.<Invoke>g__AwaitRequestTask|7_0(Endpoint endpoint, Task requestTask, ILogger logger)
   at Microsoft.AspNetCore.Diagnostics.ExceptionHandlerMiddlewareImpl.<Invoke>g__Awaited|10_0(ExceptionHandlerMiddlewareImpl middleware, HttpContext context, Task task).
   at <PrivateImplementationDetails>.ThrowSwitchExpressionException(Object unmatchedValue)
   at SmartLoan.Api.Middleware.GlobalExeptionHandle.TryHandleAsync(HttpContext httpContext, Exception exception, CancellationToken cancellationToken) in D:\isaac\educational purpose only\.net\kyas pro\SmartLoanTracker\smartloan.api\Middleware\GlobalExeptionHandle.cs:line 13
   at Microsoft.AspNetCore.Diagnostics.ExceptionHandlerMiddlewareImpl.HandleException(HttpContext context, ExceptionDispatchInfo edi)
2026-08-28 21:15:30.3429|Error|Microsoft.AspNetCore.Diagnostics.ExceptionHandlerMiddleware|CorrelationId=02857002-5066-4be7-a88c-5e24f790ed51|An unhandled exception has occurred while executing the request. System.Exception: Customer is not eligible. They have only saved for 0 days. 45 days required.
   at SmartLoan.Application.Loans.ApproveLoanHandler.Handle(ApproveLoanCammand request, CancellationToken cancellationToken) in D:\isaac\educational purpose only\.net\kyas pro\SmartLoanTracker\SmartLoan.Application\Loans\Commands\ApproveLoan\ApproveLoanHandler.cs:line 21
   at SmartLoan.Application.Common.Behaviors.ValidationBehavior`2.Handle(TRequest request, RequestHandlerDelegate`1 next, CancellationToken cancellationToken) in D:\isaac\educational purpose only\.net\kyas pro\SmartLoanTracker\SmartLoan.Application\Common\Behaviors\ValidationBehavior.cs:line 31
   at SmartLoan.Application.Common.Behaviors.LoggingBehavior`2.Handle(TRequest request, RequestHandlerDelegate`1 next, CancellationToken cancellationToken) in D:\isaac\educational purpose only\.net\kyas pro\SmartLoanTracker\SmartLoan.Application\Common\Behaviors\LoggingBehavior.cs:line 14
   at SmartLoan.Api.Controllers.LoanController.Approve(Int32 id) in D:\isaac\educational purpose only\.net\kyas pro\SmartLoanTracker\smartloan.api\Controllers\LoanController.cs:line 47
   at Microsoft.AspNetCore.Mvc.Infrastructure.ActionMethodExecutor.TaskOfIActionResultExecutor.Execute(ActionContext actionContext, IActionResultTypeMapper mapper, ObjectMethodExecutor executor, Object controller, Object[] arguments)
   at Microsoft.AspNetCore.Mvc.Infrastructure.ControllerActionInvoker.<InvokeActionMethodAsync>g__Awaited|12_0(ControllerActionInvoker invoker, ValueTask`1 actionResultValueTask)
   at Microsoft.AspNetCore.Mvc.Infrastructure.ControllerActionInvoker.<InvokeNextActionFilterAsync>g__Awaited|10_0(ControllerActionInvoker invoker, Task lastTask, State next, Scope scope, Object state, Boolean isCompleted)
   at Microsoft.AspNetCore.Mvc.Infrastructure.ControllerActionInvoker.Rethrow(ActionExecutedContextSealed context)
   at Microsoft.AspNetCore.Mvc.Infrastructure.ControllerActionInvoker.Next(State& next, Scope& scope, Object& state, Boolean& isCompleted)
   at Microsoft.AspNetCore.Mvc.Infrastructure.ControllerActionInvoker.<InvokeInnerFilterAsync>g__Awaited|13_0(ControllerActionInvoker invoker, Task lastTask, State next, Scope scope, Object state, Boolean isCompleted)
   at Microsoft.AspNetCore.Mvc.Infrastructure.ResourceInvoker.<InvokeFilterPipelineAsync>g__Awaited|20_0(ResourceInvoker invoker, Task lastTask, State next, Scope scope, Object state, Boolean isCompleted)
   at Microsoft.AspNetCore.Mvc.Infrastructure.ResourceInvoker.<InvokeAsync>g__Logged|17_1(ResourceInvoker invoker)
   at Microsoft.AspNetCore.Mvc.Infrastructure.ResourceInvoker.<InvokeAsync>g__Logged|17_1(ResourceInvoker invoker)
   at Microsoft.AspNetCore.Routing.EndpointMiddleware.<Invoke>g__AwaitRequestTask|7_0(Endpoint endpoint, Task requestTask, ILogger logger)
   at Microsoft.AspNetCore.Diagnostics.ExceptionHandlerMiddlewareImpl.<Invoke>g__Awaited|10_0(ExceptionHandlerMiddlewareImpl middleware, HttpContext context, Task task)
2026-08-28 21:15:30.3429|Error|Microsoft.AspNetCore.Diagnostics.DeveloperExceptionPageMiddleware|CorrelationId=|An unhandled exception has occurred while executing the request. System.Exception: Customer is not eligible. They have only saved for 0 days. 45 days required.
   at SmartLoan.Application.Loans.ApproveLoanHandler.Handle(ApproveLoanCammand request, CancellationToken cancellationToken) in D:\isaac\educational purpose only\.net\kyas pro\SmartLoanTracker\SmartLoan.Application\Loans\Commands\ApproveLoan\ApproveLoanHandler.cs:line 21
   at SmartLoan.Application.Common.Behaviors.ValidationBehavior`2.Handle(TRequest request, RequestHandlerDelegate`1 next, CancellationToken cancellationToken) in D:\isaac\educational purpose only\.net\kyas pro\SmartLoanTracker\SmartLoan.Application\Common\Behaviors\ValidationBehavior.cs:line 31
   at SmartLoan.Application.Common.Behaviors.LoggingBehavior`2.Handle(TRequest request, RequestHandlerDelegate`1 next, CancellationToken cancellationToken) in D:\isaac\educational purpose only\.net\kyas pro\SmartLoanTracker\SmartLoan.Application\Common\Behaviors\LoggingBehavior.cs:line 14
   at SmartLoan.Api.Controllers.LoanController.Approve(Int32 id) in D:\isaac\educational purpose only\.net\kyas pro\SmartLoanTracker\smartloan.api\Controllers\LoanController.cs:line 47
   at Microsoft.AspNetCore.Mvc.Infrastructure.ActionMethodExecutor.TaskOfIActionResultExecutor.Execute(ActionContext actionContext, IActionResultTypeMapper mapper, ObjectMethodExecutor executor, Object controller, Object[] arguments)
   at Microsoft.AspNetCore.Mvc.Infrastructure.ControllerActionInvoker.<InvokeActionMethodAsync>g__Awaited|12_0(ControllerActionInvoker invoker, ValueTask`1 actionResultValueTask)
   at Microsoft.AspNetCore.Mvc.Infrastructure.ControllerActionInvoker.<InvokeNextActionFilterAsync>g__Awaited|10_0(ControllerActionInvoker invoker, Task lastTask, State next, Scope scope, Object state, Boolean isCompleted)
   at Microsoft.AspNetCore.Mvc.Infrastructure.ControllerActionInvoker.Rethrow(ActionExecutedContextSealed context)
   at Microsoft.AspNetCore.Mvc.Infrastructure.ControllerActionInvoker.Next(State& next, Scope& scope, Object& state, Boolean& isCompleted)
   at Microsoft.AspNetCore.Mvc.Infrastructure.ControllerActionInvoker.<InvokeInnerFilterAsync>g__Awaited|13_0(ControllerActionInvoker invoker, Task lastTask, State next, Scope scope, Object state, Boolean isCompleted)
   at Microsoft.AspNetCore.Mvc.Infrastructure.ResourceInvoker.<InvokeFilterPipelineAsync>g__Awaited|20_0(ResourceInvoker invoker, Task lastTask, State next, Scope scope, Object state, Boolean isCompleted)
   at Microsoft.AspNetCore.Mvc.Infrastructure.ResourceInvoker.<InvokeAsync>g__Logged|17_1(ResourceInvoker invoker)
   at Microsoft.AspNetCore.Mvc.Infrastructure.ResourceInvoker.<InvokeAsync>g__Logged|17_1(ResourceInvoker invoker)
   at Microsoft.AspNetCore.Routing.EndpointMiddleware.<Invoke>g__AwaitRequestTask|7_0(Endpoint endpoint, Task requestTask, ILogger logger)
   at Microsoft.AspNetCore.Diagnostics.ExceptionHandlerMiddlewareImpl.<Invoke>g__Awaited|10_0(ExceptionHandlerMiddlewareImpl middleware, HttpContext context, Task task)
   at Microsoft.AspNetCore.Diagnostics.ExceptionHandlerMiddlewareImpl.HandleException(HttpContext context, ExceptionDispatchInfo edi)
   at Microsoft.AspNetCore.Diagnostics.ExceptionHandlerMiddlewareImpl.HandleException(HttpContext context, ExceptionDispatchInfo edi)
   at Microsoft.AspNetCore.Diagnostics.ExceptionHandlerMiddlewareImpl.<Invoke>g__Awaited|10_0(ExceptionHandlerMiddlewareImpl middleware, HttpContext context, Task task)
   at Microsoft.AspNetCore.Authorization.AuthorizationMiddleware.Invoke(HttpContext context)
   at Microsoft.AspNetCore.Authentication.AuthenticationMiddleware.Invoke(HttpContext context)
   at SmartLoan.Api.Middleware.SecurityHeadersMiddleware.InvokeAsync(HttpContext context) in D:\isaac\educational purpose only\.net\kyas pro\SmartLoanTracker\smartloan.api\Middleware\SecurityHeadersMiddleware.cs:line 23
   at SmartLoan.Api.Middleware.CorrelationIdMiddleware.InvokeAsync(HttpContext context) in D:\isaac\educational purpose only\.net\kyas pro\SmartLoanTracker\smartloan.api\Middleware\CorrelationIdMiddleware.cs:line 14
   at Microsoft.AspNetCore.Diagnostics.DeveloperExceptionPageMiddlewareImpl.Invoke(HttpContext context)
2026-08-28 21:15:30.3429|Info|Microsoft.AspNetCore.Hosting.Diagnostics|CorrelationId=|Request finished HTTP/1.1 POST http://localhost:5176/api/v1/Loan/32/approve - 500 - application/problem+json 16.6668ms 
2026-08-28 21:16:30.5541|Info|Microsoft.AspNetCore.Hosting.Diagnostics|CorrelationId=|Request starting HTTP/1.1 POST http://localhost:5176/api/v1/Dashboard/reports - application/json 27 
2026-08-28 21:16:30.5541|Info|Microsoft.AspNetCore.Cors.Infrastructure.CorsService|CorrelationId=725034b8-5c77-49a6-9ac4-c9c960d7d908|CORS policy execution successful. 
2026-08-28 21:16:30.5541|Info|Microsoft.AspNetCore.Routing.EndpointMiddleware|CorrelationId=725034b8-5c77-49a6-9ac4-c9c960d7d908|Executing endpoint 'SmartLoan.Api.Controllers.DashboardController.RequestReport (SmartLoan.Api)' 
2026-08-28 21:16:30.5706|Info|Microsoft.AspNetCore.Mvc.Infrastructure.ControllerActionInvoker|CorrelationId=725034b8-5c77-49a6-9ac4-c9c960d7d908|Route matched with {action = "RequestReport", controller = "Dashboard"}. Executing controller action with signature System.Threading.Tasks.Task`1[Microsoft.AspNetCore.Mvc.IActionResult] RequestReport(SmartLoan.Application.Dashboard.GenerateReportCommand) on controller SmartLoan.Api.Controllers.DashboardController (SmartLoan.Api). 
2026-08-28 21:16:30.5706|Info|SmartLoan.Application.Common.Behaviors.LoggingBehavior|CorrelationId=725034b8-5c77-49a6-9ac4-c9c960d7d908|smartloan Request:GenerateReportCommand starting... 
2026-08-28 21:16:30.5764|Info|SmartLoan.Application.Common.Behaviors.LoggingBehavior|CorrelationId=725034b8-5c77-49a6-9ac4-c9c960d7d908|Smarloan Request:GenerateReportCommand finished in 1ms 
2026-08-28 21:16:30.5764|Info|SmartLoan.Infrastructure.BackgroundJobs.ReportWorker|CorrelationId=|Chef picking up Report 9773cc7a. Processing... 
2026-08-28 21:16:30.5764|Info|Microsoft.AspNetCore.Mvc.Infrastructure.ObjectResultExecutor|CorrelationId=725034b8-5c77-49a6-9ac4-c9c960d7d908|Executing AcceptedResult, writing value of type '<>f__AnonymousType2`2[[System.String, System.Private.CoreLib, Version=10.0.0.0, Culture=neutral, PublicKeyToken=7cec85d7bea7798e],[System.String, System.Private.CoreLib, Version=10.0.0.0, Culture=neutral, PublicKeyToken=7cec85d7bea7798e]]'. 
2026-08-28 21:16:30.5764|Info|Microsoft.AspNetCore.Mvc.Infrastructure.ControllerActionInvoker|CorrelationId=725034b8-5c77-49a6-9ac4-c9c960d7d908|Executed action SmartLoan.Api.Controllers.DashboardController.RequestReport (SmartLoan.Api) in 8.6296ms 
2026-08-28 21:16:30.5764|Info|Microsoft.AspNetCore.Routing.EndpointMiddleware|CorrelationId=725034b8-5c77-49a6-9ac4-c9c960d7d908|Executed endpoint 'SmartLoan.Api.Controllers.DashboardController.RequestReport (SmartLoan.Api)' 
2026-08-28 21:16:30.5764|Info|Microsoft.AspNetCore.Hosting.Diagnostics|CorrelationId=|Request finished HTTP/1.1 POST http://localhost:5176/api/v1/Dashboard/reports - 202 - application/json;+charset=utf-8 25.8679ms 
2026-08-28 21:16:35.1815|Info|Microsoft.AspNetCore.Hosting.Diagnostics|CorrelationId=|Request starting HTTP/1.1 POST http://localhost:5176/api/v1/Dashboard/reports - application/json 27 
2026-08-28 21:16:35.1815|Info|Microsoft.AspNetCore.Cors.Infrastructure.CorsService|CorrelationId=7661f4fe-6f33-421d-aaff-afb8ade10325|CORS policy execution successful. 
2026-08-28 21:16:35.1815|Info|Microsoft.AspNetCore.Routing.EndpointMiddleware|CorrelationId=7661f4fe-6f33-421d-aaff-afb8ade10325|Executing endpoint 'SmartLoan.Api.Controllers.DashboardController.RequestReport (SmartLoan.Api)' 
2026-08-28 21:16:35.1815|Info|Microsoft.AspNetCore.Mvc.Infrastructure.ControllerActionInvoker|CorrelationId=7661f4fe-6f33-421d-aaff-afb8ade10325|Route matched with {action = "RequestReport", controller = "Dashboard"}. Executing controller action with signature System.Threading.Tasks.Task`1[Microsoft.AspNetCore.Mvc.IActionResult] RequestReport(SmartLoan.Application.Dashboard.GenerateReportCommand) on controller SmartLoan.Api.Controllers.DashboardController (SmartLoan.Api). 
2026-08-28 21:16:35.1815|Info|SmartLoan.Application.Common.Behaviors.LoggingBehavior|CorrelationId=7661f4fe-6f33-421d-aaff-afb8ade10325|smartloan Request:GenerateReportCommand starting... 
2026-08-28 21:16:35.1850|Info|SmartLoan.Application.Common.Behaviors.LoggingBehavior|CorrelationId=7661f4fe-6f33-421d-aaff-afb8ade10325|Smarloan Request:GenerateReportCommand finished in 0ms 
2026-08-28 21:16:35.1850|Info|Microsoft.AspNetCore.Mvc.Infrastructure.ObjectResultExecutor|CorrelationId=7661f4fe-6f33-421d-aaff-afb8ade10325|Executing AcceptedResult, writing value of type '<>f__AnonymousType2`2[[System.String, System.Private.CoreLib, Version=10.0.0.0, Culture=neutral, PublicKeyToken=7cec85d7bea7798e],[System.String, System.Private.CoreLib, Version=10.0.0.0, Culture=neutral, PublicKeyToken=7cec85d7bea7798e]]'. 
2026-08-28 21:16:35.1850|Info|Microsoft.AspNetCore.Mvc.Infrastructure.ControllerActionInvoker|CorrelationId=7661f4fe-6f33-421d-aaff-afb8ade10325|Executed action SmartLoan.Api.Controllers.DashboardController.RequestReport (SmartLoan.Api) in 2.5858ms 
2026-08-28 21:16:35.1850|Info|Microsoft.AspNetCore.Routing.EndpointMiddleware|CorrelationId=7661f4fe-6f33-421d-aaff-afb8ade10325|Executed endpoint 'SmartLoan.Api.Controllers.DashboardController.RequestReport (SmartLoan.Api)' 
2026-08-28 21:16:35.1850|Info|Microsoft.AspNetCore.Hosting.Diagnostics|CorrelationId=|Request finished HTTP/1.1 POST http://localhost:5176/api/v1/Dashboard/reports - 202 - application/json;+charset=utf-8 4.5820ms 
2026-08-28 21:16:36.0176|Info|Microsoft.AspNetCore.Hosting.Diagnostics|CorrelationId=|Request starting HTTP/1.1 POST http://localhost:5176/api/v1/Dashboard/reports - application/json 27 
2026-08-28 21:16:36.0176|Info|Microsoft.AspNetCore.Cors.Infrastructure.CorsService|CorrelationId=4b96b489-481a-4f19-b6d5-aebac11c1000|CORS policy execution successful. 
2026-08-28 21:16:36.0176|Info|Microsoft.AspNetCore.Routing.EndpointMiddleware|CorrelationId=4b96b489-481a-4f19-b6d5-aebac11c1000|Executing endpoint 'SmartLoan.Api.Controllers.DashboardController.RequestReport (SmartLoan.Api)' 
2026-08-28 21:16:36.0176|Info|Microsoft.AspNetCore.Mvc.Infrastructure.ControllerActionInvoker|CorrelationId=4b96b489-481a-4f19-b6d5-aebac11c1000|Route matched with {action = "RequestReport", controller = "Dashboard"}. Executing controller action with signature System.Threading.Tasks.Task`1[Microsoft.AspNetCore.Mvc.IActionResult] RequestReport(SmartLoan.Application.Dashboard.GenerateReportCommand) on controller SmartLoan.Api.Controllers.DashboardController (SmartLoan.Api). 
2026-08-28 21:16:36.0176|Info|SmartLoan.Application.Common.Behaviors.LoggingBehavior|CorrelationId=4b96b489-481a-4f19-b6d5-aebac11c1000|smartloan Request:GenerateReportCommand starting... 
2026-08-28 21:16:36.0176|Info|SmartLoan.Application.Common.Behaviors.LoggingBehavior|CorrelationId=4b96b489-481a-4f19-b6d5-aebac11c1000|Smarloan Request:GenerateReportCommand finished in 0ms 
2026-08-28 21:16:36.0176|Info|Microsoft.AspNetCore.Mvc.Infrastructure.ObjectResultExecutor|CorrelationId=4b96b489-481a-4f19-b6d5-aebac11c1000|Executing AcceptedResult, writing value of type '<>f__AnonymousType2`2[[System.String, System.Private.CoreLib, Version=10.0.0.0, Culture=neutral, PublicKeyToken=7cec85d7bea7798e],[System.String, System.Private.CoreLib, Version=10.0.0.0, Culture=neutral, PublicKeyToken=7cec85d7bea7798e]]'. 
2026-08-28 21:16:36.0176|Info|Microsoft.AspNetCore.Mvc.Infrastructure.ControllerActionInvoker|CorrelationId=4b96b489-481a-4f19-b6d5-aebac11c1000|Executed action SmartLoan.Api.Controllers.DashboardController.RequestReport (SmartLoan.Api) in 1.6519ms 
2026-08-28 21:16:36.0176|Info|Microsoft.AspNetCore.Routing.EndpointMiddleware|CorrelationId=4b96b489-481a-4f19-b6d5-aebac11c1000|Executed endpoint 'SmartLoan.Api.Controllers.DashboardController.RequestReport (SmartLoan.Api)' 
2026-08-28 21:16:36.0176|Info|Microsoft.AspNetCore.Hosting.Diagnostics|CorrelationId=|Request finished HTTP/1.1 POST http://localhost:5176/api/v1/Dashboard/reports - 202 - application/json;+charset=utf-8 3.3164ms 
2026-08-28 21:16:36.7942|Info|Microsoft.AspNetCore.Hosting.Diagnostics|CorrelationId=|Request starting HTTP/1.1 POST http://localhost:5176/api/v1/Dashboard/reports - application/json 27 
2026-08-28 21:16:36.7948|Info|Microsoft.AspNetCore.Cors.Infrastructure.CorsService|CorrelationId=c96ae017-6ee3-4bfa-a0e1-47e9a1c50584|CORS policy execution successful. 
2026-08-28 21:16:36.7948|Info|Microsoft.AspNetCore.Routing.EndpointMiddleware|CorrelationId=c96ae017-6ee3-4bfa-a0e1-47e9a1c50584|Executing endpoint 'SmartLoan.Api.Controllers.DashboardController.RequestReport (SmartLoan.Api)' 
2026-08-28 21:16:36.7948|Info|Microsoft.AspNetCore.Mvc.Infrastructure.ControllerActionInvoker|CorrelationId=c96ae017-6ee3-4bfa-a0e1-47e9a1c50584|Route matched with {action = "RequestReport", controller = "Dashboard"}. Executing controller action with signature System.Threading.Tasks.Task`1[Microsoft.AspNetCore.Mvc.IActionResult] RequestReport(SmartLoan.Application.Dashboard.GenerateReportCommand) on controller SmartLoan.Api.Controllers.DashboardController (SmartLoan.Api). 
2026-08-28 21:16:36.7948|Info|SmartLoan.Application.Common.Behaviors.LoggingBehavior|CorrelationId=c96ae017-6ee3-4bfa-a0e1-47e9a1c50584|smartloan Request:GenerateReportCommand starting... 
2026-08-28 21:16:36.7948|Info|SmartLoan.Application.Common.Behaviors.LoggingBehavior|CorrelationId=c96ae017-6ee3-4bfa-a0e1-47e9a1c50584|Smarloan Request:GenerateReportCommand finished in 1ms 
2026-08-28 21:16:36.7948|Info|Microsoft.AspNetCore.Mvc.Infrastructure.ObjectResultExecutor|CorrelationId=c96ae017-6ee3-4bfa-a0e1-47e9a1c50584|Executing AcceptedResult, writing value of type '<>f__AnonymousType2`2[[System.String, System.Private.CoreLib, Version=10.0.0.0, Culture=neutral, PublicKeyToken=7cec85d7bea7798e],[System.String, System.Private.CoreLib, Version=10.0.0.0, Culture=neutral, PublicKeyToken=7cec85d7bea7798e]]'. 
2026-08-28 21:16:36.7948|Info|Microsoft.AspNetCore.Mvc.Infrastructure.ControllerActionInvoker|CorrelationId=c96ae017-6ee3-4bfa-a0e1-47e9a1c50584|Executed action SmartLoan.Api.Controllers.DashboardController.RequestReport (SmartLoan.Api) in 4.3019ms 
2026-08-28 21:16:36.7948|Info|Microsoft.AspNetCore.Routing.EndpointMiddleware|CorrelationId=c96ae017-6ee3-4bfa-a0e1-47e9a1c50584|Executed endpoint 'SmartLoan.Api.Controllers.DashboardController.RequestReport (SmartLoan.Api)' 
2026-08-28 21:16:36.7948|Info|Microsoft.AspNetCore.Hosting.Diagnostics|CorrelationId=|Request finished HTTP/1.1 POST http://localhost:5176/api/v1/Dashboard/reports - 202 - application/json;+charset=utf-8 6.2647ms 
2026-08-28 21:16:37.5145|Info|Microsoft.AspNetCore.Hosting.Diagnostics|CorrelationId=|Request starting HTTP/1.1 POST http://localhost:5176/api/v1/Dashboard/reports - application/json 27 
2026-08-28 21:16:37.5145|Info|Microsoft.AspNetCore.Cors.Infrastructure.CorsService|CorrelationId=600a6b95-0ef1-40b6-8367-d5a9d10e4a8c|CORS policy execution successful. 
2026-08-28 21:16:37.5145|Info|Microsoft.AspNetCore.Routing.EndpointMiddleware|CorrelationId=600a6b95-0ef1-40b6-8367-d5a9d10e4a8c|Executing endpoint 'SmartLoan.Api.Controllers.DashboardController.RequestReport (SmartLoan.Api)' 
2026-08-28 21:16:37.5145|Info|Microsoft.AspNetCore.Mvc.Infrastructure.ControllerActionInvoker|CorrelationId=600a6b95-0ef1-40b6-8367-d5a9d10e4a8c|Route matched with {action = "RequestReport", controller = "Dashboard"}. Executing controller action with signature System.Threading.Tasks.Task`1[Microsoft.AspNetCore.Mvc.IActionResult] RequestReport(SmartLoan.Application.Dashboard.GenerateReportCommand) on controller SmartLoan.Api.Controllers.DashboardController (SmartLoan.Api). 
2026-08-28 21:16:37.5145|Info|SmartLoan.Application.Common.Behaviors.LoggingBehavior|CorrelationId=600a6b95-0ef1-40b6-8367-d5a9d10e4a8c|smartloan Request:GenerateReportCommand starting... 
2026-08-28 21:16:37.5145|Info|SmartLoan.Application.Common.Behaviors.LoggingBehavior|CorrelationId=600a6b95-0ef1-40b6-8367-d5a9d10e4a8c|Smarloan Request:GenerateReportCommand finished in 0ms 
2026-08-28 21:16:37.5145|Info|Microsoft.AspNetCore.Mvc.Infrastructure.ObjectResultExecutor|CorrelationId=600a6b95-0ef1-40b6-8367-d5a9d10e4a8c|Executing AcceptedResult, writing value of type '<>f__AnonymousType2`2[[System.String, System.Private.CoreLib, Version=10.0.0.0, Culture=neutral, PublicKeyToken=7cec85d7bea7798e],[System.String, System.Private.CoreLib, Version=10.0.0.0, Culture=neutral, PublicKeyToken=7cec85d7bea7798e]]'. 
2026-08-28 21:16:37.5145|Info|Microsoft.AspNetCore.Mvc.Infrastructure.ControllerActionInvoker|CorrelationId=600a6b95-0ef1-40b6-8367-d5a9d10e4a8c|Executed action SmartLoan.Api.Controllers.DashboardController.RequestReport (SmartLoan.Api) in 1.4133ms 
2026-08-28 21:16:37.5145|Info|Microsoft.AspNetCore.Routing.EndpointMiddleware|CorrelationId=600a6b95-0ef1-40b6-8367-d5a9d10e4a8c|Executed endpoint 'SmartLoan.Api.Controllers.DashboardController.RequestReport (SmartLoan.Api)' 
2026-08-28 21:16:37.5145|Info|Microsoft.AspNetCore.Hosting.Diagnostics|CorrelationId=|Request finished HTTP/1.1 POST http://localhost:5176/api/v1/Dashboard/reports - 202 - application/json;+charset=utf-8 4.0479ms 
2026-08-28 21:16:37.8248|Info|Microsoft.AspNetCore.Hosting.Diagnostics|CorrelationId=|Request starting HTTP/1.1 POST http://localhost:5176/api/v1/Dashboard/reports - application/json 27 
2026-08-28 21:16:37.8259|Info|Microsoft.AspNetCore.Cors.Infrastructure.CorsService|CorrelationId=2f849bca-6a6c-4906-ba88-61bb663758fa|CORS policy execution successful. 
2026-08-28 21:16:37.8259|Info|Microsoft.AspNetCore.Routing.EndpointMiddleware|CorrelationId=2f849bca-6a6c-4906-ba88-61bb663758fa|Executing endpoint 'SmartLoan.Api.Controllers.DashboardController.RequestReport (SmartLoan.Api)' 
2026-08-28 21:16:37.8259|Info|Microsoft.AspNetCore.Mvc.Infrastructure.ControllerActionInvoker|CorrelationId=2f849bca-6a6c-4906-ba88-61bb663758fa|Route matched with {action = "RequestReport", controller = "Dashboard"}. Executing controller action with signature System.Threading.Tasks.Task`1[Microsoft.AspNetCore.Mvc.IActionResult] RequestReport(SmartLoan.Application.Dashboard.GenerateReportCommand) on controller SmartLoan.Api.Controllers.DashboardController (SmartLoan.Api). 
2026-08-28 21:16:37.8259|Info|SmartLoan.Application.Common.Behaviors.LoggingBehavior|CorrelationId=2f849bca-6a6c-4906-ba88-61bb663758fa|smartloan Request:GenerateReportCommand starting... 
2026-08-28 21:16:37.8259|Info|SmartLoan.Application.Common.Behaviors.LoggingBehavior|CorrelationId=2f849bca-6a6c-4906-ba88-61bb663758fa|Smarloan Request:GenerateReportCommand finished in 0ms 
2026-08-28 21:16:37.8259|Info|Microsoft.AspNetCore.Mvc.Infrastructure.ObjectResultExecutor|CorrelationId=2f849bca-6a6c-4906-ba88-61bb663758fa|Executing AcceptedResult, writing value of type '<>f__AnonymousType2`2[[System.String, System.Private.CoreLib, Version=10.0.0.0, Culture=neutral, PublicKeyToken=7cec85d7bea7798e],[System.String, System.Private.CoreLib, Version=10.0.0.0, Culture=neutral, PublicKeyToken=7cec85d7bea7798e]]'. 
2026-08-28 21:16:37.8259|Info|Microsoft.AspNetCore.Mvc.Infrastructure.ControllerActionInvoker|CorrelationId=2f849bca-6a6c-4906-ba88-61bb663758fa|Executed action SmartLoan.Api.Controllers.DashboardController.RequestReport (SmartLoan.Api) in 1.3539ms 
2026-08-28 21:16:37.8259|Info|Microsoft.AspNetCore.Routing.EndpointMiddleware|CorrelationId=2f849bca-6a6c-4906-ba88-61bb663758fa|Executed endpoint 'SmartLoan.Api.Controllers.DashboardController.RequestReport (SmartLoan.Api)' 
2026-08-28 21:16:37.8259|Info|Microsoft.AspNetCore.Hosting.Diagnostics|CorrelationId=|Request finished HTTP/1.1 POST http://localhost:5176/api/v1/Dashboard/reports - 202 - application/json;+charset=utf-8 7.3618ms 
2026-08-28 21:16:38.0187|Info|Microsoft.AspNetCore.Hosting.Diagnostics|CorrelationId=|Request starting HTTP/1.1 POST http://localhost:5176/api/v1/Dashboard/reports - application/json 27 
2026-08-28 21:16:38.0187|Info|Microsoft.AspNetCore.Cors.Infrastructure.CorsService|CorrelationId=187fc99a-da94-4b67-9188-aaa55cd03c28|CORS policy execution successful. 
2026-08-28 21:16:38.0187|Info|Microsoft.AspNetCore.Routing.EndpointMiddleware|CorrelationId=187fc99a-da94-4b67-9188-aaa55cd03c28|Executing endpoint 'SmartLoan.Api.Controllers.DashboardController.RequestReport (SmartLoan.Api)' 
2026-08-28 21:16:38.0187|Info|Microsoft.AspNetCore.Mvc.Infrastructure.ControllerActionInvoker|CorrelationId=187fc99a-da94-4b67-9188-aaa55cd03c28|Route matched with {action = "RequestReport", controller = "Dashboard"}. Executing controller action with signature System.Threading.Tasks.Task`1[Microsoft.AspNetCore.Mvc.IActionResult] RequestReport(SmartLoan.Application.Dashboard.GenerateReportCommand) on controller SmartLoan.Api.Controllers.DashboardController (SmartLoan.Api). 
2026-08-28 21:16:38.0187|Info|SmartLoan.Application.Common.Behaviors.LoggingBehavior|CorrelationId=187fc99a-da94-4b67-9188-aaa55cd03c28|smartloan Request:GenerateReportCommand starting... 
2026-08-28 21:16:38.0187|Info|SmartLoan.Application.Common.Behaviors.LoggingBehavior|CorrelationId=187fc99a-da94-4b67-9188-aaa55cd03c28|Smarloan Request:GenerateReportCommand finished in 0ms 
2026-08-28 21:16:38.0187|Info|Microsoft.AspNetCore.Mvc.Infrastructure.ObjectResultExecutor|CorrelationId=187fc99a-da94-4b67-9188-aaa55cd03c28|Executing AcceptedResult, writing value of type '<>f__AnonymousType2`2[[System.String, System.Private.CoreLib, Version=10.0.0.0, Culture=neutral, PublicKeyToken=7cec85d7bea7798e],[System.String, System.Private.CoreLib, Version=10.0.0.0, Culture=neutral, PublicKeyToken=7cec85d7bea7798e]]'. 
2026-08-28 21:16:38.0187|Info|Microsoft.AspNetCore.Mvc.Infrastructure.ControllerActionInvoker|CorrelationId=187fc99a-da94-4b67-9188-aaa55cd03c28|Executed action SmartLoan.Api.Controllers.DashboardController.RequestReport (SmartLoan.Api) in 0.7017ms 
2026-08-28 21:16:38.0187|Info|Microsoft.AspNetCore.Routing.EndpointMiddleware|CorrelationId=187fc99a-da94-4b67-9188-aaa55cd03c28|Executed endpoint 'SmartLoan.Api.Controllers.DashboardController.RequestReport (SmartLoan.Api)' 
2026-08-28 21:16:38.0187|Info|Microsoft.AspNetCore.Hosting.Diagnostics|CorrelationId=|Request finished HTTP/1.1 POST http://localhost:5176/api/v1/Dashboard/reports - 202 - application/json;+charset=utf-8 2.0793ms 
2026-08-28 21:16:38.2019|Info|Microsoft.AspNetCore.Hosting.Diagnostics|CorrelationId=|Request starting HTTP/1.1 POST http://localhost:5176/api/v1/Dashboard/reports - application/json 27 
2026-08-28 21:16:38.2019|Info|Microsoft.AspNetCore.Cors.Infrastructure.CorsService|CorrelationId=e2561eda-5f98-4124-9b6c-0f99ec455250|CORS policy execution successful. 
2026-08-28 21:16:38.2019|Info|Microsoft.AspNetCore.Routing.EndpointMiddleware|CorrelationId=e2561eda-5f98-4124-9b6c-0f99ec455250|Executing endpoint 'SmartLoan.Api.Controllers.DashboardController.RequestReport (SmartLoan.Api)' 
2026-08-28 21:16:38.2019|Info|Microsoft.AspNetCore.Mvc.Infrastructure.ControllerActionInvoker|CorrelationId=e2561eda-5f98-4124-9b6c-0f99ec455250|Route matched with {action = "RequestReport", controller = "Dashboard"}. Executing controller action with signature System.Threading.Tasks.Task`1[Microsoft.AspNetCore.Mvc.IActionResult] RequestReport(SmartLoan.Application.Dashboard.GenerateReportCommand) on controller SmartLoan.Api.Controllers.DashboardController (SmartLoan.Api). 
2026-08-28 21:16:38.2019|Info|SmartLoan.Application.Common.Behaviors.LoggingBehavior|CorrelationId=e2561eda-5f98-4124-9b6c-0f99ec455250|smartloan Request:GenerateReportCommand starting... 
2026-08-28 21:16:38.2019|Info|SmartLoan.Application.Common.Behaviors.LoggingBehavior|CorrelationId=e2561eda-5f98-4124-9b6c-0f99ec455250|Smarloan Request:GenerateReportCommand finished in 0ms 
2026-08-28 21:16:38.2019|Info|Microsoft.AspNetCore.Mvc.Infrastructure.ObjectResultExecutor|CorrelationId=e2561eda-5f98-4124-9b6c-0f99ec455250|Executing AcceptedResult, writing value of type '<>f__AnonymousType2`2[[System.String, System.Private.CoreLib, Version=10.0.0.0, Culture=neutral, PublicKeyToken=7cec85d7bea7798e],[System.String, System.Private.CoreLib, Version=10.0.0.0, Culture=neutral, PublicKeyToken=7cec85d7bea7798e]]'. 
2026-08-28 21:16:38.2019|Info|Microsoft.AspNetCore.Mvc.Infrastructure.ControllerActionInvoker|CorrelationId=e2561eda-5f98-4124-9b6c-0f99ec455250|Executed action SmartLoan.Api.Controllers.DashboardController.RequestReport (SmartLoan.Api) in 1.3545ms 
2026-08-28 21:16:38.2019|Info|Microsoft.AspNetCore.Routing.EndpointMiddleware|CorrelationId=e2561eda-5f98-4124-9b6c-0f99ec455250|Executed endpoint 'SmartLoan.Api.Controllers.DashboardController.RequestReport (SmartLoan.Api)' 
2026-08-28 21:16:38.2019|Info|Microsoft.AspNetCore.Hosting.Diagnostics|CorrelationId=|Request finished HTTP/1.1 POST http://localhost:5176/api/v1/Dashboard/reports - 202 - application/json;+charset=utf-8 3.6521ms 
2026-08-28 21:16:38.4027|Info|Microsoft.AspNetCore.Hosting.Diagnostics|CorrelationId=|Request starting HTTP/1.1 POST http://localhost:5176/api/v1/Dashboard/reports - application/json 27 
2026-08-28 21:16:38.4035|Info|Microsoft.AspNetCore.Cors.Infrastructure.CorsService|CorrelationId=b985e570-628c-4a46-baa2-72af52635aca|CORS policy execution successful. 
2026-08-28 21:16:38.4035|Info|Microsoft.AspNetCore.Routing.EndpointMiddleware|CorrelationId=b985e570-628c-4a46-baa2-72af52635aca|Executing endpoint 'SmartLoan.Api.Controllers.DashboardController.RequestReport (SmartLoan.Api)' 
2026-08-28 21:16:38.4035|Info|Microsoft.AspNetCore.Mvc.Infrastructure.ControllerActionInvoker|CorrelationId=b985e570-628c-4a46-baa2-72af52635aca|Route matched with {action = "RequestReport", controller = "Dashboard"}. Executing controller action with signature System.Threading.Tasks.Task`1[Microsoft.AspNetCore.Mvc.IActionResult] RequestReport(SmartLoan.Application.Dashboard.GenerateReportCommand) on controller SmartLoan.Api.Controllers.DashboardController (SmartLoan.Api). 
2026-08-28 21:16:38.4035|Info|SmartLoan.Application.Common.Behaviors.LoggingBehavior|CorrelationId=b985e570-628c-4a46-baa2-72af52635aca|smartloan Request:GenerateReportCommand starting... 
2026-08-28 21:16:38.4035|Info|SmartLoan.Application.Common.Behaviors.LoggingBehavior|CorrelationId=b985e570-628c-4a46-baa2-72af52635aca|Smarloan Request:GenerateReportCommand finished in 0ms 
2026-08-28 21:16:38.4035|Info|Microsoft.AspNetCore.Mvc.Infrastructure.ObjectResultExecutor|CorrelationId=b985e570-628c-4a46-baa2-72af52635aca|Executing AcceptedResult, writing value of type '<>f__AnonymousType2`2[[System.String, System.Private.CoreLib, Version=10.0.0.0, Culture=neutral, PublicKeyToken=7cec85d7bea7798e],[System.String, System.Private.CoreLib, Version=10.0.0.0, Culture=neutral, PublicKeyToken=7cec85d7bea7798e]]'. 
2026-08-28 21:16:38.4035|Info|Microsoft.AspNetCore.Mvc.Infrastructure.ControllerActionInvoker|CorrelationId=b985e570-628c-4a46-baa2-72af52635aca|Executed action SmartLoan.Api.Controllers.DashboardController.RequestReport (SmartLoan.Api) in 1.334ms 
2026-08-28 21:16:38.4035|Info|Microsoft.AspNetCore.Routing.EndpointMiddleware|CorrelationId=b985e570-628c-4a46-baa2-72af52635aca|Executed endpoint 'SmartLoan.Api.Controllers.DashboardController.RequestReport (SmartLoan.Api)' 
2026-08-28 21:16:38.4035|Info|Microsoft.AspNetCore.Hosting.Diagnostics|CorrelationId=|Request finished HTTP/1.1 POST http://localhost:5176/api/v1/Dashboard/reports - 202 - application/json;+charset=utf-8 3.1693ms 
2026-08-28 21:16:38.5877|Info|Microsoft.AspNetCore.Hosting.Diagnostics|CorrelationId=|Request starting HTTP/1.1 POST http://localhost:5176/api/v1/Dashboard/reports - application/json 27 
2026-08-28 21:16:38.5877|Info|Microsoft.AspNetCore.Cors.Infrastructure.CorsService|CorrelationId=7afc2a36-e1e2-48d7-b9bb-45d989cd658d|CORS policy execution successful. 
2026-08-28 21:16:38.5877|Info|Microsoft.AspNetCore.Routing.EndpointMiddleware|CorrelationId=7afc2a36-e1e2-48d7-b9bb-45d989cd658d|Executing endpoint 'SmartLoan.Api.Controllers.DashboardController.RequestReport (SmartLoan.Api)' 
2026-08-28 21:16:38.5877|Info|Microsoft.AspNetCore.Mvc.Infrastructure.ControllerActionInvoker|CorrelationId=7afc2a36-e1e2-48d7-b9bb-45d989cd658d|Route matched with {action = "RequestReport", controller = "Dashboard"}. Executing controller action with signature System.Threading.Tasks.Task`1[Microsoft.AspNetCore.Mvc.IActionResult] RequestReport(SmartLoan.Application.Dashboard.GenerateReportCommand) on controller SmartLoan.Api.Controllers.DashboardController (SmartLoan.Api). 
2026-08-28 21:16:38.5877|Info|SmartLoan.Application.Common.Behaviors.LoggingBehavior|CorrelationId=7afc2a36-e1e2-48d7-b9bb-45d989cd658d|smartloan Request:GenerateReportCommand starting... 
2026-08-28 21:16:38.5877|Info|SmartLoan.Application.Common.Behaviors.LoggingBehavior|CorrelationId=7afc2a36-e1e2-48d7-b9bb-45d989cd658d|Smarloan Request:GenerateReportCommand finished in 0ms 
2026-08-28 21:16:38.5877|Info|Microsoft.AspNetCore.Mvc.Infrastructure.ObjectResultExecutor|CorrelationId=7afc2a36-e1e2-48d7-b9bb-45d989cd658d|Executing AcceptedResult, writing value of type '<>f__AnonymousType2`2[[System.String, System.Private.CoreLib, Version=10.0.0.0, Culture=neutral, PublicKeyToken=7cec85d7bea7798e],[System.String, System.Private.CoreLib, Version=10.0.0.0, Culture=neutral, PublicKeyToken=7cec85d7bea7798e]]'. 
2026-08-28 21:16:38.5877|Info|Microsoft.AspNetCore.Mvc.Infrastructure.ControllerActionInvoker|CorrelationId=7afc2a36-e1e2-48d7-b9bb-45d989cd658d|Executed action SmartLoan.Api.Controllers.DashboardController.RequestReport (SmartLoan.Api) in 0.8722ms 
2026-08-28 21:16:38.5877|Info|Microsoft.AspNetCore.Routing.EndpointMiddleware|CorrelationId=7afc2a36-e1e2-48d7-b9bb-45d989cd658d|Executed endpoint 'SmartLoan.Api.Controllers.DashboardController.RequestReport (SmartLoan.Api)' 
2026-08-28 21:16:38.5877|Info|Microsoft.AspNetCore.Hosting.Diagnostics|CorrelationId=|Request finished HTTP/1.1 POST http://localhost:5176/api/v1/Dashboard/reports - 202 - application/json;+charset=utf-8 2.0117ms 
2026-08-28 21:16:38.8088|Info|Microsoft.AspNetCore.Hosting.Diagnostics|CorrelationId=|Request starting HTTP/1.1 POST http://localhost:5176/api/v1/Dashboard/reports - application/json 27 
2026-08-28 21:16:38.8101|Info|Microsoft.AspNetCore.Cors.Infrastructure.CorsService|CorrelationId=25fee2de-dfac-4b0a-ab1a-c1b1bc37f2d9|CORS policy execution successful. 
2026-08-28 21:16:38.8101|Info|Microsoft.AspNetCore.Routing.EndpointMiddleware|CorrelationId=25fee2de-dfac-4b0a-ab1a-c1b1bc37f2d9|Executing endpoint 'SmartLoan.Api.Controllers.DashboardController.RequestReport (SmartLoan.Api)' 
2026-08-28 21:16:38.8101|Info|Microsoft.AspNetCore.Mvc.Infrastructure.ControllerActionInvoker|CorrelationId=25fee2de-dfac-4b0a-ab1a-c1b1bc37f2d9|Route matched with {action = "RequestReport", controller = "Dashboard"}. Executing controller action with signature System.Threading.Tasks.Task`1[Microsoft.AspNetCore.Mvc.IActionResult] RequestReport(SmartLoan.Application.Dashboard.GenerateReportCommand) on controller SmartLoan.Api.Controllers.DashboardController (SmartLoan.Api). 
2026-08-28 21:16:38.8101|Info|SmartLoan.Application.Common.Behaviors.LoggingBehavior|CorrelationId=25fee2de-dfac-4b0a-ab1a-c1b1bc37f2d9|smartloan Request:GenerateReportCommand starting... 
2026-08-28 21:16:38.8101|Info|SmartLoan.Application.Common.Behaviors.LoggingBehavior|CorrelationId=25fee2de-dfac-4b0a-ab1a-c1b1bc37f2d9|Smarloan Request:GenerateReportCommand finished in 0ms 
2026-08-28 21:16:38.8101|Info|Microsoft.AspNetCore.Mvc.Infrastructure.ObjectResultExecutor|CorrelationId=25fee2de-dfac-4b0a-ab1a-c1b1bc37f2d9|Executing AcceptedResult, writing value of type '<>f__AnonymousType2`2[[System.String, System.Private.CoreLib, Version=10.0.0.0, Culture=neutral, PublicKeyToken=7cec85d7bea7798e],[System.String, System.Private.CoreLib, Version=10.0.0.0, Culture=neutral, PublicKeyToken=7cec85d7bea7798e]]'. 
2026-08-28 21:16:38.8101|Info|Microsoft.AspNetCore.Mvc.Infrastructure.ControllerActionInvoker|CorrelationId=25fee2de-dfac-4b0a-ab1a-c1b1bc37f2d9|Executed action SmartLoan.Api.Controllers.DashboardController.RequestReport (SmartLoan.Api) in 7.2975ms 
2026-08-28 21:16:38.8101|Info|Microsoft.AspNetCore.Routing.EndpointMiddleware|CorrelationId=25fee2de-dfac-4b0a-ab1a-c1b1bc37f2d9|Executed endpoint 'SmartLoan.Api.Controllers.DashboardController.RequestReport (SmartLoan.Api)' 
2026-08-28 21:16:38.8101|Info|Microsoft.AspNetCore.Hosting.Diagnostics|CorrelationId=|Request finished HTTP/1.1 POST http://localhost:5176/api/v1/Dashboard/reports - 202 - application/json;+charset=utf-8 11.3455ms 
2026-08-28 21:16:39.0013|Info|Microsoft.AspNetCore.Hosting.Diagnostics|CorrelationId=|Request starting HTTP/1.1 POST http://localhost:5176/api/v1/Dashboard/reports - application/json 27 
2026-08-28 21:16:39.0013|Info|Microsoft.AspNetCore.Cors.Infrastructure.CorsService|CorrelationId=a678e012-ca1c-493c-bc0f-c8d979c7fdfd|CORS policy execution successful. 
2026-08-28 21:16:39.0013|Info|Microsoft.AspNetCore.Routing.EndpointMiddleware|CorrelationId=a678e012-ca1c-493c-bc0f-c8d979c7fdfd|Executing endpoint 'SmartLoan.Api.Controllers.DashboardController.RequestReport (SmartLoan.Api)' 
2026-08-28 21:16:39.0013|Info|Microsoft.AspNetCore.Mvc.Infrastructure.ControllerActionInvoker|CorrelationId=a678e012-ca1c-493c-bc0f-c8d979c7fdfd|Route matched with {action = "RequestReport", controller = "Dashboard"}. Executing controller action with signature System.Threading.Tasks.Task`1[Microsoft.AspNetCore.Mvc.IActionResult] RequestReport(SmartLoan.Application.Dashboard.GenerateReportCommand) on controller SmartLoan.Api.Controllers.DashboardController (SmartLoan.Api). 
2026-08-28 21:16:39.0013|Info|SmartLoan.Application.Common.Behaviors.LoggingBehavior|CorrelationId=a678e012-ca1c-493c-bc0f-c8d979c7fdfd|smartloan Request:GenerateReportCommand starting... 
2026-08-28 21:16:39.0013|Info|SmartLoan.Application.Common.Behaviors.LoggingBehavior|CorrelationId=a678e012-ca1c-493c-bc0f-c8d979c7fdfd|Smarloan Request:GenerateReportCommand finished in 0ms 
2026-08-28 21:16:39.0013|Info|Microsoft.AspNetCore.Mvc.Infrastructure.ObjectResultExecutor|CorrelationId=a678e012-ca1c-493c-bc0f-c8d979c7fdfd|Executing AcceptedResult, writing value of type '<>f__AnonymousType2`2[[System.String, System.Private.CoreLib, Version=10.0.0.0, Culture=neutral, PublicKeyToken=7cec85d7bea7798e],[System.String, System.Private.CoreLib, Version=10.0.0.0, Culture=neutral, PublicKeyToken=7cec85d7bea7798e]]'. 
2026-08-28 21:16:39.0013|Info|Microsoft.AspNetCore.Mvc.Infrastructure.ControllerActionInvoker|CorrelationId=a678e012-ca1c-493c-bc0f-c8d979c7fdfd|Executed action SmartLoan.Api.Controllers.DashboardController.RequestReport (SmartLoan.Api) in 1.1458ms 
2026-08-28 21:16:39.0013|Info|Microsoft.AspNetCore.Routing.EndpointMiddleware|CorrelationId=a678e012-ca1c-493c-bc0f-c8d979c7fdfd|Executed endpoint 'SmartLoan.Api.Controllers.DashboardController.RequestReport (SmartLoan.Api)' 
2026-08-28 21:16:39.0013|Info|Microsoft.AspNetCore.Hosting.Diagnostics|CorrelationId=|Request finished HTTP/1.1 POST http://localhost:5176/api/v1/Dashboard/reports - 202 - application/json;+charset=utf-8 4.2136ms 
2026-08-28 21:16:39.1996|Info|Microsoft.AspNetCore.Hosting.Diagnostics|CorrelationId=|Request starting HTTP/1.1 POST http://localhost:5176/api/v1/Dashboard/reports - application/json 27 
2026-08-28 21:16:39.2015|Info|Microsoft.AspNetCore.Cors.Infrastructure.CorsService|CorrelationId=27c52e48-b2cc-4af8-806d-cea13fc1d42d|CORS policy execution successful. 
2026-08-28 21:16:39.2015|Info|Microsoft.AspNetCore.Routing.EndpointMiddleware|CorrelationId=27c52e48-b2cc-4af8-806d-cea13fc1d42d|Executing endpoint 'SmartLoan.Api.Controllers.DashboardController.RequestReport (SmartLoan.Api)' 
2026-08-28 21:16:39.2015|Info|Microsoft.AspNetCore.Mvc.Infrastructure.ControllerActionInvoker|CorrelationId=27c52e48-b2cc-4af8-806d-cea13fc1d42d|Route matched with {action = "RequestReport", controller = "Dashboard"}. Executing controller action with signature System.Threading.Tasks.Task`1[Microsoft.AspNetCore.Mvc.IActionResult] RequestReport(SmartLoan.Application.Dashboard.GenerateReportCommand) on controller SmartLoan.Api.Controllers.DashboardController (SmartLoan.Api). 
2026-08-28 21:16:39.2015|Info|SmartLoan.Application.Common.Behaviors.LoggingBehavior|CorrelationId=27c52e48-b2cc-4af8-806d-cea13fc1d42d|smartloan Request:GenerateReportCommand starting... 
2026-08-28 21:16:39.2015|Info|SmartLoan.Application.Common.Behaviors.LoggingBehavior|CorrelationId=27c52e48-b2cc-4af8-806d-cea13fc1d42d|Smarloan Request:GenerateReportCommand finished in 0ms 
2026-08-28 21:16:39.2015|Info|Microsoft.AspNetCore.Mvc.Infrastructure.ObjectResultExecutor|CorrelationId=27c52e48-b2cc-4af8-806d-cea13fc1d42d|Executing AcceptedResult, writing value of type '<>f__AnonymousType2`2[[System.String, System.Private.CoreLib, Version=10.0.0.0, Culture=neutral, PublicKeyToken=7cec85d7bea7798e],[System.String, System.Private.CoreLib, Version=10.0.0.0, Culture=neutral, PublicKeyToken=7cec85d7bea7798e]]'. 
2026-08-28 21:16:39.2015|Info|Microsoft.AspNetCore.Mvc.Infrastructure.ControllerActionInvoker|CorrelationId=27c52e48-b2cc-4af8-806d-cea13fc1d42d|Executed action SmartLoan.Api.Controllers.DashboardController.RequestReport (SmartLoan.Api) in 4.4126ms 
2026-08-28 21:16:39.2015|Info|Microsoft.AspNetCore.Routing.EndpointMiddleware|CorrelationId=27c52e48-b2cc-4af8-806d-cea13fc1d42d|Executed endpoint 'SmartLoan.Api.Controllers.DashboardController.RequestReport (SmartLoan.Api)' 
2026-08-28 21:16:39.2015|Info|Microsoft.AspNetCore.Hosting.Diagnostics|CorrelationId=|Request finished HTTP/1.1 POST http://localhost:5176/api/v1/Dashboard/reports - 202 - application/json;+charset=utf-8 9.0694ms 
2026-08-28 21:16:39.3945|Info|Microsoft.AspNetCore.Hosting.Diagnostics|CorrelationId=|Request starting HTTP/1.1 POST http://localhost:5176/api/v1/Dashboard/reports - application/json 27 
2026-08-28 21:16:39.3945|Info|Microsoft.AspNetCore.Cors.Infrastructure.CorsService|CorrelationId=9aa7de5d-4d70-41f6-a065-5e30ff9148ca|CORS policy execution successful. 
2026-08-28 21:16:39.3945|Info|Microsoft.AspNetCore.Routing.EndpointMiddleware|CorrelationId=9aa7de5d-4d70-41f6-a065-5e30ff9148ca|Executing endpoint 'SmartLoan.Api.Controllers.DashboardController.RequestReport (SmartLoan.Api)' 
2026-08-28 21:16:39.3945|Info|Microsoft.AspNetCore.Mvc.Infrastructure.ControllerActionInvoker|CorrelationId=9aa7de5d-4d70-41f6-a065-5e30ff9148ca|Route matched with {action = "RequestReport", controller = "Dashboard"}. Executing controller action with signature System.Threading.Tasks.Task`1[Microsoft.AspNetCore.Mvc.IActionResult] RequestReport(SmartLoan.Application.Dashboard.GenerateReportCommand) on controller SmartLoan.Api.Controllers.DashboardController (SmartLoan.Api). 
2026-08-28 21:16:39.3945|Info|SmartLoan.Application.Common.Behaviors.LoggingBehavior|CorrelationId=9aa7de5d-4d70-41f6-a065-5e30ff9148ca|smartloan Request:GenerateReportCommand starting... 
2026-08-28 21:16:39.3945|Info|SmartLoan.Application.Common.Behaviors.LoggingBehavior|CorrelationId=9aa7de5d-4d70-41f6-a065-5e30ff9148ca|Smarloan Request:GenerateReportCommand finished in 0ms 
2026-08-28 21:16:39.3945|Info|Microsoft.AspNetCore.Mvc.Infrastructure.ObjectResultExecutor|CorrelationId=9aa7de5d-4d70-41f6-a065-5e30ff9148ca|Executing AcceptedResult, writing value of type '<>f__AnonymousType2`2[[System.String, System.Private.CoreLib, Version=10.0.0.0, Culture=neutral, PublicKeyToken=7cec85d7bea7798e],[System.String, System.Private.CoreLib, Version=10.0.0.0, Culture=neutral, PublicKeyToken=7cec85d7bea7798e]]'. 
2026-08-28 21:16:39.3945|Info|Microsoft.AspNetCore.Mvc.Infrastructure.ControllerActionInvoker|CorrelationId=9aa7de5d-4d70-41f6-a065-5e30ff9148ca|Executed action SmartLoan.Api.Controllers.DashboardController.RequestReport (SmartLoan.Api) in 2.2233ms 
2026-08-28 21:16:39.3945|Info|Microsoft.AspNetCore.Routing.EndpointMiddleware|CorrelationId=9aa7de5d-4d70-41f6-a065-5e30ff9148ca|Executed endpoint 'SmartLoan.Api.Controllers.DashboardController.RequestReport (SmartLoan.Api)' 
2026-08-28 21:16:39.3945|Info|Microsoft.AspNetCore.Hosting.Diagnostics|CorrelationId=|Request finished HTTP/1.1 POST http://localhost:5176/api/v1/Dashboard/reports - 202 - application/json;+charset=utf-8 6.3901ms 
2026-08-28 21:16:39.5968|Info|Microsoft.AspNetCore.Hosting.Diagnostics|CorrelationId=|Request starting HTTP/1.1 POST http://localhost:5176/api/v1/Dashboard/reports - application/json 27 
2026-08-28 21:16:39.5968|Info|Microsoft.AspNetCore.Cors.Infrastructure.CorsService|CorrelationId=98e9397a-1c37-419b-9e3b-76b1119ae79c|CORS policy execution successful. 
2026-08-28 21:16:39.5968|Info|Microsoft.AspNetCore.Routing.EndpointMiddleware|CorrelationId=98e9397a-1c37-419b-9e3b-76b1119ae79c|Executing endpoint 'SmartLoan.Api.Controllers.DashboardController.RequestReport (SmartLoan.Api)' 
2026-08-28 21:16:39.5968|Info|Microsoft.AspNetCore.Mvc.Infrastructure.ControllerActionInvoker|CorrelationId=98e9397a-1c37-419b-9e3b-76b1119ae79c|Route matched with {action = "RequestReport", controller = "Dashboard"}. Executing controller action with signature System.Threading.Tasks.Task`1[Microsoft.AspNetCore.Mvc.IActionResult] RequestReport(SmartLoan.Application.Dashboard.GenerateReportCommand) on controller SmartLoan.Api.Controllers.DashboardController (SmartLoan.Api). 
2026-08-28 21:16:39.5968|Info|SmartLoan.Application.Common.Behaviors.LoggingBehavior|CorrelationId=98e9397a-1c37-419b-9e3b-76b1119ae79c|smartloan Request:GenerateReportCommand starting... 
2026-08-28 21:16:39.5968|Info|SmartLoan.Application.Common.Behaviors.LoggingBehavior|CorrelationId=98e9397a-1c37-419b-9e3b-76b1119ae79c|Smarloan Request:GenerateReportCommand finished in 0ms 
2026-08-28 21:16:39.5968|Info|Microsoft.AspNetCore.Mvc.Infrastructure.ObjectResultExecutor|CorrelationId=98e9397a-1c37-419b-9e3b-76b1119ae79c|Executing AcceptedResult, writing value of type '<>f__AnonymousType2`2[[System.String, System.Private.CoreLib, Version=10.0.0.0, Culture=neutral, PublicKeyToken=7cec85d7bea7798e],[System.String, System.Private.CoreLib, Version=10.0.0.0, Culture=neutral, PublicKeyToken=7cec85d7bea7798e]]'. 
2026-08-28 21:16:39.5968|Info|Microsoft.AspNetCore.Mvc.Infrastructure.ControllerActionInvoker|CorrelationId=98e9397a-1c37-419b-9e3b-76b1119ae79c|Executed action SmartLoan.Api.Controllers.DashboardController.RequestReport (SmartLoan.Api) in 3.4756ms 
2026-08-28 21:16:39.5968|Info|Microsoft.AspNetCore.Routing.EndpointMiddleware|CorrelationId=98e9397a-1c37-419b-9e3b-76b1119ae79c|Executed endpoint 'SmartLoan.Api.Controllers.DashboardController.RequestReport (SmartLoan.Api)' 
2026-08-28 21:16:39.5968|Info|Microsoft.AspNetCore.Hosting.Diagnostics|CorrelationId=|Request finished HTTP/1.1 POST http://localhost:5176/api/v1/Dashboard/reports - 202 - application/json;+charset=utf-8 9.1989ms 
2026-08-28 21:16:39.7765|Info|Microsoft.AspNetCore.Hosting.Diagnostics|CorrelationId=|Request starting HTTP/1.1 POST http://localhost:5176/api/v1/Dashboard/reports - application/json 27 
2026-08-28 21:16:39.7765|Info|Microsoft.AspNetCore.Cors.Infrastructure.CorsService|CorrelationId=edcebd4d-6e08-4b08-93f4-e4fad2696084|CORS policy execution successful. 
2026-08-28 21:16:39.7765|Info|Microsoft.AspNetCore.Routing.EndpointMiddleware|CorrelationId=edcebd4d-6e08-4b08-93f4-e4fad2696084|Executing endpoint 'SmartLoan.Api.Controllers.DashboardController.RequestReport (SmartLoan.Api)' 
2026-08-28 21:16:39.7765|Info|Microsoft.AspNetCore.Mvc.Infrastructure.ControllerActionInvoker|CorrelationId=edcebd4d-6e08-4b08-93f4-e4fad2696084|Route matched with {action = "RequestReport", controller = "Dashboard"}. Executing controller action with signature System.Threading.Tasks.Task`1[Microsoft.AspNetCore.Mvc.IActionResult] RequestReport(SmartLoan.Application.Dashboard.GenerateReportCommand) on controller SmartLoan.Api.Controllers.DashboardController (SmartLoan.Api). 
2026-08-28 21:16:39.7793|Info|SmartLoan.Application.Common.Behaviors.LoggingBehavior|CorrelationId=edcebd4d-6e08-4b08-93f4-e4fad2696084|smartloan Request:GenerateReportCommand starting... 
2026-08-28 21:16:39.7793|Info|SmartLoan.Application.Common.Behaviors.LoggingBehavior|CorrelationId=edcebd4d-6e08-4b08-93f4-e4fad2696084|Smarloan Request:GenerateReportCommand finished in 0ms 
2026-08-28 21:16:39.7793|Info|Microsoft.AspNetCore.Mvc.Infrastructure.ObjectResultExecutor|CorrelationId=edcebd4d-6e08-4b08-93f4-e4fad2696084|Executing AcceptedResult, writing value of type '<>f__AnonymousType2`2[[System.String, System.Private.CoreLib, Version=10.0.0.0, Culture=neutral, PublicKeyToken=7cec85d7bea7798e],[System.String, System.Private.CoreLib, Version=10.0.0.0, Culture=neutral, PublicKeyToken=7cec85d7bea7798e]]'. 
2026-08-28 21:16:39.7793|Info|Microsoft.AspNetCore.Mvc.Infrastructure.ControllerActionInvoker|CorrelationId=edcebd4d-6e08-4b08-93f4-e4fad2696084|Executed action SmartLoan.Api.Controllers.DashboardController.RequestReport (SmartLoan.Api) in 3.8299ms 
2026-08-28 21:16:39.7793|Info|Microsoft.AspNetCore.Routing.EndpointMiddleware|CorrelationId=edcebd4d-6e08-4b08-93f4-e4fad2696084|Executed endpoint 'SmartLoan.Api.Controllers.DashboardController.RequestReport (SmartLoan.Api)' 
2026-08-28 21:16:39.7793|Info|Microsoft.AspNetCore.Hosting.Diagnostics|CorrelationId=|Request finished HTTP/1.1 POST http://localhost:5176/api/v1/Dashboard/reports - 202 - application/json;+charset=utf-8 6.8555ms 
2026-08-28 21:16:39.9888|Info|Microsoft.AspNetCore.Hosting.Diagnostics|CorrelationId=|Request starting HTTP/1.1 POST http://localhost:5176/api/v1/Dashboard/reports - application/json 27 
2026-08-28 21:16:39.9888|Info|Microsoft.AspNetCore.Cors.Infrastructure.CorsService|CorrelationId=52cf63ad-5900-4b17-854c-2ee570fc03b6|CORS policy execution successful. 
2026-08-28 21:16:39.9888|Info|Microsoft.AspNetCore.Routing.EndpointMiddleware|CorrelationId=52cf63ad-5900-4b17-854c-2ee570fc03b6|Executing endpoint 'SmartLoan.Api.Controllers.DashboardController.RequestReport (SmartLoan.Api)' 
2026-08-28 21:16:39.9888|Info|Microsoft.AspNetCore.Mvc.Infrastructure.ControllerActionInvoker|CorrelationId=52cf63ad-5900-4b17-854c-2ee570fc03b6|Route matched with {action = "RequestReport", controller = "Dashboard"}. Executing controller action with signature System.Threading.Tasks.Task`1[Microsoft.AspNetCore.Mvc.IActionResult] RequestReport(SmartLoan.Application.Dashboard.GenerateReportCommand) on controller SmartLoan.Api.Controllers.DashboardController (SmartLoan.Api). 
2026-08-28 21:16:39.9888|Info|SmartLoan.Application.Common.Behaviors.LoggingBehavior|CorrelationId=52cf63ad-5900-4b17-854c-2ee570fc03b6|smartloan Request:GenerateReportCommand starting... 
2026-08-28 21:16:39.9888|Info|SmartLoan.Application.Common.Behaviors.LoggingBehavior|CorrelationId=52cf63ad-5900-4b17-854c-2ee570fc03b6|Smarloan Request:GenerateReportCommand finished in 0ms 
2026-08-28 21:16:39.9888|Info|Microsoft.AspNetCore.Mvc.Infrastructure.ObjectResultExecutor|CorrelationId=52cf63ad-5900-4b17-854c-2ee570fc03b6|Executing AcceptedResult, writing value of type '<>f__AnonymousType2`2[[System.String, System.Private.CoreLib, Version=10.0.0.0, Culture=neutral, PublicKeyToken=7cec85d7bea7798e],[System.String, System.Private.CoreLib, Version=10.0.0.0, Culture=neutral, PublicKeyToken=7cec85d7bea7798e]]'. 
2026-08-28 21:16:39.9888|Info|Microsoft.AspNetCore.Mvc.Infrastructure.ControllerActionInvoker|CorrelationId=52cf63ad-5900-4b17-854c-2ee570fc03b6|Executed action SmartLoan.Api.Controllers.DashboardController.RequestReport (SmartLoan.Api) in 1.0062ms 
2026-08-28 21:16:39.9888|Info|Microsoft.AspNetCore.Routing.EndpointMiddleware|CorrelationId=52cf63ad-5900-4b17-854c-2ee570fc03b6|Executed endpoint 'SmartLoan.Api.Controllers.DashboardController.RequestReport (SmartLoan.Api)' 
2026-08-28 21:16:39.9888|Info|Microsoft.AspNetCore.Hosting.Diagnostics|CorrelationId=|Request finished HTTP/1.1 POST http://localhost:5176/api/v1/Dashboard/reports - 202 - application/json;+charset=utf-8 2.2715ms 
2026-08-28 21:16:40.1765|Info|Microsoft.AspNetCore.Hosting.Diagnostics|CorrelationId=|Request starting HTTP/1.1 POST http://localhost:5176/api/v1/Dashboard/reports - application/json 27 
2026-08-28 21:16:40.1765|Info|Microsoft.AspNetCore.Cors.Infrastructure.CorsService|CorrelationId=12f49058-5741-48ae-b524-a866f2bd125f|CORS policy execution successful. 
2026-08-28 21:16:40.1765|Info|Microsoft.AspNetCore.Routing.EndpointMiddleware|CorrelationId=12f49058-5741-48ae-b524-a866f2bd125f|Executing endpoint 'SmartLoan.Api.Controllers.DashboardController.RequestReport (SmartLoan.Api)' 
2026-08-28 21:16:40.1765|Info|Microsoft.AspNetCore.Mvc.Infrastructure.ControllerActionInvoker|CorrelationId=12f49058-5741-48ae-b524-a866f2bd125f|Route matched with {action = "RequestReport", controller = "Dashboard"}. Executing controller action with signature System.Threading.Tasks.Task`1[Microsoft.AspNetCore.Mvc.IActionResult] RequestReport(SmartLoan.Application.Dashboard.GenerateReportCommand) on controller SmartLoan.Api.Controllers.DashboardController (SmartLoan.Api). 
2026-08-28 21:16:40.1765|Info|SmartLoan.Application.Common.Behaviors.LoggingBehavior|CorrelationId=12f49058-5741-48ae-b524-a866f2bd125f|smartloan Request:GenerateReportCommand starting... 
2026-08-28 21:16:40.1765|Info|SmartLoan.Application.Common.Behaviors.LoggingBehavior|CorrelationId=12f49058-5741-48ae-b524-a866f2bd125f|Smarloan Request:GenerateReportCommand finished in 0ms 
2026-08-28 21:16:40.1765|Info|Microsoft.AspNetCore.Mvc.Infrastructure.ObjectResultExecutor|CorrelationId=12f49058-5741-48ae-b524-a866f2bd125f|Executing AcceptedResult, writing value of type '<>f__AnonymousType2`2[[System.String, System.Private.CoreLib, Version=10.0.0.0, Culture=neutral, PublicKeyToken=7cec85d7bea7798e],[System.String, System.Private.CoreLib, Version=10.0.0.0, Culture=neutral, PublicKeyToken=7cec85d7bea7798e]]'. 
2026-08-28 21:16:40.1765|Info|Microsoft.AspNetCore.Mvc.Infrastructure.ControllerActionInvoker|CorrelationId=12f49058-5741-48ae-b524-a866f2bd125f|Executed action SmartLoan.Api.Controllers.DashboardController.RequestReport (SmartLoan.Api) in 1.3539ms 
2026-08-28 21:16:40.1765|Info|Microsoft.AspNetCore.Routing.EndpointMiddleware|CorrelationId=12f49058-5741-48ae-b524-a866f2bd125f|Executed endpoint 'SmartLoan.Api.Controllers.DashboardController.RequestReport (SmartLoan.Api)' 
2026-08-28 21:16:40.1765|Info|Microsoft.AspNetCore.Hosting.Diagnostics|CorrelationId=|Request finished HTTP/1.1 POST http://localhost:5176/api/v1/Dashboard/reports - 202 - application/json;+charset=utf-8 3.3572ms 
2026-08-28 21:16:40.3882|Info|Microsoft.AspNetCore.Hosting.Diagnostics|CorrelationId=|Request starting HTTP/1.1 POST http://localhost:5176/api/v1/Dashboard/reports - application/json 27 
2026-08-28 21:16:40.3882|Info|Microsoft.AspNetCore.Cors.Infrastructure.CorsService|CorrelationId=8ecdc9b7-57f3-46fb-9e95-d43406ceaf74|CORS policy execution successful. 
2026-08-28 21:16:40.3882|Info|Microsoft.AspNetCore.Routing.EndpointMiddleware|CorrelationId=8ecdc9b7-57f3-46fb-9e95-d43406ceaf74|Executing endpoint 'SmartLoan.Api.Controllers.DashboardController.RequestReport (SmartLoan.Api)' 
2026-08-28 21:16:40.3882|Info|Microsoft.AspNetCore.Mvc.Infrastructure.ControllerActionInvoker|CorrelationId=8ecdc9b7-57f3-46fb-9e95-d43406ceaf74|Route matched with {action = "RequestReport", controller = "Dashboard"}. Executing controller action with signature System.Threading.Tasks.Task`1[Microsoft.AspNetCore.Mvc.IActionResult] RequestReport(SmartLoan.Application.Dashboard.GenerateReportCommand) on controller SmartLoan.Api.Controllers.DashboardController (SmartLoan.Api). 
2026-08-28 21:16:40.3882|Info|SmartLoan.Application.Common.Behaviors.LoggingBehavior|CorrelationId=8ecdc9b7-57f3-46fb-9e95-d43406ceaf74|smartloan Request:GenerateReportCommand starting... 
2026-08-28 21:16:40.3882|Info|SmartLoan.Application.Common.Behaviors.LoggingBehavior|CorrelationId=8ecdc9b7-57f3-46fb-9e95-d43406ceaf74|Smarloan Request:GenerateReportCommand finished in 0ms 
2026-08-28 21:16:40.3882|Info|Microsoft.AspNetCore.Mvc.Infrastructure.ObjectResultExecutor|CorrelationId=8ecdc9b7-57f3-46fb-9e95-d43406ceaf74|Executing AcceptedResult, writing value of type '<>f__AnonymousType2`2[[System.String, System.Private.CoreLib, Version=10.0.0.0, Culture=neutral, PublicKeyToken=7cec85d7bea7798e],[System.String, System.Private.CoreLib, Version=10.0.0.0, Culture=neutral, PublicKeyToken=7cec85d7bea7798e]]'. 
2026-08-28 21:16:40.3882|Info|Microsoft.AspNetCore.Mvc.Infrastructure.ControllerActionInvoker|CorrelationId=8ecdc9b7-57f3-46fb-9e95-d43406ceaf74|Executed action SmartLoan.Api.Controllers.DashboardController.RequestReport (SmartLoan.Api) in 0.9715ms 
2026-08-28 21:16:40.3882|Info|Microsoft.AspNetCore.Routing.EndpointMiddleware|CorrelationId=8ecdc9b7-57f3-46fb-9e95-d43406ceaf74|Executed endpoint 'SmartLoan.Api.Controllers.DashboardController.RequestReport (SmartLoan.Api)' 
2026-08-28 21:16:40.3882|Info|Microsoft.AspNetCore.Hosting.Diagnostics|CorrelationId=|Request finished HTTP/1.1 POST http://localhost:5176/api/v1/Dashboard/reports - 202 - application/json;+charset=utf-8 3.4660ms 
2026-08-28 21:16:40.5912|Info|SmartLoan.Infrastructure.BackgroundJobs.ReportWorker|CorrelationId=|Report 9773cc7a finished! (Ready for download) 
2026-08-28 21:16:40.5912|Info|SmartLoan.Infrastructure.BackgroundJobs.ReportWorker|CorrelationId=|Chef picking up Report 385e52a2. Processing... 
2026-08-28 21:16:40.6327|Info|Microsoft.AspNetCore.Hosting.Diagnostics|CorrelationId=|Request starting HTTP/1.1 POST http://localhost:5176/api/v1/Dashboard/reports - application/json 27 
2026-08-28 21:16:40.6327|Info|Microsoft.AspNetCore.Cors.Infrastructure.CorsService|CorrelationId=2d844483-9636-4998-94fb-5b241711d192|CORS policy execution successful. 
2026-08-28 21:16:40.6327|Info|Microsoft.AspNetCore.Routing.EndpointMiddleware|CorrelationId=2d844483-9636-4998-94fb-5b241711d192|Executing endpoint 'SmartLoan.Api.Controllers.DashboardController.RequestReport (SmartLoan.Api)' 
2026-08-28 21:16:40.6327|Info|Microsoft.AspNetCore.Mvc.Infrastructure.ControllerActionInvoker|CorrelationId=2d844483-9636-4998-94fb-5b241711d192|Route matched with {action = "RequestReport", controller = "Dashboard"}. Executing controller action with signature System.Threading.Tasks.Task`1[Microsoft.AspNetCore.Mvc.IActionResult] RequestReport(SmartLoan.Application.Dashboard.GenerateReportCommand) on controller SmartLoan.Api.Controllers.DashboardController (SmartLoan.Api). 
2026-08-28 21:16:40.6327|Info|SmartLoan.Application.Common.Behaviors.LoggingBehavior|CorrelationId=2d844483-9636-4998-94fb-5b241711d192|smartloan Request:GenerateReportCommand starting... 
2026-08-28 21:16:40.6327|Info|SmartLoan.Application.Common.Behaviors.LoggingBehavior|CorrelationId=2d844483-9636-4998-94fb-5b241711d192|Smarloan Request:GenerateReportCommand finished in 0ms 
2026-08-28 21:16:40.6327|Info|Microsoft.AspNetCore.Mvc.Infrastructure.ObjectResultExecutor|CorrelationId=2d844483-9636-4998-94fb-5b241711d192|Executing AcceptedResult, writing value of type '<>f__AnonymousType2`2[[System.String, System.Private.CoreLib, Version=10.0.0.0, Culture=neutral, PublicKeyToken=7cec85d7bea7798e],[System.String, System.Private.CoreLib, Version=10.0.0.0, Culture=neutral, PublicKeyToken=7cec85d7bea7798e]]'. 
2026-08-28 21:16:40.6327|Info|Microsoft.AspNetCore.Mvc.Infrastructure.ControllerActionInvoker|CorrelationId=2d844483-9636-4998-94fb-5b241711d192|Executed action SmartLoan.Api.Controllers.DashboardController.RequestReport (SmartLoan.Api) in 0.6442ms 
2026-08-28 21:16:40.6327|Info|Microsoft.AspNetCore.Routing.EndpointMiddleware|CorrelationId=2d844483-9636-4998-94fb-5b241711d192|Executed endpoint 'SmartLoan.Api.Controllers.DashboardController.RequestReport (SmartLoan.Api)' 
2026-08-28 21:16:40.6327|Info|Microsoft.AspNetCore.Hosting.Diagnostics|CorrelationId=|Request finished HTTP/1.1 POST http://localhost:5176/api/v1/Dashboard/reports - 202 - application/json;+charset=utf-8 1.7971ms 
2026-08-28 21:16:40.8570|Info|Microsoft.AspNetCore.Hosting.Diagnostics|CorrelationId=|Request starting HTTP/1.1 POST http://localhost:5176/api/v1/Dashboard/reports - application/json 27 
2026-08-28 21:16:40.8570|Info|Microsoft.AspNetCore.Cors.Infrastructure.CorsService|CorrelationId=5e0ae4f5-0e41-44b8-9433-8a314f388be0|CORS policy execution successful. 
2026-08-28 21:16:40.8570|Info|Microsoft.AspNetCore.Routing.EndpointMiddleware|CorrelationId=5e0ae4f5-0e41-44b8-9433-8a314f388be0|Executing endpoint 'SmartLoan.Api.Controllers.DashboardController.RequestReport (SmartLoan.Api)' 
2026-08-28 21:16:40.8570|Info|Microsoft.AspNetCore.Mvc.Infrastructure.ControllerActionInvoker|CorrelationId=5e0ae4f5-0e41-44b8-9433-8a314f388be0|Route matched with {action = "RequestReport", controller = "Dashboard"}. Executing controller action with signature System.Threading.Tasks.Task`1[Microsoft.AspNetCore.Mvc.IActionResult] RequestReport(SmartLoan.Application.Dashboard.GenerateReportCommand) on controller SmartLoan.Api.Controllers.DashboardController (SmartLoan.Api). 
2026-08-28 21:16:40.8570|Info|SmartLoan.Application.Common.Behaviors.LoggingBehavior|CorrelationId=5e0ae4f5-0e41-44b8-9433-8a314f388be0|smartloan Request:GenerateReportCommand starting... 
2026-08-28 21:16:40.8570|Info|SmartLoan.Application.Common.Behaviors.LoggingBehavior|CorrelationId=5e0ae4f5-0e41-44b8-9433-8a314f388be0|Smarloan Request:GenerateReportCommand finished in 0ms 
2026-08-28 21:16:40.8570|Info|Microsoft.AspNetCore.Mvc.Infrastructure.ObjectResultExecutor|CorrelationId=5e0ae4f5-0e41-44b8-9433-8a314f388be0|Executing AcceptedResult, writing value of type '<>f__AnonymousType2`2[[System.String, System.Private.CoreLib, Version=10.0.0.0, Culture=neutral, PublicKeyToken=7cec85d7bea7798e],[System.String, System.Private.CoreLib, Version=10.0.0.0, Culture=neutral, PublicKeyToken=7cec85d7bea7798e]]'. 
2026-08-28 21:16:40.8570|Info|Microsoft.AspNetCore.Mvc.Infrastructure.ControllerActionInvoker|CorrelationId=5e0ae4f5-0e41-44b8-9433-8a314f388be0|Executed action SmartLoan.Api.Controllers.DashboardController.RequestReport (SmartLoan.Api) in 0.5132ms 
2026-08-28 21:16:40.8570|Info|Microsoft.AspNetCore.Routing.EndpointMiddleware|CorrelationId=5e0ae4f5-0e41-44b8-9433-8a314f388be0|Executed endpoint 'SmartLoan.Api.Controllers.DashboardController.RequestReport (SmartLoan.Api)' 
2026-08-28 21:16:40.8570|Info|Microsoft.AspNetCore.Hosting.Diagnostics|CorrelationId=|Request finished HTTP/1.1 POST http://localhost:5176/api/v1/Dashboard/reports - 202 - application/json;+charset=utf-8 1.7462ms 
2026-08-28 21:16:41.4898|Info|Microsoft.AspNetCore.Hosting.Diagnostics|CorrelationId=|Request starting HTTP/1.1 POST http://localhost:5176/api/v1/Dashboard/reports - application/json 27 
2026-08-28 21:16:41.4898|Info|Microsoft.AspNetCore.Cors.Infrastructure.CorsService|CorrelationId=1202d3b2-8097-4018-a155-72fc9da488ab|CORS policy execution successful. 
2026-08-28 21:16:41.4898|Info|Microsoft.AspNetCore.Routing.EndpointMiddleware|CorrelationId=1202d3b2-8097-4018-a155-72fc9da488ab|Executing endpoint 'SmartLoan.Api.Controllers.DashboardController.RequestReport (SmartLoan.Api)' 
2026-08-28 21:16:41.4898|Info|Microsoft.AspNetCore.Mvc.Infrastructure.ControllerActionInvoker|CorrelationId=1202d3b2-8097-4018-a155-72fc9da488ab|Route matched with {action = "RequestReport", controller = "Dashboard"}. Executing controller action with signature System.Threading.Tasks.Task`1[Microsoft.AspNetCore.Mvc.IActionResult] RequestReport(SmartLoan.Application.Dashboard.GenerateReportCommand) on controller SmartLoan.Api.Controllers.DashboardController (SmartLoan.Api). 
2026-08-28 21:16:41.4898|Info|SmartLoan.Application.Common.Behaviors.LoggingBehavior|CorrelationId=1202d3b2-8097-4018-a155-72fc9da488ab|smartloan Request:GenerateReportCommand starting... 
2026-08-28 21:16:41.4898|Info|SmartLoan.Application.Common.Behaviors.LoggingBehavior|CorrelationId=1202d3b2-8097-4018-a155-72fc9da488ab|Smarloan Request:GenerateReportCommand finished in 0ms 
2026-08-28 21:16:41.4898|Info|Microsoft.AspNetCore.Mvc.Infrastructure.ObjectResultExecutor|CorrelationId=1202d3b2-8097-4018-a155-72fc9da488ab|Executing AcceptedResult, writing value of type '<>f__AnonymousType2`2[[System.String, System.Private.CoreLib, Version=10.0.0.0, Culture=neutral, PublicKeyToken=7cec85d7bea7798e],[System.String, System.Private.CoreLib, Version=10.0.0.0, Culture=neutral, PublicKeyToken=7cec85d7bea7798e]]'. 
2026-08-28 21:16:41.4898|Info|Microsoft.AspNetCore.Mvc.Infrastructure.ControllerActionInvoker|CorrelationId=1202d3b2-8097-4018-a155-72fc9da488ab|Executed action SmartLoan.Api.Controllers.DashboardController.RequestReport (SmartLoan.Api) in 1.194ms 
2026-08-28 21:16:41.4898|Info|Microsoft.AspNetCore.Routing.EndpointMiddleware|CorrelationId=1202d3b2-8097-4018-a155-72fc9da488ab|Executed endpoint 'SmartLoan.Api.Controllers.DashboardController.RequestReport (SmartLoan.Api)' 
2026-08-28 21:16:41.4898|Info|Microsoft.AspNetCore.Hosting.Diagnostics|CorrelationId=|Request finished HTTP/1.1 POST http://localhost:5176/api/v1/Dashboard/reports - 202 - application/json;+charset=utf-8 3.1645ms 
2026-08-28 21:16:41.7134|Info|Microsoft.AspNetCore.Hosting.Diagnostics|CorrelationId=|Request starting HTTP/1.1 POST http://localhost:5176/api/v1/Dashboard/reports - application/json 27 
2026-08-28 21:16:41.7134|Info|Microsoft.AspNetCore.Cors.Infrastructure.CorsService|CorrelationId=a4af6f33-ed68-4485-ac9e-9709366e7711|CORS policy execution successful. 
2026-08-28 21:16:41.7134|Info|Microsoft.AspNetCore.Routing.EndpointMiddleware|CorrelationId=a4af6f33-ed68-4485-ac9e-9709366e7711|Executing endpoint 'SmartLoan.Api.Controllers.DashboardController.RequestReport (SmartLoan.Api)' 
2026-08-28 21:16:41.7134|Info|Microsoft.AspNetCore.Mvc.Infrastructure.ControllerActionInvoker|CorrelationId=a4af6f33-ed68-4485-ac9e-9709366e7711|Route matched with {action = "RequestReport", controller = "Dashboard"}. Executing controller action with signature System.Threading.Tasks.Task`1[Microsoft.AspNetCore.Mvc.IActionResult] RequestReport(SmartLoan.Application.Dashboard.GenerateReportCommand) on controller SmartLoan.Api.Controllers.DashboardController (SmartLoan.Api). 
2026-08-28 21:16:41.7134|Info|SmartLoan.Application.Common.Behaviors.LoggingBehavior|CorrelationId=a4af6f33-ed68-4485-ac9e-9709366e7711|smartloan Request:GenerateReportCommand starting... 
2026-08-28 21:16:41.7134|Info|SmartLoan.Application.Common.Behaviors.LoggingBehavior|CorrelationId=a4af6f33-ed68-4485-ac9e-9709366e7711|Smarloan Request:GenerateReportCommand finished in 0ms 
2026-08-28 21:16:41.7162|Info|Microsoft.AspNetCore.Mvc.Infrastructure.ObjectResultExecutor|CorrelationId=a4af6f33-ed68-4485-ac9e-9709366e7711|Executing AcceptedResult, writing value of type '<>f__AnonymousType2`2[[System.String, System.Private.CoreLib, Version=10.0.0.0, Culture=neutral, PublicKeyToken=7cec85d7bea7798e],[System.String, System.Private.CoreLib, Version=10.0.0.0, Culture=neutral, PublicKeyToken=7cec85d7bea7798e]]'. 
2026-08-28 21:16:41.7162|Info|Microsoft.AspNetCore.Mvc.Infrastructure.ControllerActionInvoker|CorrelationId=a4af6f33-ed68-4485-ac9e-9709366e7711|Executed action SmartLoan.Api.Controllers.DashboardController.RequestReport (SmartLoan.Api) in 1.2082ms 
2026-08-28 21:16:41.7162|Info|Microsoft.AspNetCore.Routing.EndpointMiddleware|CorrelationId=a4af6f33-ed68-4485-ac9e-9709366e7711|Executed endpoint 'SmartLoan.Api.Controllers.DashboardController.RequestReport (SmartLoan.Api)' 
2026-08-28 21:16:41.7162|Info|Microsoft.AspNetCore.Hosting.Diagnostics|CorrelationId=|Request finished HTTP/1.1 POST http://localhost:5176/api/v1/Dashboard/reports - 202 - application/json;+charset=utf-8 3.5252ms 
2026-08-28 21:16:42.0364|Info|Microsoft.AspNetCore.Hosting.Diagnostics|CorrelationId=|Request starting HTTP/1.1 POST http://localhost:5176/api/v1/Dashboard/reports - application/json 27 
2026-08-28 21:16:42.0364|Info|Microsoft.AspNetCore.Cors.Infrastructure.CorsService|CorrelationId=eb73e282-362a-4db4-aa25-d48073e175e5|CORS policy execution successful. 
2026-08-28 21:16:42.0364|Info|Microsoft.AspNetCore.Routing.EndpointMiddleware|CorrelationId=eb73e282-362a-4db4-aa25-d48073e175e5|Executing endpoint 'SmartLoan.Api.Controllers.DashboardController.RequestReport (SmartLoan.Api)' 
2026-08-28 21:16:42.0364|Info|Microsoft.AspNetCore.Mvc.Infrastructure.ControllerActionInvoker|CorrelationId=eb73e282-362a-4db4-aa25-d48073e175e5|Route matched with {action = "RequestReport", controller = "Dashboard"}. Executing controller action with signature System.Threading.Tasks.Task`1[Microsoft.AspNetCore.Mvc.IActionResult] RequestReport(SmartLoan.Application.Dashboard.GenerateReportCommand) on controller SmartLoan.Api.Controllers.DashboardController (SmartLoan.Api). 
2026-08-28 21:16:42.0364|Info|SmartLoan.Application.Common.Behaviors.LoggingBehavior|CorrelationId=eb73e282-362a-4db4-aa25-d48073e175e5|smartloan Request:GenerateReportCommand starting... 
2026-08-28 21:16:42.0364|Info|SmartLoan.Application.Common.Behaviors.LoggingBehavior|CorrelationId=eb73e282-362a-4db4-aa25-d48073e175e5|Smarloan Request:GenerateReportCommand finished in 0ms 
2026-08-28 21:16:42.0364|Info|Microsoft.AspNetCore.Mvc.Infrastructure.ObjectResultExecutor|CorrelationId=eb73e282-362a-4db4-aa25-d48073e175e5|Executing AcceptedResult, writing value of type '<>f__AnonymousType2`2[[System.String, System.Private.CoreLib, Version=10.0.0.0, Culture=neutral, PublicKeyToken=7cec85d7bea7798e],[System.String, System.Private.CoreLib, Version=10.0.0.0, Culture=neutral, PublicKeyToken=7cec85d7bea7798e]]'. 
2026-08-28 21:16:42.0364|Info|Microsoft.AspNetCore.Mvc.Infrastructure.ControllerActionInvoker|CorrelationId=eb73e282-362a-4db4-aa25-d48073e175e5|Executed action SmartLoan.Api.Controllers.DashboardController.RequestReport (SmartLoan.Api) in 1.2841ms 
2026-08-28 21:16:42.0364|Info|Microsoft.AspNetCore.Routing.EndpointMiddleware|CorrelationId=eb73e282-362a-4db4-aa25-d48073e175e5|Executed endpoint 'SmartLoan.Api.Controllers.DashboardController.RequestReport (SmartLoan.Api)' 
2026-08-28 21:16:42.0364|Info|Microsoft.AspNetCore.Hosting.Diagnostics|CorrelationId=|Request finished HTTP/1.1 POST http://localhost:5176/api/v1/Dashboard/reports - 202 - application/json;+charset=utf-8 3.7271ms 
2026-08-28 21:16:42.2210|Info|Microsoft.AspNetCore.Hosting.Diagnostics|CorrelationId=|Request starting HTTP/1.1 POST http://localhost:5176/api/v1/Dashboard/reports - application/json 27 
2026-08-28 21:16:42.2210|Info|Microsoft.AspNetCore.Cors.Infrastructure.CorsService|CorrelationId=dd8e5bd6-e639-45f9-96b4-f7bd3c915b8b|CORS policy execution successful. 
2026-08-28 21:16:42.2210|Info|Microsoft.AspNetCore.Routing.EndpointMiddleware|CorrelationId=dd8e5bd6-e639-45f9-96b4-f7bd3c915b8b|Executing endpoint 'SmartLoan.Api.Controllers.DashboardController.RequestReport (SmartLoan.Api)' 
2026-08-28 21:16:42.2210|Info|Microsoft.AspNetCore.Mvc.Infrastructure.ControllerActionInvoker|CorrelationId=dd8e5bd6-e639-45f9-96b4-f7bd3c915b8b|Route matched with {action = "RequestReport", controller = "Dashboard"}. Executing controller action with signature System.Threading.Tasks.Task`1[Microsoft.AspNetCore.Mvc.IActionResult] RequestReport(SmartLoan.Application.Dashboard.GenerateReportCommand) on controller SmartLoan.Api.Controllers.DashboardController (SmartLoan.Api). 
2026-08-28 21:16:42.2210|Info|SmartLoan.Application.Common.Behaviors.LoggingBehavior|CorrelationId=dd8e5bd6-e639-45f9-96b4-f7bd3c915b8b|smartloan Request:GenerateReportCommand starting... 
2026-08-28 21:16:42.2210|Info|SmartLoan.Application.Common.Behaviors.LoggingBehavior|CorrelationId=dd8e5bd6-e639-45f9-96b4-f7bd3c915b8b|Smarloan Request:GenerateReportCommand finished in 0ms 
2026-08-28 21:16:42.2210|Info|Microsoft.AspNetCore.Mvc.Infrastructure.ObjectResultExecutor|CorrelationId=dd8e5bd6-e639-45f9-96b4-f7bd3c915b8b|Executing AcceptedResult, writing value of type '<>f__AnonymousType2`2[[System.String, System.Private.CoreLib, Version=10.0.0.0, Culture=neutral, PublicKeyToken=7cec85d7bea7798e],[System.String, System.Private.CoreLib, Version=10.0.0.0, Culture=neutral, PublicKeyToken=7cec85d7bea7798e]]'. 
2026-08-28 21:16:42.2210|Info|Microsoft.AspNetCore.Mvc.Infrastructure.ControllerActionInvoker|CorrelationId=dd8e5bd6-e639-45f9-96b4-f7bd3c915b8b|Executed action SmartLoan.Api.Controllers.DashboardController.RequestReport (SmartLoan.Api) in 0.9396ms 
2026-08-28 21:16:42.2210|Info|Microsoft.AspNetCore.Routing.EndpointMiddleware|CorrelationId=dd8e5bd6-e639-45f9-96b4-f7bd3c915b8b|Executed endpoint 'SmartLoan.Api.Controllers.DashboardController.RequestReport (SmartLoan.Api)' 
2026-08-28 21:16:42.2210|Info|Microsoft.AspNetCore.Hosting.Diagnostics|CorrelationId=|Request finished HTTP/1.1 POST http://localhost:5176/api/v1/Dashboard/reports - 202 - application/json;+charset=utf-8 2.4882ms 
2026-08-28 21:16:42.4317|Info|Microsoft.AspNetCore.Hosting.Diagnostics|CorrelationId=|Request starting HTTP/1.1 POST http://localhost:5176/api/v1/Dashboard/reports - application/json 27 
2026-08-28 21:16:42.4317|Info|Microsoft.AspNetCore.Cors.Infrastructure.CorsService|CorrelationId=f1fe4c8d-fb30-4440-a8de-d8fb4124a9d7|CORS policy execution successful. 
2026-08-28 21:16:42.4317|Info|Microsoft.AspNetCore.Routing.EndpointMiddleware|CorrelationId=f1fe4c8d-fb30-4440-a8de-d8fb4124a9d7|Executing endpoint 'SmartLoan.Api.Controllers.DashboardController.RequestReport (SmartLoan.Api)' 
2026-08-28 21:16:42.4317|Info|Microsoft.AspNetCore.Mvc.Infrastructure.ControllerActionInvoker|CorrelationId=f1fe4c8d-fb30-4440-a8de-d8fb4124a9d7|Route matched with {action = "RequestReport", controller = "Dashboard"}. Executing controller action with signature System.Threading.Tasks.Task`1[Microsoft.AspNetCore.Mvc.IActionResult] RequestReport(SmartLoan.Application.Dashboard.GenerateReportCommand) on controller SmartLoan.Api.Controllers.DashboardController (SmartLoan.Api). 
2026-08-28 21:16:42.4317|Info|SmartLoan.Application.Common.Behaviors.LoggingBehavior|CorrelationId=f1fe4c8d-fb30-4440-a8de-d8fb4124a9d7|smartloan Request:GenerateReportCommand starting... 
2026-08-28 21:16:42.4317|Info|SmartLoan.Application.Common.Behaviors.LoggingBehavior|CorrelationId=f1fe4c8d-fb30-4440-a8de-d8fb4124a9d7|Smarloan Request:GenerateReportCommand finished in 0ms 
2026-08-28 21:16:42.4317|Info|Microsoft.AspNetCore.Mvc.Infrastructure.ObjectResultExecutor|CorrelationId=f1fe4c8d-fb30-4440-a8de-d8fb4124a9d7|Executing AcceptedResult, writing value of type '<>f__AnonymousType2`2[[System.String, System.Private.CoreLib, Version=10.0.0.0, Culture=neutral, PublicKeyToken=7cec85d7bea7798e],[System.String, System.Private.CoreLib, Version=10.0.0.0, Culture=neutral, PublicKeyToken=7cec85d7bea7798e]]'. 
2026-08-28 21:16:42.4317|Info|Microsoft.AspNetCore.Mvc.Infrastructure.ControllerActionInvoker|CorrelationId=f1fe4c8d-fb30-4440-a8de-d8fb4124a9d7|Executed action SmartLoan.Api.Controllers.DashboardController.RequestReport (SmartLoan.Api) in 0.767ms 
2026-08-28 21:16:42.4317|Info|Microsoft.AspNetCore.Routing.EndpointMiddleware|CorrelationId=f1fe4c8d-fb30-4440-a8de-d8fb4124a9d7|Executed endpoint 'SmartLoan.Api.Controllers.DashboardController.RequestReport (SmartLoan.Api)' 
2026-08-28 21:16:42.4317|Info|Microsoft.AspNetCore.Hosting.Diagnostics|CorrelationId=|Request finished HTTP/1.1 POST http://localhost:5176/api/v1/Dashboard/reports - 202 - application/json;+charset=utf-8 1.8281ms 
2026-08-28 21:16:42.6387|Info|Microsoft.AspNetCore.Hosting.Diagnostics|CorrelationId=|Request starting HTTP/1.1 POST http://localhost:5176/api/v1/Dashboard/reports - application/json 27 
2026-08-28 21:16:42.6393|Info|Microsoft.AspNetCore.Cors.Infrastructure.CorsService|CorrelationId=b1a7be05-8c12-40c3-bf14-d97f11a636c0|CORS policy execution successful. 
2026-08-28 21:16:42.6393|Info|Microsoft.AspNetCore.Routing.EndpointMiddleware|CorrelationId=b1a7be05-8c12-40c3-bf14-d97f11a636c0|Executing endpoint 'SmartLoan.Api.Controllers.DashboardController.RequestReport (SmartLoan.Api)' 
2026-08-28 21:16:42.6393|Info|Microsoft.AspNetCore.Mvc.Infrastructure.ControllerActionInvoker|CorrelationId=b1a7be05-8c12-40c3-bf14-d97f11a636c0|Route matched with {action = "RequestReport", controller = "Dashboard"}. Executing controller action with signature System.Threading.Tasks.Task`1[Microsoft.AspNetCore.Mvc.IActionResult] RequestReport(SmartLoan.Application.Dashboard.GenerateReportCommand) on controller SmartLoan.Api.Controllers.DashboardController (SmartLoan.Api). 
2026-08-28 21:16:42.6393|Info|SmartLoan.Application.Common.Behaviors.LoggingBehavior|CorrelationId=b1a7be05-8c12-40c3-bf14-d97f11a636c0|smartloan Request:GenerateReportCommand starting... 
2026-08-28 21:16:42.6393|Info|SmartLoan.Application.Common.Behaviors.LoggingBehavior|CorrelationId=b1a7be05-8c12-40c3-bf14-d97f11a636c0|Smarloan Request:GenerateReportCommand finished in 0ms 
2026-08-28 21:16:42.6393|Info|Microsoft.AspNetCore.Mvc.Infrastructure.ObjectResultExecutor|CorrelationId=b1a7be05-8c12-40c3-bf14-d97f11a636c0|Executing AcceptedResult, writing value of type '<>f__AnonymousType2`2[[System.String, System.Private.CoreLib, Version=10.0.0.0, Culture=neutral, PublicKeyToken=7cec85d7bea7798e],[System.String, System.Private.CoreLib, Version=10.0.0.0, Culture=neutral, PublicKeyToken=7cec85d7bea7798e]]'. 
2026-08-28 21:16:42.6393|Info|Microsoft.AspNetCore.Mvc.Infrastructure.ControllerActionInvoker|CorrelationId=b1a7be05-8c12-40c3-bf14-d97f11a636c0|Executed action SmartLoan.Api.Controllers.DashboardController.RequestReport (SmartLoan.Api) in 0.6737ms 
2026-08-28 21:16:42.6393|Info|Microsoft.AspNetCore.Routing.EndpointMiddleware|CorrelationId=b1a7be05-8c12-40c3-bf14-d97f11a636c0|Executed endpoint 'SmartLoan.Api.Controllers.DashboardController.RequestReport (SmartLoan.Api)' 
2026-08-28 21:16:42.6393|Info|Microsoft.AspNetCore.Hosting.Diagnostics|CorrelationId=|Request finished HTTP/1.1 POST http://localhost:5176/api/v1/Dashboard/reports - 202 - application/json;+charset=utf-8 1.8614ms 
2026-08-28 21:16:42.8303|Info|Microsoft.AspNetCore.Hosting.Diagnostics|CorrelationId=|Request starting HTTP/1.1 POST http://localhost:5176/api/v1/Dashboard/reports - application/json 27 
2026-08-28 21:16:42.8303|Info|Microsoft.AspNetCore.Cors.Infrastructure.CorsService|CorrelationId=60a7394e-3d7c-49d1-8deb-bcdc7e7e404d|CORS policy execution successful. 
2026-08-28 21:16:42.8303|Info|Microsoft.AspNetCore.Routing.EndpointMiddleware|CorrelationId=60a7394e-3d7c-49d1-8deb-bcdc7e7e404d|Executing endpoint 'SmartLoan.Api.Controllers.DashboardController.RequestReport (SmartLoan.Api)' 
2026-08-28 21:16:42.8303|Info|Microsoft.AspNetCore.Mvc.Infrastructure.ControllerActionInvoker|CorrelationId=60a7394e-3d7c-49d1-8deb-bcdc7e7e404d|Route matched with {action = "RequestReport", controller = "Dashboard"}. Executing controller action with signature System.Threading.Tasks.Task`1[Microsoft.AspNetCore.Mvc.IActionResult] RequestReport(SmartLoan.Application.Dashboard.GenerateReportCommand) on controller SmartLoan.Api.Controllers.DashboardController (SmartLoan.Api). 
2026-08-28 21:16:42.8303|Info|SmartLoan.Application.Common.Behaviors.LoggingBehavior|CorrelationId=60a7394e-3d7c-49d1-8deb-bcdc7e7e404d|smartloan Request:GenerateReportCommand starting... 
2026-08-28 21:16:42.8303|Info|SmartLoan.Application.Common.Behaviors.LoggingBehavior|CorrelationId=60a7394e-3d7c-49d1-8deb-bcdc7e7e404d|Smarloan Request:GenerateReportCommand finished in 0ms 
2026-08-28 21:16:42.8303|Info|Microsoft.AspNetCore.Mvc.Infrastructure.ObjectResultExecutor|CorrelationId=60a7394e-3d7c-49d1-8deb-bcdc7e7e404d|Executing AcceptedResult, writing value of type '<>f__AnonymousType2`2[[System.String, System.Private.CoreLib, Version=10.0.0.0, Culture=neutral, PublicKeyToken=7cec85d7bea7798e],[System.String, System.Private.CoreLib, Version=10.0.0.0, Culture=neutral, PublicKeyToken=7cec85d7bea7798e]]'. 
2026-08-28 21:16:42.8303|Info|Microsoft.AspNetCore.Mvc.Infrastructure.ControllerActionInvoker|CorrelationId=60a7394e-3d7c-49d1-8deb-bcdc7e7e404d|Executed action SmartLoan.Api.Controllers.DashboardController.RequestReport (SmartLoan.Api) in 1.8034ms 
2026-08-28 21:16:42.8303|Info|Microsoft.AspNetCore.Routing.EndpointMiddleware|CorrelationId=60a7394e-3d7c-49d1-8deb-bcdc7e7e404d|Executed endpoint 'SmartLoan.Api.Controllers.DashboardController.RequestReport (SmartLoan.Api)' 
2026-08-28 21:16:42.8303|Info|Microsoft.AspNetCore.Hosting.Diagnostics|CorrelationId=|Request finished HTTP/1.1 POST http://localhost:5176/api/v1/Dashboard/reports - 202 - application/json;+charset=utf-8 3.8671ms 
2026-08-28 21:16:43.0233|Info|Microsoft.AspNetCore.Hosting.Diagnostics|CorrelationId=|Request starting HTTP/1.1 POST http://localhost:5176/api/v1/Dashboard/reports - application/json 27 
2026-08-28 21:16:43.0233|Info|Microsoft.AspNetCore.Cors.Infrastructure.CorsService|CorrelationId=7373a76a-185f-4b9e-92be-44fbe8a5a535|CORS policy execution successful. 
2026-08-28 21:16:43.0233|Info|Microsoft.AspNetCore.Routing.EndpointMiddleware|CorrelationId=7373a76a-185f-4b9e-92be-44fbe8a5a535|Executing endpoint 'SmartLoan.Api.Controllers.DashboardController.RequestReport (SmartLoan.Api)' 
2026-08-28 21:16:43.0233|Info|Microsoft.AspNetCore.Mvc.Infrastructure.ControllerActionInvoker|CorrelationId=7373a76a-185f-4b9e-92be-44fbe8a5a535|Route matched with {action = "RequestReport", controller = "Dashboard"}. Executing controller action with signature System.Threading.Tasks.Task`1[Microsoft.AspNetCore.Mvc.IActionResult] RequestReport(SmartLoan.Application.Dashboard.GenerateReportCommand) on controller SmartLoan.Api.Controllers.DashboardController (SmartLoan.Api). 
2026-08-28 21:16:43.0233|Info|SmartLoan.Application.Common.Behaviors.LoggingBehavior|CorrelationId=7373a76a-185f-4b9e-92be-44fbe8a5a535|smartloan Request:GenerateReportCommand starting... 
2026-08-28 21:16:43.0233|Info|SmartLoan.Application.Common.Behaviors.LoggingBehavior|CorrelationId=7373a76a-185f-4b9e-92be-44fbe8a5a535|Smarloan Request:GenerateReportCommand finished in 0ms 
2026-08-28 21:16:43.0233|Info|Microsoft.AspNetCore.Mvc.Infrastructure.ObjectResultExecutor|CorrelationId=7373a76a-185f-4b9e-92be-44fbe8a5a535|Executing AcceptedResult, writing value of type '<>f__AnonymousType2`2[[System.String, System.Private.CoreLib, Version=10.0.0.0, Culture=neutral, PublicKeyToken=7cec85d7bea7798e],[System.String, System.Private.CoreLib, Version=10.0.0.0, Culture=neutral, PublicKeyToken=7cec85d7bea7798e]]'. 
2026-08-28 21:16:43.0233|Info|Microsoft.AspNetCore.Mvc.Infrastructure.ControllerActionInvoker|CorrelationId=7373a76a-185f-4b9e-92be-44fbe8a5a535|Executed action SmartLoan.Api.Controllers.DashboardController.RequestReport (SmartLoan.Api) in 0.9377ms 
2026-08-28 21:16:43.0233|Info|Microsoft.AspNetCore.Routing.EndpointMiddleware|CorrelationId=7373a76a-185f-4b9e-92be-44fbe8a5a535|Executed endpoint 'SmartLoan.Api.Controllers.DashboardController.RequestReport (SmartLoan.Api)' 
2026-08-28 21:16:43.0233|Info|Microsoft.AspNetCore.Hosting.Diagnostics|CorrelationId=|Request finished HTTP/1.1 POST http://localhost:5176/api/v1/Dashboard/reports - 202 - application/json;+charset=utf-8 2.5995ms 
2026-08-28 21:16:43.1985|Info|Microsoft.AspNetCore.Hosting.Diagnostics|CorrelationId=|Request starting HTTP/1.1 POST http://localhost:5176/api/v1/Dashboard/reports - application/json 27 
2026-08-28 21:16:43.1985|Info|Microsoft.AspNetCore.Cors.Infrastructure.CorsService|CorrelationId=599fc0e9-65e1-47c6-b3bf-41f3ef9cf8df|CORS policy execution successful. 
2026-08-28 21:16:43.1985|Info|Microsoft.AspNetCore.Routing.EndpointMiddleware|CorrelationId=599fc0e9-65e1-47c6-b3bf-41f3ef9cf8df|Executing endpoint 'SmartLoan.Api.Controllers.DashboardController.RequestReport (SmartLoan.Api)' 
2026-08-28 21:16:43.1985|Info|Microsoft.AspNetCore.Mvc.Infrastructure.ControllerActionInvoker|CorrelationId=599fc0e9-65e1-47c6-b3bf-41f3ef9cf8df|Route matched with {action = "RequestReport", controller = "Dashboard"}. Executing controller action with signature System.Threading.Tasks.Task`1[Microsoft.AspNetCore.Mvc.IActionResult] RequestReport(SmartLoan.Application.Dashboard.GenerateReportCommand) on controller SmartLoan.Api.Controllers.DashboardController (SmartLoan.Api). 
2026-08-28 21:16:43.1985|Info|SmartLoan.Application.Common.Behaviors.LoggingBehavior|CorrelationId=599fc0e9-65e1-47c6-b3bf-41f3ef9cf8df|smartloan Request:GenerateReportCommand starting... 
2026-08-28 21:16:43.1985|Info|SmartLoan.Application.Common.Behaviors.LoggingBehavior|CorrelationId=599fc0e9-65e1-47c6-b3bf-41f3ef9cf8df|Smarloan Request:GenerateReportCommand finished in 0ms 
2026-08-28 21:16:43.1985|Info|Microsoft.AspNetCore.Mvc.Infrastructure.ObjectResultExecutor|CorrelationId=599fc0e9-65e1-47c6-b3bf-41f3ef9cf8df|Executing AcceptedResult, writing value of type '<>f__AnonymousType2`2[[System.String, System.Private.CoreLib, Version=10.0.0.0, Culture=neutral, PublicKeyToken=7cec85d7bea7798e],[System.String, System.Private.CoreLib, Version=10.0.0.0, Culture=neutral, PublicKeyToken=7cec85d7bea7798e]]'. 
2026-08-28 21:16:43.1985|Info|Microsoft.AspNetCore.Mvc.Infrastructure.ControllerActionInvoker|CorrelationId=599fc0e9-65e1-47c6-b3bf-41f3ef9cf8df|Executed action SmartLoan.Api.Controllers.DashboardController.RequestReport (SmartLoan.Api) in 0.7331ms 
2026-08-28 21:16:43.1985|Info|Microsoft.AspNetCore.Routing.EndpointMiddleware|CorrelationId=599fc0e9-65e1-47c6-b3bf-41f3ef9cf8df|Executed endpoint 'SmartLoan.Api.Controllers.DashboardController.RequestReport (SmartLoan.Api)' 
2026-08-28 21:16:43.1985|Info|Microsoft.AspNetCore.Hosting.Diagnostics|CorrelationId=|Request finished HTTP/1.1 POST http://localhost:5176/api/v1/Dashboard/reports - 202 - application/json;+charset=utf-8 2.0481ms 
2026-08-28 21:16:43.4012|Info|Microsoft.AspNetCore.Hosting.Diagnostics|CorrelationId=|Request starting HTTP/1.1 POST http://localhost:5176/api/v1/Dashboard/reports - application/json 27 
2026-08-28 21:16:43.4012|Info|Microsoft.AspNetCore.Cors.Infrastructure.CorsService|CorrelationId=5ccc4be9-ec3f-4e20-a4f4-aae6340f665e|CORS policy execution successful. 
2026-08-28 21:16:43.4012|Info|Microsoft.AspNetCore.Routing.EndpointMiddleware|CorrelationId=5ccc4be9-ec3f-4e20-a4f4-aae6340f665e|Executing endpoint 'SmartLoan.Api.Controllers.DashboardController.RequestReport (SmartLoan.Api)' 
2026-08-28 21:16:43.4012|Info|Microsoft.AspNetCore.Mvc.Infrastructure.ControllerActionInvoker|CorrelationId=5ccc4be9-ec3f-4e20-a4f4-aae6340f665e|Route matched with {action = "RequestReport", controller = "Dashboard"}. Executing controller action with signature System.Threading.Tasks.Task`1[Microsoft.AspNetCore.Mvc.IActionResult] RequestReport(SmartLoan.Application.Dashboard.GenerateReportCommand) on controller SmartLoan.Api.Controllers.DashboardController (SmartLoan.Api). 
2026-08-28 21:16:43.4012|Info|SmartLoan.Application.Common.Behaviors.LoggingBehavior|CorrelationId=5ccc4be9-ec3f-4e20-a4f4-aae6340f665e|smartloan Request:GenerateReportCommand starting... 
2026-08-28 21:16:43.4012|Info|SmartLoan.Application.Common.Behaviors.LoggingBehavior|CorrelationId=5ccc4be9-ec3f-4e20-a4f4-aae6340f665e|Smarloan Request:GenerateReportCommand finished in 0ms 
2026-08-28 21:16:43.4012|Info|Microsoft.AspNetCore.Mvc.Infrastructure.ObjectResultExecutor|CorrelationId=5ccc4be9-ec3f-4e20-a4f4-aae6340f665e|Executing AcceptedResult, writing value of type '<>f__AnonymousType2`2[[System.String, System.Private.CoreLib, Version=10.0.0.0, Culture=neutral, PublicKeyToken=7cec85d7bea7798e],[System.String, System.Private.CoreLib, Version=10.0.0.0, Culture=neutral, PublicKeyToken=7cec85d7bea7798e]]'. 
2026-08-28 21:16:43.4012|Info|Microsoft.AspNetCore.Mvc.Infrastructure.ControllerActionInvoker|CorrelationId=5ccc4be9-ec3f-4e20-a4f4-aae6340f665e|Executed action SmartLoan.Api.Controllers.DashboardController.RequestReport (SmartLoan.Api) in 0.9062ms 
2026-08-28 21:16:43.4012|Info|Microsoft.AspNetCore.Routing.EndpointMiddleware|CorrelationId=5ccc4be9-ec3f-4e20-a4f4-aae6340f665e|Executed endpoint 'SmartLoan.Api.Controllers.DashboardController.RequestReport (SmartLoan.Api)' 
2026-08-28 21:16:43.4012|Info|Microsoft.AspNetCore.Hosting.Diagnostics|CorrelationId=|Request finished HTTP/1.1 POST http://localhost:5176/api/v1/Dashboard/reports - 202 - application/json;+charset=utf-8 2.5776ms 
2026-08-28 21:16:43.5583|Info|Microsoft.AspNetCore.Hosting.Diagnostics|CorrelationId=|Request starting HTTP/1.1 POST http://localhost:5176/api/v1/Dashboard/reports - application/json 27 
2026-08-28 21:16:43.5583|Info|Microsoft.AspNetCore.Cors.Infrastructure.CorsService|CorrelationId=1e9d4e9f-8874-4afc-ae1b-abae6d0dfb7b|CORS policy execution successful. 
2026-08-28 21:16:43.5583|Info|Microsoft.AspNetCore.Routing.EndpointMiddleware|CorrelationId=1e9d4e9f-8874-4afc-ae1b-abae6d0dfb7b|Executing endpoint 'SmartLoan.Api.Controllers.DashboardController.RequestReport (SmartLoan.Api)' 
2026-08-28 21:16:43.5583|Info|Microsoft.AspNetCore.Mvc.Infrastructure.ControllerActionInvoker|CorrelationId=1e9d4e9f-8874-4afc-ae1b-abae6d0dfb7b|Route matched with {action = "RequestReport", controller = "Dashboard"}. Executing controller action with signature System.Threading.Tasks.Task`1[Microsoft.AspNetCore.Mvc.IActionResult] RequestReport(SmartLoan.Application.Dashboard.GenerateReportCommand) on controller SmartLoan.Api.Controllers.DashboardController (SmartLoan.Api). 
2026-08-28 21:16:43.5583|Info|SmartLoan.Application.Common.Behaviors.LoggingBehavior|CorrelationId=1e9d4e9f-8874-4afc-ae1b-abae6d0dfb7b|smartloan Request:GenerateReportCommand starting... 
2026-08-28 21:16:43.5583|Info|SmartLoan.Application.Common.Behaviors.LoggingBehavior|CorrelationId=1e9d4e9f-8874-4afc-ae1b-abae6d0dfb7b|Smarloan Request:GenerateReportCommand finished in 0ms 
2026-08-28 21:16:43.5583|Info|Microsoft.AspNetCore.Mvc.Infrastructure.ObjectResultExecutor|CorrelationId=1e9d4e9f-8874-4afc-ae1b-abae6d0dfb7b|Executing AcceptedResult, writing value of type '<>f__AnonymousType2`2[[System.String, System.Private.CoreLib, Version=10.0.0.0, Culture=neutral, PublicKeyToken=7cec85d7bea7798e],[System.String, System.Private.CoreLib, Version=10.0.0.0, Culture=neutral, PublicKeyToken=7cec85d7bea7798e]]'. 
2026-08-28 21:16:43.5583|Info|Microsoft.AspNetCore.Mvc.Infrastructure.ControllerActionInvoker|CorrelationId=1e9d4e9f-8874-4afc-ae1b-abae6d0dfb7b|Executed action SmartLoan.Api.Controllers.DashboardController.RequestReport (SmartLoan.Api) in 0.3902ms 
2026-08-28 21:16:43.5583|Info|Microsoft.AspNetCore.Routing.EndpointMiddleware|CorrelationId=1e9d4e9f-8874-4afc-ae1b-abae6d0dfb7b|Executed endpoint 'SmartLoan.Api.Controllers.DashboardController.RequestReport (SmartLoan.Api)' 
2026-08-28 21:16:43.5583|Info|Microsoft.AspNetCore.Hosting.Diagnostics|CorrelationId=|Request finished HTTP/1.1 POST http://localhost:5176/api/v1/Dashboard/reports - 202 - application/json;+charset=utf-8 1.1458ms 
2026-08-28 21:16:43.7558|Info|Microsoft.AspNetCore.Hosting.Diagnostics|CorrelationId=|Request starting HTTP/1.1 POST http://localhost:5176/api/v1/Dashboard/reports - application/json 27 
2026-08-28 21:16:43.7558|Info|Microsoft.AspNetCore.Cors.Infrastructure.CorsService|CorrelationId=8fee511a-7edf-45f4-875b-7175f728de08|CORS policy execution successful. 
2026-08-28 21:16:43.7558|Info|Microsoft.AspNetCore.Routing.EndpointMiddleware|CorrelationId=8fee511a-7edf-45f4-875b-7175f728de08|Executing endpoint 'SmartLoan.Api.Controllers.DashboardController.RequestReport (SmartLoan.Api)' 
2026-08-28 21:16:43.7558|Info|Microsoft.AspNetCore.Mvc.Infrastructure.ControllerActionInvoker|CorrelationId=8fee511a-7edf-45f4-875b-7175f728de08|Route matched with {action = "RequestReport", controller = "Dashboard"}. Executing controller action with signature System.Threading.Tasks.Task`1[Microsoft.AspNetCore.Mvc.IActionResult] RequestReport(SmartLoan.Application.Dashboard.GenerateReportCommand) on controller SmartLoan.Api.Controllers.DashboardController (SmartLoan.Api). 
2026-08-28 21:16:43.7558|Info|SmartLoan.Application.Common.Behaviors.LoggingBehavior|CorrelationId=8fee511a-7edf-45f4-875b-7175f728de08|smartloan Request:GenerateReportCommand starting... 
2026-08-28 21:16:43.7558|Info|SmartLoan.Application.Common.Behaviors.LoggingBehavior|CorrelationId=8fee511a-7edf-45f4-875b-7175f728de08|Smarloan Request:GenerateReportCommand finished in 0ms 
2026-08-28 21:16:43.7558|Info|Microsoft.AspNetCore.Mvc.Infrastructure.ObjectResultExecutor|CorrelationId=8fee511a-7edf-45f4-875b-7175f728de08|Executing AcceptedResult, writing value of type '<>f__AnonymousType2`2[[System.String, System.Private.CoreLib, Version=10.0.0.0, Culture=neutral, PublicKeyToken=7cec85d7bea7798e],[System.String, System.Private.CoreLib, Version=10.0.0.0, Culture=neutral, PublicKeyToken=7cec85d7bea7798e]]'. 
2026-08-28 21:16:43.7558|Info|Microsoft.AspNetCore.Mvc.Infrastructure.ControllerActionInvoker|CorrelationId=8fee511a-7edf-45f4-875b-7175f728de08|Executed action SmartLoan.Api.Controllers.DashboardController.RequestReport (SmartLoan.Api) in 0.7979ms 
2026-08-28 21:16:43.7558|Info|Microsoft.AspNetCore.Routing.EndpointMiddleware|CorrelationId=8fee511a-7edf-45f4-875b-7175f728de08|Executed endpoint 'SmartLoan.Api.Controllers.DashboardController.RequestReport (SmartLoan.Api)' 
2026-08-28 21:16:43.7558|Info|Microsoft.AspNetCore.Hosting.Diagnostics|CorrelationId=|Request finished HTTP/1.1 POST http://localhost:5176/api/v1/Dashboard/reports - 202 - application/json;+charset=utf-8 2.4014ms 
2026-08-28 21:16:43.9700|Info|Microsoft.AspNetCore.Hosting.Diagnostics|CorrelationId=|Request starting HTTP/1.1 POST http://localhost:5176/api/v1/Dashboard/reports - application/json 27 
2026-08-28 21:16:43.9700|Info|Microsoft.AspNetCore.Cors.Infrastructure.CorsService|CorrelationId=ef107acf-79f6-4a01-9f0f-8839e82ef29a|CORS policy execution successful. 
2026-08-28 21:16:43.9700|Info|Microsoft.AspNetCore.Routing.EndpointMiddleware|CorrelationId=ef107acf-79f6-4a01-9f0f-8839e82ef29a|Executing endpoint 'SmartLoan.Api.Controllers.DashboardController.RequestReport (SmartLoan.Api)' 
2026-08-28 21:16:43.9700|Info|Microsoft.AspNetCore.Mvc.Infrastructure.ControllerActionInvoker|CorrelationId=ef107acf-79f6-4a01-9f0f-8839e82ef29a|Route matched with {action = "RequestReport", controller = "Dashboard"}. Executing controller action with signature System.Threading.Tasks.Task`1[Microsoft.AspNetCore.Mvc.IActionResult] RequestReport(SmartLoan.Application.Dashboard.GenerateReportCommand) on controller SmartLoan.Api.Controllers.DashboardController (SmartLoan.Api). 
2026-08-28 21:16:43.9700|Info|SmartLoan.Application.Common.Behaviors.LoggingBehavior|CorrelationId=ef107acf-79f6-4a01-9f0f-8839e82ef29a|smartloan Request:GenerateReportCommand starting... 
2026-08-28 21:16:43.9700|Info|SmartLoan.Application.Common.Behaviors.LoggingBehavior|CorrelationId=ef107acf-79f6-4a01-9f0f-8839e82ef29a|Smarloan Request:GenerateReportCommand finished in 0ms 
2026-08-28 21:16:43.9700|Info|Microsoft.AspNetCore.Mvc.Infrastructure.ObjectResultExecutor|CorrelationId=ef107acf-79f6-4a01-9f0f-8839e82ef29a|Executing AcceptedResult, writing value of type '<>f__AnonymousType2`2[[System.String, System.Private.CoreLib, Version=10.0.0.0, Culture=neutral, PublicKeyToken=7cec85d7bea7798e],[System.String, System.Private.CoreLib, Version=10.0.0.0, Culture=neutral, PublicKeyToken=7cec85d7bea7798e]]'. 
2026-08-28 21:16:43.9700|Info|Microsoft.AspNetCore.Mvc.Infrastructure.ControllerActionInvoker|CorrelationId=ef107acf-79f6-4a01-9f0f-8839e82ef29a|Executed action SmartLoan.Api.Controllers.DashboardController.RequestReport (SmartLoan.Api) in 1.3056ms 
2026-08-28 21:16:43.9700|Info|Microsoft.AspNetCore.Routing.EndpointMiddleware|CorrelationId=ef107acf-79f6-4a01-9f0f-8839e82ef29a|Executed endpoint 'SmartLoan.Api.Controllers.DashboardController.RequestReport (SmartLoan.Api)' 
2026-08-28 21:16:43.9700|Info|Microsoft.AspNetCore.Hosting.Diagnostics|CorrelationId=|Request finished HTTP/1.1 POST http://localhost:5176/api/v1/Dashboard/reports - 202 - application/json;+charset=utf-8 4.6733ms 
2026-08-28 21:16:44.1320|Info|Microsoft.AspNetCore.Hosting.Diagnostics|CorrelationId=|Request starting HTTP/1.1 POST http://localhost:5176/api/v1/Dashboard/reports - application/json 27 
2026-08-28 21:16:44.1320|Info|Microsoft.AspNetCore.Cors.Infrastructure.CorsService|CorrelationId=b9f7896d-92b9-4a9e-8c1c-cbad9697dc3b|CORS policy execution successful. 
2026-08-28 21:16:44.1320|Info|Microsoft.AspNetCore.Routing.EndpointMiddleware|CorrelationId=b9f7896d-92b9-4a9e-8c1c-cbad9697dc3b|Executing endpoint 'SmartLoan.Api.Controllers.DashboardController.RequestReport (SmartLoan.Api)' 
2026-08-28 21:16:44.1320|Info|Microsoft.AspNetCore.Mvc.Infrastructure.ControllerActionInvoker|CorrelationId=b9f7896d-92b9-4a9e-8c1c-cbad9697dc3b|Route matched with {action = "RequestReport", controller = "Dashboard"}. Executing controller action with signature System.Threading.Tasks.Task`1[Microsoft.AspNetCore.Mvc.IActionResult] RequestReport(SmartLoan.Application.Dashboard.GenerateReportCommand) on controller SmartLoan.Api.Controllers.DashboardController (SmartLoan.Api). 
2026-08-28 21:16:44.1320|Info|SmartLoan.Application.Common.Behaviors.LoggingBehavior|CorrelationId=b9f7896d-92b9-4a9e-8c1c-cbad9697dc3b|smartloan Request:GenerateReportCommand starting... 
2026-08-28 21:16:44.1320|Info|SmartLoan.Application.Common.Behaviors.LoggingBehavior|CorrelationId=b9f7896d-92b9-4a9e-8c1c-cbad9697dc3b|Smarloan Request:GenerateReportCommand finished in 0ms 
2026-08-28 21:16:44.1320|Info|Microsoft.AspNetCore.Mvc.Infrastructure.ObjectResultExecutor|CorrelationId=b9f7896d-92b9-4a9e-8c1c-cbad9697dc3b|Executing AcceptedResult, writing value of type '<>f__AnonymousType2`2[[System.String, System.Private.CoreLib, Version=10.0.0.0, Culture=neutral, PublicKeyToken=7cec85d7bea7798e],[System.String, System.Private.CoreLib, Version=10.0.0.0, Culture=neutral, PublicKeyToken=7cec85d7bea7798e]]'. 
2026-08-28 21:16:44.1320|Info|Microsoft.AspNetCore.Mvc.Infrastructure.ControllerActionInvoker|CorrelationId=b9f7896d-92b9-4a9e-8c1c-cbad9697dc3b|Executed action SmartLoan.Api.Controllers.DashboardController.RequestReport (SmartLoan.Api) in 0.6394ms 
2026-08-28 21:16:44.1320|Info|Microsoft.AspNetCore.Routing.EndpointMiddleware|CorrelationId=b9f7896d-92b9-4a9e-8c1c-cbad9697dc3b|Executed endpoint 'SmartLoan.Api.Controllers.DashboardController.RequestReport (SmartLoan.Api)' 
2026-08-28 21:16:44.1320|Info|Microsoft.AspNetCore.Hosting.Diagnostics|CorrelationId=|Request finished HTTP/1.1 POST http://localhost:5176/api/v1/Dashboard/reports - 202 - application/json;+charset=utf-8 1.8148ms 
2026-08-28 21:16:44.3089|Info|Microsoft.AspNetCore.Hosting.Diagnostics|CorrelationId=|Request starting HTTP/1.1 POST http://localhost:5176/api/v1/Dashboard/reports - application/json 27 
2026-08-28 21:16:44.3089|Info|Microsoft.AspNetCore.Cors.Infrastructure.CorsService|CorrelationId=deba0703-47a8-4648-8eac-6624f0801f52|CORS policy execution successful. 
2026-08-28 21:16:44.3099|Info|Microsoft.AspNetCore.Routing.EndpointMiddleware|CorrelationId=deba0703-47a8-4648-8eac-6624f0801f52|Executing endpoint 'SmartLoan.Api.Controllers.DashboardController.RequestReport (SmartLoan.Api)' 
2026-08-28 21:16:44.3099|Info|Microsoft.AspNetCore.Mvc.Infrastructure.ControllerActionInvoker|CorrelationId=deba0703-47a8-4648-8eac-6624f0801f52|Route matched with {action = "RequestReport", controller = "Dashboard"}. Executing controller action with signature System.Threading.Tasks.Task`1[Microsoft.AspNetCore.Mvc.IActionResult] RequestReport(SmartLoan.Application.Dashboard.GenerateReportCommand) on controller SmartLoan.Api.Controllers.DashboardController (SmartLoan.Api). 
2026-08-28 21:16:44.3099|Info|SmartLoan.Application.Common.Behaviors.LoggingBehavior|CorrelationId=deba0703-47a8-4648-8eac-6624f0801f52|smartloan Request:GenerateReportCommand starting... 
2026-08-28 21:16:44.3099|Info|SmartLoan.Application.Common.Behaviors.LoggingBehavior|CorrelationId=deba0703-47a8-4648-8eac-6624f0801f52|Smarloan Request:GenerateReportCommand finished in 2ms 
2026-08-28 21:16:44.3099|Info|Microsoft.AspNetCore.Mvc.Infrastructure.ObjectResultExecutor|CorrelationId=deba0703-47a8-4648-8eac-6624f0801f52|Executing AcceptedResult, writing value of type '<>f__AnonymousType2`2[[System.String, System.Private.CoreLib, Version=10.0.0.0, Culture=neutral, PublicKeyToken=7cec85d7bea7798e],[System.String, System.Private.CoreLib, Version=10.0.0.0, Culture=neutral, PublicKeyToken=7cec85d7bea7798e]]'. 
2026-08-28 21:16:44.3099|Info|Microsoft.AspNetCore.Mvc.Infrastructure.ControllerActionInvoker|CorrelationId=deba0703-47a8-4648-8eac-6624f0801f52|Executed action SmartLoan.Api.Controllers.DashboardController.RequestReport (SmartLoan.Api) in 8.4423ms 
2026-08-28 21:16:44.3099|Info|Microsoft.AspNetCore.Routing.EndpointMiddleware|CorrelationId=deba0703-47a8-4648-8eac-6624f0801f52|Executed endpoint 'SmartLoan.Api.Controllers.DashboardController.RequestReport (SmartLoan.Api)' 
2026-08-28 21:16:44.3099|Info|Microsoft.AspNetCore.Hosting.Diagnostics|CorrelationId=|Request finished HTTP/1.1 POST http://localhost:5176/api/v1/Dashboard/reports - 202 - application/json;+charset=utf-8 15.8431ms 
2026-08-28 21:16:44.4851|Info|Microsoft.AspNetCore.Hosting.Diagnostics|CorrelationId=|Request starting HTTP/1.1 POST http://localhost:5176/api/v1/Dashboard/reports - application/json 27 
2026-08-28 21:16:44.5121|Info|Microsoft.AspNetCore.Cors.Infrastructure.CorsService|CorrelationId=9744d9ca-b013-4d76-85e2-6ee55aa1d5bd|CORS policy execution successful. 
2026-08-28 21:16:44.5121|Info|Microsoft.AspNetCore.Routing.EndpointMiddleware|CorrelationId=9744d9ca-b013-4d76-85e2-6ee55aa1d5bd|Executing endpoint 'SmartLoan.Api.Controllers.DashboardController.RequestReport (SmartLoan.Api)' 
2026-08-28 21:16:44.5121|Info|Microsoft.AspNetCore.Mvc.Infrastructure.ControllerActionInvoker|CorrelationId=9744d9ca-b013-4d76-85e2-6ee55aa1d5bd|Route matched with {action = "RequestReport", controller = "Dashboard"}. Executing controller action with signature System.Threading.Tasks.Task`1[Microsoft.AspNetCore.Mvc.IActionResult] RequestReport(SmartLoan.Application.Dashboard.GenerateReportCommand) on controller SmartLoan.Api.Controllers.DashboardController (SmartLoan.Api). 
2026-08-28 21:16:44.5130|Info|SmartLoan.Application.Common.Behaviors.LoggingBehavior|CorrelationId=9744d9ca-b013-4d76-85e2-6ee55aa1d5bd|smartloan Request:GenerateReportCommand starting... 
2026-08-28 21:16:44.5130|Info|SmartLoan.Application.Common.Behaviors.LoggingBehavior|CorrelationId=9744d9ca-b013-4d76-85e2-6ee55aa1d5bd|Smarloan Request:GenerateReportCommand finished in 0ms 
2026-08-28 21:16:44.5130|Info|Microsoft.AspNetCore.Mvc.Infrastructure.ObjectResultExecutor|CorrelationId=9744d9ca-b013-4d76-85e2-6ee55aa1d5bd|Executing AcceptedResult, writing value of type '<>f__AnonymousType2`2[[System.String, System.Private.CoreLib, Version=10.0.0.0, Culture=neutral, PublicKeyToken=7cec85d7bea7798e],[System.String, System.Private.CoreLib, Version=10.0.0.0, Culture=neutral, PublicKeyToken=7cec85d7bea7798e]]'. 
2026-08-28 21:16:44.5130|Info|Microsoft.AspNetCore.Mvc.Infrastructure.ControllerActionInvoker|CorrelationId=9744d9ca-b013-4d76-85e2-6ee55aa1d5bd|Executed action SmartLoan.Api.Controllers.DashboardController.RequestReport (SmartLoan.Api) in 1.9821ms 
2026-08-28 21:16:44.5130|Info|Microsoft.AspNetCore.Routing.EndpointMiddleware|CorrelationId=9744d9ca-b013-4d76-85e2-6ee55aa1d5bd|Executed endpoint 'SmartLoan.Api.Controllers.DashboardController.RequestReport (SmartLoan.Api)' 
2026-08-28 21:16:44.5130|Info|Microsoft.AspNetCore.Hosting.Diagnostics|CorrelationId=|Request finished HTTP/1.1 POST http://localhost:5176/api/v1/Dashboard/reports - 202 - application/json;+charset=utf-8 30.0222ms 
2026-08-28 21:16:44.6952|Info|Microsoft.AspNetCore.Hosting.Diagnostics|CorrelationId=|Request starting HTTP/1.1 POST http://localhost:5176/api/v1/Dashboard/reports - application/json 27 
2026-08-28 21:16:44.6952|Info|Microsoft.AspNetCore.Cors.Infrastructure.CorsService|CorrelationId=eb4bb1b8-d39c-40f6-96e7-4c0e06cb3e08|CORS policy execution successful. 
2026-08-28 21:16:44.6952|Info|Microsoft.AspNetCore.Routing.EndpointMiddleware|CorrelationId=eb4bb1b8-d39c-40f6-96e7-4c0e06cb3e08|Executing endpoint 'SmartLoan.Api.Controllers.DashboardController.RequestReport (SmartLoan.Api)' 
2026-08-28 21:16:44.6952|Info|Microsoft.AspNetCore.Mvc.Infrastructure.ControllerActionInvoker|CorrelationId=eb4bb1b8-d39c-40f6-96e7-4c0e06cb3e08|Route matched with {action = "RequestReport", controller = "Dashboard"}. Executing controller action with signature System.Threading.Tasks.Task`1[Microsoft.AspNetCore.Mvc.IActionResult] RequestReport(SmartLoan.Application.Dashboard.GenerateReportCommand) on controller SmartLoan.Api.Controllers.DashboardController (SmartLoan.Api). 
2026-08-28 21:16:44.7010|Info|SmartLoan.Application.Common.Behaviors.LoggingBehavior|CorrelationId=eb4bb1b8-d39c-40f6-96e7-4c0e06cb3e08|smartloan Request:GenerateReportCommand starting... 
2026-08-28 21:16:44.7010|Info|SmartLoan.Application.Common.Behaviors.LoggingBehavior|CorrelationId=eb4bb1b8-d39c-40f6-96e7-4c0e06cb3e08|Smarloan Request:GenerateReportCommand finished in 0ms 
2026-08-28 21:16:44.7010|Info|Microsoft.AspNetCore.Mvc.Infrastructure.ObjectResultExecutor|CorrelationId=eb4bb1b8-d39c-40f6-96e7-4c0e06cb3e08|Executing AcceptedResult, writing value of type '<>f__AnonymousType2`2[[System.String, System.Private.CoreLib, Version=10.0.0.0, Culture=neutral, PublicKeyToken=7cec85d7bea7798e],[System.String, System.Private.CoreLib, Version=10.0.0.0, Culture=neutral, PublicKeyToken=7cec85d7bea7798e]]'. 
2026-08-28 21:16:44.7010|Info|Microsoft.AspNetCore.Mvc.Infrastructure.ControllerActionInvoker|CorrelationId=eb4bb1b8-d39c-40f6-96e7-4c0e06cb3e08|Executed action SmartLoan.Api.Controllers.DashboardController.RequestReport (SmartLoan.Api) in 1.2644ms 
2026-08-28 21:16:44.7010|Info|Microsoft.AspNetCore.Routing.EndpointMiddleware|CorrelationId=eb4bb1b8-d39c-40f6-96e7-4c0e06cb3e08|Executed endpoint 'SmartLoan.Api.Controllers.DashboardController.RequestReport (SmartLoan.Api)' 
2026-08-28 21:16:44.7010|Info|Microsoft.AspNetCore.Hosting.Diagnostics|CorrelationId=|Request finished HTTP/1.1 POST http://localhost:5176/api/v1/Dashboard/reports - 202 - application/json;+charset=utf-8 7.3549ms 
2026-08-28 21:16:50.5923|Info|SmartLoan.Infrastructure.BackgroundJobs.ReportWorker|CorrelationId=|Report 385e52a2 finished! (Ready for download) 
2026-08-28 21:16:50.5923|Info|SmartLoan.Infrastructure.BackgroundJobs.ReportWorker|CorrelationId=|Chef picking up Report 0f1c0773. Processing... 
2026-08-28 21:17:00.6046|Info|SmartLoan.Infrastructure.BackgroundJobs.ReportWorker|CorrelationId=|Report 0f1c0773 finished! (Ready for download) 
2026-08-28 21:17:00.6046|Info|SmartLoan.Infrastructure.BackgroundJobs.ReportWorker|CorrelationId=|Chef picking up Report 971cd217. Processing... 
2026-08-28 21:17:10.6155|Info|SmartLoan.Infrastructure.BackgroundJobs.ReportWorker|CorrelationId=|Report 971cd217 finished! (Ready for download) 
2026-08-28 21:17:10.6155|Info|SmartLoan.Infrastructure.BackgroundJobs.ReportWorker|CorrelationId=|Chef picking up Report 230abf57. Processing... 
2026-08-28 21:17:14.6427|Info|Microsoft.AspNetCore.Hosting.Diagnostics|CorrelationId=|Request starting HTTP/1.1 GET http://localhost:5176/api/v1/Dashboard/summary - - - 
2026-08-28 21:17:14.6427|Info|Microsoft.AspNetCore.Routing.EndpointMiddleware|CorrelationId=18100528-1029-4349-beff-f8f1244a7006|Executing endpoint 'SmartLoan.Api.Controllers.DashboardController.GetSummary (SmartLoan.Api)' 
2026-08-28 21:17:14.6427|Info|Microsoft.AspNetCore.Mvc.Infrastructure.ControllerActionInvoker|CorrelationId=18100528-1029-4349-beff-f8f1244a7006|Route matched with {action = "GetSummary", controller = "Dashboard"}. Executing controller action with signature System.Threading.Tasks.Task`1[Microsoft.AspNetCore.Mvc.ActionResult`1[SmartLoan.Application.Dashboard.Queries.GetLoanSummary.LoanSummaryDto]] GetSummary() on controller SmartLoan.Api.Controllers.DashboardController (SmartLoan.Api). 
2026-08-28 21:17:14.6427|Info|SmartLoan.Application.Common.Behaviors.LoggingBehavior|CorrelationId=18100528-1029-4349-beff-f8f1244a7006|smartloan Request:GetLoansummatyQuery starting... 
2026-08-28 21:17:14.6427|Info|Microsoft.EntityFrameworkCore.Database.Command|CorrelationId=18100528-1029-4349-beff-f8f1244a7006|Executed DbCommand (1ms) [Parameters=[], CommandType='Text', CommandTimeout='30']
SELECT COALESCE(sum(p."Amount"), 0.0)
FROM "Payments" AS p 
2026-08-28 21:17:14.6427|Info|Microsoft.EntityFrameworkCore.Database.Command|CorrelationId=18100528-1029-4349-beff-f8f1244a7006|Executed DbCommand (1ms) [Parameters=[], CommandType='Text', CommandTimeout='30']
SELECT COALESCE(sum(l."ServiceFee"), 0.0)
FROM "LoanApplications" AS l
WHERE NOT (l."IsDeleted") AND l."Status" = 'Approved' 
2026-08-28 21:17:14.6427|Info|Microsoft.EntityFrameworkCore.Database.Command|CorrelationId=18100528-1029-4349-beff-f8f1244a7006|Executed DbCommand (1ms) [Parameters=[], CommandType='Text', CommandTimeout='30']
SELECT count(*)::int
FROM "LoanApplications" AS l
WHERE NOT (l."IsDeleted") AND l."Status" = 'Saving' 
2026-08-28 21:17:14.6556|Info|Microsoft.EntityFrameworkCore.Database.Command|CorrelationId=18100528-1029-4349-beff-f8f1244a7006|Executed DbCommand (4ms) [Parameters=[], CommandType='Text', CommandTimeout='30']
SELECT count(*)::int
FROM "LoanApplications" AS l
WHERE NOT (l."IsDeleted") AND l."Status" = 'Approved' 
2026-08-28 21:17:14.6556|Info|SmartLoan.Application.Common.Behaviors.LoggingBehavior|CorrelationId=18100528-1029-4349-beff-f8f1244a7006|Smarloan Request:GetLoansummatyQuery finished in 13ms 
2026-08-28 21:17:14.6556|Info|Microsoft.AspNetCore.Mvc.Infrastructure.ObjectResultExecutor|CorrelationId=18100528-1029-4349-beff-f8f1244a7006|Executing ObjectResult, writing value of type 'SmartLoan.Application.Dashboard.Queries.GetLoanSummary.LoanSummaryDto'. 
2026-08-28 21:17:14.6556|Info|Microsoft.AspNetCore.Mvc.Infrastructure.ControllerActionInvoker|CorrelationId=18100528-1029-4349-beff-f8f1244a7006|Executed action SmartLoan.Api.Controllers.DashboardController.GetSummary (SmartLoan.Api) in 14.7925ms 
2026-08-28 21:17:14.6556|Info|Microsoft.AspNetCore.Routing.EndpointMiddleware|CorrelationId=18100528-1029-4349-beff-f8f1244a7006|Executed endpoint 'SmartLoan.Api.Controllers.DashboardController.GetSummary (SmartLoan.Api)' 
2026-08-28 21:17:14.6556|Info|Microsoft.AspNetCore.Hosting.Diagnostics|CorrelationId=|Request finished HTTP/1.1 GET http://localhost:5176/api/v1/Dashboard/summary - 200 - application/json;+charset=utf-8 16.5673ms 
2026-08-28 21:17:20.6294|Info|SmartLoan.Infrastructure.BackgroundJobs.ReportWorker|CorrelationId=|Report 230abf57 finished! (Ready for download) 
2026-08-28 21:17:20.6294|Info|SmartLoan.Infrastructure.BackgroundJobs.ReportWorker|CorrelationId=|Chef picking up Report bd2b3cc6. Processing... 
2026-08-28 21:17:30.6295|Info|SmartLoan.Infrastructure.BackgroundJobs.ReportWorker|CorrelationId=|Report bd2b3cc6 finished! (Ready for download) 
2026-08-28 21:17:30.6295|Info|SmartLoan.Infrastructure.BackgroundJobs.ReportWorker|CorrelationId=|Chef picking up Report 1b48c1c7. Processing... 
2026-08-28 21:17:40.6459|Info|SmartLoan.Infrastructure.BackgroundJobs.ReportWorker|CorrelationId=|Report 1b48c1c7 finished! (Ready for download) 
2026-08-28 21:17:40.6459|Info|SmartLoan.Infrastructure.BackgroundJobs.ReportWorker|CorrelationId=|Chef picking up Report 4b90a641. Processing... 
2026-08-28 21:17:50.6583|Info|SmartLoan.Infrastructure.BackgroundJobs.ReportWorker|CorrelationId=|Report 4b90a641 finished! (Ready for download) 
2026-08-28 21:17:50.6583|Info|SmartLoan.Infrastructure.BackgroundJobs.ReportWorker|CorrelationId=|Chef picking up Report e4649bdd. Processing... 
2026-08-28 21:18:00.6742|Info|SmartLoan.Infrastructure.BackgroundJobs.ReportWorker|CorrelationId=|Report e4649bdd finished! (Ready for download) 
2026-08-28 21:18:00.6742|Info|SmartLoan.Infrastructure.BackgroundJobs.ReportWorker|CorrelationId=|Chef picking up Report ab5ce838. Processing... 
2026-08-28 21:18:10.6866|Info|SmartLoan.Infrastructure.BackgroundJobs.ReportWorker|CorrelationId=|Report ab5ce838 finished! (Ready for download) 
2026-08-28 21:18:10.6866|Info|SmartLoan.Infrastructure.BackgroundJobs.ReportWorker|CorrelationId=|Chef picking up Report 716ae453. Processing... 
2026-08-28 21:18:20.6995|Info|SmartLoan.Infrastructure.BackgroundJobs.ReportWorker|CorrelationId=|Report 716ae453 finished! (Ready for download) 
2026-08-28 21:18:20.6995|Info|SmartLoan.Infrastructure.BackgroundJobs.ReportWorker|CorrelationId=|Chef picking up Report 13b52a16. Processing... 
2026-08-28 21:18:30.7120|Info|SmartLoan.Infrastructure.BackgroundJobs.ReportWorker|CorrelationId=|Report 13b52a16 finished! (Ready for download) 
2026-08-28 21:18:30.7120|Info|SmartLoan.Infrastructure.BackgroundJobs.ReportWorker|CorrelationId=|Chef picking up Report 34bf2fda. Processing... 
2026-08-28 21:18:40.7162|Info|SmartLoan.Infrastructure.BackgroundJobs.ReportWorker|CorrelationId=|Report 34bf2fda finished! (Ready for download) 
2026-08-28 21:18:40.7223|Info|SmartLoan.Infrastructure.BackgroundJobs.ReportWorker|CorrelationId=|Chef picking up Report 97a7e615. Processing... 
2026-08-28 21:18:50.7421|Info|SmartLoan.Infrastructure.BackgroundJobs.ReportWorker|CorrelationId=|Report 97a7e615 finished! (Ready for download) 
2026-08-28 21:18:50.7421|Info|SmartLoan.Infrastructure.BackgroundJobs.ReportWorker|CorrelationId=|Chef picking up Report 824a16a5. Processing... 
2026-08-28 21:19:00.7551|Info|SmartLoan.Infrastructure.BackgroundJobs.ReportWorker|CorrelationId=|Report 824a16a5 finished! (Ready for download) 
2026-08-28 21:19:00.7551|Info|SmartLoan.Infrastructure.BackgroundJobs.ReportWorker|CorrelationId=|Chef picking up Report 8d6cedc3. Processing... 
2026-08-28 21:19:10.7661|Info|SmartLoan.Infrastructure.BackgroundJobs.ReportWorker|CorrelationId=|Report 8d6cedc3 finished! (Ready for download) 
2026-08-28 21:19:10.7661|Info|SmartLoan.Infrastructure.BackgroundJobs.ReportWorker|CorrelationId=|Chef picking up Report 09a8bdfe. Processing... 
2026-08-28 21:19:20.7844|Info|SmartLoan.Infrastructure.BackgroundJobs.ReportWorker|CorrelationId=|Report 09a8bdfe finished! (Ready for download) 
2026-08-28 21:19:20.7844|Info|SmartLoan.Infrastructure.BackgroundJobs.ReportWorker|CorrelationId=|Chef picking up Report 51a06618. Processing... 
2026-08-28 21:19:30.7968|Info|SmartLoan.Infrastructure.BackgroundJobs.ReportWorker|CorrelationId=|Report 51a06618 finished! (Ready for download) 
2026-08-28 21:19:30.7968|Info|SmartLoan.Infrastructure.BackgroundJobs.ReportWorker|CorrelationId=|Chef picking up Report e8828fea. Processing... 
2026-08-28 21:19:40.8075|Info|SmartLoan.Infrastructure.BackgroundJobs.ReportWorker|CorrelationId=|Report e8828fea finished! (Ready for download) 
2026-08-28 21:19:40.8075|Info|SmartLoan.Infrastructure.BackgroundJobs.ReportWorker|CorrelationId=|Chef picking up Report 6a9f8aff. Processing... 
2026-08-28 21:19:50.8082|Info|SmartLoan.Infrastructure.BackgroundJobs.ReportWorker|CorrelationId=|Report 6a9f8aff finished! (Ready for download) 
2026-08-28 21:19:50.8082|Info|SmartLoan.Infrastructure.BackgroundJobs.ReportWorker|CorrelationId=|Chef picking up Report b7066a96. Processing... 
2026-08-28 21:20:00.8218|Info|SmartLoan.Infrastructure.BackgroundJobs.ReportWorker|CorrelationId=|Report b7066a96 finished! (Ready for download) 
2026-08-28 21:20:00.8218|Info|SmartLoan.Infrastructure.BackgroundJobs.ReportWorker|CorrelationId=|Chef picking up Report f9d61825. Processing... 
2026-08-28 21:20:10.8363|Info|SmartLoan.Infrastructure.BackgroundJobs.ReportWorker|CorrelationId=|Report f9d61825 finished! (Ready for download) 
2026-08-28 21:20:10.8363|Info|SmartLoan.Infrastructure.BackgroundJobs.ReportWorker|CorrelationId=|Chef picking up Report f0b6d011. Processing... 
2026-08-28 21:20:20.8515|Info|SmartLoan.Infrastructure.BackgroundJobs.ReportWorker|CorrelationId=|Report f0b6d011 finished! (Ready for download) 
2026-08-28 21:20:20.8515|Info|SmartLoan.Infrastructure.BackgroundJobs.ReportWorker|CorrelationId=|Chef picking up Report 256900c1. Processing... 
2026-08-28 21:20:30.8634|Info|SmartLoan.Infrastructure.BackgroundJobs.ReportWorker|CorrelationId=|Report 256900c1 finished! (Ready for download) 
2026-08-28 21:20:30.8634|Info|SmartLoan.Infrastructure.BackgroundJobs.ReportWorker|CorrelationId=|Chef picking up Report e06ce8ea. Processing... 
2026-08-28 21:20:40.8663|Info|SmartLoan.Infrastructure.BackgroundJobs.ReportWorker|CorrelationId=|Report e06ce8ea finished! (Ready for download) 
2026-08-28 21:20:40.8663|Info|SmartLoan.Infrastructure.BackgroundJobs.ReportWorker|CorrelationId=|Chef picking up Report beeb500a. Processing... 
2026-08-28 21:20:50.8783|Info|SmartLoan.Infrastructure.BackgroundJobs.ReportWorker|CorrelationId=|Report beeb500a finished! (Ready for download) 
2026-08-28 21:20:50.8783|Info|SmartLoan.Infrastructure.BackgroundJobs.ReportWorker|CorrelationId=|Chef picking up Report c9a20d1a. Processing... 
2026-08-28 21:21:00.8900|Info|SmartLoan.Infrastructure.BackgroundJobs.ReportWorker|CorrelationId=|Report c9a20d1a finished! (Ready for download) 
2026-08-28 21:21:00.8900|Info|SmartLoan.Infrastructure.BackgroundJobs.ReportWorker|CorrelationId=|Chef picking up Report e6421237. Processing... 
2026-08-28 21:21:10.9028|Info|SmartLoan.Infrastructure.BackgroundJobs.ReportWorker|CorrelationId=|Report e6421237 finished! (Ready for download) 
2026-08-28 21:21:10.9028|Info|SmartLoan.Infrastructure.BackgroundJobs.ReportWorker|CorrelationId=|Chef picking up Report 0c1e901a. Processing... 
2026-08-28 21:21:20.9158|Info|SmartLoan.Infrastructure.BackgroundJobs.ReportWorker|CorrelationId=|Report 0c1e901a finished! (Ready for download) 
2026-08-28 21:21:20.9158|Info|SmartLoan.Infrastructure.BackgroundJobs.ReportWorker|CorrelationId=|Chef picking up Report 15639688. Processing... 
2026-08-28 21:21:30.9224|Info|SmartLoan.Infrastructure.BackgroundJobs.ReportWorker|CorrelationId=|Report 15639688 finished! (Ready for download) 
2026-08-28 21:21:30.9224|Info|SmartLoan.Infrastructure.BackgroundJobs.ReportWorker|CorrelationId=|Chef picking up Report 2eab0939. Processing... 
2026-08-28 21:21:40.9298|Info|SmartLoan.Infrastructure.BackgroundJobs.ReportWorker|CorrelationId=|Report 2eab0939 finished! (Ready for download) 
2026-08-28 21:21:40.9298|Info|SmartLoan.Infrastructure.BackgroundJobs.ReportWorker|CorrelationId=|Chef picking up Report e829313b. Processing... 
2026-08-28 21:21:50.9392|Info|SmartLoan.Infrastructure.BackgroundJobs.ReportWorker|CorrelationId=|Report e829313b finished! (Ready for download) 
2026-08-28 21:21:50.9392|Info|SmartLoan.Infrastructure.BackgroundJobs.ReportWorker|CorrelationId=|Chef picking up Report 64dcea71. Processing... 
2026-08-28 21:22:00.9398|Info|SmartLoan.Infrastructure.BackgroundJobs.ReportWorker|CorrelationId=|Report 64dcea71 finished! (Ready for download) 
2026-08-28 21:22:00.9398|Info|SmartLoan.Infrastructure.BackgroundJobs.ReportWorker|CorrelationId=|Chef picking up Report 66d621e6. Processing... 
2026-08-28 21:22:10.9518|Info|SmartLoan.Infrastructure.BackgroundJobs.ReportWorker|CorrelationId=|Report 66d621e6 finished! (Ready for download) 
2026-08-28 21:22:10.9518|Info|SmartLoan.Infrastructure.BackgroundJobs.ReportWorker|CorrelationId=|Chef picking up Report ba8c9720. Processing... 
2026-08-28 21:22:20.9663|Info|SmartLoan.Infrastructure.BackgroundJobs.ReportWorker|CorrelationId=|Report ba8c9720 finished! (Ready for download) 
2026-08-28 21:22:20.9663|Info|SmartLoan.Infrastructure.BackgroundJobs.ReportWorker|CorrelationId=|Chef picking up Report 908d9937. Processing... 
2026-08-28 21:22:30.9721|Info|SmartLoan.Infrastructure.BackgroundJobs.ReportWorker|CorrelationId=|Report 908d9937 finished! (Ready for download) 
2026-08-28 21:22:30.9721|Info|SmartLoan.Infrastructure.BackgroundJobs.ReportWorker|CorrelationId=|Chef picking up Report f6349eeb. Processing... 
2026-08-28 21:22:40.9760|Info|SmartLoan.Infrastructure.BackgroundJobs.ReportWorker|CorrelationId=|Report f6349eeb finished! (Ready for download) 
2026-08-28 21:22:40.9760|Info|SmartLoan.Infrastructure.BackgroundJobs.ReportWorker|CorrelationId=|Chef picking up Report ff573d75. Processing... 
2026-08-28 21:22:50.9804|Info|SmartLoan.Infrastructure.BackgroundJobs.ReportWorker|CorrelationId=|Report ff573d75 finished! (Ready for download) 
2026-08-28 21:24:31.5714|Info|Microsoft.Hosting.Lifetime|CorrelationId=|Application is shutting down... 
2026-08-28 21:24:47.7550|Warn|Microsoft.EntityFrameworkCore.Model.Validation|CorrelationId=|Entity 'LoanApplication' has a global query filter defined and is the required end of a relationship with the entity 'Payment'. This may lead to unexpected results when the required entity is filtered out. Either configure the navigation as optional, or define matching query filters for both entities in the navigation. See https://go.microsoft.com/fwlink/?linkid=2131316 for more information. 
2026-08-28 21:24:48.4029|Info|Microsoft.EntityFrameworkCore.Database.Command|CorrelationId=|Executed DbCommand (30ms) [Parameters=[], CommandType='Text', CommandTimeout='30']
SELECT "MigrationId", "ProductVersion"
FROM "__EFMigrationsHistory"
ORDER BY "MigrationId"; 
2026-08-28 21:24:48.6790|Info|Microsoft.EntityFrameworkCore.Database.Command|CorrelationId=|Executed DbCommand (10ms) [Parameters=[], CommandType='Text', CommandTimeout='30']
SELECT 1 
2026-08-28 21:24:48.7753|Info|Microsoft.EntityFrameworkCore.Database.Command|CorrelationId=|Executed DbCommand (5ms) [Parameters=[], CommandType='Text', CommandTimeout='30']
CREATE TABLE IF NOT EXISTS "__EFMigrationsHistory" (
    "MigrationId" character varying(150) NOT NULL,
    "ProductVersion" character varying(32) NOT NULL,
    CONSTRAINT "PK___EFMigrationsHistory" PRIMARY KEY ("MigrationId")
); 
2026-08-28 21:24:48.8009|Info|Microsoft.EntityFrameworkCore.Database.Command|CorrelationId=|Executed DbCommand (1ms) [Parameters=[], CommandType='Text', CommandTimeout='30']
LOCK TABLE "__EFMigrationsHistory" IN ACCESS EXCLUSIVE MODE 
2026-08-28 21:24:48.8009|Info|Microsoft.EntityFrameworkCore.Database.Command|CorrelationId=|Executed DbCommand (2ms) [Parameters=[], CommandType='Text', CommandTimeout='30']
SELECT "MigrationId", "ProductVersion"
FROM "__EFMigrationsHistory"
ORDER BY "MigrationId"; 
2026-08-28 21:24:48.8151|Info|Microsoft.EntityFrameworkCore.Migrations|CorrelationId=|No migrations were applied. The database is already up to date. 
2026-08-28 21:24:49.1906|Info|Microsoft.EntityFrameworkCore.Database.Command|CorrelationId=|Executed DbCommand (2ms) [Parameters=[], CommandType='Text', CommandTimeout='30']
SELECT EXISTS (
    SELECT 1
    FROM "Users" AS u
    WHERE u."Email" = 'admin@loan.com') 
2026-08-28 21:24:49.3805|Info|Microsoft.AspNetCore.DataProtection.KeyManagement.XmlKeyManager|CorrelationId=|User profile is available. Using 'C:\Users\isaac\AppData\Local\ASP.NET\DataProtection-Keys' as key repository and Windows DPAPI to encrypt keys at rest. 
2026-08-28 21:24:49.3887|Info|SmartLoan.Infrastructure.BackgroundJobs.ReportWorker|CorrelationId=|Report Worker is starting... 
2026-08-28 21:24:49.4742|Info|Microsoft.Hosting.Lifetime|CorrelationId=|Now listening on: http://localhost:5176 
2026-08-28 21:24:49.4742|Info|Microsoft.Hosting.Lifetime|CorrelationId=|Application started. Press Ctrl+C to shut down. 
2026-08-28 21:24:49.4742|Info|Microsoft.Hosting.Lifetime|CorrelationId=|Hosting environment: Development 
2026-08-28 21:24:49.4742|Info|Microsoft.Hosting.Lifetime|CorrelationId=|Content root path: D:\isaac\educational purpose only\.net\kyas pro\SmartLoanTracker\smartloan.api 
2026-08-28 21:25:00.8039|Info|Microsoft.AspNetCore.Hosting.Diagnostics|CorrelationId=|Request starting HTTP/1.1 GET http://localhost:5176/scalar/ - - - 
2026-08-28 21:25:00.9022|Warn|Microsoft.AspNetCore.HttpsPolicy.HttpsRedirectionMiddleware|CorrelationId=6b40265b-610e-492b-a1d4-71d3ca531a31|Failed to determine the https port for redirect. 
2026-08-28 21:25:00.9039|Info|Microsoft.AspNetCore.Routing.EndpointMiddleware|CorrelationId=6b40265b-610e-492b-a1d4-71d3ca531a31|Executing endpoint 'HTTP: GET /scalar/{documentName?}' 
2026-08-28 21:25:01.1130|Info|Microsoft.AspNetCore.Http.Result.ContentResult|CorrelationId=6b40265b-610e-492b-a1d4-71d3ca531a31|Write content with HTTP Response ContentType of text/html 
2026-08-28 21:25:01.1130|Info|Microsoft.AspNetCore.Routing.EndpointMiddleware|CorrelationId=6b40265b-610e-492b-a1d4-71d3ca531a31|Executed endpoint 'HTTP: GET /scalar/{documentName?}' 
2026-08-28 21:25:01.1130|Info|Microsoft.AspNetCore.Hosting.Diagnostics|CorrelationId=|Request finished HTTP/1.1 GET http://localhost:5176/scalar/ - 200 637 text/html 315.8011ms 
2026-08-28 21:25:01.1623|Info|Microsoft.AspNetCore.Hosting.Diagnostics|CorrelationId=|Request starting HTTP/1.1 GET http://localhost:5176/scalar/scalar.aspnetcore.js - - - 
2026-08-28 21:25:01.1623|Info|Microsoft.AspNetCore.Hosting.Diagnostics|CorrelationId=|Request starting HTTP/1.1 GET http://localhost:5176/scalar/scalar.js - - - 
2026-08-28 21:25:01.1623|Info|Microsoft.AspNetCore.Routing.EndpointMiddleware|CorrelationId=bf928670-6a3e-4f10-ab2a-e4cc4187e212|Executing endpoint 'HTTP: GET /scalar/scalar.js' 
2026-08-28 21:25:01.1623|Info|Microsoft.AspNetCore.Cors.Infrastructure.CorsService|CorrelationId=0f9c7f29-4b65-460b-b309-9eac10639959|CORS policy execution successful. 
2026-08-28 21:25:01.1623|Info|Microsoft.AspNetCore.Routing.EndpointMiddleware|CorrelationId=0f9c7f29-4b65-460b-b309-9eac10639959|Executing endpoint 'HTTP: GET /scalar/scalar.aspnetcore.js' 
2026-08-28 21:25:01.1696|Info|Microsoft.AspNetCore.Http.Result.FileStreamResult|CorrelationId=0f9c7f29-4b65-460b-b309-9eac10639959|Sending file with download name ''. 
2026-08-28 21:25:01.1696|Info|Microsoft.AspNetCore.Routing.EndpointMiddleware|CorrelationId=0f9c7f29-4b65-460b-b309-9eac10639959|Executed endpoint 'HTTP: GET /scalar/scalar.aspnetcore.js' 
2026-08-28 21:25:01.1696|Info|Microsoft.AspNetCore.Hosting.Diagnostics|CorrelationId=|Request finished HTTP/1.1 GET http://localhost:5176/scalar/scalar.aspnetcore.js - 304 - - 11.9494ms 
2026-08-28 21:25:01.1696|Info|Microsoft.AspNetCore.Http.Result.FileStreamResult|CorrelationId=bf928670-6a3e-4f10-ab2a-e4cc4187e212|Sending file with download name ''. 
2026-08-28 21:25:01.1696|Info|Microsoft.AspNetCore.Routing.EndpointMiddleware|CorrelationId=bf928670-6a3e-4f10-ab2a-e4cc4187e212|Executed endpoint 'HTTP: GET /scalar/scalar.js' 
2026-08-28 21:25:01.1696|Info|Microsoft.AspNetCore.Hosting.Diagnostics|CorrelationId=|Request finished HTTP/1.1 GET http://localhost:5176/scalar/scalar.js - 304 - - 17.5022ms 
2026-08-28 21:25:01.6687|Info|Microsoft.AspNetCore.Hosting.Diagnostics|CorrelationId=|Request starting HTTP/1.1 GET http://localhost:5176/openapi/v1.json - - - 
2026-08-28 21:25:01.6736|Info|Microsoft.AspNetCore.Routing.EndpointMiddleware|CorrelationId=3ab74980-b6fc-40a1-ba66-1e66b5daa51e|Executing endpoint 'HTTP: GET /openapi/{documentName}.json' 
2026-08-28 21:25:01.7677|Info|Microsoft.AspNetCore.Hosting.Diagnostics|CorrelationId=|Request starting HTTP/1.1 GET http://localhost:5176/scalar/favicon.svg - - - 
2026-08-28 21:25:01.7677|Info|Microsoft.AspNetCore.Routing.EndpointMiddleware|CorrelationId=80cd13e2-eb89-4201-9d96-b27068f8bc4a|Executing endpoint 'HTTP: GET /scalar/favicon.svg' 
2026-08-28 21:25:01.7677|Info|Microsoft.AspNetCore.Http.Result.FileStreamResult|CorrelationId=80cd13e2-eb89-4201-9d96-b27068f8bc4a|Sending file with download name ''. 
2026-08-28 21:25:01.7677|Info|Microsoft.AspNetCore.Routing.EndpointMiddleware|CorrelationId=80cd13e2-eb89-4201-9d96-b27068f8bc4a|Executed endpoint 'HTTP: GET /scalar/favicon.svg' 
2026-08-28 21:25:01.7677|Info|Microsoft.AspNetCore.Hosting.Diagnostics|CorrelationId=|Request finished HTTP/1.1 GET http://localhost:5176/scalar/favicon.svg - 304 - - 3.5314ms 
2026-08-28 21:25:02.0009|Info|Microsoft.AspNetCore.Routing.EndpointMiddleware|CorrelationId=3ab74980-b6fc-40a1-ba66-1e66b5daa51e|Executed endpoint 'HTTP: GET /openapi/{documentName}.json' 
2026-08-28 21:25:02.0009|Info|Microsoft.AspNetCore.Hosting.Diagnostics|CorrelationId=|Request finished HTTP/1.1 GET http://localhost:5176/openapi/v1.json - 200 - application/json;charset=utf-8 334.9796ms 
2026-08-28 21:25:13.8503|Info|Microsoft.AspNetCore.Hosting.Diagnostics|CorrelationId=|Request starting HTTP/1.1 GET http://localhost:5176/api/v1/Dashboard/summary - - - 
2026-08-28 21:25:13.8791|Info|Microsoft.AspNetCore.Authorization.DefaultAuthorizationService|CorrelationId=fd081a2a-6ef8-4f1e-bbce-be5b3611b918|Authorization failed. These requirements were not met:
RolesAuthorizationRequirement:User.IsInRole must be true for one of the following roles: (Administrator)
RolesAuthorizationRequirement:User.IsInRole must be true for one of the following roles: (Administrator) 
2026-08-28 21:25:13.8791|Info|Microsoft.AspNetCore.Authentication.JwtBearer.JwtBearerHandler|CorrelationId=fd081a2a-6ef8-4f1e-bbce-be5b3611b918|AuthenticationScheme: Bearer was challenged. 
2026-08-28 21:25:13.8791|Info|Microsoft.AspNetCore.Hosting.Diagnostics|CorrelationId=|Request finished HTTP/1.1 GET http://localhost:5176/api/v1/Dashboard/summary - 401 0 - 33.2261ms 
2026-08-28 21:25:44.0826|Info|Microsoft.AspNetCore.Hosting.Diagnostics|CorrelationId=|Request starting HTTP/1.1 POST http://localhost:5176/api/v1/Auth/login - application/json 59 
2026-08-28 21:25:44.0826|Info|Microsoft.AspNetCore.Cors.Infrastructure.CorsService|CorrelationId=edf16966-8950-45d8-812f-e30b3e6a48db|CORS policy execution successful. 
2026-08-28 21:25:44.0826|Info|Microsoft.AspNetCore.Routing.EndpointMiddleware|CorrelationId=edf16966-8950-45d8-812f-e30b3e6a48db|Executing endpoint 'SmartLoan.Api.Controllers.AuthController.Login (SmartLoan.Api)' 
2026-08-28 21:25:44.1189|Info|Microsoft.AspNetCore.Mvc.Infrastructure.ControllerActionInvoker|CorrelationId=edf16966-8950-45d8-812f-e30b3e6a48db|Route matched with {action = "Login", controller = "Auth"}. Executing controller action with signature System.Threading.Tasks.Task`1[Microsoft.AspNetCore.Mvc.ActionResult`1[SmartLoan.Application.Users.LoginResponse]] Login(SmartLoan.Application.Users.LoginCommand) on controller SmartLoan.Api.Controllers.AuthController (SmartLoan.Api). 
2026-08-28 21:25:44.1259|Warn|LuckyPennySoftware.MediatR.License|CorrelationId=edf16966-8950-45d8-812f-e30b3e6a48db|You do not have a valid license key for the Lucky Penny software MediatR. This is allowed for development and testing scenarios. If you are running in production you are required to have a licensed version. Please visit https://luckypennysoftware.com to obtain a valid license. 
2026-08-28 21:25:44.1524|Info|SmartLoan.Application.Common.Behaviors.LoggingBehavior|CorrelationId=edf16966-8950-45d8-812f-e30b3e6a48db|smartloan Request:LoginCommand starting... 
2026-08-28 21:25:44.2537|Info|Microsoft.EntityFrameworkCore.Database.Command|CorrelationId=edf16966-8950-45d8-812f-e30b3e6a48db|Executed DbCommand (10ms) [Parameters=[@request_Email='?'], CommandType='Text', CommandTimeout='30']
SELECT u."Id", u."Email", u."FullName", u."PasswordHash", u."RefreshToken", u."RefreshTokenExpiryTime", u."Role"
FROM "Users" AS u
WHERE u."Email" = @request_Email
LIMIT 1 
2026-08-28 21:25:44.8580|Info|Microsoft.EntityFrameworkCore.Database.Command|CorrelationId=edf16966-8950-45d8-812f-e30b3e6a48db|Executed DbCommand (13ms) [Parameters=[@p2='?' (DbType = Int32), @p0='?', @p1='?' (DbType = DateTime)], CommandType='Text', CommandTimeout='30']
UPDATE "Users" SET "RefreshToken" = @p0, "RefreshTokenExpiryTime" = @p1
WHERE "Id" = @p2; 
2026-08-28 21:25:44.8842|Info|SmartLoan.Application.Common.Behaviors.LoggingBehavior|CorrelationId=edf16966-8950-45d8-812f-e30b3e6a48db|Smarloan Request:LoginCommand finished in 731ms 
2026-08-28 21:25:44.8947|Info|Microsoft.AspNetCore.Mvc.Infrastructure.ObjectResultExecutor|CorrelationId=edf16966-8950-45d8-812f-e30b3e6a48db|Executing OkObjectResult, writing value of type 'SmartLoan.Application.Users.LoginResponse'. 
2026-08-28 21:25:44.9113|Info|Microsoft.AspNetCore.Mvc.Infrastructure.ControllerActionInvoker|CorrelationId=edf16966-8950-45d8-812f-e30b3e6a48db|Executed action SmartLoan.Api.Controllers.AuthController.Login (SmartLoan.Api) in 784.4661ms 
2026-08-28 21:25:44.9113|Info|Microsoft.AspNetCore.Routing.EndpointMiddleware|CorrelationId=edf16966-8950-45d8-812f-e30b3e6a48db|Executed endpoint 'SmartLoan.Api.Controllers.AuthController.Login (SmartLoan.Api)' 
2026-08-28 21:25:44.9113|Info|Microsoft.AspNetCore.Hosting.Diagnostics|CorrelationId=|Request finished HTTP/1.1 POST http://localhost:5176/api/v1/Auth/login - 200 - application/json;+charset=utf-8 836.5430ms 
2026-08-28 21:26:22.0571|Info|Microsoft.AspNetCore.Hosting.Diagnostics|CorrelationId=|Request starting HTTP/1.1 GET http://localhost:5176/api/v1/Dashboard/summary - - - 
2026-08-28 21:26:22.1156|Info|Microsoft.AspNetCore.Routing.EndpointMiddleware|CorrelationId=31f75913-bc1d-4b60-8489-368af7ea751f|Executing endpoint 'SmartLoan.Api.Controllers.DashboardController.GetSummary (SmartLoan.Api)' 
2026-08-28 21:26:22.1247|Info|Microsoft.AspNetCore.Mvc.Infrastructure.ControllerActionInvoker|CorrelationId=31f75913-bc1d-4b60-8489-368af7ea751f|Route matched with {action = "GetSummary", controller = "Dashboard"}. Executing controller action with signature System.Threading.Tasks.Task`1[Microsoft.AspNetCore.Mvc.ActionResult`1[SmartLoan.Application.Dashboard.Queries.GetLoanSummary.LoanSummaryDto]] GetSummary() on controller SmartLoan.Api.Controllers.DashboardController (SmartLoan.Api). 
2026-08-28 21:26:22.1247|Info|SmartLoan.Application.Common.Behaviors.LoggingBehavior|CorrelationId=31f75913-bc1d-4b60-8489-368af7ea751f|smartloan Request:GetLoansummatyQuery starting... 
2026-08-28 21:26:22.2298|Info|Microsoft.EntityFrameworkCore.Database.Command|CorrelationId=31f75913-bc1d-4b60-8489-368af7ea751f|Executed DbCommand (6ms) [Parameters=[], CommandType='Text', CommandTimeout='30']
SELECT COALESCE(sum(p."Amount"), 0.0)
FROM "Payments" AS p 
2026-08-28 21:26:22.2504|Info|Microsoft.EntityFrameworkCore.Database.Command|CorrelationId=31f75913-bc1d-4b60-8489-368af7ea751f|Executed DbCommand (2ms) [Parameters=[], CommandType='Text', CommandTimeout='30']
SELECT COALESCE(sum(l."ServiceFee"), 0.0)
FROM "LoanApplications" AS l
WHERE NOT (l."IsDeleted") AND l."Status" = 'Approved' 
2026-08-28 21:26:22.2637|Info|Microsoft.EntityFrameworkCore.Database.Command|CorrelationId=31f75913-bc1d-4b60-8489-368af7ea751f|Executed DbCommand (1ms) [Parameters=[], CommandType='Text', CommandTimeout='30']
SELECT count(*)::int
FROM "LoanApplications" AS l
WHERE NOT (l."IsDeleted") AND l."Status" = 'Saving' 
2026-08-28 21:26:22.2637|Info|Microsoft.EntityFrameworkCore.Database.Command|CorrelationId=31f75913-bc1d-4b60-8489-368af7ea751f|Executed DbCommand (2ms) [Parameters=[], CommandType='Text', CommandTimeout='30']
SELECT count(*)::int
FROM "LoanApplications" AS l
WHERE NOT (l."IsDeleted") AND l."Status" = 'Approved' 
2026-08-28 21:26:22.2637|Info|SmartLoan.Application.Common.Behaviors.LoggingBehavior|CorrelationId=31f75913-bc1d-4b60-8489-368af7ea751f|Smarloan Request:GetLoansummatyQuery finished in 145ms 
2026-08-28 21:26:22.2637|Info|Microsoft.AspNetCore.Mvc.Infrastructure.ObjectResultExecutor|CorrelationId=31f75913-bc1d-4b60-8489-368af7ea751f|Executing ObjectResult, writing value of type 'SmartLoan.Application.Dashboard.Queries.GetLoanSummary.LoanSummaryDto'. 
2026-08-28 21:26:22.2637|Info|Microsoft.AspNetCore.Mvc.Infrastructure.ControllerActionInvoker|CorrelationId=31f75913-bc1d-4b60-8489-368af7ea751f|Executed action SmartLoan.Api.Controllers.DashboardController.GetSummary (SmartLoan.Api) in 151.077ms 
2026-08-28 21:26:22.2637|Info|Microsoft.AspNetCore.Routing.EndpointMiddleware|CorrelationId=31f75913-bc1d-4b60-8489-368af7ea751f|Executed endpoint 'SmartLoan.Api.Controllers.DashboardController.GetSummary (SmartLoan.Api)' 
2026-08-28 21:26:22.2637|Info|Microsoft.AspNetCore.Hosting.Diagnostics|CorrelationId=|Request finished HTTP/1.1 GET http://localhost:5176/api/v1/Dashboard/summary - 200 - application/json;+charset=utf-8 219.6678ms 
2026-08-28 21:27:38.2457|Info|Microsoft.AspNetCore.Hosting.Diagnostics|CorrelationId=|Request starting HTTP/1.1 GET http://localhost:5176/scalar/ - - - 
2026-08-28 21:27:38.2457|Info|Microsoft.AspNetCore.Routing.EndpointMiddleware|CorrelationId=43f3dfec-92dc-4472-bcef-fb670da6890d|Executing endpoint 'HTTP: GET /scalar/{documentName?}' 
2026-08-28 21:27:38.2457|Info|Microsoft.AspNetCore.Http.Result.ContentResult|CorrelationId=43f3dfec-92dc-4472-bcef-fb670da6890d|Write content with HTTP Response ContentType of text/html 
2026-08-28 21:27:38.2457|Info|Microsoft.AspNetCore.Routing.EndpointMiddleware|CorrelationId=43f3dfec-92dc-4472-bcef-fb670da6890d|Executed endpoint 'HTTP: GET /scalar/{documentName?}' 
2026-08-28 21:27:38.2457|Info|Microsoft.AspNetCore.Hosting.Diagnostics|CorrelationId=|Request finished HTTP/1.1 GET http://localhost:5176/scalar/ - 200 637 text/html 2.1152ms 
2026-08-28 21:27:38.2881|Info|Microsoft.AspNetCore.Hosting.Diagnostics|CorrelationId=|Request starting HTTP/1.1 GET http://localhost:5176/scalar/scalar.js - - - 
2026-08-28 21:27:38.2881|Info|Microsoft.AspNetCore.Hosting.Diagnostics|CorrelationId=|Request starting HTTP/1.1 GET http://localhost:5176/scalar/scalar.aspnetcore.js - - - 
2026-08-28 21:27:38.2881|Info|Microsoft.AspNetCore.Routing.EndpointMiddleware|CorrelationId=23a59a80-3f75-49ea-9851-2ea3c8e263a0|Executing endpoint 'HTTP: GET /scalar/scalar.js' 
2026-08-28 21:27:38.2881|Info|Microsoft.AspNetCore.Cors.Infrastructure.CorsService|CorrelationId=f89d7936-545a-429f-a49e-2df916eed74b|CORS policy execution successful. 
2026-08-28 21:27:38.2881|Info|Microsoft.AspNetCore.Routing.EndpointMiddleware|CorrelationId=f89d7936-545a-429f-a49e-2df916eed74b|Executing endpoint 'HTTP: GET /scalar/scalar.aspnetcore.js' 
2026-08-28 21:27:38.2881|Info|Microsoft.AspNetCore.Http.Result.FileStreamResult|CorrelationId=23a59a80-3f75-49ea-9851-2ea3c8e263a0|Sending file with download name ''. 
2026-08-28 21:27:38.2881|Info|Microsoft.AspNetCore.Http.Result.FileStreamResult|CorrelationId=f89d7936-545a-429f-a49e-2df916eed74b|Sending file with download name ''. 
2026-08-28 21:27:38.2881|Info|Microsoft.AspNetCore.Routing.EndpointMiddleware|CorrelationId=23a59a80-3f75-49ea-9851-2ea3c8e263a0|Executed endpoint 'HTTP: GET /scalar/scalar.js' 
2026-08-28 21:27:38.2881|Info|Microsoft.AspNetCore.Routing.EndpointMiddleware|CorrelationId=f89d7936-545a-429f-a49e-2df916eed74b|Executed endpoint 'HTTP: GET /scalar/scalar.aspnetcore.js' 
2026-08-28 21:27:38.2881|Info|Microsoft.AspNetCore.Hosting.Diagnostics|CorrelationId=|Request finished HTTP/1.1 GET http://localhost:5176/scalar/scalar.aspnetcore.js - 304 - - 0.7788ms 
2026-08-28 21:27:38.2881|Info|Microsoft.AspNetCore.Hosting.Diagnostics|CorrelationId=|Request finished HTTP/1.1 GET http://localhost:5176/scalar/scalar.js - 304 - - 0.8045ms 
2026-08-28 21:27:38.3432|Info|Microsoft.AspNetCore.Hosting.Diagnostics|CorrelationId=|Request starting HTTP/1.1 GET http://localhost:5176/openapi/v1.json - - - 
2026-08-28 21:27:38.3432|Info|Microsoft.AspNetCore.Routing.EndpointMiddleware|CorrelationId=a3de1ea0-df71-4fa2-991c-ab424fcb4a8a|Executing endpoint 'HTTP: GET /openapi/{documentName}.json' 
2026-08-28 21:27:38.4034|Info|Microsoft.AspNetCore.Routing.EndpointMiddleware|CorrelationId=a3de1ea0-df71-4fa2-991c-ab424fcb4a8a|Executed endpoint 'HTTP: GET /openapi/{documentName}.json' 
2026-08-28 21:27:38.4034|Info|Microsoft.AspNetCore.Hosting.Diagnostics|CorrelationId=|Request finished HTTP/1.1 GET http://localhost:5176/openapi/v1.json - 200 - application/json;charset=utf-8 60.4986ms 
2026-08-28 21:27:38.8211|Info|Microsoft.AspNetCore.Hosting.Diagnostics|CorrelationId=|Request starting HTTP/1.1 GET http://localhost:5176/scalar/favicon.svg - - - 
2026-08-28 21:27:38.8211|Info|Microsoft.AspNetCore.Routing.EndpointMiddleware|CorrelationId=7a153a57-5e5b-4a2c-90b3-27b81672a87f|Executing endpoint 'HTTP: GET /scalar/favicon.svg' 
2026-08-28 21:27:38.8211|Info|Microsoft.AspNetCore.Http.Result.FileStreamResult|CorrelationId=7a153a57-5e5b-4a2c-90b3-27b81672a87f|Sending file with download name ''. 
2026-08-28 21:27:38.8211|Info|Microsoft.AspNetCore.Routing.EndpointMiddleware|CorrelationId=7a153a57-5e5b-4a2c-90b3-27b81672a87f|Executed endpoint 'HTTP: GET /scalar/favicon.svg' 
2026-08-28 21:27:38.8211|Info|Microsoft.AspNetCore.Hosting.Diagnostics|CorrelationId=|Request finished HTTP/1.1 GET http://localhost:5176/scalar/favicon.svg - 304 - - 1.5215ms 
2026-08-28 21:28:02.4399|Info|Microsoft.AspNetCore.Hosting.Diagnostics|CorrelationId=|Request starting HTTP/1.1 POST http://localhost:5176/api/v1/Auth/login - application/json 59 
2026-08-28 21:28:02.4399|Info|Microsoft.AspNetCore.Cors.Infrastructure.CorsService|CorrelationId=5f4d9ab4-2071-48d1-85a2-0ece5585130e|CORS policy execution successful. 
2026-08-28 21:28:02.4399|Info|Microsoft.AspNetCore.Routing.EndpointMiddleware|CorrelationId=5f4d9ab4-2071-48d1-85a2-0ece5585130e|Executing endpoint 'SmartLoan.Api.Controllers.AuthController.Login (SmartLoan.Api)' 
2026-08-28 21:28:02.4399|Info|Microsoft.AspNetCore.Mvc.Infrastructure.ControllerActionInvoker|CorrelationId=5f4d9ab4-2071-48d1-85a2-0ece5585130e|Route matched with {action = "Login", controller = "Auth"}. Executing controller action with signature System.Threading.Tasks.Task`1[Microsoft.AspNetCore.Mvc.ActionResult`1[SmartLoan.Application.Users.LoginResponse]] Login(SmartLoan.Application.Users.LoginCommand) on controller SmartLoan.Api.Controllers.AuthController (SmartLoan.Api). 
2026-08-28 21:28:02.4700|Info|SmartLoan.Application.Common.Behaviors.LoggingBehavior|CorrelationId=5f4d9ab4-2071-48d1-85a2-0ece5585130e|smartloan Request:LoginCommand starting... 
2026-08-28 21:28:02.4888|Info|Microsoft.EntityFrameworkCore.Database.Command|CorrelationId=5f4d9ab4-2071-48d1-85a2-0ece5585130e|Executed DbCommand (1ms) [Parameters=[@request_Email='?'], CommandType='Text', CommandTimeout='30']
SELECT u."Id", u."Email", u."FullName", u."PasswordHash", u."RefreshToken", u."RefreshTokenExpiryTime", u."Role"
FROM "Users" AS u
WHERE u."Email" = @request_Email
LIMIT 1 
2026-08-28 21:28:02.8338|Info|Microsoft.EntityFrameworkCore.Database.Command|CorrelationId=5f4d9ab4-2071-48d1-85a2-0ece5585130e|Executed DbCommand (5ms) [Parameters=[@p2='?' (DbType = Int32), @p0='?', @p1='?' (DbType = DateTime)], CommandType='Text', CommandTimeout='30']
UPDATE "Users" SET "RefreshToken" = @p0, "RefreshTokenExpiryTime" = @p1
WHERE "Id" = @p2; 
2026-08-28 21:28:02.8338|Info|SmartLoan.Application.Common.Behaviors.LoggingBehavior|CorrelationId=5f4d9ab4-2071-48d1-85a2-0ece5585130e|Smarloan Request:LoginCommand finished in 364ms 
2026-08-28 21:28:02.8338|Info|Microsoft.AspNetCore.Mvc.Infrastructure.ObjectResultExecutor|CorrelationId=5f4d9ab4-2071-48d1-85a2-0ece5585130e|Executing OkObjectResult, writing value of type 'SmartLoan.Application.Users.LoginResponse'. 
2026-08-28 21:28:02.8338|Info|Microsoft.AspNetCore.Mvc.Infrastructure.ControllerActionInvoker|CorrelationId=5f4d9ab4-2071-48d1-85a2-0ece5585130e|Executed action SmartLoan.Api.Controllers.AuthController.Login (SmartLoan.Api) in 387.5915ms 
2026-08-28 21:28:02.8338|Info|Microsoft.AspNetCore.Routing.EndpointMiddleware|CorrelationId=5f4d9ab4-2071-48d1-85a2-0ece5585130e|Executed endpoint 'SmartLoan.Api.Controllers.AuthController.Login (SmartLoan.Api)' 
2026-08-28 21:28:02.8338|Info|Microsoft.AspNetCore.Hosting.Diagnostics|CorrelationId=|Request finished HTTP/1.1 POST http://localhost:5176/api/v1/Auth/login - 200 - application/json;+charset=utf-8 395.8450ms 
2026-08-28 21:29:24.3891|Info|Microsoft.AspNetCore.Hosting.Diagnostics|CorrelationId=|Request starting HTTP/1.1 POST http://localhost:5176/api/v1/Auth/refresh - application/json 707 
2026-08-28 21:29:24.3891|Info|Microsoft.AspNetCore.Cors.Infrastructure.CorsService|CorrelationId=7212ffd4-535e-4bf9-a74b-03cf3410f64b|CORS policy execution successful. 
2026-08-28 21:29:24.3891|Info|Microsoft.AspNetCore.Routing.EndpointMiddleware|CorrelationId=7212ffd4-535e-4bf9-a74b-03cf3410f64b|Executing endpoint 'SmartLoan.Api.Controllers.AuthController.Refresh (SmartLoan.Api)' 
2026-08-28 21:29:24.4170|Info|Microsoft.AspNetCore.Mvc.Infrastructure.ControllerActionInvoker|CorrelationId=7212ffd4-535e-4bf9-a74b-03cf3410f64b|Route matched with {action = "Refresh", controller = "Auth"}. Executing controller action with signature System.Threading.Tasks.Task`1[Microsoft.AspNetCore.Mvc.ActionResult] Refresh(SmartLoan.Application.Users.Commands.RefreshToken.RefreshTokenRequest) on controller SmartLoan.Api.Controllers.AuthController (SmartLoan.Api). 
2026-08-28 21:29:24.4248|Info|SmartLoan.Application.Common.Behaviors.LoggingBehavior|CorrelationId=7212ffd4-535e-4bf9-a74b-03cf3410f64b|smartloan Request:RefreshTokenRequest starting... 
2026-08-28 21:29:24.4447|Info|Microsoft.EntityFrameworkCore.Database.Command|CorrelationId=7212ffd4-535e-4bf9-a74b-03cf3410f64b|Executed DbCommand (1ms) [Parameters=[@request_RefreshToken='?'], CommandType='Text', CommandTimeout='30']
SELECT u."Id", u."Email", u."FullName", u."PasswordHash", u."RefreshToken", u."RefreshTokenExpiryTime", u."Role"
FROM "Users" AS u
WHERE u."RefreshToken" = @request_RefreshToken
LIMIT 1 
2026-08-28 21:29:24.4565|Info|Microsoft.EntityFrameworkCore.Database.Command|CorrelationId=7212ffd4-535e-4bf9-a74b-03cf3410f64b|Executed DbCommand (10ms) [Parameters=[@p1='?' (DbType = Int32), @p0='?'], CommandType='Text', CommandTimeout='30']
UPDATE "Users" SET "RefreshToken" = @p0
WHERE "Id" = @p1; 
2026-08-28 21:29:24.4565|Info|SmartLoan.Application.Common.Behaviors.LoggingBehavior|CorrelationId=7212ffd4-535e-4bf9-a74b-03cf3410f64b|Smarloan Request:RefreshTokenRequest finished in 32ms 
2026-08-28 21:29:24.4565|Info|Microsoft.AspNetCore.Mvc.Infrastructure.ObjectResultExecutor|CorrelationId=7212ffd4-535e-4bf9-a74b-03cf3410f64b|Executing OkObjectResult, writing value of type 'SmartLoan.Application.Users.LoginResponse'. 
2026-08-28 21:29:24.4565|Info|Microsoft.AspNetCore.Mvc.Infrastructure.ControllerActionInvoker|CorrelationId=7212ffd4-535e-4bf9-a74b-03cf3410f64b|Executed action SmartLoan.Api.Controllers.AuthController.Refresh (SmartLoan.Api) in 41.1485ms 
2026-08-28 21:29:24.4565|Info|Microsoft.AspNetCore.Routing.EndpointMiddleware|CorrelationId=7212ffd4-535e-4bf9-a74b-03cf3410f64b|Executed endpoint 'SmartLoan.Api.Controllers.AuthController.Refresh (SmartLoan.Api)' 
2026-08-28 21:29:24.4565|Info|Microsoft.AspNetCore.Hosting.Diagnostics|CorrelationId=|Request finished HTTP/1.1 POST http://localhost:5176/api/v1/Auth/refresh - 200 - application/json;+charset=utf-8 69.9330ms 
2026-08-28 21:29:28.3845|Info|Microsoft.AspNetCore.Hosting.Diagnostics|CorrelationId=|Request starting HTTP/1.1 POST http://localhost:5176/api/v1/Auth/refresh - application/json 707 
2026-08-28 21:29:28.3845|Info|Microsoft.AspNetCore.Cors.Infrastructure.CorsService|CorrelationId=451b7641-a562-4bff-adcd-2f49aaf5aff2|CORS policy execution successful. 
2026-08-28 21:29:28.3845|Info|Microsoft.AspNetCore.Routing.EndpointMiddleware|CorrelationId=451b7641-a562-4bff-adcd-2f49aaf5aff2|Executing endpoint 'SmartLoan.Api.Controllers.AuthController.Refresh (SmartLoan.Api)' 
2026-08-28 21:29:28.3845|Info|Microsoft.AspNetCore.Mvc.Infrastructure.ControllerActionInvoker|CorrelationId=451b7641-a562-4bff-adcd-2f49aaf5aff2|Route matched with {action = "Refresh", controller = "Auth"}. Executing controller action with signature System.Threading.Tasks.Task`1[Microsoft.AspNetCore.Mvc.ActionResult] Refresh(SmartLoan.Application.Users.Commands.RefreshToken.RefreshTokenRequest) on controller SmartLoan.Api.Controllers.AuthController (SmartLoan.Api). 
2026-08-28 21:29:28.3877|Info|SmartLoan.Application.Common.Behaviors.LoggingBehavior|CorrelationId=451b7641-a562-4bff-adcd-2f49aaf5aff2|smartloan Request:RefreshTokenRequest starting... 
2026-08-28 21:29:28.3877|Info|Microsoft.EntityFrameworkCore.Database.Command|CorrelationId=451b7641-a562-4bff-adcd-2f49aaf5aff2|Executed DbCommand (1ms) [Parameters=[@request_RefreshToken='?'], CommandType='Text', CommandTimeout='30']
SELECT u."Id", u."Email", u."FullName", u."PasswordHash", u."RefreshToken", u."RefreshTokenExpiryTime", u."Role"
FROM "Users" AS u
WHERE u."RefreshToken" = @request_RefreshToken
LIMIT 1 
2026-08-28 21:29:28.3877|Info|Microsoft.AspNetCore.Mvc.Infrastructure.ControllerActionInvoker|CorrelationId=451b7641-a562-4bff-adcd-2f49aaf5aff2|Executed action SmartLoan.Api.Controllers.AuthController.Refresh (SmartLoan.Api) in 7.5893ms 
2026-08-28 21:29:28.3877|Info|Microsoft.AspNetCore.Routing.EndpointMiddleware|CorrelationId=451b7641-a562-4bff-adcd-2f49aaf5aff2|Executed endpoint 'SmartLoan.Api.Controllers.AuthController.Refresh (SmartLoan.Api)' 
2026-08-28 21:29:28.3877|Error|SmartLoan.Api.Middleware.GlobalExeptionHandle|CorrelationId=451b7641-a562-4bff-adcd-2f49aaf5aff2|an error occurred:Session expired. Please login again. SmartLoan.Application.Common.Exceptions.BusinessRuleException: Session expired. Please login again.
   at SmartLoan.Application.Users.Commands.RefreshToken.RefreshTokenHandler.Handle(RefreshTokenRequest request, CancellationToken ct) in D:\isaac\educational purpose only\.net\kyas pro\SmartLoanTracker\SmartLoan.Application\Users\Commands\RefreshToken\RefreshTokenRequest.cs:line 19
   at SmartLoan.Application.Common.Behaviors.ValidationBehavior`2.Handle(TRequest request, RequestHandlerDelegate`1 next, CancellationToken cancellationToken) in D:\isaac\educational purpose only\.net\kyas pro\SmartLoanTracker\SmartLoan.Application\Common\Behaviors\ValidationBehavior.cs:line 31
   at SmartLoan.Application.Common.Behaviors.LoggingBehavior`2.Handle(TRequest request, RequestHandlerDelegate`1 next, CancellationToken cancellationToken) in D:\isaac\educational purpose only\.net\kyas pro\SmartLoanTracker\SmartLoan.Application\Common\Behaviors\LoggingBehavior.cs:line 14
   at SmartLoan.Api.Controllers.AuthController.Refresh(RefreshTokenRequest command) in D:\isaac\educational purpose only\.net\kyas pro\SmartLoanTracker\smartloan.api\Controllers\AuthController.cs:line 27
   at lambda_method124(Closure, Object)
   at Microsoft.AspNetCore.Mvc.Infrastructure.ActionMethodExecutor.TaskOfActionResultExecutor.Execute(ActionContext actionContext, IActionResultTypeMapper mapper, ObjectMethodExecutor executor, Object controller, Object[] arguments)
   at Microsoft.AspNetCore.Mvc.Infrastructure.ControllerActionInvoker.<InvokeActionMethodAsync>g__Awaited|12_0(ControllerActionInvoker invoker, ValueTask`1 actionResultValueTask)
   at Microsoft.AspNetCore.Mvc.Infrastructure.ControllerActionInvoker.<InvokeNextActionFilterAsync>g__Awaited|10_0(ControllerActionInvoker invoker, Task lastTask, State next, Scope scope, Object state, Boolean isCompleted)
   at Microsoft.AspNetCore.Mvc.Infrastructure.ControllerActionInvoker.Rethrow(ActionExecutedContextSealed context)
   at Microsoft.AspNetCore.Mvc.Infrastructure.ControllerActionInvoker.Next(State& next, Scope& scope, Object& state, Boolean& isCompleted)
   at Microsoft.AspNetCore.Mvc.Infrastructure.ControllerActionInvoker.<InvokeInnerFilterAsync>g__Awaited|13_0(ControllerActionInvoker invoker, Task lastTask, State next, Scope scope, Object state, Boolean isCompleted)
   at Microsoft.AspNetCore.Mvc.Infrastructure.ResourceInvoker.<InvokeFilterPipelineAsync>g__Awaited|20_0(ResourceInvoker invoker, Task lastTask, State next, Scope scope, Object state, Boolean isCompleted)
   at Microsoft.AspNetCore.Mvc.Infrastructure.ResourceInvoker.<InvokeAsync>g__Logged|17_1(ResourceInvoker invoker)
   at Microsoft.AspNetCore.Mvc.Infrastructure.ResourceInvoker.<InvokeAsync>g__Logged|17_1(ResourceInvoker invoker)
   at Microsoft.AspNetCore.Routing.EndpointMiddleware.<Invoke>g__AwaitRequestTask|7_0(Endpoint endpoint, Task requestTask, ILogger logger)
   at Microsoft.AspNetCore.Diagnostics.ExceptionHandlerMiddlewareImpl.<Invoke>g__Awaited|10_0(ExceptionHandlerMiddlewareImpl middleware, HttpContext context, Task task)
2026-08-28 21:29:28.4653|Info|Microsoft.AspNetCore.Hosting.Diagnostics|CorrelationId=|Request finished HTTP/1.1 POST http://localhost:5176/api/v1/Auth/refresh - 500 - application/json;+charset=utf-8 80.8349ms 
2026-08-28 21:30:01.6897|Info|Microsoft.AspNetCore.Hosting.Diagnostics|CorrelationId=|Request starting HTTP/1.1 POST http://localhost:5176/api/v1/Auth/login - application/json 59 
2026-08-28 21:30:01.6897|Info|Microsoft.AspNetCore.Cors.Infrastructure.CorsService|CorrelationId=4a63755b-e6ee-4317-96ac-2cc999f96c12|CORS policy execution successful. 
2026-08-28 21:30:01.6897|Info|Microsoft.AspNetCore.Routing.EndpointMiddleware|CorrelationId=4a63755b-e6ee-4317-96ac-2cc999f96c12|Executing endpoint 'SmartLoan.Api.Controllers.AuthController.Login (SmartLoan.Api)' 
2026-08-28 21:30:01.6897|Info|Microsoft.AspNetCore.Mvc.Infrastructure.ControllerActionInvoker|CorrelationId=4a63755b-e6ee-4317-96ac-2cc999f96c12|Route matched with {action = "Login", controller = "Auth"}. Executing controller action with signature System.Threading.Tasks.Task`1[Microsoft.AspNetCore.Mvc.ActionResult`1[SmartLoan.Application.Users.LoginResponse]] Login(SmartLoan.Application.Users.LoginCommand) on controller SmartLoan.Api.Controllers.AuthController (SmartLoan.Api). 
2026-08-28 21:30:01.6897|Info|SmartLoan.Application.Common.Behaviors.LoggingBehavior|CorrelationId=4a63755b-e6ee-4317-96ac-2cc999f96c12|smartloan Request:LoginCommand starting... 
2026-08-28 21:30:01.8734|Info|Microsoft.EntityFrameworkCore.Database.Command|CorrelationId=4a63755b-e6ee-4317-96ac-2cc999f96c12|Executed DbCommand (2ms) [Parameters=[@request_Email='?'], CommandType='Text', CommandTimeout='30']
SELECT u."Id", u."Email", u."FullName", u."PasswordHash", u."RefreshToken", u."RefreshTokenExpiryTime", u."Role"
FROM "Users" AS u
WHERE u."Email" = @request_Email
LIMIT 1 
2026-08-28 21:30:02.0742|Info|Microsoft.EntityFrameworkCore.Database.Command|CorrelationId=4a63755b-e6ee-4317-96ac-2cc999f96c12|Executed DbCommand (12ms) [Parameters=[@p2='?' (DbType = Int32), @p0='?', @p1='?' (DbType = DateTime)], CommandType='Text', CommandTimeout='30']
UPDATE "Users" SET "RefreshToken" = @p0, "RefreshTokenExpiryTime" = @p1
WHERE "Id" = @p2; 
2026-08-28 21:30:02.0742|Info|SmartLoan.Application.Common.Behaviors.LoggingBehavior|CorrelationId=4a63755b-e6ee-4317-96ac-2cc999f96c12|Smarloan Request:LoginCommand finished in 380ms 
2026-08-28 21:30:02.0742|Info|Microsoft.AspNetCore.Mvc.Infrastructure.ObjectResultExecutor|CorrelationId=4a63755b-e6ee-4317-96ac-2cc999f96c12|Executing OkObjectResult, writing value of type 'SmartLoan.Application.Users.LoginResponse'. 
2026-08-28 21:30:02.0742|Info|Microsoft.AspNetCore.Mvc.Infrastructure.ControllerActionInvoker|CorrelationId=4a63755b-e6ee-4317-96ac-2cc999f96c12|Executed action SmartLoan.Api.Controllers.AuthController.Login (SmartLoan.Api) in 382.6767ms 
2026-08-28 21:30:02.0742|Info|Microsoft.AspNetCore.Routing.EndpointMiddleware|CorrelationId=4a63755b-e6ee-4317-96ac-2cc999f96c12|Executed endpoint 'SmartLoan.Api.Controllers.AuthController.Login (SmartLoan.Api)' 
2026-08-28 21:30:02.0754|Info|Microsoft.AspNetCore.Hosting.Diagnostics|CorrelationId=|Request finished HTTP/1.1 POST http://localhost:5176/api/v1/Auth/login - 200 - application/json;+charset=utf-8 385.7058ms 
2026-08-28 21:30:34.2696|Info|Microsoft.AspNetCore.Hosting.Diagnostics|CorrelationId=|Request starting HTTP/1.1 GET http://localhost:5176/api/v1/Loan/34/payments - - - 
2026-08-28 21:30:34.2696|Info|Microsoft.AspNetCore.Authorization.DefaultAuthorizationService|CorrelationId=b10beffb-399e-4b7c-83db-cdef13fa4ca0|Authorization failed. These requirements were not met:
DenyAnonymousAuthorizationRequirement: Requires an authenticated user. 
2026-08-28 21:30:34.2696|Info|Microsoft.AspNetCore.Authentication.JwtBearer.JwtBearerHandler|CorrelationId=b10beffb-399e-4b7c-83db-cdef13fa4ca0|AuthenticationScheme: Bearer was challenged. 
2026-08-28 21:30:34.2696|Info|Microsoft.AspNetCore.Hosting.Diagnostics|CorrelationId=|Request finished HTTP/1.1 GET http://localhost:5176/api/v1/Loan/34/payments - 401 0 - 4.7019ms 
2026-08-28 21:31:07.8529|Info|Microsoft.AspNetCore.Hosting.Diagnostics|CorrelationId=|Request starting HTTP/1.1 GET http://localhost:5176/api/v1/Loan/34/payments - - - 
2026-08-28 21:31:07.8577|Info|Microsoft.AspNetCore.Routing.EndpointMiddleware|CorrelationId=ee82df47-3b9a-43c3-ab5f-a7e2f3b91f25|Executing endpoint 'SmartLoan.Api.Controllers.LoanController.GetPaymentS (SmartLoan.Api)' 
2026-08-28 21:31:07.8577|Info|Microsoft.AspNetCore.Mvc.Infrastructure.ControllerActionInvoker|CorrelationId=ee82df47-3b9a-43c3-ab5f-a7e2f3b91f25|Route matched with {action = "GetPaymentS", controller = "Loan"}. Executing controller action with signature System.Threading.Tasks.Task`1[Microsoft.AspNetCore.Mvc.ActionResult`1[System.Collections.Generic.List`1[SmartLoan.Application.Payments.PaymentDto]]] GetPaymentS(Int32) on controller SmartLoan.Api.Controllers.LoanController (SmartLoan.Api). 
2026-08-28 21:31:07.8778|Info|SmartLoan.Application.Common.Behaviors.LoggingBehavior|CorrelationId=ee82df47-3b9a-43c3-ab5f-a7e2f3b91f25|smartloan Request:GetPaymentHistoryQuery starting... 
2026-08-28 21:31:07.9900|Info|Microsoft.EntityFrameworkCore.Database.Command|CorrelationId=ee82df47-3b9a-43c3-ab5f-a7e2f3b91f25|Executed DbCommand (4ms) [Parameters=[@request_LoanId='?' (DbType = Int32)], CommandType='Text', CommandTimeout='30']
SELECT p."Id", p."Amount", p."PaymentDate", p."LoanApplicationId"
FROM "Payments" AS p
WHERE p."LoanApplicationId" = @request_LoanId
ORDER BY p."PaymentDate" DESC 
2026-08-28 21:31:07.9900|Info|SmartLoan.Application.Common.Behaviors.LoggingBehavior|CorrelationId=ee82df47-3b9a-43c3-ab5f-a7e2f3b91f25|Smarloan Request:GetPaymentHistoryQuery finished in 113ms 
2026-08-28 21:31:07.9900|Info|Microsoft.AspNetCore.Mvc.Infrastructure.ObjectResultExecutor|CorrelationId=ee82df47-3b9a-43c3-ab5f-a7e2f3b91f25|Executing ObjectResult, writing value of type 'System.Collections.Generic.List`1[[SmartLoan.Application.Payments.PaymentDto, SmartLoan.Application, Version=1.0.0.0, Culture=neutral, PublicKeyToken=null]]'. 
2026-08-28 21:31:07.9900|Info|Microsoft.AspNetCore.Mvc.Infrastructure.ControllerActionInvoker|CorrelationId=ee82df47-3b9a-43c3-ab5f-a7e2f3b91f25|Executed action SmartLoan.Api.Controllers.LoanController.GetPaymentS (SmartLoan.Api) in 121.2456ms 
2026-08-28 21:31:07.9900|Info|Microsoft.AspNetCore.Routing.EndpointMiddleware|CorrelationId=ee82df47-3b9a-43c3-ab5f-a7e2f3b91f25|Executed endpoint 'SmartLoan.Api.Controllers.LoanController.GetPaymentS (SmartLoan.Api)' 
2026-08-28 21:31:07.9900|Info|Microsoft.AspNetCore.Hosting.Diagnostics|CorrelationId=|Request finished HTTP/1.1 GET http://localhost:5176/api/v1/Loan/34/payments - 200 - application/json;+charset=utf-8 140.3717ms 
2026-08-28 21:48:03.8296|Info|Microsoft.AspNetCore.Hosting.Diagnostics|CorrelationId=|Request starting HTTP/1.1 GET http://localhost:5176/api/v1/customers?pageNumber=1&pageSize=10&search= - - - 
2026-08-28 21:48:03.8296|Info|Microsoft.AspNetCore.Routing.EndpointMiddleware|CorrelationId=09753421-7bc8-4f45-b46e-29a28ec03aae|Executing endpoint 'SmartLoan.Api.Controllers.CustomersController.GetAll (SmartLoan.Api)' 
2026-08-28 21:48:03.8296|Info|Microsoft.AspNetCore.Mvc.Infrastructure.ControllerActionInvoker|CorrelationId=09753421-7bc8-4f45-b46e-29a28ec03aae|Route matched with {action = "GetAll", controller = "Customers"}. Executing controller action with signature System.Threading.Tasks.Task`1[Microsoft.AspNetCore.Mvc.ActionResult`1[SmartLoan.Application.Common.PagedResponse`1[SmartLoan.Application.Customers.CustomerDetailsDto]]] GetAll(SmartLoan.Application.Common.PagedRequest) on controller SmartLoan.Api.Controllers.CustomersController (SmartLoan.Api). 
2026-08-28 21:48:03.8542|Info|SmartLoan.Application.Common.Behaviors.LoggingBehavior|CorrelationId=09753421-7bc8-4f45-b46e-29a28ec03aae|smartloan Request:GetCustomersQuery starting... 
2026-08-28 21:48:03.9362|Info|Microsoft.EntityFrameworkCore.Database.Command|CorrelationId=09753421-7bc8-4f45-b46e-29a28ec03aae|Executed DbCommand (5ms) [Parameters=[], CommandType='Text', CommandTimeout='30']
SELECT count(*)::int
FROM "Customers" AS c
WHERE NOT (c."IsDeleted") 
2026-08-28 21:48:03.9519|Info|Microsoft.EntityFrameworkCore.Database.Command|CorrelationId=09753421-7bc8-4f45-b46e-29a28ec03aae|Executed DbCommand (2ms) [Parameters=[@p1='?' (DbType = Int32), @p='?' (DbType = Int32)], CommandType='Text', CommandTimeout='30']
SELECT c."Id", c."FullName", c."Phone", c."Address"
FROM "Customers" AS c
WHERE NOT (c."IsDeleted")
ORDER BY c."FullName"
LIMIT @p1 OFFSET @p 
2026-08-28 21:48:03.9519|Info|SmartLoan.Application.Common.Behaviors.LoggingBehavior|CorrelationId=09753421-7bc8-4f45-b46e-29a28ec03aae|Smarloan Request:GetCustomersQuery finished in 101ms 
2026-08-28 21:48:03.9519|Info|Microsoft.AspNetCore.Mvc.Infrastructure.ObjectResultExecutor|CorrelationId=09753421-7bc8-4f45-b46e-29a28ec03aae|Executing ObjectResult, writing value of type 'SmartLoan.Application.Common.PagedResponse`1[[SmartLoan.Application.Customers.CustomerDetailsDto, SmartLoan.Application, Version=1.0.0.0, Culture=neutral, PublicKeyToken=null]]'. 
2026-08-28 21:48:03.9519|Info|Microsoft.AspNetCore.Mvc.Infrastructure.ControllerActionInvoker|CorrelationId=09753421-7bc8-4f45-b46e-29a28ec03aae|Executed action SmartLoan.Api.Controllers.CustomersController.GetAll (SmartLoan.Api) in 122.1814ms 
2026-08-28 21:48:03.9519|Info|Microsoft.AspNetCore.Routing.EndpointMiddleware|CorrelationId=09753421-7bc8-4f45-b46e-29a28ec03aae|Executed endpoint 'SmartLoan.Api.Controllers.CustomersController.GetAll (SmartLoan.Api)' 
2026-08-28 21:48:03.9519|Info|Microsoft.AspNetCore.Hosting.Diagnostics|CorrelationId=|Request finished HTTP/1.1 GET http://localhost:5176/api/v1/customers?pageNumber=1&pageSize=10&search= - 200 - application/json;+charset=utf-8 133.2885ms 
2026-08-28 21:48:15.0126|Info|Microsoft.AspNetCore.Hosting.Diagnostics|CorrelationId=|Request starting HTTP/1.1 GET http://localhost:5176/api/v1/customers?pageNumber=1&pageSize=10&search=i - - - 
2026-08-28 21:48:15.0126|Info|Microsoft.AspNetCore.Routing.EndpointMiddleware|CorrelationId=f883e25a-15b1-43f7-a779-5ccf325fbcc3|Executing endpoint 'SmartLoan.Api.Controllers.CustomersController.GetAll (SmartLoan.Api)' 
2026-08-28 21:48:15.0132|Info|Microsoft.AspNetCore.Mvc.Infrastructure.ControllerActionInvoker|CorrelationId=f883e25a-15b1-43f7-a779-5ccf325fbcc3|Route matched with {action = "GetAll", controller = "Customers"}. Executing controller action with signature System.Threading.Tasks.Task`1[Microsoft.AspNetCore.Mvc.ActionResult`1[SmartLoan.Application.Common.PagedResponse`1[SmartLoan.Application.Customers.CustomerDetailsDto]]] GetAll(SmartLoan.Application.Common.PagedRequest) on controller SmartLoan.Api.Controllers.CustomersController (SmartLoan.Api). 
2026-08-28 21:48:15.0132|Info|SmartLoan.Application.Common.Behaviors.LoggingBehavior|CorrelationId=f883e25a-15b1-43f7-a779-5ccf325fbcc3|smartloan Request:GetCustomersQuery starting... 
2026-08-28 21:48:15.0420|Info|Microsoft.EntityFrameworkCore.Database.Command|CorrelationId=f883e25a-15b1-43f7-a779-5ccf325fbcc3|Executed DbCommand (9ms) [Parameters=[@search_contains='?', @search_contains0='?'], CommandType='Text', CommandTimeout='30']
SELECT count(*)::int
FROM "Customers" AS c
WHERE NOT (c."IsDeleted") AND (lower(c."FullName") LIKE @search_contains OR c."Phone" LIKE @search_contains0) 
2026-08-28 21:48:15.0503|Info|Microsoft.EntityFrameworkCore.Database.Command|CorrelationId=f883e25a-15b1-43f7-a779-5ccf325fbcc3|Executed DbCommand (1ms) [Parameters=[@search_contains='?', @search_contains0='?', @p3='?' (DbType = Int32), @p='?' (DbType = Int32)], CommandType='Text', CommandTimeout='30']
SELECT c."Id", c."FullName", c."Phone", c."Address"
FROM "Customers" AS c
WHERE NOT (c."IsDeleted") AND (lower(c."FullName") LIKE @search_contains OR c."Phone" LIKE @search_contains0)
ORDER BY c."FullName"
LIMIT @p3 OFFSET @p 
2026-08-28 21:48:15.0503|Info|SmartLoan.Application.Common.Behaviors.LoggingBehavior|CorrelationId=f883e25a-15b1-43f7-a779-5ccf325fbcc3|Smarloan Request:GetCustomersQuery finished in 36ms 
2026-08-28 21:48:15.0503|Info|Microsoft.AspNetCore.Mvc.Infrastructure.ObjectResultExecutor|CorrelationId=f883e25a-15b1-43f7-a779-5ccf325fbcc3|Executing ObjectResult, writing value of type 'SmartLoan.Application.Common.PagedResponse`1[[SmartLoan.Application.Customers.CustomerDetailsDto, SmartLoan.Application, Version=1.0.0.0, Culture=neutral, PublicKeyToken=null]]'. 
2026-08-28 21:48:15.0503|Info|Microsoft.AspNetCore.Mvc.Infrastructure.ControllerActionInvoker|CorrelationId=f883e25a-15b1-43f7-a779-5ccf325fbcc3|Executed action SmartLoan.Api.Controllers.CustomersController.GetAll (SmartLoan.Api) in 37.6674ms 
2026-08-28 21:48:15.0503|Info|Microsoft.AspNetCore.Routing.EndpointMiddleware|CorrelationId=f883e25a-15b1-43f7-a779-5ccf325fbcc3|Executed endpoint 'SmartLoan.Api.Controllers.CustomersController.GetAll (SmartLoan.Api)' 
2026-08-28 21:48:15.0503|Info|Microsoft.AspNetCore.Hosting.Diagnostics|CorrelationId=|Request finished HTTP/1.1 GET http://localhost:5176/api/v1/customers?pageNumber=1&pageSize=10&search=i - 200 - application/json;+charset=utf-8 38.8524ms 
2026-08-28 21:48:16.2046|Info|Microsoft.AspNetCore.Hosting.Diagnostics|CorrelationId=|Request starting HTTP/1.1 GET http://localhost:5176/api/v1/customers?pageNumber=1&pageSize=10&search= - - - 
2026-08-28 21:48:16.2046|Info|Microsoft.AspNetCore.Routing.EndpointMiddleware|CorrelationId=4b5fc183-1506-4ef7-9eb8-1b95c3c75e74|Executing endpoint 'SmartLoan.Api.Controllers.CustomersController.GetAll (SmartLoan.Api)' 
2026-08-28 21:48:16.2046|Info|Microsoft.AspNetCore.Mvc.Infrastructure.ControllerActionInvoker|CorrelationId=4b5fc183-1506-4ef7-9eb8-1b95c3c75e74|Route matched with {action = "GetAll", controller = "Customers"}. Executing controller action with signature System.Threading.Tasks.Task`1[Microsoft.AspNetCore.Mvc.ActionResult`1[SmartLoan.Application.Common.PagedResponse`1[SmartLoan.Application.Customers.CustomerDetailsDto]]] GetAll(SmartLoan.Application.Common.PagedRequest) on controller SmartLoan.Api.Controllers.CustomersController (SmartLoan.Api). 
2026-08-28 21:48:16.2046|Info|SmartLoan.Application.Common.Behaviors.LoggingBehavior|CorrelationId=4b5fc183-1506-4ef7-9eb8-1b95c3c75e74|smartloan Request:GetCustomersQuery starting... 
2026-08-28 21:48:16.2046|Info|Microsoft.EntityFrameworkCore.Database.Command|CorrelationId=4b5fc183-1506-4ef7-9eb8-1b95c3c75e74|Executed DbCommand (1ms) [Parameters=[], CommandType='Text', CommandTimeout='30']
SELECT count(*)::int
FROM "Customers" AS c
WHERE NOT (c."IsDeleted") 
2026-08-28 21:48:16.2046|Info|Microsoft.EntityFrameworkCore.Database.Command|CorrelationId=4b5fc183-1506-4ef7-9eb8-1b95c3c75e74|Executed DbCommand (1ms) [Parameters=[@p1='?' (DbType = Int32), @p='?' (DbType = Int32)], CommandType='Text', CommandTimeout='30']
SELECT c."Id", c."FullName", c."Phone", c."Address"
FROM "Customers" AS c
WHERE NOT (c."IsDeleted")
ORDER BY c."FullName"
LIMIT @p1 OFFSET @p 
2026-08-28 21:48:16.2046|Info|SmartLoan.Application.Common.Behaviors.LoggingBehavior|CorrelationId=4b5fc183-1506-4ef7-9eb8-1b95c3c75e74|Smarloan Request:GetCustomersQuery finished in 6ms 
2026-08-28 21:48:16.2046|Info|Microsoft.AspNetCore.Mvc.Infrastructure.ObjectResultExecutor|CorrelationId=4b5fc183-1506-4ef7-9eb8-1b95c3c75e74|Executing ObjectResult, writing value of type 'SmartLoan.Application.Common.PagedResponse`1[[SmartLoan.Application.Customers.CustomerDetailsDto, SmartLoan.Application, Version=1.0.0.0, Culture=neutral, PublicKeyToken=null]]'. 
2026-08-28 21:48:16.2046|Info|Microsoft.AspNetCore.Mvc.Infrastructure.ControllerActionInvoker|CorrelationId=4b5fc183-1506-4ef7-9eb8-1b95c3c75e74|Executed action SmartLoan.Api.Controllers.CustomersController.GetAll (SmartLoan.Api) in 8.215ms 
2026-08-28 21:48:16.2046|Info|Microsoft.AspNetCore.Routing.EndpointMiddleware|CorrelationId=4b5fc183-1506-4ef7-9eb8-1b95c3c75e74|Executed endpoint 'SmartLoan.Api.Controllers.CustomersController.GetAll (SmartLoan.Api)' 
2026-08-28 21:48:16.2046|Info|Microsoft.AspNetCore.Hosting.Diagnostics|CorrelationId=|Request finished HTTP/1.1 GET http://localhost:5176/api/v1/customers?pageNumber=1&pageSize=10&search= - 200 - application/json;+charset=utf-8 9.8568ms 
2026-08-28 21:48:18.3387|Info|Microsoft.AspNetCore.Hosting.Diagnostics|CorrelationId=|Request starting HTTP/1.1 GET http://localhost:5176/api/v1/customers?pageNumber=1&pageSize=10&search=n - - - 
2026-08-28 21:48:18.3387|Info|Microsoft.AspNetCore.Routing.EndpointMiddleware|CorrelationId=86fefe3c-a133-4b76-89e8-233f83c7b814|Executing endpoint 'SmartLoan.Api.Controllers.CustomersController.GetAll (SmartLoan.Api)' 
2026-08-28 21:48:18.3387|Info|Microsoft.AspNetCore.Mvc.Infrastructure.ControllerActionInvoker|CorrelationId=86fefe3c-a133-4b76-89e8-233f83c7b814|Route matched with {action = "GetAll", controller = "Customers"}. Executing controller action with signature System.Threading.Tasks.Task`1[Microsoft.AspNetCore.Mvc.ActionResult`1[SmartLoan.Application.Common.PagedResponse`1[SmartLoan.Application.Customers.CustomerDetailsDto]]] GetAll(SmartLoan.Application.Common.PagedRequest) on controller SmartLoan.Api.Controllers.CustomersController (SmartLoan.Api). 
2026-08-28 21:48:18.3387|Info|SmartLoan.Application.Common.Behaviors.LoggingBehavior|CorrelationId=86fefe3c-a133-4b76-89e8-233f83c7b814|smartloan Request:GetCustomersQuery starting... 
2026-08-28 21:48:18.3424|Info|Microsoft.EntityFrameworkCore.Database.Command|CorrelationId=86fefe3c-a133-4b76-89e8-233f83c7b814|Executed DbCommand (1ms) [Parameters=[@search_contains='?', @search_contains0='?'], CommandType='Text', CommandTimeout='30']
SELECT count(*)::int
FROM "Customers" AS c
WHERE NOT (c."IsDeleted") AND (lower(c."FullName") LIKE @search_contains OR c."Phone" LIKE @search_contains0) 
2026-08-28 21:48:18.3424|Info|Microsoft.EntityFrameworkCore.Database.Command|CorrelationId=86fefe3c-a133-4b76-89e8-233f83c7b814|Executed DbCommand (1ms) [Parameters=[@search_contains='?', @search_contains0='?', @p3='?' (DbType = Int32), @p='?' (DbType = Int32)], CommandType='Text', CommandTimeout='30']
SELECT c."Id", c."FullName", c."Phone", c."Address"
FROM "Customers" AS c
WHERE NOT (c."IsDeleted") AND (lower(c."FullName") LIKE @search_contains OR c."Phone" LIKE @search_contains0)
ORDER BY c."FullName"
LIMIT @p3 OFFSET @p 
2026-08-28 21:48:18.3424|Info|SmartLoan.Application.Common.Behaviors.LoggingBehavior|CorrelationId=86fefe3c-a133-4b76-89e8-233f83c7b814|Smarloan Request:GetCustomersQuery finished in 4ms 
2026-08-28 21:48:18.3424|Info|Microsoft.AspNetCore.Mvc.Infrastructure.ObjectResultExecutor|CorrelationId=86fefe3c-a133-4b76-89e8-233f83c7b814|Executing ObjectResult, writing value of type 'SmartLoan.Application.Common.PagedResponse`1[[SmartLoan.Application.Customers.CustomerDetailsDto, SmartLoan.Application, Version=1.0.0.0, Culture=neutral, PublicKeyToken=null]]'. 
2026-08-28 21:48:18.3424|Info|Microsoft.AspNetCore.Mvc.Infrastructure.ControllerActionInvoker|CorrelationId=86fefe3c-a133-4b76-89e8-233f83c7b814|Executed action SmartLoan.Api.Controllers.CustomersController.GetAll (SmartLoan.Api) in 5.6459ms 
2026-08-28 21:48:18.3424|Info|Microsoft.AspNetCore.Routing.EndpointMiddleware|CorrelationId=86fefe3c-a133-4b76-89e8-233f83c7b814|Executed endpoint 'SmartLoan.Api.Controllers.CustomersController.GetAll (SmartLoan.Api)' 
2026-08-28 21:48:18.3424|Info|Microsoft.AspNetCore.Hosting.Diagnostics|CorrelationId=|Request finished HTTP/1.1 GET http://localhost:5176/api/v1/customers?pageNumber=1&pageSize=10&search=n - 200 - application/json;+charset=utf-8 7.2868ms 
2026-08-28 21:48:19.3211|Info|Microsoft.AspNetCore.Hosting.Diagnostics|CorrelationId=|Request starting HTTP/1.1 GET http://localhost:5176/api/v1/customers?pageNumber=1&pageSize=10&search= - - - 
2026-08-28 21:48:19.3211|Info|Microsoft.AspNetCore.Routing.EndpointMiddleware|CorrelationId=0ab3c941-619b-487e-84dc-73241383b3e4|Executing endpoint 'SmartLoan.Api.Controllers.CustomersController.GetAll (SmartLoan.Api)' 
2026-08-28 21:48:19.3211|Info|Microsoft.AspNetCore.Mvc.Infrastructure.ControllerActionInvoker|CorrelationId=0ab3c941-619b-487e-84dc-73241383b3e4|Route matched with {action = "GetAll", controller = "Customers"}. Executing controller action with signature System.Threading.Tasks.Task`1[Microsoft.AspNetCore.Mvc.ActionResult`1[SmartLoan.Application.Common.PagedResponse`1[SmartLoan.Application.Customers.CustomerDetailsDto]]] GetAll(SmartLoan.Application.Common.PagedRequest) on controller SmartLoan.Api.Controllers.CustomersController (SmartLoan.Api). 
2026-08-28 21:48:19.3211|Info|SmartLoan.Application.Common.Behaviors.LoggingBehavior|CorrelationId=0ab3c941-619b-487e-84dc-73241383b3e4|smartloan Request:GetCustomersQuery starting... 
2026-08-28 21:48:19.3211|Info|Microsoft.EntityFrameworkCore.Database.Command|CorrelationId=0ab3c941-619b-487e-84dc-73241383b3e4|Executed DbCommand (1ms) [Parameters=[], CommandType='Text', CommandTimeout='30']
SELECT count(*)::int
FROM "Customers" AS c
WHERE NOT (c."IsDeleted") 
2026-08-28 21:48:19.3273|Info|Microsoft.EntityFrameworkCore.Database.Command|CorrelationId=0ab3c941-619b-487e-84dc-73241383b3e4|Executed DbCommand (1ms) [Parameters=[@p1='?' (DbType = Int32), @p='?' (DbType = Int32)], CommandType='Text', CommandTimeout='30']
SELECT c."Id", c."FullName", c."Phone", c."Address"
FROM "Customers" AS c
WHERE NOT (c."IsDeleted")
ORDER BY c."FullName"
LIMIT @p1 OFFSET @p 
2026-08-28 21:48:19.3273|Info|SmartLoan.Application.Common.Behaviors.LoggingBehavior|CorrelationId=0ab3c941-619b-487e-84dc-73241383b3e4|Smarloan Request:GetCustomersQuery finished in 5ms 
2026-08-28 21:48:19.3273|Info|Microsoft.AspNetCore.Mvc.Infrastructure.ObjectResultExecutor|CorrelationId=0ab3c941-619b-487e-84dc-73241383b3e4|Executing ObjectResult, writing value of type 'SmartLoan.Application.Common.PagedResponse`1[[SmartLoan.Application.Customers.CustomerDetailsDto, SmartLoan.Application, Version=1.0.0.0, Culture=neutral, PublicKeyToken=null]]'. 
2026-08-28 21:48:19.3273|Info|Microsoft.AspNetCore.Mvc.Infrastructure.ControllerActionInvoker|CorrelationId=0ab3c941-619b-487e-84dc-73241383b3e4|Executed action SmartLoan.Api.Controllers.CustomersController.GetAll (SmartLoan.Api) in 6.4909ms 
2026-08-28 21:48:19.3273|Info|Microsoft.AspNetCore.Routing.EndpointMiddleware|CorrelationId=0ab3c941-619b-487e-84dc-73241383b3e4|Executed endpoint 'SmartLoan.Api.Controllers.CustomersController.GetAll (SmartLoan.Api)' 
2026-08-28 21:48:19.3273|Info|Microsoft.AspNetCore.Hosting.Diagnostics|CorrelationId=|Request finished HTTP/1.1 GET http://localhost:5176/api/v1/customers?pageNumber=1&pageSize=10&search= - 200 - application/json;+charset=utf-8 8.3534ms 
2026-08-28 21:50:33.0319|Info|Microsoft.AspNetCore.Hosting.Diagnostics|CorrelationId=|Request starting HTTP/1.1 GET http://localhost:5176/api/v1/customers?pageNumber=1&pageSize=10&search= - - - 
2026-08-28 21:50:33.0319|Info|Microsoft.AspNetCore.Routing.EndpointMiddleware|CorrelationId=f45f7461-2b65-4a8b-90a7-bc4c0e248250|Executing endpoint 'SmartLoan.Api.Controllers.CustomersController.GetAll (SmartLoan.Api)' 
2026-08-28 21:50:33.0319|Info|Microsoft.AspNetCore.Mvc.Infrastructure.ControllerActionInvoker|CorrelationId=f45f7461-2b65-4a8b-90a7-bc4c0e248250|Route matched with {action = "GetAll", controller = "Customers"}. Executing controller action with signature System.Threading.Tasks.Task`1[Microsoft.AspNetCore.Mvc.ActionResult`1[SmartLoan.Application.Common.PagedResponse`1[SmartLoan.Application.Customers.CustomerDetailsDto]]] GetAll(SmartLoan.Application.Common.PagedRequest) on controller SmartLoan.Api.Controllers.CustomersController (SmartLoan.Api). 
2026-08-28 21:50:33.0319|Info|SmartLoan.Application.Common.Behaviors.LoggingBehavior|CorrelationId=f45f7461-2b65-4a8b-90a7-bc4c0e248250|smartloan Request:GetCustomersQuery starting... 
2026-08-28 21:50:33.0319|Info|Microsoft.EntityFrameworkCore.Database.Command|CorrelationId=f45f7461-2b65-4a8b-90a7-bc4c0e248250|Executed DbCommand (1ms) [Parameters=[], CommandType='Text', CommandTimeout='30']
SELECT count(*)::int
FROM "Customers" AS c
WHERE NOT (c."IsDeleted") 
2026-08-28 21:50:33.0319|Info|Microsoft.EntityFrameworkCore.Database.Command|CorrelationId=f45f7461-2b65-4a8b-90a7-bc4c0e248250|Executed DbCommand (1ms) [Parameters=[@p1='?' (DbType = Int32), @p='?' (DbType = Int32)], CommandType='Text', CommandTimeout='30']
SELECT c."Id", c."FullName", c."Phone", c."Address"
FROM "Customers" AS c
WHERE NOT (c."IsDeleted")
ORDER BY c."FullName"
LIMIT @p1 OFFSET @p 
2026-08-28 21:50:33.0319|Info|SmartLoan.Application.Common.Behaviors.LoggingBehavior|CorrelationId=f45f7461-2b65-4a8b-90a7-bc4c0e248250|Smarloan Request:GetCustomersQuery finished in 2ms 
2026-08-28 21:50:33.0319|Info|Microsoft.AspNetCore.Mvc.Infrastructure.ObjectResultExecutor|CorrelationId=f45f7461-2b65-4a8b-90a7-bc4c0e248250|Executing ObjectResult, writing value of type 'SmartLoan.Application.Common.PagedResponse`1[[SmartLoan.Application.Customers.CustomerDetailsDto, SmartLoan.Application, Version=1.0.0.0, Culture=neutral, PublicKeyToken=null]]'. 
2026-08-28 21:50:33.0319|Info|Microsoft.AspNetCore.Mvc.Infrastructure.ControllerActionInvoker|CorrelationId=f45f7461-2b65-4a8b-90a7-bc4c0e248250|Executed action SmartLoan.Api.Controllers.CustomersController.GetAll (SmartLoan.Api) in 4.2419ms 
2026-08-28 21:50:33.0319|Info|Microsoft.AspNetCore.Routing.EndpointMiddleware|CorrelationId=f45f7461-2b65-4a8b-90a7-bc4c0e248250|Executed endpoint 'SmartLoan.Api.Controllers.CustomersController.GetAll (SmartLoan.Api)' 
2026-08-28 21:50:33.0319|Info|Microsoft.AspNetCore.Hosting.Diagnostics|CorrelationId=|Request finished HTTP/1.1 GET http://localhost:5176/api/v1/customers?pageNumber=1&pageSize=10&search= - 200 - application/json;+charset=utf-8 8.4883ms 
2026-08-28 21:51:51.2586|Info|Microsoft.AspNetCore.Hosting.Diagnostics|CorrelationId=|Request starting HTTP/1.1 GET http://localhost:5176/api/v1/customers?pageNumber=1&pageSize=10&search= - - - 
2026-08-28 21:51:51.2586|Info|Microsoft.AspNetCore.Routing.EndpointMiddleware|CorrelationId=429d3b00-79fe-48a2-9031-7e5d899c9553|Executing endpoint 'SmartLoan.Api.Controllers.CustomersController.GetAll (SmartLoan.Api)' 
2026-08-28 21:51:51.2586|Info|Microsoft.AspNetCore.Mvc.Infrastructure.ControllerActionInvoker|CorrelationId=429d3b00-79fe-48a2-9031-7e5d899c9553|Route matched with {action = "GetAll", controller = "Customers"}. Executing controller action with signature System.Threading.Tasks.Task`1[Microsoft.AspNetCore.Mvc.ActionResult`1[SmartLoan.Application.Common.PagedResponse`1[SmartLoan.Application.Customers.CustomerDetailsDto]]] GetAll(SmartLoan.Application.Common.PagedRequest) on controller SmartLoan.Api.Controllers.CustomersController (SmartLoan.Api). 
2026-08-28 21:51:51.2586|Info|SmartLoan.Application.Common.Behaviors.LoggingBehavior|CorrelationId=429d3b00-79fe-48a2-9031-7e5d899c9553|smartloan Request:GetCustomersQuery starting... 
2026-08-28 21:51:51.2586|Info|Microsoft.EntityFrameworkCore.Database.Command|CorrelationId=429d3b00-79fe-48a2-9031-7e5d899c9553|Executed DbCommand (1ms) [Parameters=[], CommandType='Text', CommandTimeout='30']
SELECT count(*)::int
FROM "Customers" AS c
WHERE NOT (c."IsDeleted") 
2026-08-28 21:51:51.2586|Info|Microsoft.EntityFrameworkCore.Database.Command|CorrelationId=429d3b00-79fe-48a2-9031-7e5d899c9553|Executed DbCommand (1ms) [Parameters=[@p1='?' (DbType = Int32), @p='?' (DbType = Int32)], CommandType='Text', CommandTimeout='30']
SELECT c."Id", c."FullName", c."Phone", c."Address"
FROM "Customers" AS c
WHERE NOT (c."IsDeleted")
ORDER BY c."FullName"
LIMIT @p1 OFFSET @p 
2026-08-28 21:51:51.2586|Info|SmartLoan.Application.Common.Behaviors.LoggingBehavior|CorrelationId=429d3b00-79fe-48a2-9031-7e5d899c9553|Smarloan Request:GetCustomersQuery finished in 2ms 
2026-08-28 21:51:51.2627|Info|Microsoft.AspNetCore.Mvc.Infrastructure.ObjectResultExecutor|CorrelationId=429d3b00-79fe-48a2-9031-7e5d899c9553|Executing ObjectResult, writing value of type 'SmartLoan.Application.Common.PagedResponse`1[[SmartLoan.Application.Customers.CustomerDetailsDto, SmartLoan.Application, Version=1.0.0.0, Culture=neutral, PublicKeyToken=null]]'. 
2026-08-28 21:51:51.2627|Info|Microsoft.AspNetCore.Mvc.Infrastructure.ControllerActionInvoker|CorrelationId=429d3b00-79fe-48a2-9031-7e5d899c9553|Executed action SmartLoan.Api.Controllers.CustomersController.GetAll (SmartLoan.Api) in 3.623ms 
2026-08-28 21:51:51.2627|Info|Microsoft.AspNetCore.Routing.EndpointMiddleware|CorrelationId=429d3b00-79fe-48a2-9031-7e5d899c9553|Executed endpoint 'SmartLoan.Api.Controllers.CustomersController.GetAll (SmartLoan.Api)' 
2026-08-28 21:51:51.2627|Info|Microsoft.AspNetCore.Hosting.Diagnostics|CorrelationId=|Request finished HTTP/1.1 GET http://localhost:5176/api/v1/customers?pageNumber=1&pageSize=10&search= - 200 - application/json;+charset=utf-8 4.6602ms 
2026-08-28 21:51:56.0923|Info|Microsoft.AspNetCore.Hosting.Diagnostics|CorrelationId=|Request starting HTTP/1.1 GET http://localhost:5176/api/v1/customers?pageNumber=1&pageSize=10&search= - - - 
2026-08-28 21:51:56.0923|Info|Microsoft.AspNetCore.Routing.EndpointMiddleware|CorrelationId=0443a462-c9bc-428a-bd19-88b01b742362|Executing endpoint 'SmartLoan.Api.Controllers.CustomersController.GetAll (SmartLoan.Api)' 
2026-08-28 21:51:56.0923|Info|Microsoft.AspNetCore.Mvc.Infrastructure.ControllerActionInvoker|CorrelationId=0443a462-c9bc-428a-bd19-88b01b742362|Route matched with {action = "GetAll", controller = "Customers"}. Executing controller action with signature System.Threading.Tasks.Task`1[Microsoft.AspNetCore.Mvc.ActionResult`1[SmartLoan.Application.Common.PagedResponse`1[SmartLoan.Application.Customers.CustomerDetailsDto]]] GetAll(SmartLoan.Application.Common.PagedRequest) on controller SmartLoan.Api.Controllers.CustomersController (SmartLoan.Api). 
2026-08-28 21:51:56.0923|Info|SmartLoan.Application.Common.Behaviors.LoggingBehavior|CorrelationId=0443a462-c9bc-428a-bd19-88b01b742362|smartloan Request:GetCustomersQuery starting... 
2026-08-28 21:51:56.0923|Info|Microsoft.EntityFrameworkCore.Database.Command|CorrelationId=0443a462-c9bc-428a-bd19-88b01b742362|Executed DbCommand (0ms) [Parameters=[], CommandType='Text', CommandTimeout='30']
SELECT count(*)::int
FROM "Customers" AS c
WHERE NOT (c."IsDeleted") 
2026-08-28 21:51:56.0923|Info|Microsoft.EntityFrameworkCore.Database.Command|CorrelationId=0443a462-c9bc-428a-bd19-88b01b742362|Executed DbCommand (0ms) [Parameters=[@p1='?' (DbType = Int32), @p='?' (DbType = Int32)], CommandType='Text', CommandTimeout='30']
SELECT c."Id", c."FullName", c."Phone", c."Address"
FROM "Customers" AS c
WHERE NOT (c."IsDeleted")
ORDER BY c."FullName"
LIMIT @p1 OFFSET @p 
2026-08-28 21:51:56.0923|Info|SmartLoan.Application.Common.Behaviors.LoggingBehavior|CorrelationId=0443a462-c9bc-428a-bd19-88b01b742362|Smarloan Request:GetCustomersQuery finished in 2ms 
2026-08-28 21:51:56.0923|Info|Microsoft.AspNetCore.Mvc.Infrastructure.ObjectResultExecutor|CorrelationId=0443a462-c9bc-428a-bd19-88b01b742362|Executing ObjectResult, writing value of type 'SmartLoan.Application.Common.PagedResponse`1[[SmartLoan.Application.Customers.CustomerDetailsDto, SmartLoan.Application, Version=1.0.0.0, Culture=neutral, PublicKeyToken=null]]'. 
2026-08-28 21:51:56.0923|Info|Microsoft.AspNetCore.Mvc.Infrastructure.ControllerActionInvoker|CorrelationId=0443a462-c9bc-428a-bd19-88b01b742362|Executed action SmartLoan.Api.Controllers.CustomersController.GetAll (SmartLoan.Api) in 2.6385ms 
2026-08-28 21:51:56.0923|Info|Microsoft.AspNetCore.Routing.EndpointMiddleware|CorrelationId=0443a462-c9bc-428a-bd19-88b01b742362|Executed endpoint 'SmartLoan.Api.Controllers.CustomersController.GetAll (SmartLoan.Api)' 
2026-08-28 21:51:56.0923|Info|Microsoft.AspNetCore.Hosting.Diagnostics|CorrelationId=|Request finished HTTP/1.1 GET http://localhost:5176/api/v1/customers?pageNumber=1&pageSize=10&search= - 200 - application/json;+charset=utf-8 3.4985ms 
2026-08-28 21:52:12.8069|Info|Microsoft.AspNetCore.Hosting.Diagnostics|CorrelationId=|Request starting HTTP/1.1 GET http://localhost:5176/api/v1/customers?pageNumber=1&pageSize=10&search= - - - 
2026-08-28 21:52:12.8069|Info|Microsoft.AspNetCore.Routing.EndpointMiddleware|CorrelationId=bcbeddaa-7f28-4e67-a42c-a2708c270951|Executing endpoint 'SmartLoan.Api.Controllers.CustomersController.GetAll (SmartLoan.Api)' 
2026-08-28 21:52:12.8069|Info|Microsoft.AspNetCore.Mvc.Infrastructure.ControllerActionInvoker|CorrelationId=bcbeddaa-7f28-4e67-a42c-a2708c270951|Route matched with {action = "GetAll", controller = "Customers"}. Executing controller action with signature System.Threading.Tasks.Task`1[Microsoft.AspNetCore.Mvc.ActionResult`1[SmartLoan.Application.Common.PagedResponse`1[SmartLoan.Application.Customers.CustomerDetailsDto]]] GetAll(SmartLoan.Application.Common.PagedRequest) on controller SmartLoan.Api.Controllers.CustomersController (SmartLoan.Api). 
2026-08-28 21:52:12.8069|Info|SmartLoan.Application.Common.Behaviors.LoggingBehavior|CorrelationId=bcbeddaa-7f28-4e67-a42c-a2708c270951|smartloan Request:GetCustomersQuery starting... 
2026-08-28 21:52:12.8069|Info|Microsoft.EntityFrameworkCore.Database.Command|CorrelationId=bcbeddaa-7f28-4e67-a42c-a2708c270951|Executed DbCommand (1ms) [Parameters=[], CommandType='Text', CommandTimeout='30']
SELECT count(*)::int
FROM "Customers" AS c
WHERE NOT (c."IsDeleted") 
2026-08-28 21:52:12.8104|Info|Microsoft.EntityFrameworkCore.Database.Command|CorrelationId=bcbeddaa-7f28-4e67-a42c-a2708c270951|Executed DbCommand (0ms) [Parameters=[@p1='?' (DbType = Int32), @p='?' (DbType = Int32)], CommandType='Text', CommandTimeout='30']
SELECT c."Id", c."FullName", c."Phone", c."Address"
FROM "Customers" AS c
WHERE NOT (c."IsDeleted")
ORDER BY c."FullName"
LIMIT @p1 OFFSET @p 
2026-08-28 21:52:12.8104|Info|SmartLoan.Application.Common.Behaviors.LoggingBehavior|CorrelationId=bcbeddaa-7f28-4e67-a42c-a2708c270951|Smarloan Request:GetCustomersQuery finished in 4ms 
2026-08-28 21:52:12.8104|Info|Microsoft.AspNetCore.Mvc.Infrastructure.ObjectResultExecutor|CorrelationId=bcbeddaa-7f28-4e67-a42c-a2708c270951|Executing ObjectResult, writing value of type 'SmartLoan.Application.Common.PagedResponse`1[[SmartLoan.Application.Customers.CustomerDetailsDto, SmartLoan.Application, Version=1.0.0.0, Culture=neutral, PublicKeyToken=null]]'. 
2026-08-28 21:52:12.8104|Info|Microsoft.AspNetCore.Mvc.Infrastructure.ControllerActionInvoker|CorrelationId=bcbeddaa-7f28-4e67-a42c-a2708c270951|Executed action SmartLoan.Api.Controllers.CustomersController.GetAll (SmartLoan.Api) in 7.3999ms 
2026-08-28 21:52:12.8104|Info|Microsoft.AspNetCore.Routing.EndpointMiddleware|CorrelationId=bcbeddaa-7f28-4e67-a42c-a2708c270951|Executed endpoint 'SmartLoan.Api.Controllers.CustomersController.GetAll (SmartLoan.Api)' 
2026-08-28 21:52:12.8104|Info|Microsoft.AspNetCore.Hosting.Diagnostics|CorrelationId=|Request finished HTTP/1.1 GET http://localhost:5176/api/v1/customers?pageNumber=1&pageSize=10&search= - 200 - application/json;+charset=utf-8 9.7051ms 
2026-08-28 21:52:15.1008|Info|Microsoft.AspNetCore.Hosting.Diagnostics|CorrelationId=|Request starting HTTP/1.1 GET http://localhost:5176/api/v1/customers?pageNumber=1&pageSize=10&search= - - - 
2026-08-28 21:52:15.1008|Info|Microsoft.AspNetCore.Routing.EndpointMiddleware|CorrelationId=727de77a-2cc7-4c81-88c7-8a1e0cb838da|Executing endpoint 'SmartLoan.Api.Controllers.CustomersController.GetAll (SmartLoan.Api)' 
2026-08-28 21:52:15.1008|Info|Microsoft.AspNetCore.Mvc.Infrastructure.ControllerActionInvoker|CorrelationId=727de77a-2cc7-4c81-88c7-8a1e0cb838da|Route matched with {action = "GetAll", controller = "Customers"}. Executing controller action with signature System.Threading.Tasks.Task`1[Microsoft.AspNetCore.Mvc.ActionResult`1[SmartLoan.Application.Common.PagedResponse`1[SmartLoan.Application.Customers.CustomerDetailsDto]]] GetAll(SmartLoan.Application.Common.PagedRequest) on controller SmartLoan.Api.Controllers.CustomersController (SmartLoan.Api). 
2026-08-28 21:52:15.1008|Info|SmartLoan.Application.Common.Behaviors.LoggingBehavior|CorrelationId=727de77a-2cc7-4c81-88c7-8a1e0cb838da|smartloan Request:GetCustomersQuery starting... 
2026-08-28 21:52:15.1008|Info|Microsoft.EntityFrameworkCore.Database.Command|CorrelationId=727de77a-2cc7-4c81-88c7-8a1e0cb838da|Executed DbCommand (0ms) [Parameters=[], CommandType='Text', CommandTimeout='30']
SELECT count(*)::int
FROM "Customers" AS c
WHERE NOT (c."IsDeleted") 
2026-08-28 21:52:15.1008|Info|Microsoft.EntityFrameworkCore.Database.Command|CorrelationId=727de77a-2cc7-4c81-88c7-8a1e0cb838da|Executed DbCommand (0ms) [Parameters=[@p1='?' (DbType = Int32), @p='?' (DbType = Int32)], CommandType='Text', CommandTimeout='30']
SELECT c."Id", c."FullName", c."Phone", c."Address"
FROM "Customers" AS c
WHERE NOT (c."IsDeleted")
ORDER BY c."FullName"
LIMIT @p1 OFFSET @p 
2026-08-28 21:52:15.1008|Info|SmartLoan.Application.Common.Behaviors.LoggingBehavior|CorrelationId=727de77a-2cc7-4c81-88c7-8a1e0cb838da|Smarloan Request:GetCustomersQuery finished in 2ms 
2026-08-28 21:52:15.1008|Info|Microsoft.AspNetCore.Mvc.Infrastructure.ObjectResultExecutor|CorrelationId=727de77a-2cc7-4c81-88c7-8a1e0cb838da|Executing ObjectResult, writing value of type 'SmartLoan.Application.Common.PagedResponse`1[[SmartLoan.Application.Customers.CustomerDetailsDto, SmartLoan.Application, Version=1.0.0.0, Culture=neutral, PublicKeyToken=null]]'. 
2026-08-28 21:52:15.1008|Info|Microsoft.AspNetCore.Mvc.Infrastructure.ControllerActionInvoker|CorrelationId=727de77a-2cc7-4c81-88c7-8a1e0cb838da|Executed action SmartLoan.Api.Controllers.CustomersController.GetAll (SmartLoan.Api) in 2.7433ms 
2026-08-28 21:52:15.1008|Info|Microsoft.AspNetCore.Routing.EndpointMiddleware|CorrelationId=727de77a-2cc7-4c81-88c7-8a1e0cb838da|Executed endpoint 'SmartLoan.Api.Controllers.CustomersController.GetAll (SmartLoan.Api)' 
2026-08-28 21:52:15.1008|Info|Microsoft.AspNetCore.Hosting.Diagnostics|CorrelationId=|Request finished HTTP/1.1 GET http://localhost:5176/api/v1/customers?pageNumber=1&pageSize=10&search= - 200 - application/json;+charset=utf-8 4.0154ms 
2026-08-28 21:52:17.0635|Info|Microsoft.AspNetCore.Hosting.Diagnostics|CorrelationId=|Request starting HTTP/1.1 GET http://localhost:5176/api/v1/customers?pageNumber=1&pageSize=10&search= - - - 
2026-08-28 21:52:17.0635|Info|Microsoft.AspNetCore.Routing.EndpointMiddleware|CorrelationId=09999eb0-122f-437d-9cc8-c5823b12dac7|Executing endpoint 'SmartLoan.Api.Controllers.CustomersController.GetAll (SmartLoan.Api)' 
2026-08-28 21:52:17.0635|Info|Microsoft.AspNetCore.Mvc.Infrastructure.ControllerActionInvoker|CorrelationId=09999eb0-122f-437d-9cc8-c5823b12dac7|Route matched with {action = "GetAll", controller = "Customers"}. Executing controller action with signature System.Threading.Tasks.Task`1[Microsoft.AspNetCore.Mvc.ActionResult`1[SmartLoan.Application.Common.PagedResponse`1[SmartLoan.Application.Customers.CustomerDetailsDto]]] GetAll(SmartLoan.Application.Common.PagedRequest) on controller SmartLoan.Api.Controllers.CustomersController (SmartLoan.Api). 
2026-08-28 21:52:17.0635|Info|SmartLoan.Application.Common.Behaviors.LoggingBehavior|CorrelationId=09999eb0-122f-437d-9cc8-c5823b12dac7|smartloan Request:GetCustomersQuery starting... 
2026-08-28 21:52:17.0635|Info|Microsoft.EntityFrameworkCore.Database.Command|CorrelationId=09999eb0-122f-437d-9cc8-c5823b12dac7|Executed DbCommand (0ms) [Parameters=[], CommandType='Text', CommandTimeout='30']
SELECT count(*)::int
FROM "Customers" AS c
WHERE NOT (c."IsDeleted") 
2026-08-28 21:52:17.0635|Info|Microsoft.EntityFrameworkCore.Database.Command|CorrelationId=09999eb0-122f-437d-9cc8-c5823b12dac7|Executed DbCommand (0ms) [Parameters=[@p1='?' (DbType = Int32), @p='?' (DbType = Int32)], CommandType='Text', CommandTimeout='30']
SELECT c."Id", c."FullName", c."Phone", c."Address"
FROM "Customers" AS c
WHERE NOT (c."IsDeleted")
ORDER BY c."FullName"
LIMIT @p1 OFFSET @p 
2026-08-28 21:52:17.0635|Info|SmartLoan.Application.Common.Behaviors.LoggingBehavior|CorrelationId=09999eb0-122f-437d-9cc8-c5823b12dac7|Smarloan Request:GetCustomersQuery finished in 2ms 
2026-08-28 21:52:17.0635|Info|Microsoft.AspNetCore.Mvc.Infrastructure.ObjectResultExecutor|CorrelationId=09999eb0-122f-437d-9cc8-c5823b12dac7|Executing ObjectResult, writing value of type 'SmartLoan.Application.Common.PagedResponse`1[[SmartLoan.Application.Customers.CustomerDetailsDto, SmartLoan.Application, Version=1.0.0.0, Culture=neutral, PublicKeyToken=null]]'. 
2026-08-28 21:52:17.0635|Info|Microsoft.AspNetCore.Mvc.Infrastructure.ControllerActionInvoker|CorrelationId=09999eb0-122f-437d-9cc8-c5823b12dac7|Executed action SmartLoan.Api.Controllers.CustomersController.GetAll (SmartLoan.Api) in 3.187ms 
2026-08-28 21:52:17.0635|Info|Microsoft.AspNetCore.Routing.EndpointMiddleware|CorrelationId=09999eb0-122f-437d-9cc8-c5823b12dac7|Executed endpoint 'SmartLoan.Api.Controllers.CustomersController.GetAll (SmartLoan.Api)' 
2026-08-28 21:52:17.0635|Info|Microsoft.AspNetCore.Hosting.Diagnostics|CorrelationId=|Request finished HTTP/1.1 GET http://localhost:5176/api/v1/customers?pageNumber=1&pageSize=10&search= - 200 - application/json;+charset=utf-8 4.3001ms 
2026-08-28 21:52:19.0712|Info|Microsoft.AspNetCore.Hosting.Diagnostics|CorrelationId=|Request starting HTTP/1.1 GET http://localhost:5176/api/v1/customers?pageNumber=1&pageSize=10&search= - - - 
2026-08-28 21:52:19.0712|Info|Microsoft.AspNetCore.Routing.EndpointMiddleware|CorrelationId=5b7e6b9e-0b4a-4fd2-9307-003d3cf11d36|Executing endpoint 'SmartLoan.Api.Controllers.CustomersController.GetAll (SmartLoan.Api)' 
2026-08-28 21:52:19.0712|Info|Microsoft.AspNetCore.Mvc.Infrastructure.ControllerActionInvoker|CorrelationId=5b7e6b9e-0b4a-4fd2-9307-003d3cf11d36|Route matched with {action = "GetAll", controller = "Customers"}. Executing controller action with signature System.Threading.Tasks.Task`1[Microsoft.AspNetCore.Mvc.ActionResult`1[SmartLoan.Application.Common.PagedResponse`1[SmartLoan.Application.Customers.CustomerDetailsDto]]] GetAll(SmartLoan.Application.Common.PagedRequest) on controller SmartLoan.Api.Controllers.CustomersController (SmartLoan.Api). 
2026-08-28 21:52:19.0712|Info|SmartLoan.Application.Common.Behaviors.LoggingBehavior|CorrelationId=5b7e6b9e-0b4a-4fd2-9307-003d3cf11d36|smartloan Request:GetCustomersQuery starting... 
2026-08-28 21:52:19.0712|Info|Microsoft.EntityFrameworkCore.Database.Command|CorrelationId=5b7e6b9e-0b4a-4fd2-9307-003d3cf11d36|Executed DbCommand (1ms) [Parameters=[], CommandType='Text', CommandTimeout='30']
SELECT count(*)::int
FROM "Customers" AS c
WHERE NOT (c."IsDeleted") 
2026-08-28 21:52:19.0712|Info|Microsoft.EntityFrameworkCore.Database.Command|CorrelationId=5b7e6b9e-0b4a-4fd2-9307-003d3cf11d36|Executed DbCommand (0ms) [Parameters=[@p1='?' (DbType = Int32), @p='?' (DbType = Int32)], CommandType='Text', CommandTimeout='30']
SELECT c."Id", c."FullName", c."Phone", c."Address"
FROM "Customers" AS c
WHERE NOT (c."IsDeleted")
ORDER BY c."FullName"
LIMIT @p1 OFFSET @p 
2026-08-28 21:52:19.0712|Info|SmartLoan.Application.Common.Behaviors.LoggingBehavior|CorrelationId=5b7e6b9e-0b4a-4fd2-9307-003d3cf11d36|Smarloan Request:GetCustomersQuery finished in 2ms 
2026-08-28 21:52:19.0712|Info|Microsoft.AspNetCore.Mvc.Infrastructure.ObjectResultExecutor|CorrelationId=5b7e6b9e-0b4a-4fd2-9307-003d3cf11d36|Executing ObjectResult, writing value of type 'SmartLoan.Application.Common.PagedResponse`1[[SmartLoan.Application.Customers.CustomerDetailsDto, SmartLoan.Application, Version=1.0.0.0, Culture=neutral, PublicKeyToken=null]]'. 
2026-08-28 21:52:19.0712|Info|Microsoft.AspNetCore.Mvc.Infrastructure.ControllerActionInvoker|CorrelationId=5b7e6b9e-0b4a-4fd2-9307-003d3cf11d36|Executed action SmartLoan.Api.Controllers.CustomersController.GetAll (SmartLoan.Api) in 3.166ms 
2026-08-28 21:52:19.0712|Info|Microsoft.AspNetCore.Routing.EndpointMiddleware|CorrelationId=5b7e6b9e-0b4a-4fd2-9307-003d3cf11d36|Executed endpoint 'SmartLoan.Api.Controllers.CustomersController.GetAll (SmartLoan.Api)' 
2026-08-28 21:52:19.0712|Info|Microsoft.AspNetCore.Hosting.Diagnostics|CorrelationId=|Request finished HTTP/1.1 GET http://localhost:5176/api/v1/customers?pageNumber=1&pageSize=10&search= - 200 - application/json;+charset=utf-8 4.1858ms 
2026-08-28 21:52:38.1894|Info|Microsoft.AspNetCore.Hosting.Diagnostics|CorrelationId=|Request starting HTTP/1.1 GET http://localhost:5176/api/v1/customers?pageNumber=1&pageSize=10&search= - - - 
2026-08-28 21:52:38.1894|Info|Microsoft.AspNetCore.Routing.EndpointMiddleware|CorrelationId=8654df49-cf3a-4ddd-8003-24f5bcf7506f|Executing endpoint 'SmartLoan.Api.Controllers.CustomersController.GetAll (SmartLoan.Api)' 
2026-08-28 21:52:38.1894|Info|Microsoft.AspNetCore.Mvc.Infrastructure.ControllerActionInvoker|CorrelationId=8654df49-cf3a-4ddd-8003-24f5bcf7506f|Route matched with {action = "GetAll", controller = "Customers"}. Executing controller action with signature System.Threading.Tasks.Task`1[Microsoft.AspNetCore.Mvc.ActionResult`1[SmartLoan.Application.Common.PagedResponse`1[SmartLoan.Application.Customers.CustomerDetailsDto]]] GetAll(SmartLoan.Application.Common.PagedRequest) on controller SmartLoan.Api.Controllers.CustomersController (SmartLoan.Api). 
2026-08-28 21:52:38.1894|Info|SmartLoan.Application.Common.Behaviors.LoggingBehavior|CorrelationId=8654df49-cf3a-4ddd-8003-24f5bcf7506f|smartloan Request:GetCustomersQuery starting... 
2026-08-28 21:52:38.1894|Info|Microsoft.EntityFrameworkCore.Database.Command|CorrelationId=8654df49-cf3a-4ddd-8003-24f5bcf7506f|Executed DbCommand (0ms) [Parameters=[], CommandType='Text', CommandTimeout='30']
SELECT count(*)::int
FROM "Customers" AS c
WHERE NOT (c."IsDeleted") 
2026-08-28 21:52:38.1894|Info|Microsoft.EntityFrameworkCore.Database.Command|CorrelationId=8654df49-cf3a-4ddd-8003-24f5bcf7506f|Executed DbCommand (0ms) [Parameters=[@p1='?' (DbType = Int32), @p='?' (DbType = Int32)], CommandType='Text', CommandTimeout='30']
SELECT c."Id", c."FullName", c."Phone", c."Address"
FROM "Customers" AS c
WHERE NOT (c."IsDeleted")
ORDER BY c."FullName"
LIMIT @p1 OFFSET @p 
2026-08-28 21:52:38.1894|Info|SmartLoan.Application.Common.Behaviors.LoggingBehavior|CorrelationId=8654df49-cf3a-4ddd-8003-24f5bcf7506f|Smarloan Request:GetCustomersQuery finished in 2ms 
2026-08-28 21:52:38.1894|Info|Microsoft.AspNetCore.Mvc.Infrastructure.ObjectResultExecutor|CorrelationId=8654df49-cf3a-4ddd-8003-24f5bcf7506f|Executing ObjectResult, writing value of type 'SmartLoan.Application.Common.PagedResponse`1[[SmartLoan.Application.Customers.CustomerDetailsDto, SmartLoan.Application, Version=1.0.0.0, Culture=neutral, PublicKeyToken=null]]'. 
2026-08-28 21:52:38.1894|Info|Microsoft.AspNetCore.Mvc.Infrastructure.ControllerActionInvoker|CorrelationId=8654df49-cf3a-4ddd-8003-24f5bcf7506f|Executed action SmartLoan.Api.Controllers.CustomersController.GetAll (SmartLoan.Api) in 3.2928ms 
2026-08-28 21:52:38.1894|Info|Microsoft.AspNetCore.Routing.EndpointMiddleware|CorrelationId=8654df49-cf3a-4ddd-8003-24f5bcf7506f|Executed endpoint 'SmartLoan.Api.Controllers.CustomersController.GetAll (SmartLoan.Api)' 
2026-08-28 21:52:38.1894|Info|Microsoft.AspNetCore.Hosting.Diagnostics|CorrelationId=|Request finished HTTP/1.1 GET http://localhost:5176/api/v1/customers?pageNumber=1&pageSize=10&search= - 200 - application/json;+charset=utf-8 4.6114ms 
2026-08-28 21:52:46.0616|Info|Microsoft.AspNetCore.Hosting.Diagnostics|CorrelationId=|Request starting HTTP/1.1 GET http://localhost:5176/api/v1/customers?pageNumber=1&pageSize=10&search= - - - 
2026-08-28 21:52:46.0616|Info|Microsoft.AspNetCore.Routing.EndpointMiddleware|CorrelationId=213cfefb-da85-4ee3-a657-1640fae146b2|Executing endpoint 'SmartLoan.Api.Controllers.CustomersController.GetAll (SmartLoan.Api)' 
2026-08-28 21:52:46.0616|Info|Microsoft.AspNetCore.Mvc.Infrastructure.ControllerActionInvoker|CorrelationId=213cfefb-da85-4ee3-a657-1640fae146b2|Route matched with {action = "GetAll", controller = "Customers"}. Executing controller action with signature System.Threading.Tasks.Task`1[Microsoft.AspNetCore.Mvc.ActionResult`1[SmartLoan.Application.Common.PagedResponse`1[SmartLoan.Application.Customers.CustomerDetailsDto]]] GetAll(SmartLoan.Application.Common.PagedRequest) on controller SmartLoan.Api.Controllers.CustomersController (SmartLoan.Api). 
2026-08-28 21:52:46.0616|Info|SmartLoan.Application.Common.Behaviors.LoggingBehavior|CorrelationId=213cfefb-da85-4ee3-a657-1640fae146b2|smartloan Request:GetCustomersQuery starting... 
2026-08-28 21:52:46.0616|Info|Microsoft.EntityFrameworkCore.Database.Command|CorrelationId=213cfefb-da85-4ee3-a657-1640fae146b2|Executed DbCommand (1ms) [Parameters=[], CommandType='Text', CommandTimeout='30']
SELECT count(*)::int
FROM "Customers" AS c
WHERE NOT (c."IsDeleted") 
2026-08-28 21:52:46.0616|Info|Microsoft.EntityFrameworkCore.Database.Command|CorrelationId=213cfefb-da85-4ee3-a657-1640fae146b2|Executed DbCommand (1ms) [Parameters=[@p1='?' (DbType = Int32), @p='?' (DbType = Int32)], CommandType='Text', CommandTimeout='30']
SELECT c."Id", c."FullName", c."Phone", c."Address"
FROM "Customers" AS c
WHERE NOT (c."IsDeleted")
ORDER BY c."FullName"
LIMIT @p1 OFFSET @p 
2026-08-28 21:52:46.0616|Info|SmartLoan.Application.Common.Behaviors.LoggingBehavior|CorrelationId=213cfefb-da85-4ee3-a657-1640fae146b2|Smarloan Request:GetCustomersQuery finished in 2ms 
2026-08-28 21:52:46.0616|Info|Microsoft.AspNetCore.Mvc.Infrastructure.ObjectResultExecutor|CorrelationId=213cfefb-da85-4ee3-a657-1640fae146b2|Executing ObjectResult, writing value of type 'SmartLoan.Application.Common.PagedResponse`1[[SmartLoan.Application.Customers.CustomerDetailsDto, SmartLoan.Application, Version=1.0.0.0, Culture=neutral, PublicKeyToken=null]]'. 
2026-08-28 21:52:46.0616|Info|Microsoft.AspNetCore.Mvc.Infrastructure.ControllerActionInvoker|CorrelationId=213cfefb-da85-4ee3-a657-1640fae146b2|Executed action SmartLoan.Api.Controllers.CustomersController.GetAll (SmartLoan.Api) in 3.2883ms 
2026-08-28 21:52:46.0616|Info|Microsoft.AspNetCore.Routing.EndpointMiddleware|CorrelationId=213cfefb-da85-4ee3-a657-1640fae146b2|Executed endpoint 'SmartLoan.Api.Controllers.CustomersController.GetAll (SmartLoan.Api)' 
2026-08-28 21:52:46.0616|Info|Microsoft.AspNetCore.Hosting.Diagnostics|CorrelationId=|Request finished HTTP/1.1 GET http://localhost:5176/api/v1/customers?pageNumber=1&pageSize=10&search= - 200 - application/json;+charset=utf-8 4.3287ms 
2026-08-28 21:52:53.0628|Info|Microsoft.AspNetCore.Hosting.Diagnostics|CorrelationId=|Request starting HTTP/1.1 GET http://localhost:5176/api/v1/customers?pageNumber=1&pageSize=10&search= - - - 
2026-08-28 21:52:53.0628|Info|Microsoft.AspNetCore.Routing.EndpointMiddleware|CorrelationId=c20562b7-a94f-4b38-a90c-a8d8cb04f518|Executing endpoint 'SmartLoan.Api.Controllers.CustomersController.GetAll (SmartLoan.Api)' 
2026-08-28 21:52:53.0628|Info|Microsoft.AspNetCore.Mvc.Infrastructure.ControllerActionInvoker|CorrelationId=c20562b7-a94f-4b38-a90c-a8d8cb04f518|Route matched with {action = "GetAll", controller = "Customers"}. Executing controller action with signature System.Threading.Tasks.Task`1[Microsoft.AspNetCore.Mvc.ActionResult`1[SmartLoan.Application.Common.PagedResponse`1[SmartLoan.Application.Customers.CustomerDetailsDto]]] GetAll(SmartLoan.Application.Common.PagedRequest) on controller SmartLoan.Api.Controllers.CustomersController (SmartLoan.Api). 
2026-08-28 21:52:53.0628|Info|SmartLoan.Application.Common.Behaviors.LoggingBehavior|CorrelationId=c20562b7-a94f-4b38-a90c-a8d8cb04f518|smartloan Request:GetCustomersQuery starting... 
2026-08-28 21:52:53.0628|Info|Microsoft.EntityFrameworkCore.Database.Command|CorrelationId=c20562b7-a94f-4b38-a90c-a8d8cb04f518|Executed DbCommand (0ms) [Parameters=[], CommandType='Text', CommandTimeout='30']
SELECT count(*)::int
FROM "Customers" AS c
WHERE NOT (c."IsDeleted") 
2026-08-28 21:52:53.0628|Info|Microsoft.EntityFrameworkCore.Database.Command|CorrelationId=c20562b7-a94f-4b38-a90c-a8d8cb04f518|Executed DbCommand (0ms) [Parameters=[@p1='?' (DbType = Int32), @p='?' (DbType = Int32)], CommandType='Text', CommandTimeout='30']
SELECT c."Id", c."FullName", c."Phone", c."Address"
FROM "Customers" AS c
WHERE NOT (c."IsDeleted")
ORDER BY c."FullName"
LIMIT @p1 OFFSET @p 
2026-08-28 21:52:53.0628|Info|SmartLoan.Application.Common.Behaviors.LoggingBehavior|CorrelationId=c20562b7-a94f-4b38-a90c-a8d8cb04f518|Smarloan Request:GetCustomersQuery finished in 2ms 
2026-08-28 21:52:53.0628|Info|Microsoft.AspNetCore.Mvc.Infrastructure.ObjectResultExecutor|CorrelationId=c20562b7-a94f-4b38-a90c-a8d8cb04f518|Executing ObjectResult, writing value of type 'SmartLoan.Application.Common.PagedResponse`1[[SmartLoan.Application.Customers.CustomerDetailsDto, SmartLoan.Application, Version=1.0.0.0, Culture=neutral, PublicKeyToken=null]]'. 
2026-08-28 21:52:53.0628|Info|Microsoft.AspNetCore.Mvc.Infrastructure.ControllerActionInvoker|CorrelationId=c20562b7-a94f-4b38-a90c-a8d8cb04f518|Executed action SmartLoan.Api.Controllers.CustomersController.GetAll (SmartLoan.Api) in 2.9472ms 
2026-08-28 21:52:53.0628|Info|Microsoft.AspNetCore.Routing.EndpointMiddleware|CorrelationId=c20562b7-a94f-4b38-a90c-a8d8cb04f518|Executed endpoint 'SmartLoan.Api.Controllers.CustomersController.GetAll (SmartLoan.Api)' 
2026-08-28 21:52:53.0628|Info|Microsoft.AspNetCore.Hosting.Diagnostics|CorrelationId=|Request finished HTTP/1.1 GET http://localhost:5176/api/v1/customers?pageNumber=1&pageSize=10&search= - 200 - application/json;+charset=utf-8 4.2381ms 
2026-08-28 21:52:55.0972|Info|Microsoft.AspNetCore.Hosting.Diagnostics|CorrelationId=|Request starting HTTP/1.1 GET http://localhost:5176/api/v1/customers?pageNumber=1&pageSize=10&search= - - - 
2026-08-28 21:52:55.0972|Info|Microsoft.AspNetCore.Routing.EndpointMiddleware|CorrelationId=0c2b2d72-133f-4517-bbb0-24d6c231c62d|Executing endpoint 'SmartLoan.Api.Controllers.CustomersController.GetAll (SmartLoan.Api)' 
2026-08-28 21:52:55.0972|Info|Microsoft.AspNetCore.Mvc.Infrastructure.ControllerActionInvoker|CorrelationId=0c2b2d72-133f-4517-bbb0-24d6c231c62d|Route matched with {action = "GetAll", controller = "Customers"}. Executing controller action with signature System.Threading.Tasks.Task`1[Microsoft.AspNetCore.Mvc.ActionResult`1[SmartLoan.Application.Common.PagedResponse`1[SmartLoan.Application.Customers.CustomerDetailsDto]]] GetAll(SmartLoan.Application.Common.PagedRequest) on controller SmartLoan.Api.Controllers.CustomersController (SmartLoan.Api). 
2026-08-28 21:52:55.0972|Info|SmartLoan.Application.Common.Behaviors.LoggingBehavior|CorrelationId=0c2b2d72-133f-4517-bbb0-24d6c231c62d|smartloan Request:GetCustomersQuery starting... 
2026-08-28 21:52:55.0972|Info|Microsoft.EntityFrameworkCore.Database.Command|CorrelationId=0c2b2d72-133f-4517-bbb0-24d6c231c62d|Executed DbCommand (1ms) [Parameters=[], CommandType='Text', CommandTimeout='30']
SELECT count(*)::int
FROM "Customers" AS c
WHERE NOT (c."IsDeleted") 
2026-08-28 21:52:55.0972|Info|Microsoft.EntityFrameworkCore.Database.Command|CorrelationId=0c2b2d72-133f-4517-bbb0-24d6c231c62d|Executed DbCommand (1ms) [Parameters=[@p1='?' (DbType = Int32), @p='?' (DbType = Int32)], CommandType='Text', CommandTimeout='30']
SELECT c."Id", c."FullName", c."Phone", c."Address"
FROM "Customers" AS c
WHERE NOT (c."IsDeleted")
ORDER BY c."FullName"
LIMIT @p1 OFFSET @p 
2026-08-28 21:52:55.0972|Info|SmartLoan.Application.Common.Behaviors.LoggingBehavior|CorrelationId=0c2b2d72-133f-4517-bbb0-24d6c231c62d|Smarloan Request:GetCustomersQuery finished in 3ms 
2026-08-28 21:52:55.0972|Info|Microsoft.AspNetCore.Mvc.Infrastructure.ObjectResultExecutor|CorrelationId=0c2b2d72-133f-4517-bbb0-24d6c231c62d|Executing ObjectResult, writing value of type 'SmartLoan.Application.Common.PagedResponse`1[[SmartLoan.Application.Customers.CustomerDetailsDto, SmartLoan.Application, Version=1.0.0.0, Culture=neutral, PublicKeyToken=null]]'. 
2026-08-28 21:52:55.0972|Info|Microsoft.AspNetCore.Mvc.Infrastructure.ControllerActionInvoker|CorrelationId=0c2b2d72-133f-4517-bbb0-24d6c231c62d|Executed action SmartLoan.Api.Controllers.CustomersController.GetAll (SmartLoan.Api) in 4.2962ms 
2026-08-28 21:52:55.0972|Info|Microsoft.AspNetCore.Routing.EndpointMiddleware|CorrelationId=0c2b2d72-133f-4517-bbb0-24d6c231c62d|Executed endpoint 'SmartLoan.Api.Controllers.CustomersController.GetAll (SmartLoan.Api)' 
2026-08-28 21:52:55.0972|Info|Microsoft.AspNetCore.Hosting.Diagnostics|CorrelationId=|Request finished HTTP/1.1 GET http://localhost:5176/api/v1/customers?pageNumber=1&pageSize=10&search= - 200 - application/json;+charset=utf-8 5.5474ms 
2026-08-28 21:53:06.8376|Info|Microsoft.AspNetCore.Hosting.Diagnostics|CorrelationId=|Request starting HTTP/1.1 GET http://localhost:5176/api/v1/customers?pageNumber=1&pageSize=10&search= - - - 
2026-08-28 21:53:06.8376|Info|Microsoft.AspNetCore.Routing.EndpointMiddleware|CorrelationId=ed2da55f-4c2e-4d87-965b-92e10cdc22c6|Executing endpoint 'SmartLoan.Api.Controllers.CustomersController.GetAll (SmartLoan.Api)' 
2026-08-28 21:53:06.8376|Info|Microsoft.AspNetCore.Mvc.Infrastructure.ControllerActionInvoker|CorrelationId=ed2da55f-4c2e-4d87-965b-92e10cdc22c6|Route matched with {action = "GetAll", controller = "Customers"}. Executing controller action with signature System.Threading.Tasks.Task`1[Microsoft.AspNetCore.Mvc.ActionResult`1[SmartLoan.Application.Common.PagedResponse`1[SmartLoan.Application.Customers.CustomerDetailsDto]]] GetAll(SmartLoan.Application.Common.PagedRequest) on controller SmartLoan.Api.Controllers.CustomersController (SmartLoan.Api). 
2026-08-28 21:53:06.8376|Info|SmartLoan.Application.Common.Behaviors.LoggingBehavior|CorrelationId=ed2da55f-4c2e-4d87-965b-92e10cdc22c6|smartloan Request:GetCustomersQuery starting... 
2026-08-28 21:53:07.0223|Info|Microsoft.EntityFrameworkCore.Database.Command|CorrelationId=ed2da55f-4c2e-4d87-965b-92e10cdc22c6|Executed DbCommand (3ms) [Parameters=[], CommandType='Text', CommandTimeout='30']
SELECT count(*)::int
FROM "Customers" AS c
WHERE NOT (c."IsDeleted") 
2026-08-28 21:53:07.0223|Info|Microsoft.EntityFrameworkCore.Database.Command|CorrelationId=ed2da55f-4c2e-4d87-965b-92e10cdc22c6|Executed DbCommand (1ms) [Parameters=[@p1='?' (DbType = Int32), @p='?' (DbType = Int32)], CommandType='Text', CommandTimeout='30']
SELECT c."Id", c."FullName", c."Phone", c."Address"
FROM "Customers" AS c
WHERE NOT (c."IsDeleted")
ORDER BY c."FullName"
LIMIT @p1 OFFSET @p 
2026-08-28 21:53:07.0223|Info|SmartLoan.Application.Common.Behaviors.LoggingBehavior|CorrelationId=ed2da55f-4c2e-4d87-965b-92e10cdc22c6|Smarloan Request:GetCustomersQuery finished in 185ms 
2026-08-28 21:53:07.0223|Info|Microsoft.AspNetCore.Mvc.Infrastructure.ObjectResultExecutor|CorrelationId=ed2da55f-4c2e-4d87-965b-92e10cdc22c6|Executing ObjectResult, writing value of type 'SmartLoan.Application.Common.PagedResponse`1[[SmartLoan.Application.Customers.CustomerDetailsDto, SmartLoan.Application, Version=1.0.0.0, Culture=neutral, PublicKeyToken=null]]'. 
2026-08-28 21:53:07.0223|Info|Microsoft.AspNetCore.Mvc.Infrastructure.ControllerActionInvoker|CorrelationId=ed2da55f-4c2e-4d87-965b-92e10cdc22c6|Executed action SmartLoan.Api.Controllers.CustomersController.GetAll (SmartLoan.Api) in 185.7305ms 
2026-08-28 21:53:07.0223|Info|Microsoft.AspNetCore.Routing.EndpointMiddleware|CorrelationId=ed2da55f-4c2e-4d87-965b-92e10cdc22c6|Executed endpoint 'SmartLoan.Api.Controllers.CustomersController.GetAll (SmartLoan.Api)' 
2026-08-28 21:53:07.0223|Info|Microsoft.AspNetCore.Hosting.Diagnostics|CorrelationId=|Request finished HTTP/1.1 GET http://localhost:5176/api/v1/customers?pageNumber=1&pageSize=10&search= - 200 - application/json;+charset=utf-8 186.7708ms 
2026-08-28 21:53:10.0561|Info|Microsoft.AspNetCore.Hosting.Diagnostics|CorrelationId=|Request starting HTTP/1.1 GET http://localhost:5176/api/v1/customers?pageNumber=1&pageSize=10&search= - - - 
2026-08-28 21:53:10.0561|Info|Microsoft.AspNetCore.Routing.EndpointMiddleware|CorrelationId=1aaf2d58-31a5-41ca-b029-f6a73a872e21|Executing endpoint 'SmartLoan.Api.Controllers.CustomersController.GetAll (SmartLoan.Api)' 
2026-08-28 21:53:10.0561|Info|Microsoft.AspNetCore.Mvc.Infrastructure.ControllerActionInvoker|CorrelationId=1aaf2d58-31a5-41ca-b029-f6a73a872e21|Route matched with {action = "GetAll", controller = "Customers"}. Executing controller action with signature System.Threading.Tasks.Task`1[Microsoft.AspNetCore.Mvc.ActionResult`1[SmartLoan.Application.Common.PagedResponse`1[SmartLoan.Application.Customers.CustomerDetailsDto]]] GetAll(SmartLoan.Application.Common.PagedRequest) on controller SmartLoan.Api.Controllers.CustomersController (SmartLoan.Api). 
2026-08-28 21:53:10.0561|Info|SmartLoan.Application.Common.Behaviors.LoggingBehavior|CorrelationId=1aaf2d58-31a5-41ca-b029-f6a73a872e21|smartloan Request:GetCustomersQuery starting... 
2026-08-28 21:53:10.0561|Info|Microsoft.EntityFrameworkCore.Database.Command|CorrelationId=1aaf2d58-31a5-41ca-b029-f6a73a872e21|Executed DbCommand (0ms) [Parameters=[], CommandType='Text', CommandTimeout='30']
SELECT count(*)::int
FROM "Customers" AS c
WHERE NOT (c."IsDeleted") 
2026-08-28 21:53:10.0561|Info|Microsoft.EntityFrameworkCore.Database.Command|CorrelationId=1aaf2d58-31a5-41ca-b029-f6a73a872e21|Executed DbCommand (0ms) [Parameters=[@p1='?' (DbType = Int32), @p='?' (DbType = Int32)], CommandType='Text', CommandTimeout='30']
SELECT c."Id", c."FullName", c."Phone", c."Address"
FROM "Customers" AS c
WHERE NOT (c."IsDeleted")
ORDER BY c."FullName"
LIMIT @p1 OFFSET @p 
2026-08-28 21:53:10.0561|Info|SmartLoan.Application.Common.Behaviors.LoggingBehavior|CorrelationId=1aaf2d58-31a5-41ca-b029-f6a73a872e21|Smarloan Request:GetCustomersQuery finished in 2ms 
2026-08-28 21:53:10.0561|Info|Microsoft.AspNetCore.Mvc.Infrastructure.ObjectResultExecutor|CorrelationId=1aaf2d58-31a5-41ca-b029-f6a73a872e21|Executing ObjectResult, writing value of type 'SmartLoan.Application.Common.PagedResponse`1[[SmartLoan.Application.Customers.CustomerDetailsDto, SmartLoan.Application, Version=1.0.0.0, Culture=neutral, PublicKeyToken=null]]'. 
2026-08-28 21:53:10.0561|Info|Microsoft.AspNetCore.Mvc.Infrastructure.ControllerActionInvoker|CorrelationId=1aaf2d58-31a5-41ca-b029-f6a73a872e21|Executed action SmartLoan.Api.Controllers.CustomersController.GetAll (SmartLoan.Api) in 2.7072ms 
2026-08-28 21:53:10.0561|Info|Microsoft.AspNetCore.Routing.EndpointMiddleware|CorrelationId=1aaf2d58-31a5-41ca-b029-f6a73a872e21|Executed endpoint 'SmartLoan.Api.Controllers.CustomersController.GetAll (SmartLoan.Api)' 
2026-08-28 21:53:10.0561|Info|Microsoft.AspNetCore.Hosting.Diagnostics|CorrelationId=|Request finished HTTP/1.1 GET http://localhost:5176/api/v1/customers?pageNumber=1&pageSize=10&search= - 200 - application/json;+charset=utf-8 3.6319ms 
2026-08-28 21:53:31.0652|Info|Microsoft.AspNetCore.Hosting.Diagnostics|CorrelationId=|Request starting HTTP/1.1 GET http://localhost:5176/api/v1/customers?pageNumber=1&pageSize=10&search= - - - 
2026-08-28 21:53:31.0652|Info|Microsoft.AspNetCore.Routing.EndpointMiddleware|CorrelationId=e35e0722-ea17-4ae5-921a-47d2faf8cc7b|Executing endpoint 'SmartLoan.Api.Controllers.CustomersController.GetAll (SmartLoan.Api)' 
2026-08-28 21:53:31.0652|Info|Microsoft.AspNetCore.Mvc.Infrastructure.ControllerActionInvoker|CorrelationId=e35e0722-ea17-4ae5-921a-47d2faf8cc7b|Route matched with {action = "GetAll", controller = "Customers"}. Executing controller action with signature System.Threading.Tasks.Task`1[Microsoft.AspNetCore.Mvc.ActionResult`1[SmartLoan.Application.Common.PagedResponse`1[SmartLoan.Application.Customers.CustomerDetailsDto]]] GetAll(SmartLoan.Application.Common.PagedRequest) on controller SmartLoan.Api.Controllers.CustomersController (SmartLoan.Api). 
2026-08-28 21:53:31.0652|Info|SmartLoan.Application.Common.Behaviors.LoggingBehavior|CorrelationId=e35e0722-ea17-4ae5-921a-47d2faf8cc7b|smartloan Request:GetCustomersQuery starting... 
2026-08-28 21:53:31.0652|Info|Microsoft.EntityFrameworkCore.Database.Command|CorrelationId=e35e0722-ea17-4ae5-921a-47d2faf8cc7b|Executed DbCommand (0ms) [Parameters=[], CommandType='Text', CommandTimeout='30']
SELECT count(*)::int
FROM "Customers" AS c
WHERE NOT (c."IsDeleted") 
2026-08-28 21:53:31.0652|Info|Microsoft.EntityFrameworkCore.Database.Command|CorrelationId=e35e0722-ea17-4ae5-921a-47d2faf8cc7b|Executed DbCommand (0ms) [Parameters=[@p1='?' (DbType = Int32), @p='?' (DbType = Int32)], CommandType='Text', CommandTimeout='30']
SELECT c."Id", c."FullName", c."Phone", c."Address"
FROM "Customers" AS c
WHERE NOT (c."IsDeleted")
ORDER BY c."FullName"
LIMIT @p1 OFFSET @p 
2026-08-28 21:53:31.0652|Info|SmartLoan.Application.Common.Behaviors.LoggingBehavior|CorrelationId=e35e0722-ea17-4ae5-921a-47d2faf8cc7b|Smarloan Request:GetCustomersQuery finished in 2ms 
2026-08-28 21:53:31.0652|Info|Microsoft.AspNetCore.Mvc.Infrastructure.ObjectResultExecutor|CorrelationId=e35e0722-ea17-4ae5-921a-47d2faf8cc7b|Executing ObjectResult, writing value of type 'SmartLoan.Application.Common.PagedResponse`1[[SmartLoan.Application.Customers.CustomerDetailsDto, SmartLoan.Application, Version=1.0.0.0, Culture=neutral, PublicKeyToken=null]]'. 
2026-08-28 21:53:31.0652|Info|Microsoft.AspNetCore.Mvc.Infrastructure.ControllerActionInvoker|CorrelationId=e35e0722-ea17-4ae5-921a-47d2faf8cc7b|Executed action SmartLoan.Api.Controllers.CustomersController.GetAll (SmartLoan.Api) in 2.6292ms 
2026-08-28 21:53:31.0652|Info|Microsoft.AspNetCore.Routing.EndpointMiddleware|CorrelationId=e35e0722-ea17-4ae5-921a-47d2faf8cc7b|Executed endpoint 'SmartLoan.Api.Controllers.CustomersController.GetAll (SmartLoan.Api)' 
2026-08-28 21:53:31.0652|Info|Microsoft.AspNetCore.Hosting.Diagnostics|CorrelationId=|Request finished HTTP/1.1 GET http://localhost:5176/api/v1/customers?pageNumber=1&pageSize=10&search= - 200 - application/json;+charset=utf-8 3.5138ms 
2026-08-28 21:53:50.1755|Info|Microsoft.AspNetCore.Hosting.Diagnostics|CorrelationId=|Request starting HTTP/1.1 GET http://localhost:5176/api/v1/customers?pageNumber=1&pageSize=10&search= - - - 
2026-08-28 21:53:50.1755|Info|Microsoft.AspNetCore.Routing.EndpointMiddleware|CorrelationId=1892ba39-6667-4f43-ab73-63c7866e07cd|Executing endpoint 'SmartLoan.Api.Controllers.CustomersController.GetAll (SmartLoan.Api)' 
2026-08-28 21:53:50.1755|Info|Microsoft.AspNetCore.Mvc.Infrastructure.ControllerActionInvoker|CorrelationId=1892ba39-6667-4f43-ab73-63c7866e07cd|Route matched with {action = "GetAll", controller = "Customers"}. Executing controller action with signature System.Threading.Tasks.Task`1[Microsoft.AspNetCore.Mvc.ActionResult`1[SmartLoan.Application.Common.PagedResponse`1[SmartLoan.Application.Customers.CustomerDetailsDto]]] GetAll(SmartLoan.Application.Common.PagedRequest) on controller SmartLoan.Api.Controllers.CustomersController (SmartLoan.Api). 
2026-08-28 21:53:50.1755|Info|SmartLoan.Application.Common.Behaviors.LoggingBehavior|CorrelationId=1892ba39-6667-4f43-ab73-63c7866e07cd|smartloan Request:GetCustomersQuery starting... 
2026-08-28 21:53:50.1755|Info|Microsoft.EntityFrameworkCore.Database.Command|CorrelationId=1892ba39-6667-4f43-ab73-63c7866e07cd|Executed DbCommand (0ms) [Parameters=[], CommandType='Text', CommandTimeout='30']
SELECT count(*)::int
FROM "Customers" AS c
WHERE NOT (c."IsDeleted") 
2026-08-28 21:53:50.1755|Info|Microsoft.EntityFrameworkCore.Database.Command|CorrelationId=1892ba39-6667-4f43-ab73-63c7866e07cd|Executed DbCommand (0ms) [Parameters=[@p1='?' (DbType = Int32), @p='?' (DbType = Int32)], CommandType='Text', CommandTimeout='30']
SELECT c."Id", c."FullName", c."Phone", c."Address"
FROM "Customers" AS c
WHERE NOT (c."IsDeleted")
ORDER BY c."FullName"
LIMIT @p1 OFFSET @p 
2026-08-28 21:53:50.1755|Info|SmartLoan.Application.Common.Behaviors.LoggingBehavior|CorrelationId=1892ba39-6667-4f43-ab73-63c7866e07cd|Smarloan Request:GetCustomersQuery finished in 2ms 
2026-08-28 21:53:50.1755|Info|Microsoft.AspNetCore.Mvc.Infrastructure.ObjectResultExecutor|CorrelationId=1892ba39-6667-4f43-ab73-63c7866e07cd|Executing ObjectResult, writing value of type 'SmartLoan.Application.Common.PagedResponse`1[[SmartLoan.Application.Customers.CustomerDetailsDto, SmartLoan.Application, Version=1.0.0.0, Culture=neutral, PublicKeyToken=null]]'. 
2026-08-28 21:53:50.1755|Info|Microsoft.AspNetCore.Mvc.Infrastructure.ControllerActionInvoker|CorrelationId=1892ba39-6667-4f43-ab73-63c7866e07cd|Executed action SmartLoan.Api.Controllers.CustomersController.GetAll (SmartLoan.Api) in 3.7745ms 
2026-08-28 21:53:50.1755|Info|Microsoft.AspNetCore.Routing.EndpointMiddleware|CorrelationId=1892ba39-6667-4f43-ab73-63c7866e07cd|Executed endpoint 'SmartLoan.Api.Controllers.CustomersController.GetAll (SmartLoan.Api)' 
2026-08-28 21:53:50.1755|Info|Microsoft.AspNetCore.Hosting.Diagnostics|CorrelationId=|Request finished HTTP/1.1 GET http://localhost:5176/api/v1/customers?pageNumber=1&pageSize=10&search= - 200 - application/json;+charset=utf-8 4.9117ms 
2026-08-28 21:53:53.0744|Info|Microsoft.AspNetCore.Hosting.Diagnostics|CorrelationId=|Request starting HTTP/1.1 GET http://localhost:5176/api/v1/customers?pageNumber=1&pageSize=10&search= - - - 
2026-08-28 21:53:53.0744|Info|Microsoft.AspNetCore.Routing.EndpointMiddleware|CorrelationId=783e86bd-1949-4e7a-ad1f-e62f070e0731|Executing endpoint 'SmartLoan.Api.Controllers.CustomersController.GetAll (SmartLoan.Api)' 
2026-08-28 21:53:53.0744|Info|Microsoft.AspNetCore.Mvc.Infrastructure.ControllerActionInvoker|CorrelationId=783e86bd-1949-4e7a-ad1f-e62f070e0731|Route matched with {action = "GetAll", controller = "Customers"}. Executing controller action with signature System.Threading.Tasks.Task`1[Microsoft.AspNetCore.Mvc.ActionResult`1[SmartLoan.Application.Common.PagedResponse`1[SmartLoan.Application.Customers.CustomerDetailsDto]]] GetAll(SmartLoan.Application.Common.PagedRequest) on controller SmartLoan.Api.Controllers.CustomersController (SmartLoan.Api). 
2026-08-28 21:53:53.0755|Info|SmartLoan.Application.Common.Behaviors.LoggingBehavior|CorrelationId=783e86bd-1949-4e7a-ad1f-e62f070e0731|smartloan Request:GetCustomersQuery starting... 
2026-08-28 21:53:53.0755|Info|Microsoft.EntityFrameworkCore.Database.Command|CorrelationId=783e86bd-1949-4e7a-ad1f-e62f070e0731|Executed DbCommand (1ms) [Parameters=[], CommandType='Text', CommandTimeout='30']
SELECT count(*)::int
FROM "Customers" AS c
WHERE NOT (c."IsDeleted") 
2026-08-28 21:53:53.0755|Info|Microsoft.EntityFrameworkCore.Database.Command|CorrelationId=783e86bd-1949-4e7a-ad1f-e62f070e0731|Executed DbCommand (0ms) [Parameters=[@p1='?' (DbType = Int32), @p='?' (DbType = Int32)], CommandType='Text', CommandTimeout='30']
SELECT c."Id", c."FullName", c."Phone", c."Address"
FROM "Customers" AS c
WHERE NOT (c."IsDeleted")
ORDER BY c."FullName"
LIMIT @p1 OFFSET @p 
2026-08-28 21:53:53.0755|Info|SmartLoan.Application.Common.Behaviors.LoggingBehavior|CorrelationId=783e86bd-1949-4e7a-ad1f-e62f070e0731|Smarloan Request:GetCustomersQuery finished in 2ms 
2026-08-28 21:53:53.0755|Info|Microsoft.AspNetCore.Mvc.Infrastructure.ObjectResultExecutor|CorrelationId=783e86bd-1949-4e7a-ad1f-e62f070e0731|Executing ObjectResult, writing value of type 'SmartLoan.Application.Common.PagedResponse`1[[SmartLoan.Application.Customers.CustomerDetailsDto, SmartLoan.Application, Version=1.0.0.0, Culture=neutral, PublicKeyToken=null]]'. 
2026-08-28 21:53:53.0755|Info|Microsoft.AspNetCore.Mvc.Infrastructure.ControllerActionInvoker|CorrelationId=783e86bd-1949-4e7a-ad1f-e62f070e0731|Executed action SmartLoan.Api.Controllers.CustomersController.GetAll (SmartLoan.Api) in 3.1129ms 
2026-08-28 21:53:53.0755|Info|Microsoft.AspNetCore.Routing.EndpointMiddleware|CorrelationId=783e86bd-1949-4e7a-ad1f-e62f070e0731|Executed endpoint 'SmartLoan.Api.Controllers.CustomersController.GetAll (SmartLoan.Api)' 
2026-08-28 21:53:53.0755|Info|Microsoft.AspNetCore.Hosting.Diagnostics|CorrelationId=|Request finished HTTP/1.1 GET http://localhost:5176/api/v1/customers?pageNumber=1&pageSize=10&search= - 200 - application/json;+charset=utf-8 4.1920ms 
2026-08-28 21:54:08.1041|Info|Microsoft.AspNetCore.Hosting.Diagnostics|CorrelationId=|Request starting HTTP/1.1 GET http://localhost:5176/api/v1/customers?pageNumber=1&pageSize=10&search= - - - 
2026-08-28 21:54:08.1041|Info|Microsoft.AspNetCore.Routing.EndpointMiddleware|CorrelationId=b48b13a3-fee0-49bf-8b17-ac772798e5e9|Executing endpoint 'SmartLoan.Api.Controllers.CustomersController.GetAll (SmartLoan.Api)' 
2026-08-28 21:54:08.1041|Info|Microsoft.AspNetCore.Mvc.Infrastructure.ControllerActionInvoker|CorrelationId=b48b13a3-fee0-49bf-8b17-ac772798e5e9|Route matched with {action = "GetAll", controller = "Customers"}. Executing controller action with signature System.Threading.Tasks.Task`1[Microsoft.AspNetCore.Mvc.ActionResult`1[SmartLoan.Application.Common.PagedResponse`1[SmartLoan.Application.Customers.CustomerDetailsDto]]] GetAll(SmartLoan.Application.Common.PagedRequest) on controller SmartLoan.Api.Controllers.CustomersController (SmartLoan.Api). 
2026-08-28 21:54:08.1041|Info|SmartLoan.Application.Common.Behaviors.LoggingBehavior|CorrelationId=b48b13a3-fee0-49bf-8b17-ac772798e5e9|smartloan Request:GetCustomersQuery starting... 
2026-08-28 21:54:08.1041|Info|Microsoft.EntityFrameworkCore.Database.Command|CorrelationId=b48b13a3-fee0-49bf-8b17-ac772798e5e9|Executed DbCommand (0ms) [Parameters=[], CommandType='Text', CommandTimeout='30']
SELECT count(*)::int
FROM "Customers" AS c
WHERE NOT (c."IsDeleted") 
2026-08-28 21:54:08.1071|Info|Microsoft.EntityFrameworkCore.Database.Command|CorrelationId=b48b13a3-fee0-49bf-8b17-ac772798e5e9|Executed DbCommand (0ms) [Parameters=[@p1='?' (DbType = Int32), @p='?' (DbType = Int32)], CommandType='Text', CommandTimeout='30']
SELECT c."Id", c."FullName", c."Phone", c."Address"
FROM "Customers" AS c
WHERE NOT (c."IsDeleted")
ORDER BY c."FullName"
LIMIT @p1 OFFSET @p 
2026-08-28 21:54:08.1071|Info|SmartLoan.Application.Common.Behaviors.LoggingBehavior|CorrelationId=b48b13a3-fee0-49bf-8b17-ac772798e5e9|Smarloan Request:GetCustomersQuery finished in 2ms 
2026-08-28 21:54:08.1071|Info|Microsoft.AspNetCore.Mvc.Infrastructure.ObjectResultExecutor|CorrelationId=b48b13a3-fee0-49bf-8b17-ac772798e5e9|Executing ObjectResult, writing value of type 'SmartLoan.Application.Common.PagedResponse`1[[SmartLoan.Application.Customers.CustomerDetailsDto, SmartLoan.Application, Version=1.0.0.0, Culture=neutral, PublicKeyToken=null]]'. 
2026-08-28 21:54:08.1071|Info|Microsoft.AspNetCore.Mvc.Infrastructure.ControllerActionInvoker|CorrelationId=b48b13a3-fee0-49bf-8b17-ac772798e5e9|Executed action SmartLoan.Api.Controllers.CustomersController.GetAll (SmartLoan.Api) in 2.752ms 
2026-08-28 21:54:08.1071|Info|Microsoft.AspNetCore.Routing.EndpointMiddleware|CorrelationId=b48b13a3-fee0-49bf-8b17-ac772798e5e9|Executed endpoint 'SmartLoan.Api.Controllers.CustomersController.GetAll (SmartLoan.Api)' 
2026-08-28 21:54:08.1071|Info|Microsoft.AspNetCore.Hosting.Diagnostics|CorrelationId=|Request finished HTTP/1.1 GET http://localhost:5176/api/v1/customers?pageNumber=1&pageSize=10&search= - 200 - application/json;+charset=utf-8 3.7547ms 
2026-08-28 22:08:07.2672|Info|Microsoft.AspNetCore.Hosting.Diagnostics|CorrelationId=|Request starting HTTP/1.1 GET http://localhost:5176/api/v1/customers?pageNumber=1&pageSize=10&search= - - - 
2026-08-28 22:08:07.2672|Info|Microsoft.AspNetCore.Routing.EndpointMiddleware|CorrelationId=e29524ad-fa45-4e8d-a636-70bd07019abb|Executing endpoint 'SmartLoan.Api.Controllers.CustomersController.GetAll (SmartLoan.Api)' 
2026-08-28 22:08:07.2672|Info|Microsoft.AspNetCore.Mvc.Infrastructure.ControllerActionInvoker|CorrelationId=e29524ad-fa45-4e8d-a636-70bd07019abb|Route matched with {action = "GetAll", controller = "Customers"}. Executing controller action with signature System.Threading.Tasks.Task`1[Microsoft.AspNetCore.Mvc.ActionResult`1[SmartLoan.Application.Common.PagedResponse`1[SmartLoan.Application.Customers.CustomerDetailsDto]]] GetAll(SmartLoan.Application.Common.PagedRequest) on controller SmartLoan.Api.Controllers.CustomersController (SmartLoan.Api). 
2026-08-28 22:08:07.2672|Info|SmartLoan.Application.Common.Behaviors.LoggingBehavior|CorrelationId=e29524ad-fa45-4e8d-a636-70bd07019abb|smartloan Request:GetCustomersQuery starting... 
2026-08-28 22:08:07.3218|Info|Microsoft.EntityFrameworkCore.Database.Command|CorrelationId=e29524ad-fa45-4e8d-a636-70bd07019abb|Executed DbCommand (5ms) [Parameters=[], CommandType='Text', CommandTimeout='30']
SELECT count(*)::int
FROM "Customers" AS c
WHERE NOT (c."IsDeleted") 
2026-08-28 22:08:07.3218|Info|Microsoft.EntityFrameworkCore.Database.Command|CorrelationId=e29524ad-fa45-4e8d-a636-70bd07019abb|Executed DbCommand (1ms) [Parameters=[@p1='?' (DbType = Int32), @p='?' (DbType = Int32)], CommandType='Text', CommandTimeout='30']
SELECT c."Id", c."FullName", c."Phone", c."Address"
FROM "Customers" AS c
WHERE NOT (c."IsDeleted")
ORDER BY c."FullName"
LIMIT @p1 OFFSET @p 
2026-08-28 22:08:07.3218|Info|SmartLoan.Application.Common.Behaviors.LoggingBehavior|CorrelationId=e29524ad-fa45-4e8d-a636-70bd07019abb|Smarloan Request:GetCustomersQuery finished in 54ms 
2026-08-28 22:08:07.3218|Info|Microsoft.AspNetCore.Mvc.Infrastructure.ObjectResultExecutor|CorrelationId=e29524ad-fa45-4e8d-a636-70bd07019abb|Executing ObjectResult, writing value of type 'SmartLoan.Application.Common.PagedResponse`1[[SmartLoan.Application.Customers.CustomerDetailsDto, SmartLoan.Application, Version=1.0.0.0, Culture=neutral, PublicKeyToken=null]]'. 
2026-08-28 22:08:07.3218|Info|Microsoft.AspNetCore.Mvc.Infrastructure.ControllerActionInvoker|CorrelationId=e29524ad-fa45-4e8d-a636-70bd07019abb|Executed action SmartLoan.Api.Controllers.CustomersController.GetAll (SmartLoan.Api) in 54.9253ms 
2026-08-28 22:08:07.3218|Info|Microsoft.AspNetCore.Routing.EndpointMiddleware|CorrelationId=e29524ad-fa45-4e8d-a636-70bd07019abb|Executed endpoint 'SmartLoan.Api.Controllers.CustomersController.GetAll (SmartLoan.Api)' 
2026-08-28 22:08:07.3218|Info|Microsoft.AspNetCore.Hosting.Diagnostics|CorrelationId=|Request finished HTTP/1.1 GET http://localhost:5176/api/v1/customers?pageNumber=1&pageSize=10&search= - 200 - application/json;+charset=utf-8 56.9123ms 
2026-08-28 22:25:28.6732|Info|Microsoft.AspNetCore.Hosting.Diagnostics|CorrelationId=|Request starting HTTP/1.1 GET http://localhost:5176/api/v1/customers?pageNumber=1&pageSize=10&search= - - - 
2026-08-28 22:25:28.6732|Info|Microsoft.AspNetCore.Routing.EndpointMiddleware|CorrelationId=4ee08ae2-dd73-4f62-8ae4-5b6d380be9cf|Executing endpoint 'SmartLoan.Api.Controllers.CustomersController.GetAll (SmartLoan.Api)' 
2026-08-28 22:25:28.6732|Info|Microsoft.AspNetCore.Mvc.Infrastructure.ControllerActionInvoker|CorrelationId=4ee08ae2-dd73-4f62-8ae4-5b6d380be9cf|Route matched with {action = "GetAll", controller = "Customers"}. Executing controller action with signature System.Threading.Tasks.Task`1[Microsoft.AspNetCore.Mvc.ActionResult`1[SmartLoan.Application.Common.PagedResponse`1[SmartLoan.Application.Customers.CustomerDetailsDto]]] GetAll(SmartLoan.Application.Common.PagedRequest) on controller SmartLoan.Api.Controllers.CustomersController (SmartLoan.Api). 
2026-08-28 22:25:28.6732|Info|SmartLoan.Application.Common.Behaviors.LoggingBehavior|CorrelationId=4ee08ae2-dd73-4f62-8ae4-5b6d380be9cf|smartloan Request:GetCustomersQuery starting... 
2026-08-28 22:25:28.7392|Info|Microsoft.EntityFrameworkCore.Database.Command|CorrelationId=4ee08ae2-dd73-4f62-8ae4-5b6d380be9cf|Executed DbCommand (3ms) [Parameters=[], CommandType='Text', CommandTimeout='30']
SELECT count(*)::int
FROM "Customers" AS c
WHERE NOT (c."IsDeleted") 
2026-08-28 22:25:28.7392|Info|Microsoft.EntityFrameworkCore.Database.Command|CorrelationId=4ee08ae2-dd73-4f62-8ae4-5b6d380be9cf|Executed DbCommand (1ms) [Parameters=[@p1='?' (DbType = Int32), @p='?' (DbType = Int32)], CommandType='Text', CommandTimeout='30']
SELECT c."Id", c."FullName", c."Phone", c."Address"
FROM "Customers" AS c
WHERE NOT (c."IsDeleted")
ORDER BY c."FullName"
LIMIT @p1 OFFSET @p 
2026-08-28 22:25:28.7392|Info|SmartLoan.Application.Common.Behaviors.LoggingBehavior|CorrelationId=4ee08ae2-dd73-4f62-8ae4-5b6d380be9cf|Smarloan Request:GetCustomersQuery finished in 66ms 
2026-08-28 22:25:28.7392|Info|Microsoft.AspNetCore.Mvc.Infrastructure.ObjectResultExecutor|CorrelationId=4ee08ae2-dd73-4f62-8ae4-5b6d380be9cf|Executing ObjectResult, writing value of type 'SmartLoan.Application.Common.PagedResponse`1[[SmartLoan.Application.Customers.CustomerDetailsDto, SmartLoan.Application, Version=1.0.0.0, Culture=neutral, PublicKeyToken=null]]'. 
2026-08-28 22:25:28.7392|Info|Microsoft.AspNetCore.Mvc.Infrastructure.ControllerActionInvoker|CorrelationId=4ee08ae2-dd73-4f62-8ae4-5b6d380be9cf|Executed action SmartLoan.Api.Controllers.CustomersController.GetAll (SmartLoan.Api) in 66.824ms 
2026-08-28 22:25:28.7392|Info|Microsoft.AspNetCore.Routing.EndpointMiddleware|CorrelationId=4ee08ae2-dd73-4f62-8ae4-5b6d380be9cf|Executed endpoint 'SmartLoan.Api.Controllers.CustomersController.GetAll (SmartLoan.Api)' 
2026-08-28 22:25:28.7392|Info|Microsoft.AspNetCore.Hosting.Diagnostics|CorrelationId=|Request finished HTTP/1.1 GET http://localhost:5176/api/v1/customers?pageNumber=1&pageSize=10&search= - 200 - application/json;+charset=utf-8 68.1740ms 
2026-08-28 22:25:59.3850|Info|Microsoft.AspNetCore.Hosting.Diagnostics|CorrelationId=|Request starting HTTP/1.1 GET http://localhost:5176/api/v1/customers?pageNumber=1&pageSize=10&search= - - - 
2026-08-28 22:25:59.3850|Info|Microsoft.AspNetCore.Routing.EndpointMiddleware|CorrelationId=16bd35de-41f4-46f8-8a16-db0eb40ccc72|Executing endpoint 'SmartLoan.Api.Controllers.CustomersController.GetAll (SmartLoan.Api)' 
2026-08-28 22:25:59.3850|Info|Microsoft.AspNetCore.Mvc.Infrastructure.ControllerActionInvoker|CorrelationId=16bd35de-41f4-46f8-8a16-db0eb40ccc72|Route matched with {action = "GetAll", controller = "Customers"}. Executing controller action with signature System.Threading.Tasks.Task`1[Microsoft.AspNetCore.Mvc.ActionResult`1[SmartLoan.Application.Common.PagedResponse`1[SmartLoan.Application.Customers.CustomerDetailsDto]]] GetAll(SmartLoan.Application.Common.PagedRequest) on controller SmartLoan.Api.Controllers.CustomersController (SmartLoan.Api). 
2026-08-28 22:25:59.3850|Info|SmartLoan.Application.Common.Behaviors.LoggingBehavior|CorrelationId=16bd35de-41f4-46f8-8a16-db0eb40ccc72|smartloan Request:GetCustomersQuery starting... 
2026-08-28 22:25:59.3850|Info|Microsoft.EntityFrameworkCore.Database.Command|CorrelationId=16bd35de-41f4-46f8-8a16-db0eb40ccc72|Executed DbCommand (0ms) [Parameters=[], CommandType='Text', CommandTimeout='30']
SELECT count(*)::int
FROM "Customers" AS c
WHERE NOT (c."IsDeleted") 
2026-08-28 22:25:59.3850|Info|Microsoft.EntityFrameworkCore.Database.Command|CorrelationId=16bd35de-41f4-46f8-8a16-db0eb40ccc72|Executed DbCommand (0ms) [Parameters=[@p1='?' (DbType = Int32), @p='?' (DbType = Int32)], CommandType='Text', CommandTimeout='30']
SELECT c."Id", c."FullName", c."Phone", c."Address"
FROM "Customers" AS c
WHERE NOT (c."IsDeleted")
ORDER BY c."FullName"
LIMIT @p1 OFFSET @p 
2026-08-28 22:25:59.3877|Info|SmartLoan.Application.Common.Behaviors.LoggingBehavior|CorrelationId=16bd35de-41f4-46f8-8a16-db0eb40ccc72|Smarloan Request:GetCustomersQuery finished in 1ms 
2026-08-28 22:25:59.3877|Info|Microsoft.AspNetCore.Mvc.Infrastructure.ObjectResultExecutor|CorrelationId=16bd35de-41f4-46f8-8a16-db0eb40ccc72|Executing ObjectResult, writing value of type 'SmartLoan.Application.Common.PagedResponse`1[[SmartLoan.Application.Customers.CustomerDetailsDto, SmartLoan.Application, Version=1.0.0.0, Culture=neutral, PublicKeyToken=null]]'. 
2026-08-28 22:25:59.3877|Info|Microsoft.AspNetCore.Mvc.Infrastructure.ControllerActionInvoker|CorrelationId=16bd35de-41f4-46f8-8a16-db0eb40ccc72|Executed action SmartLoan.Api.Controllers.CustomersController.GetAll (SmartLoan.Api) in 2.2273ms 
2026-08-28 22:25:59.3877|Info|Microsoft.AspNetCore.Routing.EndpointMiddleware|CorrelationId=16bd35de-41f4-46f8-8a16-db0eb40ccc72|Executed endpoint 'SmartLoan.Api.Controllers.CustomersController.GetAll (SmartLoan.Api)' 
2026-08-28 22:25:59.3877|Info|Microsoft.AspNetCore.Hosting.Diagnostics|CorrelationId=|Request finished HTTP/1.1 GET http://localhost:5176/api/v1/customers?pageNumber=1&pageSize=10&search= - 200 - application/json;+charset=utf-8 3.2065ms 
2026-08-28 22:26:02.0620|Info|Microsoft.AspNetCore.Hosting.Diagnostics|CorrelationId=|Request starting HTTP/1.1 GET http://localhost:5176/api/v1/customers?pageNumber=1&pageSize=10&search= - - - 
2026-08-28 22:26:02.0620|Info|Microsoft.AspNetCore.Routing.EndpointMiddleware|CorrelationId=8b51aa44-5acc-4970-9343-c397968e959e|Executing endpoint 'SmartLoan.Api.Controllers.CustomersController.GetAll (SmartLoan.Api)' 
2026-08-28 22:26:02.0620|Info|Microsoft.AspNetCore.Mvc.Infrastructure.ControllerActionInvoker|CorrelationId=8b51aa44-5acc-4970-9343-c397968e959e|Route matched with {action = "GetAll", controller = "Customers"}. Executing controller action with signature System.Threading.Tasks.Task`1[Microsoft.AspNetCore.Mvc.ActionResult`1[SmartLoan.Application.Common.PagedResponse`1[SmartLoan.Application.Customers.CustomerDetailsDto]]] GetAll(SmartLoan.Application.Common.PagedRequest) on controller SmartLoan.Api.Controllers.CustomersController (SmartLoan.Api). 
2026-08-28 22:26:02.0620|Info|SmartLoan.Application.Common.Behaviors.LoggingBehavior|CorrelationId=8b51aa44-5acc-4970-9343-c397968e959e|smartloan Request:GetCustomersQuery starting... 
2026-08-28 22:26:02.0620|Info|Microsoft.EntityFrameworkCore.Database.Command|CorrelationId=8b51aa44-5acc-4970-9343-c397968e959e|Executed DbCommand (0ms) [Parameters=[], CommandType='Text', CommandTimeout='30']
SELECT count(*)::int
FROM "Customers" AS c
WHERE NOT (c."IsDeleted") 
2026-08-28 22:26:02.0620|Info|Microsoft.EntityFrameworkCore.Database.Command|CorrelationId=8b51aa44-5acc-4970-9343-c397968e959e|Executed DbCommand (0ms) [Parameters=[@p1='?' (DbType = Int32), @p='?' (DbType = Int32)], CommandType='Text', CommandTimeout='30']
SELECT c."Id", c."FullName", c."Phone", c."Address"
FROM "Customers" AS c
WHERE NOT (c."IsDeleted")
ORDER BY c."FullName"
LIMIT @p1 OFFSET @p 
2026-08-28 22:26:02.0620|Info|SmartLoan.Application.Common.Behaviors.LoggingBehavior|CorrelationId=8b51aa44-5acc-4970-9343-c397968e959e|Smarloan Request:GetCustomersQuery finished in 2ms 
2026-08-28 22:26:02.0620|Info|Microsoft.AspNetCore.Mvc.Infrastructure.ObjectResultExecutor|CorrelationId=8b51aa44-5acc-4970-9343-c397968e959e|Executing ObjectResult, writing value of type 'SmartLoan.Application.Common.PagedResponse`1[[SmartLoan.Application.Customers.CustomerDetailsDto, SmartLoan.Application, Version=1.0.0.0, Culture=neutral, PublicKeyToken=null]]'. 
2026-08-28 22:26:02.0620|Info|Microsoft.AspNetCore.Mvc.Infrastructure.ControllerActionInvoker|CorrelationId=8b51aa44-5acc-4970-9343-c397968e959e|Executed action SmartLoan.Api.Controllers.CustomersController.GetAll (SmartLoan.Api) in 3.3604ms 
2026-08-28 22:26:02.0620|Info|Microsoft.AspNetCore.Routing.EndpointMiddleware|CorrelationId=8b51aa44-5acc-4970-9343-c397968e959e|Executed endpoint 'SmartLoan.Api.Controllers.CustomersController.GetAll (SmartLoan.Api)' 
2026-08-28 22:26:02.0620|Info|Microsoft.AspNetCore.Hosting.Diagnostics|CorrelationId=|Request finished HTTP/1.1 GET http://localhost:5176/api/v1/customers?pageNumber=1&pageSize=10&search= - 200 - application/json;+charset=utf-8 4.4783ms 
2026-08-28 22:27:51.1393|Info|Microsoft.AspNetCore.Hosting.Diagnostics|CorrelationId=|Request starting HTTP/1.1 GET http://localhost:5176/api/v1/customers?pageNumber=1&pageSize=10&search= - - - 
2026-08-28 22:27:51.1393|Info|Microsoft.AspNetCore.Routing.EndpointMiddleware|CorrelationId=bd3704db-52de-4a72-9e56-94ac72a3591a|Executing endpoint 'SmartLoan.Api.Controllers.CustomersController.GetAll (SmartLoan.Api)' 
2026-08-28 22:27:51.1393|Info|Microsoft.AspNetCore.Mvc.Infrastructure.ControllerActionInvoker|CorrelationId=bd3704db-52de-4a72-9e56-94ac72a3591a|Route matched with {action = "GetAll", controller = "Customers"}. Executing controller action with signature System.Threading.Tasks.Task`1[Microsoft.AspNetCore.Mvc.ActionResult`1[SmartLoan.Application.Common.PagedResponse`1[SmartLoan.Application.Customers.CustomerDetailsDto]]] GetAll(SmartLoan.Application.Common.PagedRequest) on controller SmartLoan.Api.Controllers.CustomersController (SmartLoan.Api). 
2026-08-28 22:27:51.1393|Info|SmartLoan.Application.Common.Behaviors.LoggingBehavior|CorrelationId=bd3704db-52de-4a72-9e56-94ac72a3591a|smartloan Request:GetCustomersQuery starting... 
2026-08-28 22:27:51.1393|Info|Microsoft.EntityFrameworkCore.Database.Command|CorrelationId=bd3704db-52de-4a72-9e56-94ac72a3591a|Executed DbCommand (1ms) [Parameters=[], CommandType='Text', CommandTimeout='30']
SELECT count(*)::int
FROM "Customers" AS c
WHERE NOT (c."IsDeleted") 
2026-08-28 22:27:51.1393|Info|Microsoft.EntityFrameworkCore.Database.Command|CorrelationId=bd3704db-52de-4a72-9e56-94ac72a3591a|Executed DbCommand (1ms) [Parameters=[@p1='?' (DbType = Int32), @p='?' (DbType = Int32)], CommandType='Text', CommandTimeout='30']
SELECT c."Id", c."FullName", c."Phone", c."Address"
FROM "Customers" AS c
WHERE NOT (c."IsDeleted")
ORDER BY c."FullName"
LIMIT @p1 OFFSET @p 
2026-08-28 22:27:51.1393|Info|SmartLoan.Application.Common.Behaviors.LoggingBehavior|CorrelationId=bd3704db-52de-4a72-9e56-94ac72a3591a|Smarloan Request:GetCustomersQuery finished in 2ms 
2026-08-28 22:27:51.1393|Info|Microsoft.AspNetCore.Mvc.Infrastructure.ObjectResultExecutor|CorrelationId=bd3704db-52de-4a72-9e56-94ac72a3591a|Executing ObjectResult, writing value of type 'SmartLoan.Application.Common.PagedResponse`1[[SmartLoan.Application.Customers.CustomerDetailsDto, SmartLoan.Application, Version=1.0.0.0, Culture=neutral, PublicKeyToken=null]]'. 
2026-08-28 22:27:51.1393|Info|Microsoft.AspNetCore.Mvc.Infrastructure.ControllerActionInvoker|CorrelationId=bd3704db-52de-4a72-9e56-94ac72a3591a|Executed action SmartLoan.Api.Controllers.CustomersController.GetAll (SmartLoan.Api) in 3.7958ms 
2026-08-28 22:27:51.1393|Info|Microsoft.AspNetCore.Routing.EndpointMiddleware|CorrelationId=bd3704db-52de-4a72-9e56-94ac72a3591a|Executed endpoint 'SmartLoan.Api.Controllers.CustomersController.GetAll (SmartLoan.Api)' 
2026-08-28 22:27:51.1393|Info|Microsoft.AspNetCore.Hosting.Diagnostics|CorrelationId=|Request finished HTTP/1.1 GET http://localhost:5176/api/v1/customers?pageNumber=1&pageSize=10&search= - 200 - application/json;+charset=utf-8 4.6283ms 
2026-08-28 22:28:18.2550|Info|Microsoft.AspNetCore.Hosting.Diagnostics|CorrelationId=|Request starting HTTP/1.1 GET http://localhost:5176/api/v1/customers?pageNumber=1&pageSize=10&search= - - - 
2026-08-28 22:28:18.2550|Info|Microsoft.AspNetCore.Routing.EndpointMiddleware|CorrelationId=837049d1-e004-414c-b593-62faee0359f4|Executing endpoint 'SmartLoan.Api.Controllers.CustomersController.GetAll (SmartLoan.Api)' 
2026-08-28 22:28:18.2550|Info|Microsoft.AspNetCore.Mvc.Infrastructure.ControllerActionInvoker|CorrelationId=837049d1-e004-414c-b593-62faee0359f4|Route matched with {action = "GetAll", controller = "Customers"}. Executing controller action with signature System.Threading.Tasks.Task`1[Microsoft.AspNetCore.Mvc.ActionResult`1[SmartLoan.Application.Common.PagedResponse`1[SmartLoan.Application.Customers.CustomerDetailsDto]]] GetAll(SmartLoan.Application.Common.PagedRequest) on controller SmartLoan.Api.Controllers.CustomersController (SmartLoan.Api). 
2026-08-28 22:28:18.2550|Info|SmartLoan.Application.Common.Behaviors.LoggingBehavior|CorrelationId=837049d1-e004-414c-b593-62faee0359f4|smartloan Request:GetCustomersQuery starting... 
2026-08-28 22:28:18.2550|Info|Microsoft.EntityFrameworkCore.Database.Command|CorrelationId=837049d1-e004-414c-b593-62faee0359f4|Executed DbCommand (0ms) [Parameters=[], CommandType='Text', CommandTimeout='30']
SELECT count(*)::int
FROM "Customers" AS c
WHERE NOT (c."IsDeleted") 
2026-08-28 22:28:18.2550|Info|Microsoft.EntityFrameworkCore.Database.Command|CorrelationId=837049d1-e004-414c-b593-62faee0359f4|Executed DbCommand (0ms) [Parameters=[@p1='?' (DbType = Int32), @p='?' (DbType = Int32)], CommandType='Text', CommandTimeout='30']
SELECT c."Id", c."FullName", c."Phone", c."Address"
FROM "Customers" AS c
WHERE NOT (c."IsDeleted")
ORDER BY c."FullName"
LIMIT @p1 OFFSET @p 
2026-08-28 22:28:18.2550|Info|SmartLoan.Application.Common.Behaviors.LoggingBehavior|CorrelationId=837049d1-e004-414c-b593-62faee0359f4|Smarloan Request:GetCustomersQuery finished in 1ms 
2026-08-28 22:28:18.2550|Info|Microsoft.AspNetCore.Mvc.Infrastructure.ObjectResultExecutor|CorrelationId=837049d1-e004-414c-b593-62faee0359f4|Executing ObjectResult, writing value of type 'SmartLoan.Application.Common.PagedResponse`1[[SmartLoan.Application.Customers.CustomerDetailsDto, SmartLoan.Application, Version=1.0.0.0, Culture=neutral, PublicKeyToken=null]]'. 
2026-08-28 22:28:18.2550|Info|Microsoft.AspNetCore.Mvc.Infrastructure.ControllerActionInvoker|CorrelationId=837049d1-e004-414c-b593-62faee0359f4|Executed action SmartLoan.Api.Controllers.CustomersController.GetAll (SmartLoan.Api) in 2.3015ms 
2026-08-28 22:28:18.2550|Info|Microsoft.AspNetCore.Routing.EndpointMiddleware|CorrelationId=837049d1-e004-414c-b593-62faee0359f4|Executed endpoint 'SmartLoan.Api.Controllers.CustomersController.GetAll (SmartLoan.Api)' 
2026-08-28 22:28:18.2550|Info|Microsoft.AspNetCore.Hosting.Diagnostics|CorrelationId=|Request finished HTTP/1.1 GET http://localhost:5176/api/v1/customers?pageNumber=1&pageSize=10&search= - 200 - application/json;+charset=utf-8 2.9810ms 
2026-08-28 22:28:21.4871|Info|Microsoft.AspNetCore.Hosting.Diagnostics|CorrelationId=|Request starting HTTP/1.1 GET http://localhost:5176/api/v1/customers?pageNumber=1&pageSize=10&search= - - - 
2026-08-28 22:28:21.4871|Info|Microsoft.AspNetCore.Routing.EndpointMiddleware|CorrelationId=b44f7c92-7a44-48fe-a9d0-eb05b0f25799|Executing endpoint 'SmartLoan.Api.Controllers.CustomersController.GetAll (SmartLoan.Api)' 
2026-08-28 22:28:21.4871|Info|Microsoft.AspNetCore.Mvc.Infrastructure.ControllerActionInvoker|CorrelationId=b44f7c92-7a44-48fe-a9d0-eb05b0f25799|Route matched with {action = "GetAll", controller = "Customers"}. Executing controller action with signature System.Threading.Tasks.Task`1[Microsoft.AspNetCore.Mvc.ActionResult`1[SmartLoan.Application.Common.PagedResponse`1[SmartLoan.Application.Customers.CustomerDetailsDto]]] GetAll(SmartLoan.Application.Common.PagedRequest) on controller SmartLoan.Api.Controllers.CustomersController (SmartLoan.Api). 
2026-08-28 22:28:21.4871|Info|SmartLoan.Application.Common.Behaviors.LoggingBehavior|CorrelationId=b44f7c92-7a44-48fe-a9d0-eb05b0f25799|smartloan Request:GetCustomersQuery starting... 
2026-08-28 22:28:21.4871|Info|Microsoft.EntityFrameworkCore.Database.Command|CorrelationId=b44f7c92-7a44-48fe-a9d0-eb05b0f25799|Executed DbCommand (1ms) [Parameters=[], CommandType='Text', CommandTimeout='30']
SELECT count(*)::int
FROM "Customers" AS c
WHERE NOT (c."IsDeleted") 
2026-08-28 22:28:21.4871|Info|Microsoft.EntityFrameworkCore.Database.Command|CorrelationId=b44f7c92-7a44-48fe-a9d0-eb05b0f25799|Executed DbCommand (0ms) [Parameters=[@p1='?' (DbType = Int32), @p='?' (DbType = Int32)], CommandType='Text', CommandTimeout='30']
SELECT c."Id", c."FullName", c."Phone", c."Address"
FROM "Customers" AS c
WHERE NOT (c."IsDeleted")
ORDER BY c."FullName"
LIMIT @p1 OFFSET @p 
2026-08-28 22:28:21.4871|Info|SmartLoan.Application.Common.Behaviors.LoggingBehavior|CorrelationId=b44f7c92-7a44-48fe-a9d0-eb05b0f25799|Smarloan Request:GetCustomersQuery finished in 2ms 
2026-08-28 22:28:21.4871|Info|Microsoft.AspNetCore.Mvc.Infrastructure.ObjectResultExecutor|CorrelationId=b44f7c92-7a44-48fe-a9d0-eb05b0f25799|Executing ObjectResult, writing value of type 'SmartLoan.Application.Common.PagedResponse`1[[SmartLoan.Application.Customers.CustomerDetailsDto, SmartLoan.Application, Version=1.0.0.0, Culture=neutral, PublicKeyToken=null]]'. 
2026-08-28 22:28:21.4871|Info|Microsoft.AspNetCore.Mvc.Infrastructure.ControllerActionInvoker|CorrelationId=b44f7c92-7a44-48fe-a9d0-eb05b0f25799|Executed action SmartLoan.Api.Controllers.CustomersController.GetAll (SmartLoan.Api) in 3.152ms 
2026-08-28 22:28:21.4871|Info|Microsoft.AspNetCore.Routing.EndpointMiddleware|CorrelationId=b44f7c92-7a44-48fe-a9d0-eb05b0f25799|Executed endpoint 'SmartLoan.Api.Controllers.CustomersController.GetAll (SmartLoan.Api)' 
2026-08-28 22:28:21.4871|Info|Microsoft.AspNetCore.Hosting.Diagnostics|CorrelationId=|Request finished HTTP/1.1 GET http://localhost:5176/api/v1/customers?pageNumber=1&pageSize=10&search= - 200 - application/json;+charset=utf-8 4.1779ms 
2026-08-28 22:29:19.8197|Info|Microsoft.Hosting.Lifetime|CorrelationId=|Application is shutting down... 
2026-08-28 22:29:31.6729|Warn|Microsoft.EntityFrameworkCore.Model.Validation|CorrelationId=|Entity 'LoanApplication' has a global query filter defined and is the required end of a relationship with the entity 'Payment'. This may lead to unexpected results when the required entity is filtered out. Either configure the navigation as optional, or define matching query filters for both entities in the navigation. See https://go.microsoft.com/fwlink/?linkid=2131316 for more information. 
2026-08-28 22:29:32.0956|Info|Microsoft.EntityFrameworkCore.Database.Command|CorrelationId=|Executed DbCommand (20ms) [Parameters=[], CommandType='Text', CommandTimeout='30']
SELECT "MigrationId", "ProductVersion"
FROM "__EFMigrationsHistory"
ORDER BY "MigrationId"; 
2026-08-28 22:29:32.2727|Info|Microsoft.EntityFrameworkCore.Database.Command|CorrelationId=|Executed DbCommand (9ms) [Parameters=[], CommandType='Text', CommandTimeout='30']
SELECT 1 
2026-08-28 22:29:32.3372|Info|Microsoft.EntityFrameworkCore.Database.Command|CorrelationId=|Executed DbCommand (7ms) [Parameters=[], CommandType='Text', CommandTimeout='30']
CREATE TABLE IF NOT EXISTS "__EFMigrationsHistory" (
    "MigrationId" character varying(150) NOT NULL,
    "ProductVersion" character varying(32) NOT NULL,
    CONSTRAINT "PK___EFMigrationsHistory" PRIMARY KEY ("MigrationId")
); 
2026-08-28 22:29:32.3534|Info|Microsoft.EntityFrameworkCore.Database.Command|CorrelationId=|Executed DbCommand (1ms) [Parameters=[], CommandType='Text', CommandTimeout='30']
LOCK TABLE "__EFMigrationsHistory" IN ACCESS EXCLUSIVE MODE 
2026-08-28 22:29:32.3534|Info|Microsoft.EntityFrameworkCore.Database.Command|CorrelationId=|Executed DbCommand (1ms) [Parameters=[], CommandType='Text', CommandTimeout='30']
SELECT "MigrationId", "ProductVersion"
FROM "__EFMigrationsHistory"
ORDER BY "MigrationId"; 
2026-08-28 22:29:32.3627|Info|Microsoft.EntityFrameworkCore.Migrations|CorrelationId=|No migrations were applied. The database is already up to date. 
2026-08-28 22:29:32.5994|Info|Microsoft.EntityFrameworkCore.Database.Command|CorrelationId=|Executed DbCommand (3ms) [Parameters=[], CommandType='Text', CommandTimeout='30']
SELECT EXISTS (
    SELECT 1
    FROM "Users" AS u
    WHERE u."Email" = 'admin@loan.com') 
2026-08-28 22:29:32.7260|Info|Microsoft.AspNetCore.DataProtection.KeyManagement.XmlKeyManager|CorrelationId=|User profile is available. Using 'C:\Users\isaac\AppData\Local\ASP.NET\DataProtection-Keys' as key repository and Windows DPAPI to encrypt keys at rest. 
2026-08-28 22:29:32.7329|Info|SmartLoan.Infrastructure.BackgroundJobs.ReportWorker|CorrelationId=|Report Worker is starting... 
2026-08-28 22:29:32.7878|Info|Microsoft.Hosting.Lifetime|CorrelationId=|Now listening on: http://localhost:5176 
2026-08-28 22:29:32.7878|Info|Microsoft.Hosting.Lifetime|CorrelationId=|Application started. Press Ctrl+C to shut down. 
2026-08-28 22:29:32.7878|Info|Microsoft.Hosting.Lifetime|CorrelationId=|Hosting environment: Development 
2026-08-28 22:29:32.7878|Info|Microsoft.Hosting.Lifetime|CorrelationId=|Content root path: D:\isaac\educational purpose only\.net\kyas pro\SmartLoanTracker\smartloan.api 
2026-08-28 22:31:17.0793|Info|Microsoft.AspNetCore.Hosting.Diagnostics|CorrelationId=|Request starting HTTP/1.1 GET http://localhost:5176/api/v1/customers?pageNumber=1&pageSize=10&search= - - - 
2026-08-28 22:31:17.1845|Warn|Microsoft.AspNetCore.HttpsPolicy.HttpsRedirectionMiddleware|CorrelationId=5d7e880d-6223-4a37-b433-c8cce3280687|Failed to determine the https port for redirect. 
2026-08-28 22:31:17.1885|Info|Microsoft.AspNetCore.Routing.EndpointMiddleware|CorrelationId=5d7e880d-6223-4a37-b433-c8cce3280687|Executing endpoint 'SmartLoan.Api.Controllers.CustomersController.GetAll (SmartLoan.Api)' 
2026-08-28 22:31:17.2125|Info|Microsoft.AspNetCore.Mvc.Infrastructure.ControllerActionInvoker|CorrelationId=5d7e880d-6223-4a37-b433-c8cce3280687|Route matched with {action = "GetAll", controller = "Customers"}. Executing controller action with signature System.Threading.Tasks.Task`1[Microsoft.AspNetCore.Mvc.ActionResult`1[SmartLoan.Application.Common.PagedResponse`1[SmartLoan.Application.Customers.CustomerDetailsDto]]] GetAll(SmartLoan.Application.Common.PagedRequest) on controller SmartLoan.Api.Controllers.CustomersController (SmartLoan.Api). 
2026-08-28 22:31:17.2242|Warn|LuckyPennySoftware.MediatR.License|CorrelationId=5d7e880d-6223-4a37-b433-c8cce3280687|You do not have a valid license key for the Lucky Penny software MediatR. This is allowed for development and testing scenarios. If you are running in production you are required to have a licensed version. Please visit https://luckypennysoftware.com to obtain a valid license. 
2026-08-28 22:31:17.2482|Info|SmartLoan.Application.Common.Behaviors.LoggingBehavior|CorrelationId=5d7e880d-6223-4a37-b433-c8cce3280687|smartloan Request:GetCustomersQuery starting... 
2026-08-28 22:31:17.3240|Info|Microsoft.EntityFrameworkCore.Database.Command|CorrelationId=5d7e880d-6223-4a37-b433-c8cce3280687|Executed DbCommand (2ms) [Parameters=[], CommandType='Text', CommandTimeout='30']
SELECT count(*)::int
FROM "Customers" AS c
WHERE NOT (c."IsDeleted") 
2026-08-28 22:31:17.4145|Info|Microsoft.EntityFrameworkCore.Database.Command|CorrelationId=5d7e880d-6223-4a37-b433-c8cce3280687|Executed DbCommand (8ms) [Parameters=[@p1='?' (DbType = Int32), @p='?' (DbType = Int32)], CommandType='Text', CommandTimeout='30']
SELECT c."Id", c."FullName", c."Phone", c."Address"
FROM "Customers" AS c
WHERE NOT (c."IsDeleted")
ORDER BY c."FullName"
LIMIT @p1 OFFSET @p 
2026-08-28 22:31:17.4145|Info|SmartLoan.Application.Common.Behaviors.LoggingBehavior|CorrelationId=5d7e880d-6223-4a37-b433-c8cce3280687|Smarloan Request:GetCustomersQuery finished in 169ms 
2026-08-28 22:31:17.4245|Info|Microsoft.AspNetCore.Mvc.Infrastructure.ObjectResultExecutor|CorrelationId=5d7e880d-6223-4a37-b433-c8cce3280687|Executing ObjectResult, writing value of type 'SmartLoan.Application.Common.PagedResponse`1[[SmartLoan.Application.Customers.CustomerDetailsDto, SmartLoan.Application, Version=1.0.0.0, Culture=neutral, PublicKeyToken=null]]'. 
2026-08-28 22:31:17.4754|Info|Microsoft.AspNetCore.Mvc.Infrastructure.ControllerActionInvoker|CorrelationId=5d7e880d-6223-4a37-b433-c8cce3280687|Executed action SmartLoan.Api.Controllers.CustomersController.GetAll (SmartLoan.Api) in 256.4678ms 
2026-08-28 22:31:17.4754|Info|Microsoft.AspNetCore.Routing.EndpointMiddleware|CorrelationId=5d7e880d-6223-4a37-b433-c8cce3280687|Executed endpoint 'SmartLoan.Api.Controllers.CustomersController.GetAll (SmartLoan.Api)' 
2026-08-28 22:31:17.4820|Info|Microsoft.AspNetCore.Hosting.Diagnostics|CorrelationId=|Request finished HTTP/1.1 GET http://localhost:5176/api/v1/customers?pageNumber=1&pageSize=10&search= - 200 - application/json;+charset=utf-8 405.5529ms 
2026-08-28 22:31:31.7788|Info|Microsoft.AspNetCore.Hosting.Diagnostics|CorrelationId=|Request starting HTTP/1.1 GET http://localhost:5176/api/v1/customers?pageNumber=1&pageSize=10&search= - - - 
2026-08-28 22:31:31.7788|Info|Microsoft.AspNetCore.Routing.EndpointMiddleware|CorrelationId=9705100f-806c-4c29-8b16-dacfda06fe5d|Executing endpoint 'SmartLoan.Api.Controllers.CustomersController.GetAll (SmartLoan.Api)' 
2026-08-28 22:31:31.7788|Info|Microsoft.AspNetCore.Mvc.Infrastructure.ControllerActionInvoker|CorrelationId=9705100f-806c-4c29-8b16-dacfda06fe5d|Route matched with {action = "GetAll", controller = "Customers"}. Executing controller action with signature System.Threading.Tasks.Task`1[Microsoft.AspNetCore.Mvc.ActionResult`1[SmartLoan.Application.Common.PagedResponse`1[SmartLoan.Application.Customers.CustomerDetailsDto]]] GetAll(SmartLoan.Application.Common.PagedRequest) on controller SmartLoan.Api.Controllers.CustomersController (SmartLoan.Api). 
2026-08-28 22:31:31.7788|Info|SmartLoan.Application.Common.Behaviors.LoggingBehavior|CorrelationId=9705100f-806c-4c29-8b16-dacfda06fe5d|smartloan Request:GetCustomersQuery starting... 
2026-08-28 22:31:31.8705|Info|Microsoft.EntityFrameworkCore.Database.Command|CorrelationId=9705100f-806c-4c29-8b16-dacfda06fe5d|Executed DbCommand (1ms) [Parameters=[], CommandType='Text', CommandTimeout='30']
SELECT count(*)::int
FROM "Customers" AS c
WHERE NOT (c."IsDeleted") 
2026-08-28 22:31:31.8746|Info|Microsoft.EntityFrameworkCore.Database.Command|CorrelationId=9705100f-806c-4c29-8b16-dacfda06fe5d|Executed DbCommand (0ms) [Parameters=[@p1='?' (DbType = Int32), @p='?' (DbType = Int32)], CommandType='Text', CommandTimeout='30']
SELECT c."Id", c."FullName", c."Phone", c."Address"
FROM "Customers" AS c
WHERE NOT (c."IsDeleted")
ORDER BY c."FullName"
LIMIT @p1 OFFSET @p 
2026-08-28 22:31:31.8746|Info|SmartLoan.Application.Common.Behaviors.LoggingBehavior|CorrelationId=9705100f-806c-4c29-8b16-dacfda06fe5d|Smarloan Request:GetCustomersQuery finished in 82ms 
2026-08-28 22:31:31.8746|Info|Microsoft.AspNetCore.Mvc.Infrastructure.ObjectResultExecutor|CorrelationId=9705100f-806c-4c29-8b16-dacfda06fe5d|Executing ObjectResult, writing value of type 'SmartLoan.Application.Common.PagedResponse`1[[SmartLoan.Application.Customers.CustomerDetailsDto, SmartLoan.Application, Version=1.0.0.0, Culture=neutral, PublicKeyToken=null]]'. 
2026-08-28 22:31:31.8746|Info|Microsoft.AspNetCore.Mvc.Infrastructure.ControllerActionInvoker|CorrelationId=9705100f-806c-4c29-8b16-dacfda06fe5d|Executed action SmartLoan.Api.Controllers.CustomersController.GetAll (SmartLoan.Api) in 87.0778ms 
2026-08-28 22:31:31.8746|Info|Microsoft.AspNetCore.Routing.EndpointMiddleware|CorrelationId=9705100f-806c-4c29-8b16-dacfda06fe5d|Executed endpoint 'SmartLoan.Api.Controllers.CustomersController.GetAll (SmartLoan.Api)' 
2026-08-28 22:31:31.8746|Info|Microsoft.AspNetCore.Hosting.Diagnostics|CorrelationId=|Request finished HTTP/1.1 GET http://localhost:5176/api/v1/customers?pageNumber=1&pageSize=10&search= - 200 - application/json;+charset=utf-8 97.6243ms 
2026-08-28 22:40:43.9186|Info|Microsoft.AspNetCore.Hosting.Diagnostics|CorrelationId=|Request starting HTTP/1.1 GET http://localhost:5176/api/v1/customers?pageNumber=1&pageSize=10&search= - - - 
2026-08-28 22:40:43.9238|Info|Microsoft.AspNetCore.Routing.EndpointMiddleware|CorrelationId=c16e23a1-8c87-4ea1-a7b6-3c7a61274daf|Executing endpoint 'SmartLoan.Api.Controllers.CustomersController.GetAll (SmartLoan.Api)' 
2026-08-28 22:40:43.9238|Info|Microsoft.AspNetCore.Mvc.Infrastructure.ControllerActionInvoker|CorrelationId=c16e23a1-8c87-4ea1-a7b6-3c7a61274daf|Route matched with {action = "GetAll", controller = "Customers"}. Executing controller action with signature System.Threading.Tasks.Task`1[Microsoft.AspNetCore.Mvc.ActionResult`1[SmartLoan.Application.Common.PagedResponse`1[SmartLoan.Application.Customers.CustomerDetailsDto]]] GetAll(SmartLoan.Application.Common.PagedRequest) on controller SmartLoan.Api.Controllers.CustomersController (SmartLoan.Api). 
2026-08-28 22:40:43.9351|Info|SmartLoan.Application.Common.Behaviors.LoggingBehavior|CorrelationId=c16e23a1-8c87-4ea1-a7b6-3c7a61274daf|smartloan Request:GetCustomersQuery starting... 
2026-08-28 22:40:44.0042|Info|Microsoft.EntityFrameworkCore.Database.Command|CorrelationId=c16e23a1-8c87-4ea1-a7b6-3c7a61274daf|Executed DbCommand (4ms) [Parameters=[], CommandType='Text', CommandTimeout='30']
SELECT count(*)::int
FROM "Customers" AS c
WHERE NOT (c."IsDeleted") 
2026-08-28 22:40:44.0042|Info|Microsoft.EntityFrameworkCore.Database.Command|CorrelationId=c16e23a1-8c87-4ea1-a7b6-3c7a61274daf|Executed DbCommand (1ms) [Parameters=[@p1='?' (DbType = Int32), @p='?' (DbType = Int32)], CommandType='Text', CommandTimeout='30']
SELECT c."Id", c."FullName", c."Phone", c."Address"
FROM "Customers" AS c
WHERE NOT (c."IsDeleted")
ORDER BY c."FullName"
LIMIT @p1 OFFSET @p 
2026-08-28 22:40:44.0042|Info|SmartLoan.Application.Common.Behaviors.LoggingBehavior|CorrelationId=c16e23a1-8c87-4ea1-a7b6-3c7a61274daf|Smarloan Request:GetCustomersQuery finished in 71ms 
2026-08-28 22:40:44.0042|Info|Microsoft.AspNetCore.Mvc.Infrastructure.ObjectResultExecutor|CorrelationId=c16e23a1-8c87-4ea1-a7b6-3c7a61274daf|Executing ObjectResult, writing value of type 'SmartLoan.Application.Common.PagedResponse`1[[SmartLoan.Application.Customers.CustomerDetailsDto, SmartLoan.Application, Version=1.0.0.0, Culture=neutral, PublicKeyToken=null]]'. 
2026-08-28 22:40:44.0042|Info|Microsoft.AspNetCore.Mvc.Infrastructure.ControllerActionInvoker|CorrelationId=c16e23a1-8c87-4ea1-a7b6-3c7a61274daf|Executed action SmartLoan.Api.Controllers.CustomersController.GetAll (SmartLoan.Api) in 82.6278ms 
2026-08-28 22:40:44.0042|Info|Microsoft.AspNetCore.Routing.EndpointMiddleware|CorrelationId=c16e23a1-8c87-4ea1-a7b6-3c7a61274daf|Executed endpoint 'SmartLoan.Api.Controllers.CustomersController.GetAll (SmartLoan.Api)' 
2026-08-28 22:40:44.0042|Info|Microsoft.AspNetCore.Hosting.Diagnostics|CorrelationId=|Request finished HTTP/1.1 GET http://localhost:5176/api/v1/customers?pageNumber=1&pageSize=10&search= - 200 - application/json;+charset=utf-8 89.0779ms 
2026-08-28 22:40:44.5067|Info|Microsoft.AspNetCore.Hosting.Diagnostics|CorrelationId=|Request starting HTTP/1.1 GET http://localhost:5176/api/v1/customers?pageNumber=1&pageSize=10&search= - - - 
2026-08-28 22:40:44.5067|Info|Microsoft.AspNetCore.Routing.EndpointMiddleware|CorrelationId=31d2a9cd-7100-4572-9a22-83fc02c7eeca|Executing endpoint 'SmartLoan.Api.Controllers.CustomersController.GetAll (SmartLoan.Api)' 
2026-08-28 22:40:44.5067|Info|Microsoft.AspNetCore.Mvc.Infrastructure.ControllerActionInvoker|CorrelationId=31d2a9cd-7100-4572-9a22-83fc02c7eeca|Route matched with {action = "GetAll", controller = "Customers"}. Executing controller action with signature System.Threading.Tasks.Task`1[Microsoft.AspNetCore.Mvc.ActionResult`1[SmartLoan.Application.Common.PagedResponse`1[SmartLoan.Application.Customers.CustomerDetailsDto]]] GetAll(SmartLoan.Application.Common.PagedRequest) on controller SmartLoan.Api.Controllers.CustomersController (SmartLoan.Api). 
2026-08-28 22:40:44.5067|Info|SmartLoan.Application.Common.Behaviors.LoggingBehavior|CorrelationId=31d2a9cd-7100-4572-9a22-83fc02c7eeca|smartloan Request:GetCustomersQuery starting... 
2026-08-28 22:40:44.5067|Info|Microsoft.EntityFrameworkCore.Database.Command|CorrelationId=31d2a9cd-7100-4572-9a22-83fc02c7eeca|Executed DbCommand (1ms) [Parameters=[], CommandType='Text', CommandTimeout='30']
SELECT count(*)::int
FROM "Customers" AS c
WHERE NOT (c."IsDeleted") 
2026-08-28 22:40:44.5176|Info|Microsoft.EntityFrameworkCore.Database.Command|CorrelationId=31d2a9cd-7100-4572-9a22-83fc02c7eeca|Executed DbCommand (1ms) [Parameters=[@p1='?' (DbType = Int32), @p='?' (DbType = Int32)], CommandType='Text', CommandTimeout='30']
SELECT c."Id", c."FullName", c."Phone", c."Address"
FROM "Customers" AS c
WHERE NOT (c."IsDeleted")
ORDER BY c."FullName"
LIMIT @p1 OFFSET @p 
2026-08-28 22:40:44.5176|Info|SmartLoan.Application.Common.Behaviors.LoggingBehavior|CorrelationId=31d2a9cd-7100-4572-9a22-83fc02c7eeca|Smarloan Request:GetCustomersQuery finished in 9ms 
2026-08-28 22:40:44.5176|Info|Microsoft.AspNetCore.Mvc.Infrastructure.ObjectResultExecutor|CorrelationId=31d2a9cd-7100-4572-9a22-83fc02c7eeca|Executing ObjectResult, writing value of type 'SmartLoan.Application.Common.PagedResponse`1[[SmartLoan.Application.Customers.CustomerDetailsDto, SmartLoan.Application, Version=1.0.0.0, Culture=neutral, PublicKeyToken=null]]'. 
2026-08-28 22:40:44.5176|Info|Microsoft.AspNetCore.Mvc.Infrastructure.ControllerActionInvoker|CorrelationId=31d2a9cd-7100-4572-9a22-83fc02c7eeca|Executed action SmartLoan.Api.Controllers.CustomersController.GetAll (SmartLoan.Api) in 11.0317ms 
2026-08-28 22:40:44.5176|Info|Microsoft.AspNetCore.Routing.EndpointMiddleware|CorrelationId=31d2a9cd-7100-4572-9a22-83fc02c7eeca|Executed endpoint 'SmartLoan.Api.Controllers.CustomersController.GetAll (SmartLoan.Api)' 
2026-08-28 22:40:44.5176|Info|Microsoft.AspNetCore.Hosting.Diagnostics|CorrelationId=|Request finished HTTP/1.1 GET http://localhost:5176/api/v1/customers?pageNumber=1&pageSize=10&search= - 200 - application/json;+charset=utf-8 13.0786ms 
2026-08-28 22:44:24.2726|Info|Microsoft.AspNetCore.Hosting.Diagnostics|CorrelationId=|Request starting HTTP/1.1 GET http://localhost:5176/api/v1/customers?pageNumber=1&pageSize=10&search= - - - 
2026-08-28 22:44:24.2726|Info|Microsoft.AspNetCore.Routing.EndpointMiddleware|CorrelationId=07bd7c38-ed3c-4dac-9a18-cde5d7fd9154|Executing endpoint 'SmartLoan.Api.Controllers.CustomersController.GetAll (SmartLoan.Api)' 
2026-08-28 22:44:24.2726|Info|Microsoft.AspNetCore.Mvc.Infrastructure.ControllerActionInvoker|CorrelationId=07bd7c38-ed3c-4dac-9a18-cde5d7fd9154|Route matched with {action = "GetAll", controller = "Customers"}. Executing controller action with signature System.Threading.Tasks.Task`1[Microsoft.AspNetCore.Mvc.ActionResult`1[SmartLoan.Application.Common.PagedResponse`1[SmartLoan.Application.Customers.CustomerDetailsDto]]] GetAll(SmartLoan.Application.Common.PagedRequest) on controller SmartLoan.Api.Controllers.CustomersController (SmartLoan.Api). 
2026-08-28 22:44:24.2726|Info|SmartLoan.Application.Common.Behaviors.LoggingBehavior|CorrelationId=07bd7c38-ed3c-4dac-9a18-cde5d7fd9154|smartloan Request:GetCustomersQuery starting... 
2026-08-28 22:44:24.2726|Info|Microsoft.EntityFrameworkCore.Database.Command|CorrelationId=07bd7c38-ed3c-4dac-9a18-cde5d7fd9154|Executed DbCommand (1ms) [Parameters=[], CommandType='Text', CommandTimeout='30']
SELECT count(*)::int
FROM "Customers" AS c
WHERE NOT (c."IsDeleted") 
2026-08-28 22:44:24.2803|Info|Microsoft.EntityFrameworkCore.Database.Command|CorrelationId=07bd7c38-ed3c-4dac-9a18-cde5d7fd9154|Executed DbCommand (1ms) [Parameters=[@p1='?' (DbType = Int32), @p='?' (DbType = Int32)], CommandType='Text', CommandTimeout='30']
SELECT c."Id", c."FullName", c."Phone", c."Address"
FROM "Customers" AS c
WHERE NOT (c."IsDeleted")
ORDER BY c."FullName"
LIMIT @p1 OFFSET @p 
2026-08-28 22:44:24.2803|Info|SmartLoan.Application.Common.Behaviors.LoggingBehavior|CorrelationId=07bd7c38-ed3c-4dac-9a18-cde5d7fd9154|Smarloan Request:GetCustomersQuery finished in 6ms 
2026-08-28 22:44:24.2803|Info|Microsoft.AspNetCore.Mvc.Infrastructure.ObjectResultExecutor|CorrelationId=07bd7c38-ed3c-4dac-9a18-cde5d7fd9154|Executing ObjectResult, writing value of type 'SmartLoan.Application.Common.PagedResponse`1[[SmartLoan.Application.Customers.CustomerDetailsDto, SmartLoan.Application, Version=1.0.0.0, Culture=neutral, PublicKeyToken=null]]'. 
2026-08-28 22:44:24.2803|Info|Microsoft.AspNetCore.Mvc.Infrastructure.ControllerActionInvoker|CorrelationId=07bd7c38-ed3c-4dac-9a18-cde5d7fd9154|Executed action SmartLoan.Api.Controllers.CustomersController.GetAll (SmartLoan.Api) in 8.5668ms 
2026-08-28 22:44:24.2803|Info|Microsoft.AspNetCore.Routing.EndpointMiddleware|CorrelationId=07bd7c38-ed3c-4dac-9a18-cde5d7fd9154|Executed endpoint 'SmartLoan.Api.Controllers.CustomersController.GetAll (SmartLoan.Api)' 
2026-08-28 22:44:24.2803|Info|Microsoft.AspNetCore.Hosting.Diagnostics|CorrelationId=|Request finished HTTP/1.1 GET http://localhost:5176/api/v1/customers?pageNumber=1&pageSize=10&search= - 200 - application/json;+charset=utf-8 10.6349ms 
2026-08-28 22:44:24.8023|Info|Microsoft.AspNetCore.Hosting.Diagnostics|CorrelationId=|Request starting HTTP/1.1 GET http://localhost:5176/api/v1/customers?pageNumber=1&pageSize=10&search= - - - 
2026-08-28 22:44:24.8023|Info|Microsoft.AspNetCore.Routing.EndpointMiddleware|CorrelationId=f4b7fb2f-fbae-473a-a2b9-7949b169d3f0|Executing endpoint 'SmartLoan.Api.Controllers.CustomersController.GetAll (SmartLoan.Api)' 
2026-08-28 22:44:24.8023|Info|Microsoft.AspNetCore.Mvc.Infrastructure.ControllerActionInvoker|CorrelationId=f4b7fb2f-fbae-473a-a2b9-7949b169d3f0|Route matched with {action = "GetAll", controller = "Customers"}. Executing controller action with signature System.Threading.Tasks.Task`1[Microsoft.AspNetCore.Mvc.ActionResult`1[SmartLoan.Application.Common.PagedResponse`1[SmartLoan.Application.Customers.CustomerDetailsDto]]] GetAll(SmartLoan.Application.Common.PagedRequest) on controller SmartLoan.Api.Controllers.CustomersController (SmartLoan.Api). 
2026-08-28 22:44:24.8023|Info|SmartLoan.Application.Common.Behaviors.LoggingBehavior|CorrelationId=f4b7fb2f-fbae-473a-a2b9-7949b169d3f0|smartloan Request:GetCustomersQuery starting... 
2026-08-28 22:44:24.8023|Info|Microsoft.EntityFrameworkCore.Database.Command|CorrelationId=f4b7fb2f-fbae-473a-a2b9-7949b169d3f0|Executed DbCommand (1ms) [Parameters=[], CommandType='Text', CommandTimeout='30']
SELECT count(*)::int
FROM "Customers" AS c
WHERE NOT (c."IsDeleted") 
2026-08-28 22:44:24.8023|Info|Microsoft.EntityFrameworkCore.Database.Command|CorrelationId=f4b7fb2f-fbae-473a-a2b9-7949b169d3f0|Executed DbCommand (1ms) [Parameters=[@p1='?' (DbType = Int32), @p='?' (DbType = Int32)], CommandType='Text', CommandTimeout='30']
SELECT c."Id", c."FullName", c."Phone", c."Address"
FROM "Customers" AS c
WHERE NOT (c."IsDeleted")
ORDER BY c."FullName"
LIMIT @p1 OFFSET @p 
2026-08-28 22:44:24.8023|Info|SmartLoan.Application.Common.Behaviors.LoggingBehavior|CorrelationId=f4b7fb2f-fbae-473a-a2b9-7949b169d3f0|Smarloan Request:GetCustomersQuery finished in 4ms 
2026-08-28 22:44:24.8023|Info|Microsoft.AspNetCore.Mvc.Infrastructure.ObjectResultExecutor|CorrelationId=f4b7fb2f-fbae-473a-a2b9-7949b169d3f0|Executing ObjectResult, writing value of type 'SmartLoan.Application.Common.PagedResponse`1[[SmartLoan.Application.Customers.CustomerDetailsDto, SmartLoan.Application, Version=1.0.0.0, Culture=neutral, PublicKeyToken=null]]'. 
2026-08-28 22:44:24.8023|Info|Microsoft.AspNetCore.Mvc.Infrastructure.ControllerActionInvoker|CorrelationId=f4b7fb2f-fbae-473a-a2b9-7949b169d3f0|Executed action SmartLoan.Api.Controllers.CustomersController.GetAll (SmartLoan.Api) in 5.8064ms 
2026-08-28 22:44:24.8023|Info|Microsoft.AspNetCore.Routing.EndpointMiddleware|CorrelationId=f4b7fb2f-fbae-473a-a2b9-7949b169d3f0|Executed endpoint 'SmartLoan.Api.Controllers.CustomersController.GetAll (SmartLoan.Api)' 
2026-08-28 22:44:24.8110|Info|Microsoft.AspNetCore.Hosting.Diagnostics|CorrelationId=|Request finished HTTP/1.1 GET http://localhost:5176/api/v1/customers?pageNumber=1&pageSize=10&search= - 200 - application/json;+charset=utf-8 8.5235ms 
2026-08-28 22:44:43.7333|Info|Microsoft.AspNetCore.Hosting.Diagnostics|CorrelationId=|Request starting HTTP/1.1 GET http://localhost:5176/api/v1/customers?pageNumber=1&pageSize=10&search= - - - 
2026-08-28 22:44:43.7333|Info|Microsoft.AspNetCore.Routing.EndpointMiddleware|CorrelationId=db4ed9e8-a4e4-4ab5-96df-af5ed7735da4|Executing endpoint 'SmartLoan.Api.Controllers.CustomersController.GetAll (SmartLoan.Api)' 
2026-08-28 22:44:43.7333|Info|Microsoft.AspNetCore.Mvc.Infrastructure.ControllerActionInvoker|CorrelationId=db4ed9e8-a4e4-4ab5-96df-af5ed7735da4|Route matched with {action = "GetAll", controller = "Customers"}. Executing controller action with signature System.Threading.Tasks.Task`1[Microsoft.AspNetCore.Mvc.ActionResult`1[SmartLoan.Application.Common.PagedResponse`1[SmartLoan.Application.Customers.CustomerDetailsDto]]] GetAll(SmartLoan.Application.Common.PagedRequest) on controller SmartLoan.Api.Controllers.CustomersController (SmartLoan.Api). 
2026-08-28 22:44:43.7333|Info|SmartLoan.Application.Common.Behaviors.LoggingBehavior|CorrelationId=db4ed9e8-a4e4-4ab5-96df-af5ed7735da4|smartloan Request:GetCustomersQuery starting... 
2026-08-28 22:44:43.7333|Info|Microsoft.EntityFrameworkCore.Database.Command|CorrelationId=db4ed9e8-a4e4-4ab5-96df-af5ed7735da4|Executed DbCommand (1ms) [Parameters=[], CommandType='Text', CommandTimeout='30']
SELECT count(*)::int
FROM "Customers" AS c
WHERE NOT (c."IsDeleted") 
2026-08-28 22:44:43.7333|Info|Microsoft.EntityFrameworkCore.Database.Command|CorrelationId=db4ed9e8-a4e4-4ab5-96df-af5ed7735da4|Executed DbCommand (1ms) [Parameters=[@p1='?' (DbType = Int32), @p='?' (DbType = Int32)], CommandType='Text', CommandTimeout='30']
SELECT c."Id", c."FullName", c."Phone", c."Address"
FROM "Customers" AS c
WHERE NOT (c."IsDeleted")
ORDER BY c."FullName"
LIMIT @p1 OFFSET @p 
2026-08-28 22:44:43.7333|Info|SmartLoan.Application.Common.Behaviors.LoggingBehavior|CorrelationId=db4ed9e8-a4e4-4ab5-96df-af5ed7735da4|Smarloan Request:GetCustomersQuery finished in 3ms 
2026-08-28 22:44:43.7333|Info|Microsoft.AspNetCore.Mvc.Infrastructure.ObjectResultExecutor|CorrelationId=db4ed9e8-a4e4-4ab5-96df-af5ed7735da4|Executing ObjectResult, writing value of type 'SmartLoan.Application.Common.PagedResponse`1[[SmartLoan.Application.Customers.CustomerDetailsDto, SmartLoan.Application, Version=1.0.0.0, Culture=neutral, PublicKeyToken=null]]'. 
2026-08-28 22:44:43.7333|Info|Microsoft.AspNetCore.Mvc.Infrastructure.ControllerActionInvoker|CorrelationId=db4ed9e8-a4e4-4ab5-96df-af5ed7735da4|Executed action SmartLoan.Api.Controllers.CustomersController.GetAll (SmartLoan.Api) in 4.4228ms 
2026-08-28 22:44:43.7333|Info|Microsoft.AspNetCore.Routing.EndpointMiddleware|CorrelationId=db4ed9e8-a4e4-4ab5-96df-af5ed7735da4|Executed endpoint 'SmartLoan.Api.Controllers.CustomersController.GetAll (SmartLoan.Api)' 
2026-08-28 22:44:43.7333|Info|Microsoft.AspNetCore.Hosting.Diagnostics|CorrelationId=|Request finished HTTP/1.1 GET http://localhost:5176/api/v1/customers?pageNumber=1&pageSize=10&search= - 200 - application/json;+charset=utf-8 8.3649ms 
2026-08-28 22:44:43.9849|Info|Microsoft.AspNetCore.Hosting.Diagnostics|CorrelationId=|Request starting HTTP/1.1 GET http://localhost:5176/api/v1/customers?pageNumber=1&pageSize=10&search= - - - 
2026-08-28 22:44:43.9849|Info|Microsoft.AspNetCore.Routing.EndpointMiddleware|CorrelationId=83232710-4616-4dab-8767-f4897788ee17|Executing endpoint 'SmartLoan.Api.Controllers.CustomersController.GetAll (SmartLoan.Api)' 
2026-08-28 22:44:43.9849|Info|Microsoft.AspNetCore.Mvc.Infrastructure.ControllerActionInvoker|CorrelationId=83232710-4616-4dab-8767-f4897788ee17|Route matched with {action = "GetAll", controller = "Customers"}. Executing controller action with signature System.Threading.Tasks.Task`1[Microsoft.AspNetCore.Mvc.ActionResult`1[SmartLoan.Application.Common.PagedResponse`1[SmartLoan.Application.Customers.CustomerDetailsDto]]] GetAll(SmartLoan.Application.Common.PagedRequest) on controller SmartLoan.Api.Controllers.CustomersController (SmartLoan.Api). 
2026-08-28 22:44:43.9849|Info|SmartLoan.Application.Common.Behaviors.LoggingBehavior|CorrelationId=83232710-4616-4dab-8767-f4897788ee17|smartloan Request:GetCustomersQuery starting... 
2026-08-28 22:44:43.9849|Info|Microsoft.EntityFrameworkCore.Database.Command|CorrelationId=83232710-4616-4dab-8767-f4897788ee17|Executed DbCommand (1ms) [Parameters=[], CommandType='Text', CommandTimeout='30']
SELECT count(*)::int
FROM "Customers" AS c
WHERE NOT (c."IsDeleted") 
2026-08-28 22:44:43.9849|Info|Microsoft.EntityFrameworkCore.Database.Command|CorrelationId=83232710-4616-4dab-8767-f4897788ee17|Executed DbCommand (1ms) [Parameters=[@p1='?' (DbType = Int32), @p='?' (DbType = Int32)], CommandType='Text', CommandTimeout='30']
SELECT c."Id", c."FullName", c."Phone", c."Address"
FROM "Customers" AS c
WHERE NOT (c."IsDeleted")
ORDER BY c."FullName"
LIMIT @p1 OFFSET @p 
2026-08-28 22:44:43.9849|Info|SmartLoan.Application.Common.Behaviors.LoggingBehavior|CorrelationId=83232710-4616-4dab-8767-f4897788ee17|Smarloan Request:GetCustomersQuery finished in 3ms 
2026-08-28 22:44:43.9849|Info|Microsoft.AspNetCore.Mvc.Infrastructure.ObjectResultExecutor|CorrelationId=83232710-4616-4dab-8767-f4897788ee17|Executing ObjectResult, writing value of type 'SmartLoan.Application.Common.PagedResponse`1[[SmartLoan.Application.Customers.CustomerDetailsDto, SmartLoan.Application, Version=1.0.0.0, Culture=neutral, PublicKeyToken=null]]'. 
2026-08-28 22:44:43.9849|Info|Microsoft.AspNetCore.Mvc.Infrastructure.ControllerActionInvoker|CorrelationId=83232710-4616-4dab-8767-f4897788ee17|Executed action SmartLoan.Api.Controllers.CustomersController.GetAll (SmartLoan.Api) in 5.0791ms 
2026-08-28 22:44:43.9849|Info|Microsoft.AspNetCore.Routing.EndpointMiddleware|CorrelationId=83232710-4616-4dab-8767-f4897788ee17|Executed endpoint 'SmartLoan.Api.Controllers.CustomersController.GetAll (SmartLoan.Api)' 
2026-08-28 22:44:43.9849|Info|Microsoft.AspNetCore.Hosting.Diagnostics|CorrelationId=|Request finished HTTP/1.1 GET http://localhost:5176/api/v1/customers?pageNumber=1&pageSize=10&search= - 200 - application/json;+charset=utf-8 6.7396ms 
2026-08-28 22:45:19.2676|Info|Microsoft.AspNetCore.Hosting.Diagnostics|CorrelationId=|Request starting HTTP/1.1 POST http://localhost:5176/api/v1/auth/login - application/json 49 
2026-08-28 22:45:19.2676|Info|Microsoft.AspNetCore.Cors.Infrastructure.CorsService|CorrelationId=ab936d7f-fa9d-44ef-9708-cff5a45cdca4|CORS policy execution failed. 
2026-08-28 22:45:19.2676|Info|Microsoft.AspNetCore.Cors.Infrastructure.CorsService|CorrelationId=ab936d7f-fa9d-44ef-9708-cff5a45cdca4|Request origin http://localhost:4200 does not have permission to access the resource. 
2026-08-28 22:45:19.2789|Info|Microsoft.AspNetCore.Routing.EndpointMiddleware|CorrelationId=ab936d7f-fa9d-44ef-9708-cff5a45cdca4|Executing endpoint 'SmartLoan.Api.Controllers.AuthController.Login (SmartLoan.Api)' 
2026-08-28 22:45:19.2789|Info|Microsoft.AspNetCore.Mvc.Infrastructure.ControllerActionInvoker|CorrelationId=ab936d7f-fa9d-44ef-9708-cff5a45cdca4|Route matched with {action = "Login", controller = "Auth"}. Executing controller action with signature System.Threading.Tasks.Task`1[Microsoft.AspNetCore.Mvc.ActionResult`1[SmartLoan.Application.Users.LoginResponse]] Login(SmartLoan.Application.Users.LoginCommand) on controller SmartLoan.Api.Controllers.AuthController (SmartLoan.Api). 
2026-08-28 22:45:19.3079|Info|SmartLoan.Application.Common.Behaviors.LoggingBehavior|CorrelationId=ab936d7f-fa9d-44ef-9708-cff5a45cdca4|smartloan Request:LoginCommand starting... 
2026-08-28 22:45:19.3551|Info|Microsoft.EntityFrameworkCore.Database.Command|CorrelationId=ab936d7f-fa9d-44ef-9708-cff5a45cdca4|Executed DbCommand (3ms) [Parameters=[@request_Email='?'], CommandType='Text', CommandTimeout='30']
SELECT u."Id", u."Email", u."FullName", u."PasswordHash", u."RefreshToken", u."RefreshTokenExpiryTime", u."Role"
FROM "Users" AS u
WHERE u."Email" = @request_Email
LIMIT 1 
2026-08-28 22:45:19.8392|Info|Microsoft.EntityFrameworkCore.Database.Command|CorrelationId=ab936d7f-fa9d-44ef-9708-cff5a45cdca4|Executed DbCommand (3ms) [Parameters=[@p2='?' (DbType = Int32), @p0='?', @p1='?' (DbType = DateTime)], CommandType='Text', CommandTimeout='30']
UPDATE "Users" SET "RefreshToken" = @p0, "RefreshTokenExpiryTime" = @p1
WHERE "Id" = @p2; 
2026-08-28 22:45:19.8468|Info|SmartLoan.Application.Common.Behaviors.LoggingBehavior|CorrelationId=ab936d7f-fa9d-44ef-9708-cff5a45cdca4|Smarloan Request:LoginCommand finished in 539ms 
2026-08-28 22:45:19.8468|Info|Microsoft.AspNetCore.Mvc.Infrastructure.ObjectResultExecutor|CorrelationId=ab936d7f-fa9d-44ef-9708-cff5a45cdca4|Executing OkObjectResult, writing value of type 'SmartLoan.Application.Users.LoginResponse'. 
2026-08-28 22:45:19.8468|Info|Microsoft.AspNetCore.Mvc.Infrastructure.ControllerActionInvoker|CorrelationId=ab936d7f-fa9d-44ef-9708-cff5a45cdca4|Executed action SmartLoan.Api.Controllers.AuthController.Login (SmartLoan.Api) in 558.7926ms 
2026-08-28 22:45:19.8468|Info|Microsoft.AspNetCore.Routing.EndpointMiddleware|CorrelationId=ab936d7f-fa9d-44ef-9708-cff5a45cdca4|Executed endpoint 'SmartLoan.Api.Controllers.AuthController.Login (SmartLoan.Api)' 
2026-08-28 22:45:19.8468|Info|Microsoft.AspNetCore.Hosting.Diagnostics|CorrelationId=|Request finished HTTP/1.1 POST http://localhost:5176/api/v1/auth/login - 200 - application/json;+charset=utf-8 582.3054ms 
2026-08-28 23:15:13.1239|Info|Microsoft.AspNetCore.Hosting.Diagnostics|CorrelationId=|Request starting HTTP/1.1 GET http://localhost:5176/api/v1/customers?pageNumber=1&pageSize=10&search= - - - 
2026-08-28 23:15:13.1239|Info|Microsoft.AspNetCore.Routing.EndpointMiddleware|CorrelationId=540be163-1d70-4e13-8726-7bdb8ab0a397|Executing endpoint 'SmartLoan.Api.Controllers.CustomersController.GetAll (SmartLoan.Api)' 
2026-08-28 23:15:13.1239|Info|Microsoft.AspNetCore.Mvc.Infrastructure.ControllerActionInvoker|CorrelationId=540be163-1d70-4e13-8726-7bdb8ab0a397|Route matched with {action = "GetAll", controller = "Customers"}. Executing controller action with signature System.Threading.Tasks.Task`1[Microsoft.AspNetCore.Mvc.ActionResult`1[SmartLoan.Application.Common.PagedResponse`1[SmartLoan.Application.Customers.CustomerDetailsDto]]] GetAll(SmartLoan.Application.Common.PagedRequest) on controller SmartLoan.Api.Controllers.CustomersController (SmartLoan.Api). 
2026-08-28 23:15:13.1239|Info|SmartLoan.Application.Common.Behaviors.LoggingBehavior|CorrelationId=540be163-1d70-4e13-8726-7bdb8ab0a397|smartloan Request:GetCustomersQuery starting... 
2026-08-28 23:15:13.1911|Info|Microsoft.EntityFrameworkCore.Database.Command|CorrelationId=540be163-1d70-4e13-8726-7bdb8ab0a397|Executed DbCommand (3ms) [Parameters=[], CommandType='Text', CommandTimeout='30']
SELECT count(*)::int
FROM "Customers" AS c
WHERE NOT (c."IsDeleted") 
2026-08-28 23:15:13.1911|Info|Microsoft.EntityFrameworkCore.Database.Command|CorrelationId=540be163-1d70-4e13-8726-7bdb8ab0a397|Executed DbCommand (1ms) [Parameters=[@p1='?' (DbType = Int32), @p='?' (DbType = Int32)], CommandType='Text', CommandTimeout='30']
SELECT c."Id", c."FullName", c."Phone", c."Address"
FROM "Customers" AS c
WHERE NOT (c."IsDeleted")
ORDER BY c."FullName"
LIMIT @p1 OFFSET @p 
2026-08-28 23:15:13.1911|Info|SmartLoan.Application.Common.Behaviors.LoggingBehavior|CorrelationId=540be163-1d70-4e13-8726-7bdb8ab0a397|Smarloan Request:GetCustomersQuery finished in 67ms 
2026-08-28 23:15:13.1911|Info|Microsoft.AspNetCore.Mvc.Infrastructure.ObjectResultExecutor|CorrelationId=540be163-1d70-4e13-8726-7bdb8ab0a397|Executing ObjectResult, writing value of type 'SmartLoan.Application.Common.PagedResponse`1[[SmartLoan.Application.Customers.CustomerDetailsDto, SmartLoan.Application, Version=1.0.0.0, Culture=neutral, PublicKeyToken=null]]'. 
2026-08-28 23:15:13.1911|Info|Microsoft.AspNetCore.Mvc.Infrastructure.ControllerActionInvoker|CorrelationId=540be163-1d70-4e13-8726-7bdb8ab0a397|Executed action SmartLoan.Api.Controllers.CustomersController.GetAll (SmartLoan.Api) in 68.5016ms 
2026-08-28 23:15:13.1911|Info|Microsoft.AspNetCore.Routing.EndpointMiddleware|CorrelationId=540be163-1d70-4e13-8726-7bdb8ab0a397|Executed endpoint 'SmartLoan.Api.Controllers.CustomersController.GetAll (SmartLoan.Api)' 
2026-08-28 23:15:13.1911|Info|Microsoft.AspNetCore.Hosting.Diagnostics|CorrelationId=|Request finished HTTP/1.1 GET http://localhost:5176/api/v1/customers?pageNumber=1&pageSize=10&search= - 200 - application/json;+charset=utf-8 69.9043ms 
2026-08-28 23:15:17.3249|Info|Microsoft.AspNetCore.Hosting.Diagnostics|CorrelationId=|Request starting HTTP/1.1 GET http://localhost:5176/api/v1/customers?pageNumber=1&pageSize=10&search= - - - 
2026-08-28 23:15:17.3270|Info|Microsoft.AspNetCore.Routing.EndpointMiddleware|CorrelationId=b3aee448-c047-4821-9788-92ffa0ccdd01|Executing endpoint 'SmartLoan.Api.Controllers.CustomersController.GetAll (SmartLoan.Api)' 
2026-08-28 23:15:17.3270|Info|Microsoft.AspNetCore.Mvc.Infrastructure.ControllerActionInvoker|CorrelationId=b3aee448-c047-4821-9788-92ffa0ccdd01|Route matched with {action = "GetAll", controller = "Customers"}. Executing controller action with signature System.Threading.Tasks.Task`1[Microsoft.AspNetCore.Mvc.ActionResult`1[SmartLoan.Application.Common.PagedResponse`1[SmartLoan.Application.Customers.CustomerDetailsDto]]] GetAll(SmartLoan.Application.Common.PagedRequest) on controller SmartLoan.Api.Controllers.CustomersController (SmartLoan.Api). 
2026-08-28 23:15:17.3270|Info|SmartLoan.Application.Common.Behaviors.LoggingBehavior|CorrelationId=b3aee448-c047-4821-9788-92ffa0ccdd01|smartloan Request:GetCustomersQuery starting... 
2026-08-28 23:15:17.3270|Info|Microsoft.EntityFrameworkCore.Database.Command|CorrelationId=b3aee448-c047-4821-9788-92ffa0ccdd01|Executed DbCommand (1ms) [Parameters=[], CommandType='Text', CommandTimeout='30']
SELECT count(*)::int
FROM "Customers" AS c
WHERE NOT (c."IsDeleted") 
2026-08-28 23:15:17.3270|Info|Microsoft.EntityFrameworkCore.Database.Command|CorrelationId=b3aee448-c047-4821-9788-92ffa0ccdd01|Executed DbCommand (1ms) [Parameters=[@p1='?' (DbType = Int32), @p='?' (DbType = Int32)], CommandType='Text', CommandTimeout='30']
SELECT c."Id", c."FullName", c."Phone", c."Address"
FROM "Customers" AS c
WHERE NOT (c."IsDeleted")
ORDER BY c."FullName"
LIMIT @p1 OFFSET @p 
2026-08-28 23:15:17.3270|Info|SmartLoan.Application.Common.Behaviors.LoggingBehavior|CorrelationId=b3aee448-c047-4821-9788-92ffa0ccdd01|Smarloan Request:GetCustomersQuery finished in 4ms 
2026-08-28 23:15:17.3270|Info|Microsoft.AspNetCore.Mvc.Infrastructure.ObjectResultExecutor|CorrelationId=b3aee448-c047-4821-9788-92ffa0ccdd01|Executing ObjectResult, writing value of type 'SmartLoan.Application.Common.PagedResponse`1[[SmartLoan.Application.Customers.CustomerDetailsDto, SmartLoan.Application, Version=1.0.0.0, Culture=neutral, PublicKeyToken=null]]'. 
2026-08-28 23:15:17.3270|Info|Microsoft.AspNetCore.Mvc.Infrastructure.ControllerActionInvoker|CorrelationId=b3aee448-c047-4821-9788-92ffa0ccdd01|Executed action SmartLoan.Api.Controllers.CustomersController.GetAll (SmartLoan.Api) in 5.6127ms 
2026-08-28 23:15:17.3270|Info|Microsoft.AspNetCore.Routing.EndpointMiddleware|CorrelationId=b3aee448-c047-4821-9788-92ffa0ccdd01|Executed endpoint 'SmartLoan.Api.Controllers.CustomersController.GetAll (SmartLoan.Api)' 
2026-08-28 23:15:17.3270|Info|Microsoft.AspNetCore.Hosting.Diagnostics|CorrelationId=|Request finished HTTP/1.1 GET http://localhost:5176/api/v1/customers?pageNumber=1&pageSize=10&search= - 200 - application/json;+charset=utf-8 8.5827ms 
2026-08-28 23:15:18.2314|Info|Microsoft.AspNetCore.Hosting.Diagnostics|CorrelationId=|Request starting HTTP/1.1 GET http://localhost:5176/api/v1/customers?pageNumber=1&pageSize=10&search= - - - 
2026-08-28 23:15:18.2318|Info|Microsoft.AspNetCore.Routing.EndpointMiddleware|CorrelationId=200083eb-2de3-49db-b75f-88a01948e2b3|Executing endpoint 'SmartLoan.Api.Controllers.CustomersController.GetAll (SmartLoan.Api)' 
2026-08-28 23:15:18.2318|Info|Microsoft.AspNetCore.Mvc.Infrastructure.ControllerActionInvoker|CorrelationId=200083eb-2de3-49db-b75f-88a01948e2b3|Route matched with {action = "GetAll", controller = "Customers"}. Executing controller action with signature System.Threading.Tasks.Task`1[Microsoft.AspNetCore.Mvc.ActionResult`1[SmartLoan.Application.Common.PagedResponse`1[SmartLoan.Application.Customers.CustomerDetailsDto]]] GetAll(SmartLoan.Application.Common.PagedRequest) on controller SmartLoan.Api.Controllers.CustomersController (SmartLoan.Api). 
2026-08-28 23:15:18.2318|Info|SmartLoan.Application.Common.Behaviors.LoggingBehavior|CorrelationId=200083eb-2de3-49db-b75f-88a01948e2b3|smartloan Request:GetCustomersQuery starting... 
2026-08-28 23:15:18.2318|Info|Microsoft.EntityFrameworkCore.Database.Command|CorrelationId=200083eb-2de3-49db-b75f-88a01948e2b3|Executed DbCommand (1ms) [Parameters=[], CommandType='Text', CommandTimeout='30']
SELECT count(*)::int
FROM "Customers" AS c
WHERE NOT (c."IsDeleted") 
2026-08-28 23:15:18.2318|Info|Microsoft.EntityFrameworkCore.Database.Command|CorrelationId=200083eb-2de3-49db-b75f-88a01948e2b3|Executed DbCommand (1ms) [Parameters=[@p1='?' (DbType = Int32), @p='?' (DbType = Int32)], CommandType='Text', CommandTimeout='30']
SELECT c."Id", c."FullName", c."Phone", c."Address"
FROM "Customers" AS c
WHERE NOT (c."IsDeleted")
ORDER BY c."FullName"
LIMIT @p1 OFFSET @p 
2026-08-28 23:15:18.2318|Info|SmartLoan.Application.Common.Behaviors.LoggingBehavior|CorrelationId=200083eb-2de3-49db-b75f-88a01948e2b3|Smarloan Request:GetCustomersQuery finished in 3ms 
2026-08-28 23:15:18.2318|Info|Microsoft.AspNetCore.Mvc.Infrastructure.ObjectResultExecutor|CorrelationId=200083eb-2de3-49db-b75f-88a01948e2b3|Executing ObjectResult, writing value of type 'SmartLoan.Application.Common.PagedResponse`1[[SmartLoan.Application.Customers.CustomerDetailsDto, SmartLoan.Application, Version=1.0.0.0, Culture=neutral, PublicKeyToken=null]]'. 
2026-08-28 23:15:18.2318|Info|Microsoft.AspNetCore.Mvc.Infrastructure.ControllerActionInvoker|CorrelationId=200083eb-2de3-49db-b75f-88a01948e2b3|Executed action SmartLoan.Api.Controllers.CustomersController.GetAll (SmartLoan.Api) in 4.6991ms 
2026-08-28 23:15:18.2318|Info|Microsoft.AspNetCore.Routing.EndpointMiddleware|CorrelationId=200083eb-2de3-49db-b75f-88a01948e2b3|Executed endpoint 'SmartLoan.Api.Controllers.CustomersController.GetAll (SmartLoan.Api)' 
2026-08-28 23:15:18.2318|Info|Microsoft.AspNetCore.Hosting.Diagnostics|CorrelationId=|Request finished HTTP/1.1 GET http://localhost:5176/api/v1/customers?pageNumber=1&pageSize=10&search= - 200 - application/json;+charset=utf-8 5.9700ms 
2026-08-28 23:15:25.2849|Info|Microsoft.AspNetCore.Hosting.Diagnostics|CorrelationId=|Request starting HTTP/1.1 GET http://localhost:5176/api/v1/customers?pageNumber=1&pageSize=10&search= - - - 
2026-08-28 23:15:25.2849|Info|Microsoft.AspNetCore.Routing.EndpointMiddleware|CorrelationId=18dcc9e9-1900-4f81-b388-e72c7356616b|Executing endpoint 'SmartLoan.Api.Controllers.CustomersController.GetAll (SmartLoan.Api)' 
2026-08-28 23:15:25.2849|Info|Microsoft.AspNetCore.Mvc.Infrastructure.ControllerActionInvoker|CorrelationId=18dcc9e9-1900-4f81-b388-e72c7356616b|Route matched with {action = "GetAll", controller = "Customers"}. Executing controller action with signature System.Threading.Tasks.Task`1[Microsoft.AspNetCore.Mvc.ActionResult`1[SmartLoan.Application.Common.PagedResponse`1[SmartLoan.Application.Customers.CustomerDetailsDto]]] GetAll(SmartLoan.Application.Common.PagedRequest) on controller SmartLoan.Api.Controllers.CustomersController (SmartLoan.Api). 
2026-08-28 23:15:25.2849|Info|SmartLoan.Application.Common.Behaviors.LoggingBehavior|CorrelationId=18dcc9e9-1900-4f81-b388-e72c7356616b|smartloan Request:GetCustomersQuery starting... 
2026-08-28 23:15:25.2849|Info|Microsoft.EntityFrameworkCore.Database.Command|CorrelationId=18dcc9e9-1900-4f81-b388-e72c7356616b|Executed DbCommand (1ms) [Parameters=[], CommandType='Text', CommandTimeout='30']
SELECT count(*)::int
FROM "Customers" AS c
WHERE NOT (c."IsDeleted") 
2026-08-28 23:15:25.2849|Info|Microsoft.EntityFrameworkCore.Database.Command|CorrelationId=18dcc9e9-1900-4f81-b388-e72c7356616b|Executed DbCommand (1ms) [Parameters=[@p1='?' (DbType = Int32), @p='?' (DbType = Int32)], CommandType='Text', CommandTimeout='30']
SELECT c."Id", c."FullName", c."Phone", c."Address"
FROM "Customers" AS c
WHERE NOT (c."IsDeleted")
ORDER BY c."FullName"
LIMIT @p1 OFFSET @p 
2026-08-28 23:15:25.2849|Info|SmartLoan.Application.Common.Behaviors.LoggingBehavior|CorrelationId=18dcc9e9-1900-4f81-b388-e72c7356616b|Smarloan Request:GetCustomersQuery finished in 4ms 
2026-08-28 23:15:25.2849|Info|Microsoft.AspNetCore.Mvc.Infrastructure.ObjectResultExecutor|CorrelationId=18dcc9e9-1900-4f81-b388-e72c7356616b|Executing ObjectResult, writing value of type 'SmartLoan.Application.Common.PagedResponse`1[[SmartLoan.Application.Customers.CustomerDetailsDto, SmartLoan.Application, Version=1.0.0.0, Culture=neutral, PublicKeyToken=null]]'. 
2026-08-28 23:15:25.2849|Info|Microsoft.AspNetCore.Mvc.Infrastructure.ControllerActionInvoker|CorrelationId=18dcc9e9-1900-4f81-b388-e72c7356616b|Executed action SmartLoan.Api.Controllers.CustomersController.GetAll (SmartLoan.Api) in 6.0862ms 
2026-08-28 23:15:25.2849|Info|Microsoft.AspNetCore.Routing.EndpointMiddleware|CorrelationId=18dcc9e9-1900-4f81-b388-e72c7356616b|Executed endpoint 'SmartLoan.Api.Controllers.CustomersController.GetAll (SmartLoan.Api)' 
2026-08-28 23:15:25.2849|Info|Microsoft.AspNetCore.Hosting.Diagnostics|CorrelationId=|Request finished HTTP/1.1 GET http://localhost:5176/api/v1/customers?pageNumber=1&pageSize=10&search= - 200 - application/json;+charset=utf-8 8.6839ms 
2026-08-28 23:16:48.8104|Info|Microsoft.AspNetCore.Hosting.Diagnostics|CorrelationId=|Request starting HTTP/1.1 POST http://localhost:5176/api/v1/Customers - application/json 61 
2026-08-28 23:16:48.8104|Info|Microsoft.AspNetCore.Cors.Infrastructure.CorsService|CorrelationId=d2246a6f-3146-448a-80f1-a9b0bd96a4b3|CORS policy execution failed. 
2026-08-28 23:16:48.8104|Info|Microsoft.AspNetCore.Cors.Infrastructure.CorsService|CorrelationId=d2246a6f-3146-448a-80f1-a9b0bd96a4b3|Request origin http://localhost:4200 does not have permission to access the resource. 
2026-08-28 23:16:48.8104|Info|Microsoft.AspNetCore.Routing.EndpointMiddleware|CorrelationId=d2246a6f-3146-448a-80f1-a9b0bd96a4b3|Executing endpoint 'SmartLoan.Api.Controllers.CustomersController.Create (SmartLoan.Api)' 
2026-08-28 23:16:48.8278|Info|Microsoft.AspNetCore.Mvc.Infrastructure.ControllerActionInvoker|CorrelationId=d2246a6f-3146-448a-80f1-a9b0bd96a4b3|Route matched with {action = "Create", controller = "Customers"}. Executing controller action with signature System.Threading.Tasks.Task`1[Microsoft.AspNetCore.Mvc.IActionResult] Create(SmartLoan.Application.Customers.Commands.CreateCustomer.CreateCustomerCommand) on controller SmartLoan.Api.Controllers.CustomersController (SmartLoan.Api). 
2026-08-28 23:16:48.8278|Info|SmartLoan.Application.Common.Behaviors.LoggingBehavior|CorrelationId=d2246a6f-3146-448a-80f1-a9b0bd96a4b3|smartloan Request:CreateCustomerCommand starting... 
2026-08-28 23:16:48.9087|Info|Microsoft.EntityFrameworkCore.Database.Command|CorrelationId=d2246a6f-3146-448a-80f1-a9b0bd96a4b3|Executed DbCommand (13ms) [Parameters=[@p0='?', @p1='?', @p2='?' (DbType = Boolean), @p3='?'], CommandType='Text', CommandTimeout='30']
INSERT INTO "Customers" ("Address", "FullName", "IsDeleted", "Phone")
VALUES (@p0, @p1, @p2, @p3)
RETURNING "Id"; 
2026-08-28 23:16:48.9087|Info|SmartLoan.Application.Common.Behaviors.LoggingBehavior|CorrelationId=d2246a6f-3146-448a-80f1-a9b0bd96a4b3|Smarloan Request:CreateCustomerCommand finished in 83ms 
2026-08-28 23:16:48.9221|Info|Microsoft.AspNetCore.Mvc.Infrastructure.ObjectResultExecutor|CorrelationId=d2246a6f-3146-448a-80f1-a9b0bd96a4b3|Executing CreatedAtActionResult, writing value of type 'System.Int32'. 
2026-08-28 23:16:48.9436|Info|Microsoft.AspNetCore.Mvc.Infrastructure.ControllerActionInvoker|CorrelationId=d2246a6f-3146-448a-80f1-a9b0bd96a4b3|Executed action SmartLoan.Api.Controllers.CustomersController.Create (SmartLoan.Api) in 115.4901ms 
2026-08-28 23:16:48.9436|Info|Microsoft.AspNetCore.Routing.EndpointMiddleware|CorrelationId=d2246a6f-3146-448a-80f1-a9b0bd96a4b3|Executed endpoint 'SmartLoan.Api.Controllers.CustomersController.Create (SmartLoan.Api)' 
2026-08-28 23:16:48.9436|Info|Microsoft.AspNetCore.Hosting.Diagnostics|CorrelationId=|Request finished HTTP/1.1 POST http://localhost:5176/api/v1/Customers - 201 - application/json;+charset=utf-8 133.5009ms 
2026-08-28 23:16:48.9693|Info|Microsoft.AspNetCore.Hosting.Diagnostics|CorrelationId=|Request starting HTTP/1.1 GET http://localhost:5176/api/v1/customers?pageNumber=1&pageSize=10&search= - - - 
2026-08-28 23:16:48.9693|Info|Microsoft.AspNetCore.Routing.EndpointMiddleware|CorrelationId=fb891bd2-9e1d-48a7-9c9f-ffc9cc60df7c|Executing endpoint 'SmartLoan.Api.Controllers.CustomersController.GetAll (SmartLoan.Api)' 
2026-08-28 23:16:48.9693|Info|Microsoft.AspNetCore.Mvc.Infrastructure.ControllerActionInvoker|CorrelationId=fb891bd2-9e1d-48a7-9c9f-ffc9cc60df7c|Route matched with {action = "GetAll", controller = "Customers"}. Executing controller action with signature System.Threading.Tasks.Task`1[Microsoft.AspNetCore.Mvc.ActionResult`1[SmartLoan.Application.Common.PagedResponse`1[SmartLoan.Application.Customers.CustomerDetailsDto]]] GetAll(SmartLoan.Application.Common.PagedRequest) on controller SmartLoan.Api.Controllers.CustomersController (SmartLoan.Api). 
2026-08-28 23:16:48.9693|Info|SmartLoan.Application.Common.Behaviors.LoggingBehavior|CorrelationId=fb891bd2-9e1d-48a7-9c9f-ffc9cc60df7c|smartloan Request:GetCustomersQuery starting... 
2026-08-28 23:16:48.9693|Info|Microsoft.EntityFrameworkCore.Database.Command|CorrelationId=fb891bd2-9e1d-48a7-9c9f-ffc9cc60df7c|Executed DbCommand (1ms) [Parameters=[], CommandType='Text', CommandTimeout='30']
SELECT count(*)::int
FROM "Customers" AS c
WHERE NOT (c."IsDeleted") 
2026-08-28 23:16:48.9693|Info|Microsoft.EntityFrameworkCore.Database.Command|CorrelationId=fb891bd2-9e1d-48a7-9c9f-ffc9cc60df7c|Executed DbCommand (1ms) [Parameters=[@p1='?' (DbType = Int32), @p='?' (DbType = Int32)], CommandType='Text', CommandTimeout='30']
SELECT c."Id", c."FullName", c."Phone", c."Address"
FROM "Customers" AS c
WHERE NOT (c."IsDeleted")
ORDER BY c."FullName"
LIMIT @p1 OFFSET @p 
2026-08-28 23:16:48.9693|Info|SmartLoan.Application.Common.Behaviors.LoggingBehavior|CorrelationId=fb891bd2-9e1d-48a7-9c9f-ffc9cc60df7c|Smarloan Request:GetCustomersQuery finished in 4ms 
2026-08-28 23:16:48.9693|Info|Microsoft.AspNetCore.Mvc.Infrastructure.ObjectResultExecutor|CorrelationId=fb891bd2-9e1d-48a7-9c9f-ffc9cc60df7c|Executing ObjectResult, writing value of type 'SmartLoan.Application.Common.PagedResponse`1[[SmartLoan.Application.Customers.CustomerDetailsDto, SmartLoan.Application, Version=1.0.0.0, Culture=neutral, PublicKeyToken=null]]'. 
2026-08-28 23:16:48.9693|Info|Microsoft.AspNetCore.Mvc.Infrastructure.ControllerActionInvoker|CorrelationId=fb891bd2-9e1d-48a7-9c9f-ffc9cc60df7c|Executed action SmartLoan.Api.Controllers.CustomersController.GetAll (SmartLoan.Api) in 5.9122ms 
2026-08-28 23:16:48.9693|Info|Microsoft.AspNetCore.Routing.EndpointMiddleware|CorrelationId=fb891bd2-9e1d-48a7-9c9f-ffc9cc60df7c|Executed endpoint 'SmartLoan.Api.Controllers.CustomersController.GetAll (SmartLoan.Api)' 
2026-08-28 23:16:48.9693|Info|Microsoft.AspNetCore.Hosting.Diagnostics|CorrelationId=|Request finished HTTP/1.1 GET http://localhost:5176/api/v1/customers?pageNumber=1&pageSize=10&search= - 200 - application/json;+charset=utf-8 7.5270ms 
2026-08-28 23:17:50.4356|Info|Microsoft.AspNetCore.Hosting.Diagnostics|CorrelationId=|Request starting HTTP/1.1 POST http://localhost:5176/api/v1/auth/login - application/json 49 
2026-08-28 23:17:50.4356|Info|Microsoft.AspNetCore.Cors.Infrastructure.CorsService|CorrelationId=e6f1988d-3580-4296-9420-63a320e110a8|CORS policy execution failed. 
2026-08-28 23:17:50.4356|Info|Microsoft.AspNetCore.Cors.Infrastructure.CorsService|CorrelationId=e6f1988d-3580-4296-9420-63a320e110a8|Request origin http://localhost:4200 does not have permission to access the resource. 
2026-08-28 23:17:50.4356|Info|Microsoft.AspNetCore.Routing.EndpointMiddleware|CorrelationId=e6f1988d-3580-4296-9420-63a320e110a8|Executing endpoint 'SmartLoan.Api.Controllers.AuthController.Login (SmartLoan.Api)' 
2026-08-28 23:17:50.4356|Info|Microsoft.AspNetCore.Mvc.Infrastructure.ControllerActionInvoker|CorrelationId=e6f1988d-3580-4296-9420-63a320e110a8|Route matched with {action = "Login", controller = "Auth"}. Executing controller action with signature System.Threading.Tasks.Task`1[Microsoft.AspNetCore.Mvc.ActionResult`1[SmartLoan.Application.Users.LoginResponse]] Login(SmartLoan.Application.Users.LoginCommand) on controller SmartLoan.Api.Controllers.AuthController (SmartLoan.Api). 
2026-08-28 23:17:50.4356|Info|SmartLoan.Application.Common.Behaviors.LoggingBehavior|CorrelationId=e6f1988d-3580-4296-9420-63a320e110a8|smartloan Request:LoginCommand starting... 
2026-08-28 23:17:50.4356|Info|Microsoft.EntityFrameworkCore.Database.Command|CorrelationId=e6f1988d-3580-4296-9420-63a320e110a8|Executed DbCommand (4ms) [Parameters=[@request_Email='?'], CommandType='Text', CommandTimeout='30']
SELECT u."Id", u."Email", u."FullName", u."PasswordHash", u."RefreshToken", u."RefreshTokenExpiryTime", u."Role"
FROM "Users" AS u
WHERE u."Email" = @request_Email
LIMIT 1 
2026-08-28 23:17:50.9218|Info|Microsoft.EntityFrameworkCore.Database.Command|CorrelationId=e6f1988d-3580-4296-9420-63a320e110a8|Executed DbCommand (5ms) [Parameters=[@p2='?' (DbType = Int32), @p0='?', @p1='?' (DbType = DateTime)], CommandType='Text', CommandTimeout='30']
UPDATE "Users" SET "RefreshToken" = @p0, "RefreshTokenExpiryTime" = @p1
WHERE "Id" = @p2; 
2026-08-28 23:17:50.9218|Info|SmartLoan.Application.Common.Behaviors.LoggingBehavior|CorrelationId=e6f1988d-3580-4296-9420-63a320e110a8|Smarloan Request:LoginCommand finished in 482ms 
2026-08-28 23:17:50.9218|Info|Microsoft.AspNetCore.Mvc.Infrastructure.ObjectResultExecutor|CorrelationId=e6f1988d-3580-4296-9420-63a320e110a8|Executing OkObjectResult, writing value of type 'SmartLoan.Application.Users.LoginResponse'. 
2026-08-28 23:17:50.9218|Info|Microsoft.AspNetCore.Mvc.Infrastructure.ControllerActionInvoker|CorrelationId=e6f1988d-3580-4296-9420-63a320e110a8|Executed action SmartLoan.Api.Controllers.AuthController.Login (SmartLoan.Api) in 483.9968ms 
2026-08-28 23:17:50.9218|Info|Microsoft.AspNetCore.Routing.EndpointMiddleware|CorrelationId=e6f1988d-3580-4296-9420-63a320e110a8|Executed endpoint 'SmartLoan.Api.Controllers.AuthController.Login (SmartLoan.Api)' 
2026-08-28 23:17:50.9218|Info|Microsoft.AspNetCore.Hosting.Diagnostics|CorrelationId=|Request finished HTTP/1.1 POST http://localhost:5176/api/v1/auth/login - 200 - application/json;+charset=utf-8 487.8522ms 
2026-08-28 23:17:53.1433|Info|Microsoft.AspNetCore.Hosting.Diagnostics|CorrelationId=|Request starting HTTP/1.1 GET http://localhost:5176/api/v1/customers?pageNumber=1&pageSize=10&search= - - - 
2026-08-28 23:17:53.1433|Info|Microsoft.AspNetCore.Routing.EndpointMiddleware|CorrelationId=827c0801-939d-42ff-b521-ded55355d5e5|Executing endpoint 'SmartLoan.Api.Controllers.CustomersController.GetAll (SmartLoan.Api)' 
2026-08-28 23:17:53.1433|Info|Microsoft.AspNetCore.Mvc.Infrastructure.ControllerActionInvoker|CorrelationId=827c0801-939d-42ff-b521-ded55355d5e5|Route matched with {action = "GetAll", controller = "Customers"}. Executing controller action with signature System.Threading.Tasks.Task`1[Microsoft.AspNetCore.Mvc.ActionResult`1[SmartLoan.Application.Common.PagedResponse`1[SmartLoan.Application.Customers.CustomerDetailsDto]]] GetAll(SmartLoan.Application.Common.PagedRequest) on controller SmartLoan.Api.Controllers.CustomersController (SmartLoan.Api). 
2026-08-28 23:17:53.1433|Info|SmartLoan.Application.Common.Behaviors.LoggingBehavior|CorrelationId=827c0801-939d-42ff-b521-ded55355d5e5|smartloan Request:GetCustomersQuery starting... 
2026-08-28 23:17:53.1433|Info|Microsoft.EntityFrameworkCore.Database.Command|CorrelationId=827c0801-939d-42ff-b521-ded55355d5e5|Executed DbCommand (1ms) [Parameters=[], CommandType='Text', CommandTimeout='30']
SELECT count(*)::int
FROM "Customers" AS c
WHERE NOT (c."IsDeleted") 
2026-08-28 23:17:53.1433|Info|Microsoft.EntityFrameworkCore.Database.Command|CorrelationId=827c0801-939d-42ff-b521-ded55355d5e5|Executed DbCommand (0ms) [Parameters=[@p1='?' (DbType = Int32), @p='?' (DbType = Int32)], CommandType='Text', CommandTimeout='30']
SELECT c."Id", c."FullName", c."Phone", c."Address"
FROM "Customers" AS c
WHERE NOT (c."IsDeleted")
ORDER BY c."FullName"
LIMIT @p1 OFFSET @p 
2026-08-28 23:17:53.1433|Info|SmartLoan.Application.Common.Behaviors.LoggingBehavior|CorrelationId=827c0801-939d-42ff-b521-ded55355d5e5|Smarloan Request:GetCustomersQuery finished in 3ms 
2026-08-28 23:17:53.1433|Info|Microsoft.AspNetCore.Mvc.Infrastructure.ObjectResultExecutor|CorrelationId=827c0801-939d-42ff-b521-ded55355d5e5|Executing ObjectResult, writing value of type 'SmartLoan.Application.Common.PagedResponse`1[[SmartLoan.Application.Customers.CustomerDetailsDto, SmartLoan.Application, Version=1.0.0.0, Culture=neutral, PublicKeyToken=null]]'. 
2026-08-28 23:17:53.1433|Info|Microsoft.AspNetCore.Mvc.Infrastructure.ControllerActionInvoker|CorrelationId=827c0801-939d-42ff-b521-ded55355d5e5|Executed action SmartLoan.Api.Controllers.CustomersController.GetAll (SmartLoan.Api) in 4.4493ms 
2026-08-28 23:17:53.1433|Info|Microsoft.AspNetCore.Routing.EndpointMiddleware|CorrelationId=827c0801-939d-42ff-b521-ded55355d5e5|Executed endpoint 'SmartLoan.Api.Controllers.CustomersController.GetAll (SmartLoan.Api)' 
2026-08-28 23:17:53.1433|Info|Microsoft.AspNetCore.Hosting.Diagnostics|CorrelationId=|Request finished HTTP/1.1 GET http://localhost:5176/api/v1/customers?pageNumber=1&pageSize=10&search= - 200 - application/json;+charset=utf-8 5.5497ms 
2026-08-28 23:19:12.1948|Info|Microsoft.AspNetCore.Hosting.Diagnostics|CorrelationId=|Request starting HTTP/1.1 GET http://localhost:5176/api/v1/customers?pageNumber=1&pageSize=10&search= - - - 
2026-08-28 23:19:12.1948|Info|Microsoft.AspNetCore.Routing.EndpointMiddleware|CorrelationId=54497135-ac88-4da0-8cf7-e0be202e594d|Executing endpoint 'SmartLoan.Api.Controllers.CustomersController.GetAll (SmartLoan.Api)' 
2026-08-28 23:19:12.1948|Info|Microsoft.AspNetCore.Mvc.Infrastructure.ControllerActionInvoker|CorrelationId=54497135-ac88-4da0-8cf7-e0be202e594d|Route matched with {action = "GetAll", controller = "Customers"}. Executing controller action with signature System.Threading.Tasks.Task`1[Microsoft.AspNetCore.Mvc.ActionResult`1[SmartLoan.Application.Common.PagedResponse`1[SmartLoan.Application.Customers.CustomerDetailsDto]]] GetAll(SmartLoan.Application.Common.PagedRequest) on controller SmartLoan.Api.Controllers.CustomersController (SmartLoan.Api). 
2026-08-28 23:19:12.1948|Info|SmartLoan.Application.Common.Behaviors.LoggingBehavior|CorrelationId=54497135-ac88-4da0-8cf7-e0be202e594d|smartloan Request:GetCustomersQuery starting... 
2026-08-28 23:19:12.1948|Info|Microsoft.EntityFrameworkCore.Database.Command|CorrelationId=54497135-ac88-4da0-8cf7-e0be202e594d|Executed DbCommand (1ms) [Parameters=[], CommandType='Text', CommandTimeout='30']
SELECT count(*)::int
FROM "Customers" AS c
WHERE NOT (c."IsDeleted") 
2026-08-28 23:19:12.1948|Info|Microsoft.EntityFrameworkCore.Database.Command|CorrelationId=54497135-ac88-4da0-8cf7-e0be202e594d|Executed DbCommand (1ms) [Parameters=[@p1='?' (DbType = Int32), @p='?' (DbType = Int32)], CommandType='Text', CommandTimeout='30']
SELECT c."Id", c."FullName", c."Phone", c."Address"
FROM "Customers" AS c
WHERE NOT (c."IsDeleted")
ORDER BY c."FullName"
LIMIT @p1 OFFSET @p 
2026-08-28 23:19:12.1948|Info|SmartLoan.Application.Common.Behaviors.LoggingBehavior|CorrelationId=54497135-ac88-4da0-8cf7-e0be202e594d|Smarloan Request:GetCustomersQuery finished in 4ms 
2026-08-28 23:19:12.1948|Info|Microsoft.AspNetCore.Mvc.Infrastructure.ObjectResultExecutor|CorrelationId=54497135-ac88-4da0-8cf7-e0be202e594d|Executing ObjectResult, writing value of type 'SmartLoan.Application.Common.PagedResponse`1[[SmartLoan.Application.Customers.CustomerDetailsDto, SmartLoan.Application, Version=1.0.0.0, Culture=neutral, PublicKeyToken=null]]'. 
2026-08-28 23:19:12.2011|Info|Microsoft.AspNetCore.Mvc.Infrastructure.ControllerActionInvoker|CorrelationId=54497135-ac88-4da0-8cf7-e0be202e594d|Executed action SmartLoan.Api.Controllers.CustomersController.GetAll (SmartLoan.Api) in 5.229ms 
2026-08-28 23:19:12.2011|Info|Microsoft.AspNetCore.Routing.EndpointMiddleware|CorrelationId=54497135-ac88-4da0-8cf7-e0be202e594d|Executed endpoint 'SmartLoan.Api.Controllers.CustomersController.GetAll (SmartLoan.Api)' 
2026-08-28 23:19:12.2011|Info|Microsoft.AspNetCore.Hosting.Diagnostics|CorrelationId=|Request finished HTTP/1.1 GET http://localhost:5176/api/v1/customers?pageNumber=1&pageSize=10&search= - 200 - application/json;+charset=utf-8 8.3603ms 
2026-08-28 23:19:13.3132|Info|Microsoft.AspNetCore.Hosting.Diagnostics|CorrelationId=|Request starting HTTP/1.1 GET http://localhost:5176/api/v1/customers?pageNumber=1&pageSize=10&search= - - - 
2026-08-28 23:19:13.3132|Info|Microsoft.AspNetCore.Routing.EndpointMiddleware|CorrelationId=5ed374d3-cda2-424a-968f-2e574c471dbd|Executing endpoint 'SmartLoan.Api.Controllers.CustomersController.GetAll (SmartLoan.Api)' 
2026-08-28 23:19:13.3132|Info|Microsoft.AspNetCore.Mvc.Infrastructure.ControllerActionInvoker|CorrelationId=5ed374d3-cda2-424a-968f-2e574c471dbd|Route matched with {action = "GetAll", controller = "Customers"}. Executing controller action with signature System.Threading.Tasks.Task`1[Microsoft.AspNetCore.Mvc.ActionResult`1[SmartLoan.Application.Common.PagedResponse`1[SmartLoan.Application.Customers.CustomerDetailsDto]]] GetAll(SmartLoan.Application.Common.PagedRequest) on controller SmartLoan.Api.Controllers.CustomersController (SmartLoan.Api). 
2026-08-28 23:19:13.3132|Info|SmartLoan.Application.Common.Behaviors.LoggingBehavior|CorrelationId=5ed374d3-cda2-424a-968f-2e574c471dbd|smartloan Request:GetCustomersQuery starting... 
2026-08-28 23:19:13.3132|Info|Microsoft.EntityFrameworkCore.Database.Command|CorrelationId=5ed374d3-cda2-424a-968f-2e574c471dbd|Executed DbCommand (1ms) [Parameters=[], CommandType='Text', CommandTimeout='30']
SELECT count(*)::int
FROM "Customers" AS c
WHERE NOT (c."IsDeleted") 
2026-08-28 23:19:13.3132|Info|Microsoft.EntityFrameworkCore.Database.Command|CorrelationId=5ed374d3-cda2-424a-968f-2e574c471dbd|Executed DbCommand (1ms) [Parameters=[@p1='?' (DbType = Int32), @p='?' (DbType = Int32)], CommandType='Text', CommandTimeout='30']
SELECT c."Id", c."FullName", c."Phone", c."Address"
FROM "Customers" AS c
WHERE NOT (c."IsDeleted")
ORDER BY c."FullName"
LIMIT @p1 OFFSET @p 
2026-08-28 23:19:13.3132|Info|SmartLoan.Application.Common.Behaviors.LoggingBehavior|CorrelationId=5ed374d3-cda2-424a-968f-2e574c471dbd|Smarloan Request:GetCustomersQuery finished in 5ms 
2026-08-28 23:19:13.3132|Info|Microsoft.AspNetCore.Mvc.Infrastructure.ObjectResultExecutor|CorrelationId=5ed374d3-cda2-424a-968f-2e574c471dbd|Executing ObjectResult, writing value of type 'SmartLoan.Application.Common.PagedResponse`1[[SmartLoan.Application.Customers.CustomerDetailsDto, SmartLoan.Application, Version=1.0.0.0, Culture=neutral, PublicKeyToken=null]]'. 
2026-08-28 23:19:13.3132|Info|Microsoft.AspNetCore.Mvc.Infrastructure.ControllerActionInvoker|CorrelationId=5ed374d3-cda2-424a-968f-2e574c471dbd|Executed action SmartLoan.Api.Controllers.CustomersController.GetAll (SmartLoan.Api) in 6.0744ms 
2026-08-28 23:19:13.3132|Info|Microsoft.AspNetCore.Routing.EndpointMiddleware|CorrelationId=5ed374d3-cda2-424a-968f-2e574c471dbd|Executed endpoint 'SmartLoan.Api.Controllers.CustomersController.GetAll (SmartLoan.Api)' 
2026-08-28 23:19:13.3132|Info|Microsoft.AspNetCore.Hosting.Diagnostics|CorrelationId=|Request finished HTTP/1.1 GET http://localhost:5176/api/v1/customers?pageNumber=1&pageSize=10&search= - 200 - application/json;+charset=utf-8 8.6571ms 
2026-08-28 23:19:14.1222|Info|Microsoft.AspNetCore.Hosting.Diagnostics|CorrelationId=|Request starting HTTP/1.1 GET http://localhost:5176/api/v1/customers?pageNumber=1&pageSize=10&search= - - - 
2026-08-28 23:19:14.1227|Info|Microsoft.AspNetCore.Routing.EndpointMiddleware|CorrelationId=34f55002-ee7b-4d88-a287-d74de88850f4|Executing endpoint 'SmartLoan.Api.Controllers.CustomersController.GetAll (SmartLoan.Api)' 
2026-08-28 23:19:14.1227|Info|Microsoft.AspNetCore.Mvc.Infrastructure.ControllerActionInvoker|CorrelationId=34f55002-ee7b-4d88-a287-d74de88850f4|Route matched with {action = "GetAll", controller = "Customers"}. Executing controller action with signature System.Threading.Tasks.Task`1[Microsoft.AspNetCore.Mvc.ActionResult`1[SmartLoan.Application.Common.PagedResponse`1[SmartLoan.Application.Customers.CustomerDetailsDto]]] GetAll(SmartLoan.Application.Common.PagedRequest) on controller SmartLoan.Api.Controllers.CustomersController (SmartLoan.Api). 
2026-08-28 23:19:14.1227|Info|SmartLoan.Application.Common.Behaviors.LoggingBehavior|CorrelationId=34f55002-ee7b-4d88-a287-d74de88850f4|smartloan Request:GetCustomersQuery starting... 
2026-08-28 23:19:14.1227|Info|Microsoft.EntityFrameworkCore.Database.Command|CorrelationId=34f55002-ee7b-4d88-a287-d74de88850f4|Executed DbCommand (1ms) [Parameters=[], CommandType='Text', CommandTimeout='30']
SELECT count(*)::int
FROM "Customers" AS c
WHERE NOT (c."IsDeleted") 
2026-08-28 23:19:14.1227|Info|Microsoft.EntityFrameworkCore.Database.Command|CorrelationId=34f55002-ee7b-4d88-a287-d74de88850f4|Executed DbCommand (1ms) [Parameters=[@p1='?' (DbType = Int32), @p='?' (DbType = Int32)], CommandType='Text', CommandTimeout='30']
SELECT c."Id", c."FullName", c."Phone", c."Address"
FROM "Customers" AS c
WHERE NOT (c."IsDeleted")
ORDER BY c."FullName"
LIMIT @p1 OFFSET @p 
2026-08-28 23:19:14.1227|Info|SmartLoan.Application.Common.Behaviors.LoggingBehavior|CorrelationId=34f55002-ee7b-4d88-a287-d74de88850f4|Smarloan Request:GetCustomersQuery finished in 4ms 
2026-08-28 23:19:14.1227|Info|Microsoft.AspNetCore.Mvc.Infrastructure.ObjectResultExecutor|CorrelationId=34f55002-ee7b-4d88-a287-d74de88850f4|Executing ObjectResult, writing value of type 'SmartLoan.Application.Common.PagedResponse`1[[SmartLoan.Application.Customers.CustomerDetailsDto, SmartLoan.Application, Version=1.0.0.0, Culture=neutral, PublicKeyToken=null]]'. 
2026-08-28 23:19:14.1227|Info|Microsoft.AspNetCore.Mvc.Infrastructure.ControllerActionInvoker|CorrelationId=34f55002-ee7b-4d88-a287-d74de88850f4|Executed action SmartLoan.Api.Controllers.CustomersController.GetAll (SmartLoan.Api) in 4.9249ms 
2026-08-28 23:19:14.1227|Info|Microsoft.AspNetCore.Routing.EndpointMiddleware|CorrelationId=34f55002-ee7b-4d88-a287-d74de88850f4|Executed endpoint 'SmartLoan.Api.Controllers.CustomersController.GetAll (SmartLoan.Api)' 
2026-08-28 23:19:14.1227|Info|Microsoft.AspNetCore.Hosting.Diagnostics|CorrelationId=|Request finished HTTP/1.1 GET http://localhost:5176/api/v1/customers?pageNumber=1&pageSize=10&search= - 200 - application/json;+charset=utf-8 6.6474ms 
2026-08-28 23:19:14.3681|Info|Microsoft.AspNetCore.Hosting.Diagnostics|CorrelationId=|Request starting HTTP/1.1 GET http://localhost:5176/api/v1/customers?pageNumber=1&pageSize=10&search= - - - 
2026-08-28 23:19:14.3681|Info|Microsoft.AspNetCore.Routing.EndpointMiddleware|CorrelationId=d6660abe-df36-4f9d-b284-40f0db931905|Executing endpoint 'SmartLoan.Api.Controllers.CustomersController.GetAll (SmartLoan.Api)' 
2026-08-28 23:19:14.3681|Info|Microsoft.AspNetCore.Mvc.Infrastructure.ControllerActionInvoker|CorrelationId=d6660abe-df36-4f9d-b284-40f0db931905|Route matched with {action = "GetAll", controller = "Customers"}. Executing controller action with signature System.Threading.Tasks.Task`1[Microsoft.AspNetCore.Mvc.ActionResult`1[SmartLoan.Application.Common.PagedResponse`1[SmartLoan.Application.Customers.CustomerDetailsDto]]] GetAll(SmartLoan.Application.Common.PagedRequest) on controller SmartLoan.Api.Controllers.CustomersController (SmartLoan.Api). 
2026-08-28 23:19:14.3681|Info|SmartLoan.Application.Common.Behaviors.LoggingBehavior|CorrelationId=d6660abe-df36-4f9d-b284-40f0db931905|smartloan Request:GetCustomersQuery starting... 
2026-08-28 23:19:14.3681|Info|Microsoft.EntityFrameworkCore.Database.Command|CorrelationId=d6660abe-df36-4f9d-b284-40f0db931905|Executed DbCommand (1ms) [Parameters=[], CommandType='Text', CommandTimeout='30']
SELECT count(*)::int
FROM "Customers" AS c
WHERE NOT (c."IsDeleted") 
2026-08-28 23:19:14.3681|Info|Microsoft.EntityFrameworkCore.Database.Command|CorrelationId=d6660abe-df36-4f9d-b284-40f0db931905|Executed DbCommand (1ms) [Parameters=[@p1='?' (DbType = Int32), @p='?' (DbType = Int32)], CommandType='Text', CommandTimeout='30']
SELECT c."Id", c."FullName", c."Phone", c."Address"
FROM "Customers" AS c
WHERE NOT (c."IsDeleted")
ORDER BY c."FullName"
LIMIT @p1 OFFSET @p 
2026-08-28 23:19:14.3735|Info|SmartLoan.Application.Common.Behaviors.LoggingBehavior|CorrelationId=d6660abe-df36-4f9d-b284-40f0db931905|Smarloan Request:GetCustomersQuery finished in 3ms 
2026-08-28 23:19:14.3735|Info|Microsoft.AspNetCore.Mvc.Infrastructure.ObjectResultExecutor|CorrelationId=d6660abe-df36-4f9d-b284-40f0db931905|Executing ObjectResult, writing value of type 'SmartLoan.Application.Common.PagedResponse`1[[SmartLoan.Application.Customers.CustomerDetailsDto, SmartLoan.Application, Version=1.0.0.0, Culture=neutral, PublicKeyToken=null]]'. 
2026-08-28 23:19:14.3735|Info|Microsoft.AspNetCore.Mvc.Infrastructure.ControllerActionInvoker|CorrelationId=d6660abe-df36-4f9d-b284-40f0db931905|Executed action SmartLoan.Api.Controllers.CustomersController.GetAll (SmartLoan.Api) in 5.0017ms 
2026-08-28 23:19:14.3735|Info|Microsoft.AspNetCore.Routing.EndpointMiddleware|CorrelationId=d6660abe-df36-4f9d-b284-40f0db931905|Executed endpoint 'SmartLoan.Api.Controllers.CustomersController.GetAll (SmartLoan.Api)' 
2026-08-28 23:19:14.3735|Info|Microsoft.AspNetCore.Hosting.Diagnostics|CorrelationId=|Request finished HTTP/1.1 GET http://localhost:5176/api/v1/customers?pageNumber=1&pageSize=10&search= - 200 - application/json;+charset=utf-8 8.9146ms 
2026-08-28 23:19:15.6380|Info|Microsoft.AspNetCore.Hosting.Diagnostics|CorrelationId=|Request starting HTTP/1.1 GET http://localhost:5176/api/v1/customers?pageNumber=1&pageSize=10&search= - - - 
2026-08-28 23:19:15.6380|Info|Microsoft.AspNetCore.Routing.EndpointMiddleware|CorrelationId=ac8690f9-ec40-4fec-9d7c-e75f75463f85|Executing endpoint 'SmartLoan.Api.Controllers.CustomersController.GetAll (SmartLoan.Api)' 
2026-08-28 23:19:15.6380|Info|Microsoft.AspNetCore.Mvc.Infrastructure.ControllerActionInvoker|CorrelationId=ac8690f9-ec40-4fec-9d7c-e75f75463f85|Route matched with {action = "GetAll", controller = "Customers"}. Executing controller action with signature System.Threading.Tasks.Task`1[Microsoft.AspNetCore.Mvc.ActionResult`1[SmartLoan.Application.Common.PagedResponse`1[SmartLoan.Application.Customers.CustomerDetailsDto]]] GetAll(SmartLoan.Application.Common.PagedRequest) on controller SmartLoan.Api.Controllers.CustomersController (SmartLoan.Api). 
2026-08-28 23:19:15.6396|Info|SmartLoan.Application.Common.Behaviors.LoggingBehavior|CorrelationId=ac8690f9-ec40-4fec-9d7c-e75f75463f85|smartloan Request:GetCustomersQuery starting... 
2026-08-28 23:19:15.6396|Info|Microsoft.EntityFrameworkCore.Database.Command|CorrelationId=ac8690f9-ec40-4fec-9d7c-e75f75463f85|Executed DbCommand (1ms) [Parameters=[], CommandType='Text', CommandTimeout='30']
SELECT count(*)::int
FROM "Customers" AS c
WHERE NOT (c."IsDeleted") 
2026-08-28 23:19:15.6396|Info|Microsoft.EntityFrameworkCore.Database.Command|CorrelationId=ac8690f9-ec40-4fec-9d7c-e75f75463f85|Executed DbCommand (1ms) [Parameters=[@p1='?' (DbType = Int32), @p='?' (DbType = Int32)], CommandType='Text', CommandTimeout='30']
SELECT c."Id", c."FullName", c."Phone", c."Address"
FROM "Customers" AS c
WHERE NOT (c."IsDeleted")
ORDER BY c."FullName"
LIMIT @p1 OFFSET @p 
2026-08-28 23:19:15.6396|Info|SmartLoan.Application.Common.Behaviors.LoggingBehavior|CorrelationId=ac8690f9-ec40-4fec-9d7c-e75f75463f85|Smarloan Request:GetCustomersQuery finished in 3ms 
2026-08-28 23:19:15.6396|Info|Microsoft.AspNetCore.Mvc.Infrastructure.ObjectResultExecutor|CorrelationId=ac8690f9-ec40-4fec-9d7c-e75f75463f85|Executing ObjectResult, writing value of type 'SmartLoan.Application.Common.PagedResponse`1[[SmartLoan.Application.Customers.CustomerDetailsDto, SmartLoan.Application, Version=1.0.0.0, Culture=neutral, PublicKeyToken=null]]'. 
2026-08-28 23:19:15.6396|Info|Microsoft.AspNetCore.Mvc.Infrastructure.ControllerActionInvoker|CorrelationId=ac8690f9-ec40-4fec-9d7c-e75f75463f85|Executed action SmartLoan.Api.Controllers.CustomersController.GetAll (SmartLoan.Api) in 4.1323ms 
2026-08-28 23:19:15.6396|Info|Microsoft.AspNetCore.Routing.EndpointMiddleware|CorrelationId=ac8690f9-ec40-4fec-9d7c-e75f75463f85|Executed endpoint 'SmartLoan.Api.Controllers.CustomersController.GetAll (SmartLoan.Api)' 
2026-08-28 23:19:15.6396|Info|Microsoft.AspNetCore.Hosting.Diagnostics|CorrelationId=|Request finished HTTP/1.1 GET http://localhost:5176/api/v1/customers?pageNumber=1&pageSize=10&search= - 200 - application/json;+charset=utf-8 7.8390ms 
2026-08-28 23:19:16.1075|Info|Microsoft.AspNetCore.Hosting.Diagnostics|CorrelationId=|Request starting HTTP/1.1 GET http://localhost:5176/api/v1/customers?pageNumber=1&pageSize=10&search= - - - 
2026-08-28 23:19:16.1075|Info|Microsoft.AspNetCore.Routing.EndpointMiddleware|CorrelationId=933035ff-000b-447d-9a6e-cc8428b5f044|Executing endpoint 'SmartLoan.Api.Controllers.CustomersController.GetAll (SmartLoan.Api)' 
2026-08-28 23:19:16.1075|Info|Microsoft.AspNetCore.Mvc.Infrastructure.ControllerActionInvoker|CorrelationId=933035ff-000b-447d-9a6e-cc8428b5f044|Route matched with {action = "GetAll", controller = "Customers"}. Executing controller action with signature System.Threading.Tasks.Task`1[Microsoft.AspNetCore.Mvc.ActionResult`1[SmartLoan.Application.Common.PagedResponse`1[SmartLoan.Application.Customers.CustomerDetailsDto]]] GetAll(SmartLoan.Application.Common.PagedRequest) on controller SmartLoan.Api.Controllers.CustomersController (SmartLoan.Api). 
2026-08-28 23:19:16.1075|Info|SmartLoan.Application.Common.Behaviors.LoggingBehavior|CorrelationId=933035ff-000b-447d-9a6e-cc8428b5f044|smartloan Request:GetCustomersQuery starting... 
2026-08-28 23:19:16.1075|Info|Microsoft.EntityFrameworkCore.Database.Command|CorrelationId=933035ff-000b-447d-9a6e-cc8428b5f044|Executed DbCommand (0ms) [Parameters=[], CommandType='Text', CommandTimeout='30']
SELECT count(*)::int
FROM "Customers" AS c
WHERE NOT (c."IsDeleted") 
2026-08-28 23:19:16.1075|Info|Microsoft.EntityFrameworkCore.Database.Command|CorrelationId=933035ff-000b-447d-9a6e-cc8428b5f044|Executed DbCommand (0ms) [Parameters=[@p1='?' (DbType = Int32), @p='?' (DbType = Int32)], CommandType='Text', CommandTimeout='30']
SELECT c."Id", c."FullName", c."Phone", c."Address"
FROM "Customers" AS c
WHERE NOT (c."IsDeleted")
ORDER BY c."FullName"
LIMIT @p1 OFFSET @p 
2026-08-28 23:19:16.1075|Info|SmartLoan.Application.Common.Behaviors.LoggingBehavior|CorrelationId=933035ff-000b-447d-9a6e-cc8428b5f044|Smarloan Request:GetCustomersQuery finished in 2ms 
2026-08-28 23:19:16.1075|Info|Microsoft.AspNetCore.Mvc.Infrastructure.ObjectResultExecutor|CorrelationId=933035ff-000b-447d-9a6e-cc8428b5f044|Executing ObjectResult, writing value of type 'SmartLoan.Application.Common.PagedResponse`1[[SmartLoan.Application.Customers.CustomerDetailsDto, SmartLoan.Application, Version=1.0.0.0, Culture=neutral, PublicKeyToken=null]]'. 
2026-08-28 23:19:16.1075|Info|Microsoft.AspNetCore.Mvc.Infrastructure.ControllerActionInvoker|CorrelationId=933035ff-000b-447d-9a6e-cc8428b5f044|Executed action SmartLoan.Api.Controllers.CustomersController.GetAll (SmartLoan.Api) in 4.0262ms 
2026-08-28 23:19:16.1075|Info|Microsoft.AspNetCore.Routing.EndpointMiddleware|CorrelationId=933035ff-000b-447d-9a6e-cc8428b5f044|Executed endpoint 'SmartLoan.Api.Controllers.CustomersController.GetAll (SmartLoan.Api)' 
2026-08-28 23:19:16.1075|Info|Microsoft.AspNetCore.Hosting.Diagnostics|CorrelationId=|Request finished HTTP/1.1 GET http://localhost:5176/api/v1/customers?pageNumber=1&pageSize=10&search= - 200 - application/json;+charset=utf-8 8.1092ms 
2026-08-28 23:20:11.5665|Info|Microsoft.Hosting.Lifetime|CorrelationId=|Application is shutting down... 
2026-08-28 23:20:22.2384|Warn|Microsoft.EntityFrameworkCore.Model.Validation|CorrelationId=|Entity 'LoanApplication' has a global query filter defined and is the required end of a relationship with the entity 'Payment'. This may lead to unexpected results when the required entity is filtered out. Either configure the navigation as optional, or define matching query filters for both entities in the navigation. See https://go.microsoft.com/fwlink/?linkid=2131316 for more information. 
2026-08-28 23:20:22.7168|Info|Microsoft.EntityFrameworkCore.Database.Command|CorrelationId=|Executed DbCommand (19ms) [Parameters=[], CommandType='Text', CommandTimeout='30']
SELECT "MigrationId", "ProductVersion"
FROM "__EFMigrationsHistory"
ORDER BY "MigrationId"; 
2026-08-28 23:20:22.8808|Info|Microsoft.EntityFrameworkCore.Database.Command|CorrelationId=|Executed DbCommand (8ms) [Parameters=[], CommandType='Text', CommandTimeout='30']
SELECT 1 
2026-08-28 23:20:22.9372|Info|Microsoft.EntityFrameworkCore.Database.Command|CorrelationId=|Executed DbCommand (4ms) [Parameters=[], CommandType='Text', CommandTimeout='30']
CREATE TABLE IF NOT EXISTS "__EFMigrationsHistory" (
    "MigrationId" character varying(150) NOT NULL,
    "ProductVersion" character varying(32) NOT NULL,
    CONSTRAINT "PK___EFMigrationsHistory" PRIMARY KEY ("MigrationId")
); 
2026-08-28 23:20:22.9561|Info|Microsoft.EntityFrameworkCore.Database.Command|CorrelationId=|Executed DbCommand (0ms) [Parameters=[], CommandType='Text', CommandTimeout='30']
LOCK TABLE "__EFMigrationsHistory" IN ACCESS EXCLUSIVE MODE 
2026-08-28 23:20:22.9561|Info|Microsoft.EntityFrameworkCore.Database.Command|CorrelationId=|Executed DbCommand (1ms) [Parameters=[], CommandType='Text', CommandTimeout='30']
SELECT "MigrationId", "ProductVersion"
FROM "__EFMigrationsHistory"
ORDER BY "MigrationId"; 
2026-08-28 23:20:22.9661|Info|Microsoft.EntityFrameworkCore.Migrations|CorrelationId=|No migrations were applied. The database is already up to date. 
2026-08-28 23:20:23.1885|Info|Microsoft.EntityFrameworkCore.Database.Command|CorrelationId=|Executed DbCommand (2ms) [Parameters=[], CommandType='Text', CommandTimeout='30']
SELECT EXISTS (
    SELECT 1
    FROM "Users" AS u
    WHERE u."Email" = 'admin@loan.com') 
2026-08-28 23:20:23.3385|Info|Microsoft.AspNetCore.DataProtection.KeyManagement.XmlKeyManager|CorrelationId=|User profile is available. Using 'C:\Users\isaac\AppData\Local\ASP.NET\DataProtection-Keys' as key repository and Windows DPAPI to encrypt keys at rest. 
2026-08-28 23:20:23.3466|Info|SmartLoan.Infrastructure.BackgroundJobs.ReportWorker|CorrelationId=|Report Worker is starting... 
2026-08-28 23:20:23.3984|Info|Microsoft.Hosting.Lifetime|CorrelationId=|Now listening on: http://localhost:5176 
2026-08-28 23:20:23.3984|Info|Microsoft.Hosting.Lifetime|CorrelationId=|Application started. Press Ctrl+C to shut down. 
2026-08-28 23:20:23.3984|Info|Microsoft.Hosting.Lifetime|CorrelationId=|Hosting environment: Development 
2026-08-28 23:20:23.3984|Info|Microsoft.Hosting.Lifetime|CorrelationId=|Content root path: D:\isaac\educational purpose only\.net\kyas pro\SmartLoanTracker\smartloan.api 
2026-08-28 23:20:29.4851|Info|Microsoft.AspNetCore.Hosting.Diagnostics|CorrelationId=|Request starting HTTP/1.1 GET http://localhost:5176/api/v1/customers?pageNumber=1&pageSize=10&search= - - - 
2026-08-28 23:20:29.5914|Warn|Microsoft.AspNetCore.HttpsPolicy.HttpsRedirectionMiddleware|CorrelationId=3909ddd0-bd3b-4c81-b876-40e83dde553e|Failed to determine the https port for redirect. 
2026-08-28 23:20:29.5914|Info|Microsoft.AspNetCore.Routing.EndpointMiddleware|CorrelationId=3909ddd0-bd3b-4c81-b876-40e83dde553e|Executing endpoint 'SmartLoan.Api.Controllers.CustomersController.GetAll (SmartLoan.Api)' 
2026-08-28 23:20:29.6188|Info|Microsoft.AspNetCore.Mvc.Infrastructure.ControllerActionInvoker|CorrelationId=3909ddd0-bd3b-4c81-b876-40e83dde553e|Route matched with {action = "GetAll", controller = "Customers"}. Executing controller action with signature System.Threading.Tasks.Task`1[Microsoft.AspNetCore.Mvc.ActionResult`1[SmartLoan.Application.Common.PagedResponse`1[SmartLoan.Application.Customers.CustomerDetailsDto]]] GetAll(SmartLoan.Application.Common.PagedRequest) on controller SmartLoan.Api.Controllers.CustomersController (SmartLoan.Api). 
2026-08-28 23:20:29.6314|Warn|LuckyPennySoftware.MediatR.License|CorrelationId=3909ddd0-bd3b-4c81-b876-40e83dde553e|You do not have a valid license key for the Lucky Penny software MediatR. This is allowed for development and testing scenarios. If you are running in production you are required to have a licensed version. Please visit https://luckypennysoftware.com to obtain a valid license. 
2026-08-28 23:20:29.6489|Info|SmartLoan.Application.Common.Behaviors.LoggingBehavior|CorrelationId=3909ddd0-bd3b-4c81-b876-40e83dde553e|smartloan Request:GetCustomersQuery starting... 
2026-08-28 23:20:29.7123|Info|Microsoft.EntityFrameworkCore.Database.Command|CorrelationId=3909ddd0-bd3b-4c81-b876-40e83dde553e|Executed DbCommand (4ms) [Parameters=[], CommandType='Text', CommandTimeout='30']
SELECT count(*)::int
FROM "Customers" AS c
WHERE NOT (c."IsDeleted") 
2026-08-28 23:20:29.7890|Info|Microsoft.EntityFrameworkCore.Database.Command|CorrelationId=3909ddd0-bd3b-4c81-b876-40e83dde553e|Executed DbCommand (8ms) [Parameters=[@p1='?' (DbType = Int32), @p='?' (DbType = Int32)], CommandType='Text', CommandTimeout='30']
SELECT c."Id", c."FullName", c."Phone", c."Address"
FROM "Customers" AS c
WHERE NOT (c."IsDeleted")
ORDER BY c."FullName"
LIMIT @p1 OFFSET @p 
2026-08-28 23:20:29.7890|Info|SmartLoan.Application.Common.Behaviors.LoggingBehavior|CorrelationId=3909ddd0-bd3b-4c81-b876-40e83dde553e|Smarloan Request:GetCustomersQuery finished in 142ms 
2026-08-28 23:20:29.7974|Info|Microsoft.AspNetCore.Mvc.Infrastructure.ObjectResultExecutor|CorrelationId=3909ddd0-bd3b-4c81-b876-40e83dde553e|Executing ObjectResult, writing value of type 'SmartLoan.Application.Common.PagedResponse`1[[SmartLoan.Application.Customers.CustomerDetailsDto, SmartLoan.Application, Version=1.0.0.0, Culture=neutral, PublicKeyToken=null]]'. 
2026-08-28 23:20:29.8531|Info|Microsoft.AspNetCore.Mvc.Infrastructure.ControllerActionInvoker|CorrelationId=3909ddd0-bd3b-4c81-b876-40e83dde553e|Executed action SmartLoan.Api.Controllers.CustomersController.GetAll (SmartLoan.Api) in 226.372ms 
2026-08-28 23:20:29.8531|Info|Microsoft.AspNetCore.Routing.EndpointMiddleware|CorrelationId=3909ddd0-bd3b-4c81-b876-40e83dde553e|Executed endpoint 'SmartLoan.Api.Controllers.CustomersController.GetAll (SmartLoan.Api)' 
2026-08-28 23:20:29.8616|Info|Microsoft.AspNetCore.Hosting.Diagnostics|CorrelationId=|Request finished HTTP/1.1 GET http://localhost:5176/api/v1/customers?pageNumber=1&pageSize=10&search= - 200 - application/json;+charset=utf-8 379.8457ms 
2026-08-28 23:21:18.0258|Info|Microsoft.AspNetCore.Hosting.Diagnostics|CorrelationId=|Request starting HTTP/1.1 POST http://localhost:5176/api/v1/auth/login - application/json 49 
2026-08-28 23:21:18.0348|Info|Microsoft.AspNetCore.Cors.Infrastructure.CorsService|CorrelationId=ca8854c6-43bd-4e63-a325-ec6eb2554fc9|CORS policy execution failed. 
2026-08-28 23:21:18.0348|Info|Microsoft.AspNetCore.Cors.Infrastructure.CorsService|CorrelationId=ca8854c6-43bd-4e63-a325-ec6eb2554fc9|Request origin http://localhost:4200 does not have permission to access the resource. 
2026-08-28 23:21:18.0348|Info|Microsoft.AspNetCore.Routing.EndpointMiddleware|CorrelationId=ca8854c6-43bd-4e63-a325-ec6eb2554fc9|Executing endpoint 'SmartLoan.Api.Controllers.AuthController.Login (SmartLoan.Api)' 
2026-08-28 23:21:18.0452|Info|Microsoft.AspNetCore.Mvc.Infrastructure.ControllerActionInvoker|CorrelationId=ca8854c6-43bd-4e63-a325-ec6eb2554fc9|Route matched with {action = "Login", controller = "Auth"}. Executing controller action with signature System.Threading.Tasks.Task`1[Microsoft.AspNetCore.Mvc.ActionResult`1[SmartLoan.Application.Users.LoginResponse]] Login(SmartLoan.Application.Users.LoginCommand) on controller SmartLoan.Api.Controllers.AuthController (SmartLoan.Api). 
2026-08-28 23:21:18.0612|Info|SmartLoan.Application.Common.Behaviors.LoggingBehavior|CorrelationId=ca8854c6-43bd-4e63-a325-ec6eb2554fc9|smartloan Request:LoginCommand starting... 
2026-08-28 23:21:18.1646|Info|Microsoft.EntityFrameworkCore.Database.Command|CorrelationId=ca8854c6-43bd-4e63-a325-ec6eb2554fc9|Executed DbCommand (2ms) [Parameters=[@request_Email='?'], CommandType='Text', CommandTimeout='30']
SELECT u."Id", u."Email", u."FullName", u."PasswordHash", u."RefreshToken", u."RefreshTokenExpiryTime", u."Role"
FROM "Users" AS u
WHERE u."Email" = @request_Email
LIMIT 1 
2026-08-28 23:21:18.6095|Info|Microsoft.EntityFrameworkCore.Database.Command|CorrelationId=ca8854c6-43bd-4e63-a325-ec6eb2554fc9|Executed DbCommand (2ms) [Parameters=[@p2='?' (DbType = Int32), @p0='?', @p1='?' (DbType = DateTime)], CommandType='Text', CommandTimeout='30']
UPDATE "Users" SET "RefreshToken" = @p0, "RefreshTokenExpiryTime" = @p1
WHERE "Id" = @p2; 
2026-08-28 23:21:18.6095|Info|SmartLoan.Application.Common.Behaviors.LoggingBehavior|CorrelationId=ca8854c6-43bd-4e63-a325-ec6eb2554fc9|Smarloan Request:LoginCommand finished in 558ms 
2026-08-28 23:21:18.6095|Info|Microsoft.AspNetCore.Mvc.Infrastructure.ObjectResultExecutor|CorrelationId=ca8854c6-43bd-4e63-a325-ec6eb2554fc9|Executing OkObjectResult, writing value of type 'SmartLoan.Application.Users.LoginResponse'. 
2026-08-28 23:21:18.6234|Info|Microsoft.AspNetCore.Mvc.Infrastructure.ControllerActionInvoker|CorrelationId=ca8854c6-43bd-4e63-a325-ec6eb2554fc9|Executed action SmartLoan.Api.Controllers.AuthController.Login (SmartLoan.Api) in 577.939ms 
2026-08-28 23:21:18.6234|Info|Microsoft.AspNetCore.Routing.EndpointMiddleware|CorrelationId=ca8854c6-43bd-4e63-a325-ec6eb2554fc9|Executed endpoint 'SmartLoan.Api.Controllers.AuthController.Login (SmartLoan.Api)' 
2026-08-28 23:21:18.6234|Info|Microsoft.AspNetCore.Hosting.Diagnostics|CorrelationId=|Request finished HTTP/1.1 POST http://localhost:5176/api/v1/auth/login - 200 - application/json;+charset=utf-8 598.9934ms 
2026-08-28 23:21:22.6934|Info|Microsoft.AspNetCore.Hosting.Diagnostics|CorrelationId=|Request starting HTTP/1.1 GET http://localhost:5176/api/v1/customers?pageNumber=1&pageSize=10&search= - - - 
2026-08-28 23:21:22.6934|Info|Microsoft.AspNetCore.Routing.EndpointMiddleware|CorrelationId=8020baa4-278c-4576-8342-cfe3f58dbc75|Executing endpoint 'SmartLoan.Api.Controllers.CustomersController.GetAll (SmartLoan.Api)' 
2026-08-28 23:21:22.6934|Info|Microsoft.AspNetCore.Mvc.Infrastructure.ControllerActionInvoker|CorrelationId=8020baa4-278c-4576-8342-cfe3f58dbc75|Route matched with {action = "GetAll", controller = "Customers"}. Executing controller action with signature System.Threading.Tasks.Task`1[Microsoft.AspNetCore.Mvc.ActionResult`1[SmartLoan.Application.Common.PagedResponse`1[SmartLoan.Application.Customers.CustomerDetailsDto]]] GetAll(SmartLoan.Application.Common.PagedRequest) on controller SmartLoan.Api.Controllers.CustomersController (SmartLoan.Api). 
2026-08-28 23:21:22.7061|Info|SmartLoan.Application.Common.Behaviors.LoggingBehavior|CorrelationId=8020baa4-278c-4576-8342-cfe3f58dbc75|smartloan Request:GetCustomersQuery starting... 
2026-08-28 23:21:22.7061|Info|Microsoft.EntityFrameworkCore.Database.Command|CorrelationId=8020baa4-278c-4576-8342-cfe3f58dbc75|Executed DbCommand (1ms) [Parameters=[], CommandType='Text', CommandTimeout='30']
SELECT count(*)::int
FROM "Customers" AS c
WHERE NOT (c."IsDeleted") 
2026-08-28 23:21:22.7198|Info|Microsoft.EntityFrameworkCore.Database.Command|CorrelationId=8020baa4-278c-4576-8342-cfe3f58dbc75|Executed DbCommand (1ms) [Parameters=[@p1='?' (DbType = Int32), @p='?' (DbType = Int32)], CommandType='Text', CommandTimeout='30']
SELECT c."Id", c."FullName", c."Phone", c."Address"
FROM "Customers" AS c
WHERE NOT (c."IsDeleted")
ORDER BY c."FullName"
LIMIT @p1 OFFSET @p 
2026-08-28 23:21:22.7198|Info|SmartLoan.Application.Common.Behaviors.LoggingBehavior|CorrelationId=8020baa4-278c-4576-8342-cfe3f58dbc75|Smarloan Request:GetCustomersQuery finished in 14ms 
2026-08-28 23:21:22.7198|Info|Microsoft.AspNetCore.Mvc.Infrastructure.ObjectResultExecutor|CorrelationId=8020baa4-278c-4576-8342-cfe3f58dbc75|Executing ObjectResult, writing value of type 'SmartLoan.Application.Common.PagedResponse`1[[SmartLoan.Application.Customers.CustomerDetailsDto, SmartLoan.Application, Version=1.0.0.0, Culture=neutral, PublicKeyToken=null]]'. 
2026-08-28 23:21:22.7198|Info|Microsoft.AspNetCore.Mvc.Infrastructure.ControllerActionInvoker|CorrelationId=8020baa4-278c-4576-8342-cfe3f58dbc75|Executed action SmartLoan.Api.Controllers.CustomersController.GetAll (SmartLoan.Api) in 21.9866ms 
2026-08-28 23:21:22.7198|Info|Microsoft.AspNetCore.Routing.EndpointMiddleware|CorrelationId=8020baa4-278c-4576-8342-cfe3f58dbc75|Executed endpoint 'SmartLoan.Api.Controllers.CustomersController.GetAll (SmartLoan.Api)' 
2026-08-28 23:21:22.7198|Info|Microsoft.AspNetCore.Hosting.Diagnostics|CorrelationId=|Request finished HTTP/1.1 GET http://localhost:5176/api/v1/customers?pageNumber=1&pageSize=10&search= - 200 - application/json;+charset=utf-8 28.6598ms 
2026-08-28 23:22:11.6902|Info|Microsoft.AspNetCore.Hosting.Diagnostics|CorrelationId=|Request starting HTTP/1.1 POST http://localhost:5176/api/v1/auth/login - application/json 49 
2026-08-28 23:22:11.6902|Info|Microsoft.AspNetCore.Cors.Infrastructure.CorsService|CorrelationId=d6f4bfb5-ab44-405f-ad7c-d662ead1a082|CORS policy execution failed. 
2026-08-28 23:22:11.6902|Info|Microsoft.AspNetCore.Cors.Infrastructure.CorsService|CorrelationId=d6f4bfb5-ab44-405f-ad7c-d662ead1a082|Request origin http://localhost:4200 does not have permission to access the resource. 
2026-08-28 23:22:11.6902|Info|Microsoft.AspNetCore.Routing.EndpointMiddleware|CorrelationId=d6f4bfb5-ab44-405f-ad7c-d662ead1a082|Executing endpoint 'SmartLoan.Api.Controllers.AuthController.Login (SmartLoan.Api)' 
2026-08-28 23:22:11.6902|Info|Microsoft.AspNetCore.Mvc.Infrastructure.ControllerActionInvoker|CorrelationId=d6f4bfb5-ab44-405f-ad7c-d662ead1a082|Route matched with {action = "Login", controller = "Auth"}. Executing controller action with signature System.Threading.Tasks.Task`1[Microsoft.AspNetCore.Mvc.ActionResult`1[SmartLoan.Application.Users.LoginResponse]] Login(SmartLoan.Application.Users.LoginCommand) on controller SmartLoan.Api.Controllers.AuthController (SmartLoan.Api). 
2026-08-28 23:22:11.6902|Info|SmartLoan.Application.Common.Behaviors.LoggingBehavior|CorrelationId=d6f4bfb5-ab44-405f-ad7c-d662ead1a082|smartloan Request:LoginCommand starting... 
2026-08-28 23:22:11.6902|Info|Microsoft.EntityFrameworkCore.Database.Command|CorrelationId=d6f4bfb5-ab44-405f-ad7c-d662ead1a082|Executed DbCommand (1ms) [Parameters=[@request_Email='?'], CommandType='Text', CommandTimeout='30']
SELECT u."Id", u."Email", u."FullName", u."PasswordHash", u."RefreshToken", u."RefreshTokenExpiryTime", u."Role"
FROM "Users" AS u
WHERE u."Email" = @request_Email
LIMIT 1 
2026-08-28 23:22:12.0581|Info|Microsoft.EntityFrameworkCore.Database.Command|CorrelationId=d6f4bfb5-ab44-405f-ad7c-d662ead1a082|Executed DbCommand (1ms) [Parameters=[@p2='?' (DbType = Int32), @p0='?', @p1='?' (DbType = DateTime)], CommandType='Text', CommandTimeout='30']
UPDATE "Users" SET "RefreshToken" = @p0, "RefreshTokenExpiryTime" = @p1
WHERE "Id" = @p2; 
2026-08-28 23:22:12.0581|Info|SmartLoan.Application.Common.Behaviors.LoggingBehavior|CorrelationId=d6f4bfb5-ab44-405f-ad7c-d662ead1a082|Smarloan Request:LoginCommand finished in 365ms 
2026-08-28 23:22:12.0581|Info|Microsoft.AspNetCore.Mvc.Infrastructure.ObjectResultExecutor|CorrelationId=d6f4bfb5-ab44-405f-ad7c-d662ead1a082|Executing OkObjectResult, writing value of type 'SmartLoan.Application.Users.LoginResponse'. 
2026-08-28 23:22:12.0581|Info|Microsoft.AspNetCore.Mvc.Infrastructure.ControllerActionInvoker|CorrelationId=d6f4bfb5-ab44-405f-ad7c-d662ead1a082|Executed action SmartLoan.Api.Controllers.AuthController.Login (SmartLoan.Api) in 367.1954ms 
2026-08-28 23:22:12.0581|Info|Microsoft.AspNetCore.Routing.EndpointMiddleware|CorrelationId=d6f4bfb5-ab44-405f-ad7c-d662ead1a082|Executed endpoint 'SmartLoan.Api.Controllers.AuthController.Login (SmartLoan.Api)' 
2026-08-28 23:22:12.0581|Info|Microsoft.AspNetCore.Hosting.Diagnostics|CorrelationId=|Request finished HTTP/1.1 POST http://localhost:5176/api/v1/auth/login - 200 - application/json;+charset=utf-8 369.3948ms 
2026-08-28 23:22:14.1492|Info|Microsoft.AspNetCore.Hosting.Diagnostics|CorrelationId=|Request starting HTTP/1.1 GET http://localhost:5176/api/v1/customers?pageNumber=1&pageSize=10&search= - - - 
2026-08-28 23:22:14.1492|Info|Microsoft.AspNetCore.Routing.EndpointMiddleware|CorrelationId=5efa9c92-745f-4637-a778-89c7afffdcf9|Executing endpoint 'SmartLoan.Api.Controllers.CustomersController.GetAll (SmartLoan.Api)' 
2026-08-28 23:22:14.1492|Info|Microsoft.AspNetCore.Mvc.Infrastructure.ControllerActionInvoker|CorrelationId=5efa9c92-745f-4637-a778-89c7afffdcf9|Route matched with {action = "GetAll", controller = "Customers"}. Executing controller action with signature System.Threading.Tasks.Task`1[Microsoft.AspNetCore.Mvc.ActionResult`1[SmartLoan.Application.Common.PagedResponse`1[SmartLoan.Application.Customers.CustomerDetailsDto]]] GetAll(SmartLoan.Application.Common.PagedRequest) on controller SmartLoan.Api.Controllers.CustomersController (SmartLoan.Api). 
2026-08-28 23:22:14.1492|Info|SmartLoan.Application.Common.Behaviors.LoggingBehavior|CorrelationId=5efa9c92-745f-4637-a778-89c7afffdcf9|smartloan Request:GetCustomersQuery starting... 
2026-08-28 23:22:14.1492|Info|Microsoft.EntityFrameworkCore.Database.Command|CorrelationId=5efa9c92-745f-4637-a778-89c7afffdcf9|Executed DbCommand (1ms) [Parameters=[], CommandType='Text', CommandTimeout='30']
SELECT count(*)::int
FROM "Customers" AS c
WHERE NOT (c."IsDeleted") 
2026-08-28 23:22:14.1548|Info|Microsoft.EntityFrameworkCore.Database.Command|CorrelationId=5efa9c92-745f-4637-a778-89c7afffdcf9|Executed DbCommand (1ms) [Parameters=[@p1='?' (DbType = Int32), @p='?' (DbType = Int32)], CommandType='Text', CommandTimeout='30']
SELECT c."Id", c."FullName", c."Phone", c."Address"
FROM "Customers" AS c
WHERE NOT (c."IsDeleted")
ORDER BY c."FullName"
LIMIT @p1 OFFSET @p 
2026-08-28 23:22:14.1548|Info|SmartLoan.Application.Common.Behaviors.LoggingBehavior|CorrelationId=5efa9c92-745f-4637-a778-89c7afffdcf9|Smarloan Request:GetCustomersQuery finished in 4ms 
2026-08-28 23:22:14.1548|Info|Microsoft.AspNetCore.Mvc.Infrastructure.ObjectResultExecutor|CorrelationId=5efa9c92-745f-4637-a778-89c7afffdcf9|Executing ObjectResult, writing value of type 'SmartLoan.Application.Common.PagedResponse`1[[SmartLoan.Application.Customers.CustomerDetailsDto, SmartLoan.Application, Version=1.0.0.0, Culture=neutral, PublicKeyToken=null]]'. 
2026-08-28 23:22:14.1548|Info|Microsoft.AspNetCore.Mvc.Infrastructure.ControllerActionInvoker|CorrelationId=5efa9c92-745f-4637-a778-89c7afffdcf9|Executed action SmartLoan.Api.Controllers.CustomersController.GetAll (SmartLoan.Api) in 5.6557ms 
2026-08-28 23:22:14.1548|Info|Microsoft.AspNetCore.Routing.EndpointMiddleware|CorrelationId=5efa9c92-745f-4637-a778-89c7afffdcf9|Executed endpoint 'SmartLoan.Api.Controllers.CustomersController.GetAll (SmartLoan.Api)' 
2026-08-28 23:22:14.1548|Info|Microsoft.AspNetCore.Hosting.Diagnostics|CorrelationId=|Request finished HTTP/1.1 GET http://localhost:5176/api/v1/customers?pageNumber=1&pageSize=10&search= - 200 - application/json;+charset=utf-8 7.3526ms 
2026-08-28 23:27:43.8462|Info|Microsoft.AspNetCore.Hosting.Diagnostics|CorrelationId=|Request starting HTTP/1.1 POST http://localhost:5176/api/v1/auth/login - application/json 49 
2026-08-28 23:27:43.8462|Info|Microsoft.AspNetCore.Cors.Infrastructure.CorsService|CorrelationId=b7e23b64-41d7-4fe6-bc25-da4b2ac214a8|CORS policy execution failed. 
2026-08-28 23:27:43.8462|Info|Microsoft.AspNetCore.Cors.Infrastructure.CorsService|CorrelationId=b7e23b64-41d7-4fe6-bc25-da4b2ac214a8|Request origin http://localhost:4200 does not have permission to access the resource. 
2026-08-28 23:27:43.8462|Info|Microsoft.AspNetCore.Routing.EndpointMiddleware|CorrelationId=b7e23b64-41d7-4fe6-bc25-da4b2ac214a8|Executing endpoint 'SmartLoan.Api.Controllers.AuthController.Login (SmartLoan.Api)' 
2026-08-28 23:27:43.8462|Info|Microsoft.AspNetCore.Mvc.Infrastructure.ControllerActionInvoker|CorrelationId=b7e23b64-41d7-4fe6-bc25-da4b2ac214a8|Route matched with {action = "Login", controller = "Auth"}. Executing controller action with signature System.Threading.Tasks.Task`1[Microsoft.AspNetCore.Mvc.ActionResult`1[SmartLoan.Application.Users.LoginResponse]] Login(SmartLoan.Application.Users.LoginCommand) on controller SmartLoan.Api.Controllers.AuthController (SmartLoan.Api). 
2026-08-28 23:27:43.8462|Info|SmartLoan.Application.Common.Behaviors.LoggingBehavior|CorrelationId=b7e23b64-41d7-4fe6-bc25-da4b2ac214a8|smartloan Request:LoginCommand starting... 
2026-08-28 23:27:44.0046|Info|Microsoft.EntityFrameworkCore.Database.Command|CorrelationId=b7e23b64-41d7-4fe6-bc25-da4b2ac214a8|Executed DbCommand (3ms) [Parameters=[@request_Email='?'], CommandType='Text', CommandTimeout='30']
SELECT u."Id", u."Email", u."FullName", u."PasswordHash", u."RefreshToken", u."RefreshTokenExpiryTime", u."Role"
FROM "Users" AS u
WHERE u."Email" = @request_Email
LIMIT 1 
2026-08-28 23:27:44.1448|Info|Microsoft.EntityFrameworkCore.Database.Command|CorrelationId=b7e23b64-41d7-4fe6-bc25-da4b2ac214a8|Executed DbCommand (3ms) [Parameters=[@p2='?' (DbType = Int32), @p0='?', @p1='?' (DbType = DateTime)], CommandType='Text', CommandTimeout='30']
UPDATE "Users" SET "RefreshToken" = @p0, "RefreshTokenExpiryTime" = @p1
WHERE "Id" = @p2; 
2026-08-28 23:27:44.1448|Info|SmartLoan.Application.Common.Behaviors.LoggingBehavior|CorrelationId=b7e23b64-41d7-4fe6-bc25-da4b2ac214a8|Smarloan Request:LoginCommand finished in 296ms 
2026-08-28 23:27:44.1448|Info|Microsoft.AspNetCore.Mvc.Infrastructure.ObjectResultExecutor|CorrelationId=b7e23b64-41d7-4fe6-bc25-da4b2ac214a8|Executing OkObjectResult, writing value of type 'SmartLoan.Application.Users.LoginResponse'. 
2026-08-28 23:27:44.1448|Info|Microsoft.AspNetCore.Mvc.Infrastructure.ControllerActionInvoker|CorrelationId=b7e23b64-41d7-4fe6-bc25-da4b2ac214a8|Executed action SmartLoan.Api.Controllers.AuthController.Login (SmartLoan.Api) in 297.6763ms 
2026-08-28 23:27:44.1448|Info|Microsoft.AspNetCore.Routing.EndpointMiddleware|CorrelationId=b7e23b64-41d7-4fe6-bc25-da4b2ac214a8|Executed endpoint 'SmartLoan.Api.Controllers.AuthController.Login (SmartLoan.Api)' 
2026-08-28 23:27:44.1448|Info|Microsoft.AspNetCore.Hosting.Diagnostics|CorrelationId=|Request finished HTTP/1.1 POST http://localhost:5176/api/v1/auth/login - 200 - application/json;+charset=utf-8 299.8435ms 
2026-08-28 23:28:13.2339|Info|Microsoft.AspNetCore.Hosting.Diagnostics|CorrelationId=|Request starting HTTP/1.1 POST http://localhost:5176/api/v1/auth/login - application/json 49 
2026-08-28 23:28:13.2339|Info|Microsoft.AspNetCore.Cors.Infrastructure.CorsService|CorrelationId=9033d79e-b0c4-4cdc-b1dc-7b704a662493|CORS policy execution failed. 
2026-08-28 23:28:13.2339|Info|Microsoft.AspNetCore.Cors.Infrastructure.CorsService|CorrelationId=9033d79e-b0c4-4cdc-b1dc-7b704a662493|Request origin http://localhost:4200 does not have permission to access the resource. 
2026-08-28 23:28:13.2339|Info|Microsoft.AspNetCore.Routing.EndpointMiddleware|CorrelationId=9033d79e-b0c4-4cdc-b1dc-7b704a662493|Executing endpoint 'SmartLoan.Api.Controllers.AuthController.Login (SmartLoan.Api)' 
2026-08-28 23:28:13.2339|Info|Microsoft.AspNetCore.Mvc.Infrastructure.ControllerActionInvoker|CorrelationId=9033d79e-b0c4-4cdc-b1dc-7b704a662493|Route matched with {action = "Login", controller = "Auth"}. Executing controller action with signature System.Threading.Tasks.Task`1[Microsoft.AspNetCore.Mvc.ActionResult`1[SmartLoan.Application.Users.LoginResponse]] Login(SmartLoan.Application.Users.LoginCommand) on controller SmartLoan.Api.Controllers.AuthController (SmartLoan.Api). 
2026-08-28 23:28:13.2339|Info|SmartLoan.Application.Common.Behaviors.LoggingBehavior|CorrelationId=9033d79e-b0c4-4cdc-b1dc-7b704a662493|smartloan Request:LoginCommand starting... 
2026-08-28 23:28:13.2339|Info|Microsoft.EntityFrameworkCore.Database.Command|CorrelationId=9033d79e-b0c4-4cdc-b1dc-7b704a662493|Executed DbCommand (1ms) [Parameters=[@request_Email='?'], CommandType='Text', CommandTimeout='30']
SELECT u."Id", u."Email", u."FullName", u."PasswordHash", u."RefreshToken", u."RefreshTokenExpiryTime", u."Role"
FROM "Users" AS u
WHERE u."Email" = @request_Email
LIMIT 1 
2026-08-28 23:28:13.4093|Info|Microsoft.EntityFrameworkCore.Database.Command|CorrelationId=9033d79e-b0c4-4cdc-b1dc-7b704a662493|Executed DbCommand (1ms) [Parameters=[@p2='?' (DbType = Int32), @p0='?', @p1='?' (DbType = DateTime)], CommandType='Text', CommandTimeout='30']
UPDATE "Users" SET "RefreshToken" = @p0, "RefreshTokenExpiryTime" = @p1
WHERE "Id" = @p2; 
2026-08-28 23:28:13.4093|Info|SmartLoan.Application.Common.Behaviors.LoggingBehavior|CorrelationId=9033d79e-b0c4-4cdc-b1dc-7b704a662493|Smarloan Request:LoginCommand finished in 172ms 
2026-08-28 23:28:13.4093|Info|Microsoft.AspNetCore.Mvc.Infrastructure.ObjectResultExecutor|CorrelationId=9033d79e-b0c4-4cdc-b1dc-7b704a662493|Executing OkObjectResult, writing value of type 'SmartLoan.Application.Users.LoginResponse'. 
2026-08-28 23:28:13.4093|Info|Microsoft.AspNetCore.Mvc.Infrastructure.ControllerActionInvoker|CorrelationId=9033d79e-b0c4-4cdc-b1dc-7b704a662493|Executed action SmartLoan.Api.Controllers.AuthController.Login (SmartLoan.Api) in 173.7789ms 
2026-08-28 23:28:13.4093|Info|Microsoft.AspNetCore.Routing.EndpointMiddleware|CorrelationId=9033d79e-b0c4-4cdc-b1dc-7b704a662493|Executed endpoint 'SmartLoan.Api.Controllers.AuthController.Login (SmartLoan.Api)' 
2026-08-28 23:28:13.4093|Info|Microsoft.AspNetCore.Hosting.Diagnostics|CorrelationId=|Request finished HTTP/1.1 POST http://localhost:5176/api/v1/auth/login - 200 - application/json;+charset=utf-8 176.5056ms 
2026-08-28 23:28:22.6459|Info|Microsoft.AspNetCore.Hosting.Diagnostics|CorrelationId=|Request starting HTTP/1.1 GET http://localhost:5176/api/v1/customers?pageNumber=1&pageSize=10&search= - - - 
2026-08-28 23:28:22.6459|Info|Microsoft.AspNetCore.Routing.EndpointMiddleware|CorrelationId=c1af3ecf-c52e-4c72-b3b6-665557dbe8a7|Executing endpoint 'SmartLoan.Api.Controllers.CustomersController.GetAll (SmartLoan.Api)' 
2026-08-28 23:28:22.6459|Info|Microsoft.AspNetCore.Mvc.Infrastructure.ControllerActionInvoker|CorrelationId=c1af3ecf-c52e-4c72-b3b6-665557dbe8a7|Route matched with {action = "GetAll", controller = "Customers"}. Executing controller action with signature System.Threading.Tasks.Task`1[Microsoft.AspNetCore.Mvc.ActionResult`1[SmartLoan.Application.Common.PagedResponse`1[SmartLoan.Application.Customers.CustomerDetailsDto]]] GetAll(SmartLoan.Application.Common.PagedRequest) on controller SmartLoan.Api.Controllers.CustomersController (SmartLoan.Api). 
2026-08-28 23:28:22.6459|Info|SmartLoan.Application.Common.Behaviors.LoggingBehavior|CorrelationId=c1af3ecf-c52e-4c72-b3b6-665557dbe8a7|smartloan Request:GetCustomersQuery starting... 
2026-08-28 23:28:22.6577|Info|Microsoft.EntityFrameworkCore.Database.Command|CorrelationId=c1af3ecf-c52e-4c72-b3b6-665557dbe8a7|Executed DbCommand (9ms) [Parameters=[], CommandType='Text', CommandTimeout='30']
SELECT count(*)::int
FROM "Customers" AS c
WHERE NOT (c."IsDeleted") 
2026-08-28 23:28:22.6577|Info|Microsoft.EntityFrameworkCore.Database.Command|CorrelationId=c1af3ecf-c52e-4c72-b3b6-665557dbe8a7|Executed DbCommand (3ms) [Parameters=[@p1='?' (DbType = Int32), @p='?' (DbType = Int32)], CommandType='Text', CommandTimeout='30']
SELECT c."Id", c."FullName", c."Phone", c."Address"
FROM "Customers" AS c
WHERE NOT (c."IsDeleted")
ORDER BY c."FullName"
LIMIT @p1 OFFSET @p 
2026-08-28 23:28:22.6577|Info|SmartLoan.Application.Common.Behaviors.LoggingBehavior|CorrelationId=c1af3ecf-c52e-4c72-b3b6-665557dbe8a7|Smarloan Request:GetCustomersQuery finished in 18ms 
2026-08-28 23:28:22.6577|Info|Microsoft.AspNetCore.Mvc.Infrastructure.ObjectResultExecutor|CorrelationId=c1af3ecf-c52e-4c72-b3b6-665557dbe8a7|Executing ObjectResult, writing value of type 'SmartLoan.Application.Common.PagedResponse`1[[SmartLoan.Application.Customers.CustomerDetailsDto, SmartLoan.Application, Version=1.0.0.0, Culture=neutral, PublicKeyToken=null]]'. 
2026-08-28 23:28:22.6577|Info|Microsoft.AspNetCore.Mvc.Infrastructure.ControllerActionInvoker|CorrelationId=c1af3ecf-c52e-4c72-b3b6-665557dbe8a7|Executed action SmartLoan.Api.Controllers.CustomersController.GetAll (SmartLoan.Api) in 19.3564ms 
2026-08-28 23:28:22.6577|Info|Microsoft.AspNetCore.Routing.EndpointMiddleware|CorrelationId=c1af3ecf-c52e-4c72-b3b6-665557dbe8a7|Executed endpoint 'SmartLoan.Api.Controllers.CustomersController.GetAll (SmartLoan.Api)' 
2026-08-28 23:28:22.6577|Info|Microsoft.AspNetCore.Hosting.Diagnostics|CorrelationId=|Request finished HTTP/1.1 GET http://localhost:5176/api/v1/customers?pageNumber=1&pageSize=10&search= - 200 - application/json;+charset=utf-8 21.3691ms 
2026-08-28 23:28:38.0447|Info|Microsoft.AspNetCore.Hosting.Diagnostics|CorrelationId=|Request starting HTTP/1.1 GET http://localhost:5176/api/v1/customers?pageNumber=1&pageSize=10&search= - - - 
2026-08-28 23:28:38.0447|Info|Microsoft.AspNetCore.Routing.EndpointMiddleware|CorrelationId=184eaa0b-cc27-42a6-b7cb-ada0099242a5|Executing endpoint 'SmartLoan.Api.Controllers.CustomersController.GetAll (SmartLoan.Api)' 
2026-08-28 23:28:38.0447|Info|Microsoft.AspNetCore.Mvc.Infrastructure.ControllerActionInvoker|CorrelationId=184eaa0b-cc27-42a6-b7cb-ada0099242a5|Route matched with {action = "GetAll", controller = "Customers"}. Executing controller action with signature System.Threading.Tasks.Task`1[Microsoft.AspNetCore.Mvc.ActionResult`1[SmartLoan.Application.Common.PagedResponse`1[SmartLoan.Application.Customers.CustomerDetailsDto]]] GetAll(SmartLoan.Application.Common.PagedRequest) on controller SmartLoan.Api.Controllers.CustomersController (SmartLoan.Api). 
2026-08-28 23:28:38.0447|Info|SmartLoan.Application.Common.Behaviors.LoggingBehavior|CorrelationId=184eaa0b-cc27-42a6-b7cb-ada0099242a5|smartloan Request:GetCustomersQuery starting... 
2026-08-28 23:28:38.0447|Info|Microsoft.EntityFrameworkCore.Database.Command|CorrelationId=184eaa0b-cc27-42a6-b7cb-ada0099242a5|Executed DbCommand (1ms) [Parameters=[], CommandType='Text', CommandTimeout='30']
SELECT count(*)::int
FROM "Customers" AS c
WHERE NOT (c."IsDeleted") 
2026-08-28 23:28:38.0447|Info|Microsoft.EntityFrameworkCore.Database.Command|CorrelationId=184eaa0b-cc27-42a6-b7cb-ada0099242a5|Executed DbCommand (1ms) [Parameters=[@p1='?' (DbType = Int32), @p='?' (DbType = Int32)], CommandType='Text', CommandTimeout='30']
SELECT c."Id", c."FullName", c."Phone", c."Address"
FROM "Customers" AS c
WHERE NOT (c."IsDeleted")
ORDER BY c."FullName"
LIMIT @p1 OFFSET @p 
2026-08-28 23:28:38.0447|Info|SmartLoan.Application.Common.Behaviors.LoggingBehavior|CorrelationId=184eaa0b-cc27-42a6-b7cb-ada0099242a5|Smarloan Request:GetCustomersQuery finished in 3ms 
2026-08-28 23:28:38.0447|Info|Microsoft.AspNetCore.Mvc.Infrastructure.ObjectResultExecutor|CorrelationId=184eaa0b-cc27-42a6-b7cb-ada0099242a5|Executing ObjectResult, writing value of type 'SmartLoan.Application.Common.PagedResponse`1[[SmartLoan.Application.Customers.CustomerDetailsDto, SmartLoan.Application, Version=1.0.0.0, Culture=neutral, PublicKeyToken=null]]'. 
2026-08-28 23:28:38.0447|Info|Microsoft.AspNetCore.Mvc.Infrastructure.ControllerActionInvoker|CorrelationId=184eaa0b-cc27-42a6-b7cb-ada0099242a5|Executed action SmartLoan.Api.Controllers.CustomersController.GetAll (SmartLoan.Api) in 4.1572ms 
2026-08-28 23:28:38.0447|Info|Microsoft.AspNetCore.Routing.EndpointMiddleware|CorrelationId=184eaa0b-cc27-42a6-b7cb-ada0099242a5|Executed endpoint 'SmartLoan.Api.Controllers.CustomersController.GetAll (SmartLoan.Api)' 
2026-08-28 23:28:38.0447|Info|Microsoft.AspNetCore.Hosting.Diagnostics|CorrelationId=|Request finished HTTP/1.1 GET http://localhost:5176/api/v1/customers?pageNumber=1&pageSize=10&search= - 200 - application/json;+charset=utf-8 5.2859ms 
2026-08-28 23:29:00.1602|Info|Microsoft.AspNetCore.Hosting.Diagnostics|CorrelationId=|Request starting HTTP/1.1 GET http://localhost:5176/api/v1/customers?pageNumber=1&pageSize=10&search= - - - 
2026-08-28 23:29:00.1602|Info|Microsoft.AspNetCore.Routing.EndpointMiddleware|CorrelationId=3af87e20-3137-4cb8-9886-5596ff952cf8|Executing endpoint 'SmartLoan.Api.Controllers.CustomersController.GetAll (SmartLoan.Api)' 
2026-08-28 23:29:00.1602|Info|Microsoft.AspNetCore.Mvc.Infrastructure.ControllerActionInvoker|CorrelationId=3af87e20-3137-4cb8-9886-5596ff952cf8|Route matched with {action = "GetAll", controller = "Customers"}. Executing controller action with signature System.Threading.Tasks.Task`1[Microsoft.AspNetCore.Mvc.ActionResult`1[SmartLoan.Application.Common.PagedResponse`1[SmartLoan.Application.Customers.CustomerDetailsDto]]] GetAll(SmartLoan.Application.Common.PagedRequest) on controller SmartLoan.Api.Controllers.CustomersController (SmartLoan.Api). 
2026-08-28 23:29:00.1602|Info|SmartLoan.Application.Common.Behaviors.LoggingBehavior|CorrelationId=3af87e20-3137-4cb8-9886-5596ff952cf8|smartloan Request:GetCustomersQuery starting... 
2026-08-28 23:29:00.1602|Info|Microsoft.EntityFrameworkCore.Database.Command|CorrelationId=3af87e20-3137-4cb8-9886-5596ff952cf8|Executed DbCommand (1ms) [Parameters=[], CommandType='Text', CommandTimeout='30']
SELECT count(*)::int
FROM "Customers" AS c
WHERE NOT (c."IsDeleted") 
2026-08-28 23:29:00.1602|Info|Microsoft.EntityFrameworkCore.Database.Command|CorrelationId=3af87e20-3137-4cb8-9886-5596ff952cf8|Executed DbCommand (1ms) [Parameters=[@p1='?' (DbType = Int32), @p='?' (DbType = Int32)], CommandType='Text', CommandTimeout='30']
SELECT c."Id", c."FullName", c."Phone", c."Address"
FROM "Customers" AS c
WHERE NOT (c."IsDeleted")
ORDER BY c."FullName"
LIMIT @p1 OFFSET @p 
2026-08-28 23:29:00.1602|Info|SmartLoan.Application.Common.Behaviors.LoggingBehavior|CorrelationId=3af87e20-3137-4cb8-9886-5596ff952cf8|Smarloan Request:GetCustomersQuery finished in 3ms 
2026-08-28 23:29:00.1602|Info|Microsoft.AspNetCore.Mvc.Infrastructure.ObjectResultExecutor|CorrelationId=3af87e20-3137-4cb8-9886-5596ff952cf8|Executing ObjectResult, writing value of type 'SmartLoan.Application.Common.PagedResponse`1[[SmartLoan.Application.Customers.CustomerDetailsDto, SmartLoan.Application, Version=1.0.0.0, Culture=neutral, PublicKeyToken=null]]'. 
2026-08-28 23:29:00.1602|Info|Microsoft.AspNetCore.Mvc.Infrastructure.ControllerActionInvoker|CorrelationId=3af87e20-3137-4cb8-9886-5596ff952cf8|Executed action SmartLoan.Api.Controllers.CustomersController.GetAll (SmartLoan.Api) in 4.3326ms 
2026-08-28 23:29:00.1602|Info|Microsoft.AspNetCore.Routing.EndpointMiddleware|CorrelationId=3af87e20-3137-4cb8-9886-5596ff952cf8|Executed endpoint 'SmartLoan.Api.Controllers.CustomersController.GetAll (SmartLoan.Api)' 
2026-08-28 23:29:00.1602|Info|Microsoft.AspNetCore.Hosting.Diagnostics|CorrelationId=|Request finished HTTP/1.1 GET http://localhost:5176/api/v1/customers?pageNumber=1&pageSize=10&search= - 200 - application/json;+charset=utf-8 6.6368ms 
2026-08-28 23:29:27.8917|Info|Microsoft.AspNetCore.Hosting.Diagnostics|CorrelationId=|Request starting HTTP/1.1 GET http://localhost:5176/api/v1/customers?pageNumber=1&pageSize=10&search= - - - 
2026-08-28 23:29:27.8917|Info|Microsoft.AspNetCore.Routing.EndpointMiddleware|CorrelationId=3e4f2dc8-95b9-4f26-9a5b-edbc2135b6e8|Executing endpoint 'SmartLoan.Api.Controllers.CustomersController.GetAll (SmartLoan.Api)' 
2026-08-28 23:29:27.8917|Info|Microsoft.AspNetCore.Mvc.Infrastructure.ControllerActionInvoker|CorrelationId=3e4f2dc8-95b9-4f26-9a5b-edbc2135b6e8|Route matched with {action = "GetAll", controller = "Customers"}. Executing controller action with signature System.Threading.Tasks.Task`1[Microsoft.AspNetCore.Mvc.ActionResult`1[SmartLoan.Application.Common.PagedResponse`1[SmartLoan.Application.Customers.CustomerDetailsDto]]] GetAll(SmartLoan.Application.Common.PagedRequest) on controller SmartLoan.Api.Controllers.CustomersController (SmartLoan.Api). 
2026-08-28 23:29:27.8917|Info|SmartLoan.Application.Common.Behaviors.LoggingBehavior|CorrelationId=3e4f2dc8-95b9-4f26-9a5b-edbc2135b6e8|smartloan Request:GetCustomersQuery starting... 
2026-08-28 23:29:27.8917|Info|Microsoft.EntityFrameworkCore.Database.Command|CorrelationId=3e4f2dc8-95b9-4f26-9a5b-edbc2135b6e8|Executed DbCommand (0ms) [Parameters=[], CommandType='Text', CommandTimeout='30']
SELECT count(*)::int
FROM "Customers" AS c
WHERE NOT (c."IsDeleted") 
2026-08-28 23:29:27.8917|Info|Microsoft.EntityFrameworkCore.Database.Command|CorrelationId=3e4f2dc8-95b9-4f26-9a5b-edbc2135b6e8|Executed DbCommand (1ms) [Parameters=[@p1='?' (DbType = Int32), @p='?' (DbType = Int32)], CommandType='Text', CommandTimeout='30']
SELECT c."Id", c."FullName", c."Phone", c."Address"
FROM "Customers" AS c
WHERE NOT (c."IsDeleted")
ORDER BY c."FullName"
LIMIT @p1 OFFSET @p 
2026-08-28 23:29:27.8917|Info|SmartLoan.Application.Common.Behaviors.LoggingBehavior|CorrelationId=3e4f2dc8-95b9-4f26-9a5b-edbc2135b6e8|Smarloan Request:GetCustomersQuery finished in 2ms 
2026-08-28 23:29:27.8917|Info|Microsoft.AspNetCore.Mvc.Infrastructure.ObjectResultExecutor|CorrelationId=3e4f2dc8-95b9-4f26-9a5b-edbc2135b6e8|Executing ObjectResult, writing value of type 'SmartLoan.Application.Common.PagedResponse`1[[SmartLoan.Application.Customers.CustomerDetailsDto, SmartLoan.Application, Version=1.0.0.0, Culture=neutral, PublicKeyToken=null]]'. 
2026-08-28 23:29:27.8917|Info|Microsoft.AspNetCore.Mvc.Infrastructure.ControllerActionInvoker|CorrelationId=3e4f2dc8-95b9-4f26-9a5b-edbc2135b6e8|Executed action SmartLoan.Api.Controllers.CustomersController.GetAll (SmartLoan.Api) in 3.7293ms 
2026-08-28 23:29:27.8917|Info|Microsoft.AspNetCore.Routing.EndpointMiddleware|CorrelationId=3e4f2dc8-95b9-4f26-9a5b-edbc2135b6e8|Executed endpoint 'SmartLoan.Api.Controllers.CustomersController.GetAll (SmartLoan.Api)' 
2026-08-28 23:29:27.8917|Info|Microsoft.AspNetCore.Hosting.Diagnostics|CorrelationId=|Request finished HTTP/1.1 GET http://localhost:5176/api/v1/customers?pageNumber=1&pageSize=10&search= - 200 - application/json;+charset=utf-8 4.8507ms 
2026-08-28 23:40:48.9038|Info|Microsoft.Hosting.Lifetime|CorrelationId=|Application is shutting down... 
2026-08-28 23:41:10.6958|Warn|Microsoft.EntityFrameworkCore.Model.Validation|CorrelationId=|Entity 'LoanApplication' has a global query filter defined and is the required end of a relationship with the entity 'Payment'. This may lead to unexpected results when the required entity is filtered out. Either configure the navigation as optional, or define matching query filters for both entities in the navigation. See https://go.microsoft.com/fwlink/?linkid=2131316 for more information. 
2026-08-28 23:41:11.6177|Info|Microsoft.EntityFrameworkCore.Database.Command|CorrelationId=|Executed DbCommand (52ms) [Parameters=[], CommandType='Text', CommandTimeout='30']
SELECT "MigrationId", "ProductVersion"
FROM "__EFMigrationsHistory"
ORDER BY "MigrationId"; 
2026-08-28 23:41:11.9832|Info|Microsoft.EntityFrameworkCore.Database.Command|CorrelationId=|Executed DbCommand (14ms) [Parameters=[], CommandType='Text', CommandTimeout='30']
SELECT 1 
2026-08-28 23:41:12.1037|Info|Microsoft.EntityFrameworkCore.Database.Command|CorrelationId=|Executed DbCommand (7ms) [Parameters=[], CommandType='Text', CommandTimeout='30']
CREATE TABLE IF NOT EXISTS "__EFMigrationsHistory" (
    "MigrationId" character varying(150) NOT NULL,
    "ProductVersion" character varying(32) NOT NULL,
    CONSTRAINT "PK___EFMigrationsHistory" PRIMARY KEY ("MigrationId")
); 
2026-08-28 23:41:12.1393|Info|Microsoft.EntityFrameworkCore.Database.Command|CorrelationId=|Executed DbCommand (1ms) [Parameters=[], CommandType='Text', CommandTimeout='30']
LOCK TABLE "__EFMigrationsHistory" IN ACCESS EXCLUSIVE MODE 
2026-08-28 23:41:12.1393|Info|Microsoft.EntityFrameworkCore.Database.Command|CorrelationId=|Executed DbCommand (3ms) [Parameters=[], CommandType='Text', CommandTimeout='30']
SELECT "MigrationId", "ProductVersion"
FROM "__EFMigrationsHistory"
ORDER BY "MigrationId"; 
2026-08-28 23:41:12.1591|Info|Microsoft.EntityFrameworkCore.Migrations|CorrelationId=|No migrations were applied. The database is already up to date. 
2026-08-28 23:41:12.6585|Info|Microsoft.EntityFrameworkCore.Database.Command|CorrelationId=|Executed DbCommand (3ms) [Parameters=[], CommandType='Text', CommandTimeout='30']
SELECT EXISTS (
    SELECT 1
    FROM "Users" AS u
    WHERE u."Email" = 'admin@loan.com') 
2026-08-28 23:41:12.8884|Info|Microsoft.AspNetCore.DataProtection.KeyManagement.XmlKeyManager|CorrelationId=|User profile is available. Using 'C:\Users\isaac\AppData\Local\ASP.NET\DataProtection-Keys' as key repository and Windows DPAPI to encrypt keys at rest. 
2026-08-28 23:41:12.9023|Info|SmartLoan.Infrastructure.BackgroundJobs.ReportWorker|CorrelationId=|Report Worker is starting... 
2026-08-28 23:41:13.0056|Info|Microsoft.Hosting.Lifetime|CorrelationId=|Now listening on: http://localhost:5176 
2026-08-28 23:41:13.0056|Info|Microsoft.Hosting.Lifetime|CorrelationId=|Application started. Press Ctrl+C to shut down. 
2026-08-28 23:41:13.0056|Info|Microsoft.Hosting.Lifetime|CorrelationId=|Hosting environment: Development 
2026-08-28 23:41:13.0056|Info|Microsoft.Hosting.Lifetime|CorrelationId=|Content root path: D:\isaac\educational purpose only\.net\kyas pro\SmartLoanTracker\smartloan.api 
2026-08-28 23:41:19.4379|Info|Microsoft.AspNetCore.Hosting.Diagnostics|CorrelationId=|Request starting HTTP/1.1 GET http://localhost:5176/api/v1/customers?pageNumber=1&pageSize=10&search= - - - 
2026-08-28 23:41:19.6299|Warn|Microsoft.AspNetCore.HttpsPolicy.HttpsRedirectionMiddleware|CorrelationId=fc9b39ae-2bc5-49fc-8ff1-b4b11b73cc54|Failed to determine the https port for redirect. 
2026-08-28 23:41:19.6299|Info|Microsoft.AspNetCore.Routing.EndpointMiddleware|CorrelationId=fc9b39ae-2bc5-49fc-8ff1-b4b11b73cc54|Executing endpoint 'SmartLoan.Api.Controllers.CustomersController.GetAll (SmartLoan.Api)' 
2026-08-28 23:41:19.6726|Info|Microsoft.AspNetCore.Mvc.Infrastructure.ControllerActionInvoker|CorrelationId=fc9b39ae-2bc5-49fc-8ff1-b4b11b73cc54|Route matched with {action = "GetAll", controller = "Customers"}. Executing controller action with signature System.Threading.Tasks.Task`1[Microsoft.AspNetCore.Mvc.ActionResult`1[SmartLoan.Application.Common.PagedResponse`1[SmartLoan.Application.Customers.CustomerDetailsDto]]] GetAll(SmartLoan.Application.Common.PagedRequest) on controller SmartLoan.Api.Controllers.CustomersController (SmartLoan.Api). 
2026-08-28 23:41:19.6918|Warn|LuckyPennySoftware.MediatR.License|CorrelationId=fc9b39ae-2bc5-49fc-8ff1-b4b11b73cc54|You do not have a valid license key for the Lucky Penny software MediatR. This is allowed for development and testing scenarios. If you are running in production you are required to have a licensed version. Please visit https://luckypennysoftware.com to obtain a valid license. 
2026-08-28 23:41:19.7259|Info|SmartLoan.Application.Common.Behaviors.LoggingBehavior|CorrelationId=fc9b39ae-2bc5-49fc-8ff1-b4b11b73cc54|smartloan Request:GetCustomersQuery starting... 
2026-08-28 23:41:19.8614|Info|Microsoft.EntityFrameworkCore.Database.Command|CorrelationId=fc9b39ae-2bc5-49fc-8ff1-b4b11b73cc54|Executed DbCommand (3ms) [Parameters=[], CommandType='Text', CommandTimeout='30']
SELECT count(*)::int
FROM "Customers" AS c
WHERE NOT (c."IsDeleted") 
2026-08-28 23:41:20.0093|Info|Microsoft.EntityFrameworkCore.Database.Command|CorrelationId=fc9b39ae-2bc5-49fc-8ff1-b4b11b73cc54|Executed DbCommand (14ms) [Parameters=[@p1='?' (DbType = Int32), @p='?' (DbType = Int32)], CommandType='Text', CommandTimeout='30']
SELECT c."Id", c."FullName", c."Phone", c."Address"
FROM "Customers" AS c
WHERE NOT (c."IsDeleted")
ORDER BY c."FullName"
LIMIT @p1 OFFSET @p 
2026-08-28 23:41:20.0093|Info|SmartLoan.Application.Common.Behaviors.LoggingBehavior|CorrelationId=fc9b39ae-2bc5-49fc-8ff1-b4b11b73cc54|Smarloan Request:GetCustomersQuery finished in 287ms 
2026-08-28 23:41:20.0238|Info|Microsoft.AspNetCore.Mvc.Infrastructure.ObjectResultExecutor|CorrelationId=fc9b39ae-2bc5-49fc-8ff1-b4b11b73cc54|Executing ObjectResult, writing value of type 'SmartLoan.Application.Common.PagedResponse`1[[SmartLoan.Application.Customers.CustomerDetailsDto, SmartLoan.Application, Version=1.0.0.0, Culture=neutral, PublicKeyToken=null]]'. 
2026-08-28 23:41:20.1059|Info|Microsoft.AspNetCore.Mvc.Infrastructure.ControllerActionInvoker|CorrelationId=fc9b39ae-2bc5-49fc-8ff1-b4b11b73cc54|Executed action SmartLoan.Api.Controllers.CustomersController.GetAll (SmartLoan.Api) in 419.2523ms 
2026-08-28 23:41:20.1059|Info|Microsoft.AspNetCore.Routing.EndpointMiddleware|CorrelationId=fc9b39ae-2bc5-49fc-8ff1-b4b11b73cc54|Executed endpoint 'SmartLoan.Api.Controllers.CustomersController.GetAll (SmartLoan.Api)' 
2026-08-28 23:41:20.1166|Info|Microsoft.AspNetCore.Hosting.Diagnostics|CorrelationId=|Request finished HTTP/1.1 GET http://localhost:5176/api/v1/customers?pageNumber=1&pageSize=10&search= - 200 - application/json;+charset=utf-8 687.4408ms 
2026-08-28 23:41:23.3736|Info|Microsoft.AspNetCore.Hosting.Diagnostics|CorrelationId=|Request starting HTTP/1.1 GET http://localhost:5176/api/v1/customers?pageNumber=1&pageSize=10&search= - - - 
2026-08-28 23:41:23.3736|Info|Microsoft.AspNetCore.Routing.EndpointMiddleware|CorrelationId=039c1da3-a4ee-45ad-969b-8c25198f729a|Executing endpoint 'SmartLoan.Api.Controllers.CustomersController.GetAll (SmartLoan.Api)' 
2026-08-28 23:41:23.3736|Info|Microsoft.AspNetCore.Mvc.Infrastructure.ControllerActionInvoker|CorrelationId=039c1da3-a4ee-45ad-969b-8c25198f729a|Route matched with {action = "GetAll", controller = "Customers"}. Executing controller action with signature System.Threading.Tasks.Task`1[Microsoft.AspNetCore.Mvc.ActionResult`1[SmartLoan.Application.Common.PagedResponse`1[SmartLoan.Application.Customers.CustomerDetailsDto]]] GetAll(SmartLoan.Application.Common.PagedRequest) on controller SmartLoan.Api.Controllers.CustomersController (SmartLoan.Api). 
2026-08-28 23:41:23.3736|Info|SmartLoan.Application.Common.Behaviors.LoggingBehavior|CorrelationId=039c1da3-a4ee-45ad-969b-8c25198f729a|smartloan Request:GetCustomersQuery starting... 
2026-08-28 23:41:23.4726|Info|Microsoft.EntityFrameworkCore.Database.Command|CorrelationId=039c1da3-a4ee-45ad-969b-8c25198f729a|Executed DbCommand (1ms) [Parameters=[], CommandType='Text', CommandTimeout='30']
SELECT count(*)::int
FROM "Customers" AS c
WHERE NOT (c."IsDeleted") 
2026-08-28 23:41:23.4726|Info|Microsoft.EntityFrameworkCore.Database.Command|CorrelationId=039c1da3-a4ee-45ad-969b-8c25198f729a|Executed DbCommand (1ms) [Parameters=[@p1='?' (DbType = Int32), @p='?' (DbType = Int32)], CommandType='Text', CommandTimeout='30']
SELECT c."Id", c."FullName", c."Phone", c."Address"
FROM "Customers" AS c
WHERE NOT (c."IsDeleted")
ORDER BY c."FullName"
LIMIT @p1 OFFSET @p 
2026-08-28 23:41:23.4726|Info|SmartLoan.Application.Common.Behaviors.LoggingBehavior|CorrelationId=039c1da3-a4ee-45ad-969b-8c25198f729a|Smarloan Request:GetCustomersQuery finished in 98ms 
2026-08-28 23:41:23.4726|Info|Microsoft.AspNetCore.Mvc.Infrastructure.ObjectResultExecutor|CorrelationId=039c1da3-a4ee-45ad-969b-8c25198f729a|Executing ObjectResult, writing value of type 'SmartLoan.Application.Common.PagedResponse`1[[SmartLoan.Application.Customers.CustomerDetailsDto, SmartLoan.Application, Version=1.0.0.0, Culture=neutral, PublicKeyToken=null]]'. 
2026-08-28 23:41:23.4726|Info|Microsoft.AspNetCore.Mvc.Infrastructure.ControllerActionInvoker|CorrelationId=039c1da3-a4ee-45ad-969b-8c25198f729a|Executed action SmartLoan.Api.Controllers.CustomersController.GetAll (SmartLoan.Api) in 102.7299ms 
2026-08-28 23:41:23.4726|Info|Microsoft.AspNetCore.Routing.EndpointMiddleware|CorrelationId=039c1da3-a4ee-45ad-969b-8c25198f729a|Executed endpoint 'SmartLoan.Api.Controllers.CustomersController.GetAll (SmartLoan.Api)' 
2026-08-28 23:41:23.4835|Info|Microsoft.AspNetCore.Hosting.Diagnostics|CorrelationId=|Request finished HTTP/1.1 GET http://localhost:5176/api/v1/customers?pageNumber=1&pageSize=10&search= - 200 - application/json;+charset=utf-8 109.8501ms 
2026-08-28 23:41:24.3902|Info|Microsoft.AspNetCore.Hosting.Diagnostics|CorrelationId=|Request starting HTTP/1.1 GET http://localhost:5176/api/v1/customers?pageNumber=1&pageSize=10&search= - - - 
2026-08-28 23:41:24.3902|Info|Microsoft.AspNetCore.Routing.EndpointMiddleware|CorrelationId=e7a91b57-0905-4a39-b715-8d4dd21fc796|Executing endpoint 'SmartLoan.Api.Controllers.CustomersController.GetAll (SmartLoan.Api)' 
2026-08-28 23:41:24.3902|Info|Microsoft.AspNetCore.Mvc.Infrastructure.ControllerActionInvoker|CorrelationId=e7a91b57-0905-4a39-b715-8d4dd21fc796|Route matched with {action = "GetAll", controller = "Customers"}. Executing controller action with signature System.Threading.Tasks.Task`1[Microsoft.AspNetCore.Mvc.ActionResult`1[SmartLoan.Application.Common.PagedResponse`1[SmartLoan.Application.Customers.CustomerDetailsDto]]] GetAll(SmartLoan.Application.Common.PagedRequest) on controller SmartLoan.Api.Controllers.CustomersController (SmartLoan.Api). 
2026-08-28 23:41:24.4041|Info|SmartLoan.Application.Common.Behaviors.LoggingBehavior|CorrelationId=e7a91b57-0905-4a39-b715-8d4dd21fc796|smartloan Request:GetCustomersQuery starting... 
2026-08-28 23:41:24.4041|Info|Microsoft.EntityFrameworkCore.Database.Command|CorrelationId=e7a91b57-0905-4a39-b715-8d4dd21fc796|Executed DbCommand (0ms) [Parameters=[], CommandType='Text', CommandTimeout='30']
SELECT count(*)::int
FROM "Customers" AS c
WHERE NOT (c."IsDeleted") 
2026-08-28 23:41:24.4041|Info|Microsoft.EntityFrameworkCore.Database.Command|CorrelationId=e7a91b57-0905-4a39-b715-8d4dd21fc796|Executed DbCommand (1ms) [Parameters=[@p1='?' (DbType = Int32), @p='?' (DbType = Int32)], CommandType='Text', CommandTimeout='30']
SELECT c."Id", c."FullName", c."Phone", c."Address"
FROM "Customers" AS c
WHERE NOT (c."IsDeleted")
ORDER BY c."FullName"
LIMIT @p1 OFFSET @p 
2026-08-28 23:41:24.4041|Info|SmartLoan.Application.Common.Behaviors.LoggingBehavior|CorrelationId=e7a91b57-0905-4a39-b715-8d4dd21fc796|Smarloan Request:GetCustomersQuery finished in 6ms 
2026-08-28 23:41:24.4041|Info|Microsoft.AspNetCore.Mvc.Infrastructure.ObjectResultExecutor|CorrelationId=e7a91b57-0905-4a39-b715-8d4dd21fc796|Executing ObjectResult, writing value of type 'SmartLoan.Application.Common.PagedResponse`1[[SmartLoan.Application.Customers.CustomerDetailsDto, SmartLoan.Application, Version=1.0.0.0, Culture=neutral, PublicKeyToken=null]]'. 
2026-08-28 23:41:24.4041|Info|Microsoft.AspNetCore.Mvc.Infrastructure.ControllerActionInvoker|CorrelationId=e7a91b57-0905-4a39-b715-8d4dd21fc796|Executed action SmartLoan.Api.Controllers.CustomersController.GetAll (SmartLoan.Api) in 16.446ms 
2026-08-28 23:41:24.4041|Info|Microsoft.AspNetCore.Routing.EndpointMiddleware|CorrelationId=e7a91b57-0905-4a39-b715-8d4dd21fc796|Executed endpoint 'SmartLoan.Api.Controllers.CustomersController.GetAll (SmartLoan.Api)' 
2026-08-28 23:41:24.4041|Info|Microsoft.AspNetCore.Hosting.Diagnostics|CorrelationId=|Request finished HTTP/1.1 GET http://localhost:5176/api/v1/customers?pageNumber=1&pageSize=10&search= - 200 - application/json;+charset=utf-8 22.5347ms 
2026-08-28 23:42:38.6815|Info|Microsoft.AspNetCore.Hosting.Diagnostics|CorrelationId=|Request starting HTTP/1.1 GET http://localhost:5176/scalar/ - - - 
2026-08-28 23:42:38.6815|Info|Microsoft.AspNetCore.Routing.EndpointMiddleware|CorrelationId=3e76dd88-5359-430b-a7c0-ee4e7b72df40|Executing endpoint 'HTTP: GET /scalar/{documentName?}' 
2026-08-28 23:42:38.8917|Info|Microsoft.AspNetCore.Http.Result.ContentResult|CorrelationId=3e76dd88-5359-430b-a7c0-ee4e7b72df40|Write content with HTTP Response ContentType of text/html 
2026-08-28 23:42:38.8917|Info|Microsoft.AspNetCore.Routing.EndpointMiddleware|CorrelationId=3e76dd88-5359-430b-a7c0-ee4e7b72df40|Executed endpoint 'HTTP: GET /scalar/{documentName?}' 
2026-08-28 23:42:38.8917|Info|Microsoft.AspNetCore.Hosting.Diagnostics|CorrelationId=|Request finished HTTP/1.1 GET http://localhost:5176/scalar/ - 200 637 text/html 211.1795ms 
2026-08-28 23:42:38.9250|Info|Microsoft.AspNetCore.Hosting.Diagnostics|CorrelationId=|Request starting HTTP/1.1 GET http://localhost:5176/scalar/scalar.aspnetcore.js - - - 
2026-08-28 23:42:38.9250|Info|Microsoft.AspNetCore.Hosting.Diagnostics|CorrelationId=|Request starting HTTP/1.1 GET http://localhost:5176/scalar/scalar.js - - - 
2026-08-28 23:42:38.9250|Info|Microsoft.AspNetCore.Routing.EndpointMiddleware|CorrelationId=0fcf5354-7b1d-4e87-a341-82a5879e3d07|Executing endpoint 'HTTP: GET /scalar/scalar.js' 
2026-08-28 23:42:38.9250|Info|Microsoft.AspNetCore.Cors.Infrastructure.CorsService|CorrelationId=ff1cf750-c73b-4dfe-90d3-d7d2df75219b|CORS policy execution successful. 
2026-08-28 23:42:38.9250|Info|Microsoft.AspNetCore.Routing.EndpointMiddleware|CorrelationId=ff1cf750-c73b-4dfe-90d3-d7d2df75219b|Executing endpoint 'HTTP: GET /scalar/scalar.aspnetcore.js' 
2026-08-28 23:42:38.9250|Info|Microsoft.AspNetCore.Http.Result.FileStreamResult|CorrelationId=ff1cf750-c73b-4dfe-90d3-d7d2df75219b|Sending file with download name ''. 
2026-08-28 23:42:38.9348|Info|Microsoft.AspNetCore.Routing.EndpointMiddleware|CorrelationId=ff1cf750-c73b-4dfe-90d3-d7d2df75219b|Executed endpoint 'HTTP: GET /scalar/scalar.aspnetcore.js' 
2026-08-28 23:42:38.9348|Info|Microsoft.AspNetCore.Hosting.Diagnostics|CorrelationId=|Request finished HTTP/1.1 GET http://localhost:5176/scalar/scalar.aspnetcore.js - 304 - - 10.7307ms 
2026-08-28 23:42:38.9348|Info|Microsoft.AspNetCore.Http.Result.FileStreamResult|CorrelationId=0fcf5354-7b1d-4e87-a341-82a5879e3d07|Sending file with download name ''. 
2026-08-28 23:42:38.9348|Info|Microsoft.AspNetCore.Routing.EndpointMiddleware|CorrelationId=0fcf5354-7b1d-4e87-a341-82a5879e3d07|Executed endpoint 'HTTP: GET /scalar/scalar.js' 
2026-08-28 23:42:38.9348|Info|Microsoft.AspNetCore.Hosting.Diagnostics|CorrelationId=|Request finished HTTP/1.1 GET http://localhost:5176/scalar/scalar.js - 304 - - 17.5635ms 
2026-08-28 23:42:39.2714|Info|Microsoft.AspNetCore.Hosting.Diagnostics|CorrelationId=|Request starting HTTP/1.1 GET http://localhost:5176/openapi/v1.json - - - 
2026-08-28 23:42:39.2714|Info|Microsoft.AspNetCore.Routing.EndpointMiddleware|CorrelationId=0934221e-e821-4521-8602-90fa49b35e51|Executing endpoint 'HTTP: GET /openapi/{documentName}.json' 
2026-08-28 23:42:39.4606|Info|Microsoft.AspNetCore.Routing.EndpointMiddleware|CorrelationId=0934221e-e821-4521-8602-90fa49b35e51|Executed endpoint 'HTTP: GET /openapi/{documentName}.json' 
2026-08-28 23:42:39.4606|Info|Microsoft.AspNetCore.Hosting.Diagnostics|CorrelationId=|Request finished HTTP/1.1 GET http://localhost:5176/openapi/v1.json - 200 - application/json;charset=utf-8 189.3722ms 
2026-08-28 23:43:12.3732|Info|Microsoft.AspNetCore.Hosting.Diagnostics|CorrelationId=|Request starting HTTP/1.1 POST http://localhost:5176/api/v1/Auth/login - application/json 58 
2026-08-28 23:43:12.3732|Info|Microsoft.AspNetCore.Cors.Infrastructure.CorsService|CorrelationId=7a68e2d9-6c91-4740-92ca-d61136f05e58|CORS policy execution successful. 
2026-08-28 23:43:12.3732|Info|Microsoft.AspNetCore.Routing.EndpointMiddleware|CorrelationId=7a68e2d9-6c91-4740-92ca-d61136f05e58|Executing endpoint 'SmartLoan.Api.Controllers.AuthController.Login (SmartLoan.Api)' 
2026-08-28 23:43:12.3906|Info|Microsoft.AspNetCore.Mvc.Infrastructure.ControllerActionInvoker|CorrelationId=7a68e2d9-6c91-4740-92ca-d61136f05e58|Route matched with {action = "Login", controller = "Auth"}. Executing controller action with signature System.Threading.Tasks.Task`1[Microsoft.AspNetCore.Mvc.ActionResult`1[SmartLoan.Application.Users.LoginResponse]] Login(SmartLoan.Application.Users.LoginCommand) on controller SmartLoan.Api.Controllers.AuthController (SmartLoan.Api). 
2026-08-28 23:43:12.4181|Info|SmartLoan.Application.Common.Behaviors.LoggingBehavior|CorrelationId=7a68e2d9-6c91-4740-92ca-d61136f05e58|smartloan Request:LoginCommand starting... 
2026-08-28 23:43:12.5140|Info|Microsoft.EntityFrameworkCore.Database.Command|CorrelationId=7a68e2d9-6c91-4740-92ca-d61136f05e58|Executed DbCommand (2ms) [Parameters=[@request_Email='?'], CommandType='Text', CommandTimeout='30']
SELECT u."Id", u."Email", u."FullName", u."PasswordHash", u."RefreshToken", u."RefreshTokenExpiryTime", u."Role"
FROM "Users" AS u
WHERE u."Email" = @request_Email
LIMIT 1 
2026-08-28 23:43:12.5140|Info|Microsoft.AspNetCore.Mvc.Infrastructure.ControllerActionInvoker|CorrelationId=7a68e2d9-6c91-4740-92ca-d61136f05e58|Executed action SmartLoan.Api.Controllers.AuthController.Login (SmartLoan.Api) in 130.0372ms 
2026-08-28 23:43:12.5140|Info|Microsoft.AspNetCore.Routing.EndpointMiddleware|CorrelationId=7a68e2d9-6c91-4740-92ca-d61136f05e58|Executed endpoint 'SmartLoan.Api.Controllers.AuthController.Login (SmartLoan.Api)' 
2026-08-28 23:43:12.5140|Error|SmartLoan.Api.Middleware.GlobalExeptionHandle|CorrelationId=7a68e2d9-6c91-4740-92ca-d61136f05e58|an error occurred:Invalid email or password. SmartLoan.Application.Common.Exceptions.BusinessRuleException: Invalid email or password.
   at SmartLoan.Application.Users.LoginHandler.Handle(LoginCommand request, CancellationToken ct) in D:\isaac\educational purpose only\.net\kyas pro\SmartLoanTracker\SmartLoan.Application\Users\Commands\Login\LoginResponse.cs:line 16
   at SmartLoan.Application.Common.Behaviors.ValidationBehavior`2.Handle(TRequest request, RequestHandlerDelegate`1 next, CancellationToken cancellationToken) in D:\isaac\educational purpose only\.net\kyas pro\SmartLoanTracker\SmartLoan.Application\Common\Behaviors\ValidationBehavior.cs:line 31
   at SmartLoan.Application.Common.Behaviors.LoggingBehavior`2.Handle(TRequest request, RequestHandlerDelegate`1 next, CancellationToken cancellationToken) in D:\isaac\educational purpose only\.net\kyas pro\SmartLoanTracker\SmartLoan.Application\Common\Behaviors\LoggingBehavior.cs:line 14
   at SmartLoan.Api.Controllers.AuthController.Login(LoginCommand command) in D:\isaac\educational purpose only\.net\kyas pro\SmartLoanTracker\smartloan.api\Controllers\AuthController.cs:line 21
   at lambda_method34(Closure, Object)
   at Microsoft.AspNetCore.Mvc.Infrastructure.ActionMethodExecutor.AwaitableObjectResultExecutor.Execute(ActionContext actionContext, IActionResultTypeMapper mapper, ObjectMethodExecutor executor, Object controller, Object[] arguments)
   at Microsoft.AspNetCore.Mvc.Infrastructure.ControllerActionInvoker.<InvokeActionMethodAsync>g__Awaited|12_0(ControllerActionInvoker invoker, ValueTask`1 actionResultValueTask)
   at Microsoft.AspNetCore.Mvc.Infrastructure.ControllerActionInvoker.<InvokeNextActionFilterAsync>g__Awaited|10_0(ControllerActionInvoker invoker, Task lastTask, State next, Scope scope, Object state, Boolean isCompleted)
   at Microsoft.AspNetCore.Mvc.Infrastructure.ControllerActionInvoker.Rethrow(ActionExecutedContextSealed context)
   at Microsoft.AspNetCore.Mvc.Infrastructure.ControllerActionInvoker.Next(State& next, Scope& scope, Object& state, Boolean& isCompleted)
   at Microsoft.AspNetCore.Mvc.Infrastructure.ControllerActionInvoker.<InvokeInnerFilterAsync>g__Awaited|13_0(ControllerActionInvoker invoker, Task lastTask, State next, Scope scope, Object state, Boolean isCompleted)
   at Microsoft.AspNetCore.Mvc.Infrastructure.ResourceInvoker.<InvokeFilterPipelineAsync>g__Awaited|20_0(ResourceInvoker invoker, Task lastTask, State next, Scope scope, Object state, Boolean isCompleted)
   at Microsoft.AspNetCore.Mvc.Infrastructure.ResourceInvoker.<InvokeAsync>g__Logged|17_1(ResourceInvoker invoker)
   at Microsoft.AspNetCore.Mvc.Infrastructure.ResourceInvoker.<InvokeAsync>g__Logged|17_1(ResourceInvoker invoker)
   at Microsoft.AspNetCore.Routing.EndpointMiddleware.<Invoke>g__AwaitRequestTask|7_0(Endpoint endpoint, Task requestTask, ILogger logger)
   at Microsoft.AspNetCore.Diagnostics.ExceptionHandlerMiddlewareImpl.<Invoke>g__Awaited|10_0(ExceptionHandlerMiddlewareImpl middleware, HttpContext context, Task task)
2026-08-28 23:43:12.5879|Info|Microsoft.AspNetCore.Hosting.Diagnostics|CorrelationId=|Request finished HTTP/1.1 POST http://localhost:5176/api/v1/Auth/login - 500 - application/json;+charset=utf-8 214.6188ms 
2026-08-28 23:43:26.9157|Info|Microsoft.AspNetCore.Hosting.Diagnostics|CorrelationId=|Request starting HTTP/1.1 POST http://localhost:5176/api/v1/Auth/login - application/json 59 
2026-08-28 23:43:26.9157|Info|Microsoft.AspNetCore.Cors.Infrastructure.CorsService|CorrelationId=a232e1b8-34cb-4436-954f-b8b470d063ec|CORS policy execution successful. 
2026-08-28 23:43:26.9157|Info|Microsoft.AspNetCore.Routing.EndpointMiddleware|CorrelationId=a232e1b8-34cb-4436-954f-b8b470d063ec|Executing endpoint 'SmartLoan.Api.Controllers.AuthController.Login (SmartLoan.Api)' 
2026-08-28 23:43:26.9196|Info|Microsoft.AspNetCore.Mvc.Infrastructure.ControllerActionInvoker|CorrelationId=a232e1b8-34cb-4436-954f-b8b470d063ec|Route matched with {action = "Login", controller = "Auth"}. Executing controller action with signature System.Threading.Tasks.Task`1[Microsoft.AspNetCore.Mvc.ActionResult`1[SmartLoan.Application.Users.LoginResponse]] Login(SmartLoan.Application.Users.LoginCommand) on controller SmartLoan.Api.Controllers.AuthController (SmartLoan.Api). 
2026-08-28 23:43:26.9196|Info|SmartLoan.Application.Common.Behaviors.LoggingBehavior|CorrelationId=a232e1b8-34cb-4436-954f-b8b470d063ec|smartloan Request:LoginCommand starting... 
2026-08-28 23:43:26.9196|Info|Microsoft.EntityFrameworkCore.Database.Command|CorrelationId=a232e1b8-34cb-4436-954f-b8b470d063ec|Executed DbCommand (1ms) [Parameters=[@request_Email='?'], CommandType='Text', CommandTimeout='30']
SELECT u."Id", u."Email", u."FullName", u."PasswordHash", u."RefreshToken", u."RefreshTokenExpiryTime", u."Role"
FROM "Users" AS u
WHERE u."Email" = @request_Email
LIMIT 1 
2026-08-28 23:43:27.5667|Info|Microsoft.EntityFrameworkCore.Database.Command|CorrelationId=a232e1b8-34cb-4436-954f-b8b470d063ec|Executed DbCommand (3ms) [Parameters=[@p2='?' (DbType = Int32), @p0='?', @p1='?' (DbType = DateTime)], CommandType='Text', CommandTimeout='30']
UPDATE "Users" SET "RefreshToken" = @p0, "RefreshTokenExpiryTime" = @p1
WHERE "Id" = @p2; 
2026-08-28 23:43:27.5768|Info|SmartLoan.Application.Common.Behaviors.LoggingBehavior|CorrelationId=a232e1b8-34cb-4436-954f-b8b470d063ec|Smarloan Request:LoginCommand finished in 655ms 
2026-08-28 23:43:27.5768|Info|Microsoft.AspNetCore.Mvc.Infrastructure.ObjectResultExecutor|CorrelationId=a232e1b8-34cb-4436-954f-b8b470d063ec|Executing OkObjectResult, writing value of type 'SmartLoan.Application.Users.LoginResponse'. 
2026-08-28 23:43:27.5768|Info|Microsoft.AspNetCore.Mvc.Infrastructure.ControllerActionInvoker|CorrelationId=a232e1b8-34cb-4436-954f-b8b470d063ec|Executed action SmartLoan.Api.Controllers.AuthController.Login (SmartLoan.Api) in 660.0142ms 
2026-08-28 23:43:27.5768|Info|Microsoft.AspNetCore.Routing.EndpointMiddleware|CorrelationId=a232e1b8-34cb-4436-954f-b8b470d063ec|Executed endpoint 'SmartLoan.Api.Controllers.AuthController.Login (SmartLoan.Api)' 
2026-08-28 23:43:27.5768|Info|Microsoft.AspNetCore.Hosting.Diagnostics|CorrelationId=|Request finished HTTP/1.1 POST http://localhost:5176/api/v1/Auth/login - 200 - application/json;+charset=utf-8 664.6129ms 
2026-08-28 23:44:01.2522|Info|Microsoft.AspNetCore.Hosting.Diagnostics|CorrelationId=|Request starting HTTP/1.1 GET http://localhost:5176/api/v1/Customers - - - 
2026-08-28 23:44:01.3145|Info|Microsoft.AspNetCore.Authentication.JwtBearer.JwtBearerHandler|CorrelationId=7fdcf79b-32fe-4f02-a371-855680ade2a1|Failed to validate the token. Microsoft.IdentityModel.Tokens.SecurityTokenExpiredException: IDX10223: Lifetime validation failed. The token is expired. ValidTo (UTC): '8/28/2026 8:43:28 PM', Current time (UTC): '8/28/2026 8:44:01 PM'.
   at Microsoft.IdentityModel.Tokens.ValidatorUtilities.ValidateLifetime(Nullable`1 notBefore, Nullable`1 expires, SecurityToken securityToken, TokenValidationParameters validationParameters)
   at Microsoft.IdentityModel.Tokens.Validators.ValidateLifetime(Nullable`1 notBefore, Nullable`1 expires, SecurityToken securityToken, TokenValidationParameters validationParameters)
   at Microsoft.IdentityModel.JsonWebTokens.JsonWebTokenHandler.ValidateTokenPayloadAsync(JsonWebToken jsonWebToken, TokenValidationParameters validationParameters, BaseConfiguration configuration)
   at Microsoft.IdentityModel.JsonWebTokens.JsonWebTokenHandler.ValidateJWSAsync(JsonWebToken jsonWebToken, TokenValidationParameters validationParameters, BaseConfiguration configuration)
2026-08-28 23:44:01.3145|Info|Microsoft.AspNetCore.Authentication.JwtBearer.JwtBearerHandler|CorrelationId=7fdcf79b-32fe-4f02-a371-855680ade2a1|Bearer was not authenticated. Failure message: IDX10223: Lifetime validation failed. The token is expired. ValidTo (UTC): '8/28/2026 8:43:28 PM', Current time (UTC): '8/28/2026 8:44:01 PM'. 
2026-08-28 23:44:01.3145|Info|Microsoft.AspNetCore.Routing.EndpointMiddleware|CorrelationId=7fdcf79b-32fe-4f02-a371-855680ade2a1|Executing endpoint 'SmartLoan.Api.Controllers.CustomersController.GetAll (SmartLoan.Api)' 
2026-08-28 23:44:01.3145|Info|Microsoft.AspNetCore.Mvc.Infrastructure.ControllerActionInvoker|CorrelationId=7fdcf79b-32fe-4f02-a371-855680ade2a1|Route matched with {action = "GetAll", controller = "Customers"}. Executing controller action with signature System.Threading.Tasks.Task`1[Microsoft.AspNetCore.Mvc.ActionResult`1[SmartLoan.Application.Common.PagedResponse`1[SmartLoan.Application.Customers.CustomerDetailsDto]]] GetAll(SmartLoan.Application.Common.PagedRequest) on controller SmartLoan.Api.Controllers.CustomersController (SmartLoan.Api). 
2026-08-28 23:44:01.3145|Info|SmartLoan.Application.Common.Behaviors.LoggingBehavior|CorrelationId=7fdcf79b-32fe-4f02-a371-855680ade2a1|smartloan Request:GetCustomersQuery starting... 
2026-08-28 23:44:01.3145|Info|Microsoft.EntityFrameworkCore.Database.Command|CorrelationId=7fdcf79b-32fe-4f02-a371-855680ade2a1|Executed DbCommand (1ms) [Parameters=[], CommandType='Text', CommandTimeout='30']
SELECT count(*)::int
FROM "Customers" AS c
WHERE NOT (c."IsDeleted") 
2026-08-28 23:44:01.3145|Info|Microsoft.EntityFrameworkCore.Database.Command|CorrelationId=7fdcf79b-32fe-4f02-a371-855680ade2a1|Executed DbCommand (1ms) [Parameters=[@p1='?' (DbType = Int32), @p='?' (DbType = Int32)], CommandType='Text', CommandTimeout='30']
SELECT c."Id", c."FullName", c."Phone", c."Address"
FROM "Customers" AS c
WHERE NOT (c."IsDeleted")
ORDER BY c."FullName"
LIMIT @p1 OFFSET @p 
2026-08-28 23:44:01.3145|Info|SmartLoan.Application.Common.Behaviors.LoggingBehavior|CorrelationId=7fdcf79b-32fe-4f02-a371-855680ade2a1|Smarloan Request:GetCustomersQuery finished in 3ms 
2026-08-28 23:44:01.3145|Info|Microsoft.AspNetCore.Mvc.Infrastructure.ObjectResultExecutor|CorrelationId=7fdcf79b-32fe-4f02-a371-855680ade2a1|Executing ObjectResult, writing value of type 'SmartLoan.Application.Common.PagedResponse`1[[SmartLoan.Application.Customers.CustomerDetailsDto, SmartLoan.Application, Version=1.0.0.0, Culture=neutral, PublicKeyToken=null]]'. 
2026-08-28 23:44:01.3145|Info|Microsoft.AspNetCore.Mvc.Infrastructure.ControllerActionInvoker|CorrelationId=7fdcf79b-32fe-4f02-a371-855680ade2a1|Executed action SmartLoan.Api.Controllers.CustomersController.GetAll (SmartLoan.Api) in 4.1737ms 
2026-08-28 23:44:01.3145|Info|Microsoft.AspNetCore.Routing.EndpointMiddleware|CorrelationId=7fdcf79b-32fe-4f02-a371-855680ade2a1|Executed endpoint 'SmartLoan.Api.Controllers.CustomersController.GetAll (SmartLoan.Api)' 
2026-08-28 23:44:01.3145|Info|Microsoft.AspNetCore.Hosting.Diagnostics|CorrelationId=|Request finished HTTP/1.1 GET http://localhost:5176/api/v1/Customers - 200 - application/json;+charset=utf-8 70.7036ms 
2026-08-28 23:44:02.9374|Info|Microsoft.AspNetCore.Hosting.Diagnostics|CorrelationId=|Request starting HTTP/1.1 GET http://localhost:5176/api/v1/Customers - - - 
2026-08-28 23:44:02.9374|Info|Microsoft.AspNetCore.Authentication.JwtBearer.JwtBearerHandler|CorrelationId=9632dacb-c1de-4ce7-a5ee-47873d407727|Failed to validate the token. Microsoft.IdentityModel.Tokens.SecurityTokenExpiredException: IDX10223: Lifetime validation failed. The token is expired. ValidTo (UTC): '8/28/2026 8:43:28 PM', Current time (UTC): '8/28/2026 8:44:02 PM'.
   at Microsoft.IdentityModel.Tokens.ValidatorUtilities.ValidateLifetime(Nullable`1 notBefore, Nullable`1 expires, SecurityToken securityToken, TokenValidationParameters validationParameters)
   at Microsoft.IdentityModel.Tokens.Validators.ValidateLifetime(Nullable`1 notBefore, Nullable`1 expires, SecurityToken securityToken, TokenValidationParameters validationParameters)
   at Microsoft.IdentityModel.JsonWebTokens.JsonWebTokenHandler.ValidateTokenPayloadAsync(JsonWebToken jsonWebToken, TokenValidationParameters validationParameters, BaseConfiguration configuration)
   at Microsoft.IdentityModel.JsonWebTokens.JsonWebTokenHandler.ValidateJWSAsync(JsonWebToken jsonWebToken, TokenValidationParameters validationParameters, BaseConfiguration configuration)
2026-08-28 23:44:02.9374|Info|Microsoft.AspNetCore.Authentication.JwtBearer.JwtBearerHandler|CorrelationId=9632dacb-c1de-4ce7-a5ee-47873d407727|Bearer was not authenticated. Failure message: IDX10223: Lifetime validation failed. The token is expired. ValidTo (UTC): '8/28/2026 8:43:28 PM', Current time (UTC): '8/28/2026 8:44:02 PM'. 
2026-08-28 23:44:02.9374|Info|Microsoft.AspNetCore.Routing.EndpointMiddleware|CorrelationId=9632dacb-c1de-4ce7-a5ee-47873d407727|Executing endpoint 'SmartLoan.Api.Controllers.CustomersController.GetAll (SmartLoan.Api)' 
2026-08-28 23:44:02.9374|Info|Microsoft.AspNetCore.Mvc.Infrastructure.ControllerActionInvoker|CorrelationId=9632dacb-c1de-4ce7-a5ee-47873d407727|Route matched with {action = "GetAll", controller = "Customers"}. Executing controller action with signature System.Threading.Tasks.Task`1[Microsoft.AspNetCore.Mvc.ActionResult`1[SmartLoan.Application.Common.PagedResponse`1[SmartLoan.Application.Customers.CustomerDetailsDto]]] GetAll(SmartLoan.Application.Common.PagedRequest) on controller SmartLoan.Api.Controllers.CustomersController (SmartLoan.Api). 
2026-08-28 23:44:02.9374|Info|SmartLoan.Application.Common.Behaviors.LoggingBehavior|CorrelationId=9632dacb-c1de-4ce7-a5ee-47873d407727|smartloan Request:GetCustomersQuery starting... 
2026-08-28 23:44:02.9374|Info|Microsoft.EntityFrameworkCore.Database.Command|CorrelationId=9632dacb-c1de-4ce7-a5ee-47873d407727|Executed DbCommand (1ms) [Parameters=[], CommandType='Text', CommandTimeout='30']
SELECT count(*)::int
FROM "Customers" AS c
WHERE NOT (c."IsDeleted") 
2026-08-28 23:44:02.9374|Info|Microsoft.EntityFrameworkCore.Database.Command|CorrelationId=9632dacb-c1de-4ce7-a5ee-47873d407727|Executed DbCommand (1ms) [Parameters=[@p1='?' (DbType = Int32), @p='?' (DbType = Int32)], CommandType='Text', CommandTimeout='30']
SELECT c."Id", c."FullName", c."Phone", c."Address"
FROM "Customers" AS c
WHERE NOT (c."IsDeleted")
ORDER BY c."FullName"
LIMIT @p1 OFFSET @p 
2026-08-28 23:44:02.9504|Info|SmartLoan.Application.Common.Behaviors.LoggingBehavior|CorrelationId=9632dacb-c1de-4ce7-a5ee-47873d407727|Smarloan Request:GetCustomersQuery finished in 5ms 
2026-08-28 23:44:02.9504|Info|Microsoft.AspNetCore.Mvc.Infrastructure.ObjectResultExecutor|CorrelationId=9632dacb-c1de-4ce7-a5ee-47873d407727|Executing ObjectResult, writing value of type 'SmartLoan.Application.Common.PagedResponse`1[[SmartLoan.Application.Customers.CustomerDetailsDto, SmartLoan.Application, Version=1.0.0.0, Culture=neutral, PublicKeyToken=null]]'. 
2026-08-28 23:44:02.9504|Info|Microsoft.AspNetCore.Mvc.Infrastructure.ControllerActionInvoker|CorrelationId=9632dacb-c1de-4ce7-a5ee-47873d407727|Executed action SmartLoan.Api.Controllers.CustomersController.GetAll (SmartLoan.Api) in 6.5295ms 
2026-08-28 23:44:02.9504|Info|Microsoft.AspNetCore.Routing.EndpointMiddleware|CorrelationId=9632dacb-c1de-4ce7-a5ee-47873d407727|Executed endpoint 'SmartLoan.Api.Controllers.CustomersController.GetAll (SmartLoan.Api)' 
2026-08-28 23:44:02.9504|Info|Microsoft.AspNetCore.Hosting.Diagnostics|CorrelationId=|Request finished HTTP/1.1 GET http://localhost:5176/api/v1/Customers - 200 - application/json;+charset=utf-8 14.5860ms 
2026-08-28 23:44:04.3941|Info|Microsoft.AspNetCore.Hosting.Diagnostics|CorrelationId=|Request starting HTTP/1.1 GET http://localhost:5176/api/v1/Customers - - - 
2026-08-28 23:44:04.3941|Info|Microsoft.AspNetCore.Authentication.JwtBearer.JwtBearerHandler|CorrelationId=2f477091-df5d-4f48-8c3b-9f3170a58140|Failed to validate the token. Microsoft.IdentityModel.Tokens.SecurityTokenExpiredException: IDX10223: Lifetime validation failed. The token is expired. ValidTo (UTC): '8/28/2026 8:43:28 PM', Current time (UTC): '8/28/2026 8:44:04 PM'.
   at Microsoft.IdentityModel.Tokens.ValidatorUtilities.ValidateLifetime(Nullable`1 notBefore, Nullable`1 expires, SecurityToken securityToken, TokenValidationParameters validationParameters)
   at Microsoft.IdentityModel.Tokens.Validators.ValidateLifetime(Nullable`1 notBefore, Nullable`1 expires, SecurityToken securityToken, TokenValidationParameters validationParameters)
   at Microsoft.IdentityModel.JsonWebTokens.JsonWebTokenHandler.ValidateTokenPayloadAsync(JsonWebToken jsonWebToken, TokenValidationParameters validationParameters, BaseConfiguration configuration)
   at Microsoft.IdentityModel.JsonWebTokens.JsonWebTokenHandler.ValidateJWSAsync(JsonWebToken jsonWebToken, TokenValidationParameters validationParameters, BaseConfiguration configuration)
2026-08-28 23:44:04.3941|Info|Microsoft.AspNetCore.Authentication.JwtBearer.JwtBearerHandler|CorrelationId=2f477091-df5d-4f48-8c3b-9f3170a58140|Bearer was not authenticated. Failure message: IDX10223: Lifetime validation failed. The token is expired. ValidTo (UTC): '8/28/2026 8:43:28 PM', Current time (UTC): '8/28/2026 8:44:04 PM'. 
2026-08-28 23:44:04.3941|Info|Microsoft.AspNetCore.Routing.EndpointMiddleware|CorrelationId=2f477091-df5d-4f48-8c3b-9f3170a58140|Executing endpoint 'SmartLoan.Api.Controllers.CustomersController.GetAll (SmartLoan.Api)' 
2026-08-28 23:44:04.3941|Info|Microsoft.AspNetCore.Mvc.Infrastructure.ControllerActionInvoker|CorrelationId=2f477091-df5d-4f48-8c3b-9f3170a58140|Route matched with {action = "GetAll", controller = "Customers"}. Executing controller action with signature System.Threading.Tasks.Task`1[Microsoft.AspNetCore.Mvc.ActionResult`1[SmartLoan.Application.Common.PagedResponse`1[SmartLoan.Application.Customers.CustomerDetailsDto]]] GetAll(SmartLoan.Application.Common.PagedRequest) on controller SmartLoan.Api.Controllers.CustomersController (SmartLoan.Api). 
2026-08-28 23:44:04.3941|Info|SmartLoan.Application.Common.Behaviors.LoggingBehavior|CorrelationId=2f477091-df5d-4f48-8c3b-9f3170a58140|smartloan Request:GetCustomersQuery starting... 
2026-08-28 23:44:04.3941|Info|Microsoft.EntityFrameworkCore.Database.Command|CorrelationId=2f477091-df5d-4f48-8c3b-9f3170a58140|Executed DbCommand (1ms) [Parameters=[], CommandType='Text', CommandTimeout='30']
SELECT count(*)::int
FROM "Customers" AS c
WHERE NOT (c."IsDeleted") 
2026-08-28 23:44:04.3941|Info|Microsoft.EntityFrameworkCore.Database.Command|CorrelationId=2f477091-df5d-4f48-8c3b-9f3170a58140|Executed DbCommand (1ms) [Parameters=[@p1='?' (DbType = Int32), @p='?' (DbType = Int32)], CommandType='Text', CommandTimeout='30']
SELECT c."Id", c."FullName", c."Phone", c."Address"
FROM "Customers" AS c
WHERE NOT (c."IsDeleted")
ORDER BY c."FullName"
LIMIT @p1 OFFSET @p 
2026-08-28 23:44:04.3941|Info|SmartLoan.Application.Common.Behaviors.LoggingBehavior|CorrelationId=2f477091-df5d-4f48-8c3b-9f3170a58140|Smarloan Request:GetCustomersQuery finished in 5ms 
2026-08-28 23:44:04.3941|Info|Microsoft.AspNetCore.Mvc.Infrastructure.ObjectResultExecutor|CorrelationId=2f477091-df5d-4f48-8c3b-9f3170a58140|Executing ObjectResult, writing value of type 'SmartLoan.Application.Common.PagedResponse`1[[SmartLoan.Application.Customers.CustomerDetailsDto, SmartLoan.Application, Version=1.0.0.0, Culture=neutral, PublicKeyToken=null]]'. 
2026-08-28 23:44:04.3941|Info|Microsoft.AspNetCore.Mvc.Infrastructure.ControllerActionInvoker|CorrelationId=2f477091-df5d-4f48-8c3b-9f3170a58140|Executed action SmartLoan.Api.Controllers.CustomersController.GetAll (SmartLoan.Api) in 6.3036ms 
2026-08-28 23:44:04.3941|Info|Microsoft.AspNetCore.Routing.EndpointMiddleware|CorrelationId=2f477091-df5d-4f48-8c3b-9f3170a58140|Executed endpoint 'SmartLoan.Api.Controllers.CustomersController.GetAll (SmartLoan.Api)' 
2026-08-28 23:44:04.3941|Info|Microsoft.AspNetCore.Hosting.Diagnostics|CorrelationId=|Request finished HTTP/1.1 GET http://localhost:5176/api/v1/Customers - 200 - application/json;+charset=utf-8 10.2460ms 
2026-08-28 23:44:16.5710|Info|Microsoft.AspNetCore.Hosting.Diagnostics|CorrelationId=|Request starting HTTP/1.1 GET http://localhost:5176/api/v1/Customers - - - 
2026-08-28 23:44:16.5710|Info|Microsoft.AspNetCore.Authentication.JwtBearer.JwtBearerHandler|CorrelationId=51f8cd13-d19e-45d8-9a29-e2525e5f30df|Failed to validate the token. Microsoft.IdentityModel.Tokens.SecurityTokenExpiredException: IDX10223: Lifetime validation failed. The token is expired. ValidTo (UTC): '8/28/2026 8:43:28 PM', Current time (UTC): '8/28/2026 8:44:16 PM'.
   at Microsoft.IdentityModel.Tokens.ValidatorUtilities.ValidateLifetime(Nullable`1 notBefore, Nullable`1 expires, SecurityToken securityToken, TokenValidationParameters validationParameters)
   at Microsoft.IdentityModel.Tokens.Validators.ValidateLifetime(Nullable`1 notBefore, Nullable`1 expires, SecurityToken securityToken, TokenValidationParameters validationParameters)
   at Microsoft.IdentityModel.JsonWebTokens.JsonWebTokenHandler.ValidateTokenPayloadAsync(JsonWebToken jsonWebToken, TokenValidationParameters validationParameters, BaseConfiguration configuration)
   at Microsoft.IdentityModel.JsonWebTokens.JsonWebTokenHandler.ValidateJWSAsync(JsonWebToken jsonWebToken, TokenValidationParameters validationParameters, BaseConfiguration configuration)
2026-08-28 23:44:16.5779|Info|Microsoft.AspNetCore.Authentication.JwtBearer.JwtBearerHandler|CorrelationId=51f8cd13-d19e-45d8-9a29-e2525e5f30df|Bearer was not authenticated. Failure message: IDX10223: Lifetime validation failed. The token is expired. ValidTo (UTC): '8/28/2026 8:43:28 PM', Current time (UTC): '8/28/2026 8:44:16 PM'. 
2026-08-28 23:44:16.5779|Info|Microsoft.AspNetCore.Routing.EndpointMiddleware|CorrelationId=51f8cd13-d19e-45d8-9a29-e2525e5f30df|Executing endpoint 'SmartLoan.Api.Controllers.CustomersController.GetAll (SmartLoan.Api)' 
2026-08-28 23:44:16.5779|Info|Microsoft.AspNetCore.Mvc.Infrastructure.ControllerActionInvoker|CorrelationId=51f8cd13-d19e-45d8-9a29-e2525e5f30df|Route matched with {action = "GetAll", controller = "Customers"}. Executing controller action with signature System.Threading.Tasks.Task`1[Microsoft.AspNetCore.Mvc.ActionResult`1[SmartLoan.Application.Common.PagedResponse`1[SmartLoan.Application.Customers.CustomerDetailsDto]]] GetAll(SmartLoan.Application.Common.PagedRequest) on controller SmartLoan.Api.Controllers.CustomersController (SmartLoan.Api). 
2026-08-28 23:44:16.5779|Info|SmartLoan.Application.Common.Behaviors.LoggingBehavior|CorrelationId=51f8cd13-d19e-45d8-9a29-e2525e5f30df|smartloan Request:GetCustomersQuery starting... 
2026-08-28 23:44:16.5779|Info|Microsoft.EntityFrameworkCore.Database.Command|CorrelationId=51f8cd13-d19e-45d8-9a29-e2525e5f30df|Executed DbCommand (1ms) [Parameters=[], CommandType='Text', CommandTimeout='30']
SELECT count(*)::int
FROM "Customers" AS c
WHERE NOT (c."IsDeleted") 
2026-08-28 23:44:16.5779|Info|Microsoft.EntityFrameworkCore.Database.Command|CorrelationId=51f8cd13-d19e-45d8-9a29-e2525e5f30df|Executed DbCommand (1ms) [Parameters=[@p1='?' (DbType = Int32), @p='?' (DbType = Int32)], CommandType='Text', CommandTimeout='30']
SELECT c."Id", c."FullName", c."Phone", c."Address"
FROM "Customers" AS c
WHERE NOT (c."IsDeleted")
ORDER BY c."FullName"
LIMIT @p1 OFFSET @p 
2026-08-28 23:44:16.5779|Info|SmartLoan.Application.Common.Behaviors.LoggingBehavior|CorrelationId=51f8cd13-d19e-45d8-9a29-e2525e5f30df|Smarloan Request:GetCustomersQuery finished in 7ms 
2026-08-28 23:44:16.5779|Info|Microsoft.AspNetCore.Mvc.Infrastructure.ObjectResultExecutor|CorrelationId=51f8cd13-d19e-45d8-9a29-e2525e5f30df|Executing ObjectResult, writing value of type 'SmartLoan.Application.Common.PagedResponse`1[[SmartLoan.Application.Customers.CustomerDetailsDto, SmartLoan.Application, Version=1.0.0.0, Culture=neutral, PublicKeyToken=null]]'. 
2026-08-28 23:44:16.5779|Info|Microsoft.AspNetCore.Mvc.Infrastructure.ControllerActionInvoker|CorrelationId=51f8cd13-d19e-45d8-9a29-e2525e5f30df|Executed action SmartLoan.Api.Controllers.CustomersController.GetAll (SmartLoan.Api) in 9.2929ms 
2026-08-28 23:44:16.5779|Info|Microsoft.AspNetCore.Routing.EndpointMiddleware|CorrelationId=51f8cd13-d19e-45d8-9a29-e2525e5f30df|Executed endpoint 'SmartLoan.Api.Controllers.CustomersController.GetAll (SmartLoan.Api)' 
2026-08-28 23:44:16.5779|Info|Microsoft.AspNetCore.Hosting.Diagnostics|CorrelationId=|Request finished HTTP/1.1 GET http://localhost:5176/api/v1/Customers - 200 - application/json;+charset=utf-8 19.5910ms 
2026-08-28 23:44:17.6501|Info|Microsoft.AspNetCore.Hosting.Diagnostics|CorrelationId=|Request starting HTTP/1.1 GET http://localhost:5176/api/v1/Customers - - - 
2026-08-28 23:44:17.6501|Info|Microsoft.AspNetCore.Authentication.JwtBearer.JwtBearerHandler|CorrelationId=530b126f-01b5-43af-98e6-699d9974c3f1|Failed to validate the token. Microsoft.IdentityModel.Tokens.SecurityTokenExpiredException: IDX10223: Lifetime validation failed. The token is expired. ValidTo (UTC): '8/28/2026 8:43:28 PM', Current time (UTC): '8/28/2026 8:44:17 PM'.
   at Microsoft.IdentityModel.Tokens.ValidatorUtilities.ValidateLifetime(Nullable`1 notBefore, Nullable`1 expires, SecurityToken securityToken, TokenValidationParameters validationParameters)
   at Microsoft.IdentityModel.Tokens.Validators.ValidateLifetime(Nullable`1 notBefore, Nullable`1 expires, SecurityToken securityToken, TokenValidationParameters validationParameters)
   at Microsoft.IdentityModel.JsonWebTokens.JsonWebTokenHandler.ValidateTokenPayloadAsync(JsonWebToken jsonWebToken, TokenValidationParameters validationParameters, BaseConfiguration configuration)
   at Microsoft.IdentityModel.JsonWebTokens.JsonWebTokenHandler.ValidateJWSAsync(JsonWebToken jsonWebToken, TokenValidationParameters validationParameters, BaseConfiguration configuration)
2026-08-28 23:44:17.6562|Info|Microsoft.AspNetCore.Authentication.JwtBearer.JwtBearerHandler|CorrelationId=530b126f-01b5-43af-98e6-699d9974c3f1|Bearer was not authenticated. Failure message: IDX10223: Lifetime validation failed. The token is expired. ValidTo (UTC): '8/28/2026 8:43:28 PM', Current time (UTC): '8/28/2026 8:44:17 PM'. 
2026-08-28 23:44:17.6562|Info|Microsoft.AspNetCore.Routing.EndpointMiddleware|CorrelationId=530b126f-01b5-43af-98e6-699d9974c3f1|Executing endpoint 'SmartLoan.Api.Controllers.CustomersController.GetAll (SmartLoan.Api)' 
2026-08-28 23:44:17.6562|Info|Microsoft.AspNetCore.Mvc.Infrastructure.ControllerActionInvoker|CorrelationId=530b126f-01b5-43af-98e6-699d9974c3f1|Route matched with {action = "GetAll", controller = "Customers"}. Executing controller action with signature System.Threading.Tasks.Task`1[Microsoft.AspNetCore.Mvc.ActionResult`1[SmartLoan.Application.Common.PagedResponse`1[SmartLoan.Application.Customers.CustomerDetailsDto]]] GetAll(SmartLoan.Application.Common.PagedRequest) on controller SmartLoan.Api.Controllers.CustomersController (SmartLoan.Api). 
2026-08-28 23:44:17.6562|Info|SmartLoan.Application.Common.Behaviors.LoggingBehavior|CorrelationId=530b126f-01b5-43af-98e6-699d9974c3f1|smartloan Request:GetCustomersQuery starting... 
2026-08-28 23:44:17.6562|Info|Microsoft.EntityFrameworkCore.Database.Command|CorrelationId=530b126f-01b5-43af-98e6-699d9974c3f1|Executed DbCommand (1ms) [Parameters=[], CommandType='Text', CommandTimeout='30']
SELECT count(*)::int
FROM "Customers" AS c
WHERE NOT (c."IsDeleted") 
2026-08-28 23:44:17.6562|Info|Microsoft.EntityFrameworkCore.Database.Command|CorrelationId=530b126f-01b5-43af-98e6-699d9974c3f1|Executed DbCommand (1ms) [Parameters=[@p1='?' (DbType = Int32), @p='?' (DbType = Int32)], CommandType='Text', CommandTimeout='30']
SELECT c."Id", c."FullName", c."Phone", c."Address"
FROM "Customers" AS c
WHERE NOT (c."IsDeleted")
ORDER BY c."FullName"
LIMIT @p1 OFFSET @p 
2026-08-28 23:44:17.6562|Info|SmartLoan.Application.Common.Behaviors.LoggingBehavior|CorrelationId=530b126f-01b5-43af-98e6-699d9974c3f1|Smarloan Request:GetCustomersQuery finished in 4ms 
2026-08-28 23:44:17.6562|Info|Microsoft.AspNetCore.Mvc.Infrastructure.ObjectResultExecutor|CorrelationId=530b126f-01b5-43af-98e6-699d9974c3f1|Executing ObjectResult, writing value of type 'SmartLoan.Application.Common.PagedResponse`1[[SmartLoan.Application.Customers.CustomerDetailsDto, SmartLoan.Application, Version=1.0.0.0, Culture=neutral, PublicKeyToken=null]]'. 
2026-08-28 23:44:17.6562|Info|Microsoft.AspNetCore.Mvc.Infrastructure.ControllerActionInvoker|CorrelationId=530b126f-01b5-43af-98e6-699d9974c3f1|Executed action SmartLoan.Api.Controllers.CustomersController.GetAll (SmartLoan.Api) in 5.5432ms 
2026-08-28 23:44:17.6562|Info|Microsoft.AspNetCore.Routing.EndpointMiddleware|CorrelationId=530b126f-01b5-43af-98e6-699d9974c3f1|Executed endpoint 'SmartLoan.Api.Controllers.CustomersController.GetAll (SmartLoan.Api)' 
2026-08-28 23:44:17.6562|Info|Microsoft.AspNetCore.Hosting.Diagnostics|CorrelationId=|Request finished HTTP/1.1 GET http://localhost:5176/api/v1/Customers - 200 - application/json;+charset=utf-8 12.9269ms 
2026-08-28 23:44:18.4856|Info|Microsoft.AspNetCore.Hosting.Diagnostics|CorrelationId=|Request starting HTTP/1.1 GET http://localhost:5176/api/v1/Customers - - - 
2026-08-28 23:44:18.4856|Info|Microsoft.AspNetCore.Authentication.JwtBearer.JwtBearerHandler|CorrelationId=83ebbbec-d49b-4c90-b788-8e16ab9b5d51|Failed to validate the token. Microsoft.IdentityModel.Tokens.SecurityTokenExpiredException: IDX10223: Lifetime validation failed. The token is expired. ValidTo (UTC): '8/28/2026 8:43:28 PM', Current time (UTC): '8/28/2026 8:44:18 PM'.
   at Microsoft.IdentityModel.Tokens.ValidatorUtilities.ValidateLifetime(Nullable`1 notBefore, Nullable`1 expires, SecurityToken securityToken, TokenValidationParameters validationParameters)
   at Microsoft.IdentityModel.Tokens.Validators.ValidateLifetime(Nullable`1 notBefore, Nullable`1 expires, SecurityToken securityToken, TokenValidationParameters validationParameters)
   at Microsoft.IdentityModel.JsonWebTokens.JsonWebTokenHandler.ValidateTokenPayloadAsync(JsonWebToken jsonWebToken, TokenValidationParameters validationParameters, BaseConfiguration configuration)
   at Microsoft.IdentityModel.JsonWebTokens.JsonWebTokenHandler.ValidateJWSAsync(JsonWebToken jsonWebToken, TokenValidationParameters validationParameters, BaseConfiguration configuration)
2026-08-28 23:44:18.4856|Info|Microsoft.AspNetCore.Authentication.JwtBearer.JwtBearerHandler|CorrelationId=83ebbbec-d49b-4c90-b788-8e16ab9b5d51|Bearer was not authenticated. Failure message: IDX10223: Lifetime validation failed. The token is expired. ValidTo (UTC): '8/28/2026 8:43:28 PM', Current time (UTC): '8/28/2026 8:44:18 PM'. 
2026-08-28 23:44:18.4856|Info|Microsoft.AspNetCore.Routing.EndpointMiddleware|CorrelationId=83ebbbec-d49b-4c90-b788-8e16ab9b5d51|Executing endpoint 'SmartLoan.Api.Controllers.CustomersController.GetAll (SmartLoan.Api)' 
2026-08-28 23:44:18.4856|Info|Microsoft.AspNetCore.Mvc.Infrastructure.ControllerActionInvoker|CorrelationId=83ebbbec-d49b-4c90-b788-8e16ab9b5d51|Route matched with {action = "GetAll", controller = "Customers"}. Executing controller action with signature System.Threading.Tasks.Task`1[Microsoft.AspNetCore.Mvc.ActionResult`1[SmartLoan.Application.Common.PagedResponse`1[SmartLoan.Application.Customers.CustomerDetailsDto]]] GetAll(SmartLoan.Application.Common.PagedRequest) on controller SmartLoan.Api.Controllers.CustomersController (SmartLoan.Api). 
2026-08-28 23:44:18.4856|Info|SmartLoan.Application.Common.Behaviors.LoggingBehavior|CorrelationId=83ebbbec-d49b-4c90-b788-8e16ab9b5d51|smartloan Request:GetCustomersQuery starting... 
2026-08-28 23:44:18.4856|Info|Microsoft.EntityFrameworkCore.Database.Command|CorrelationId=83ebbbec-d49b-4c90-b788-8e16ab9b5d51|Executed DbCommand (1ms) [Parameters=[], CommandType='Text', CommandTimeout='30']
SELECT count(*)::int
FROM "Customers" AS c
WHERE NOT (c."IsDeleted") 
2026-08-28 23:44:18.4856|Info|Microsoft.EntityFrameworkCore.Database.Command|CorrelationId=83ebbbec-d49b-4c90-b788-8e16ab9b5d51|Executed DbCommand (1ms) [Parameters=[@p1='?' (DbType = Int32), @p='?' (DbType = Int32)], CommandType='Text', CommandTimeout='30']
SELECT c."Id", c."FullName", c."Phone", c."Address"
FROM "Customers" AS c
WHERE NOT (c."IsDeleted")
ORDER BY c."FullName"
LIMIT @p1 OFFSET @p 
2026-08-28 23:44:18.4856|Info|SmartLoan.Application.Common.Behaviors.LoggingBehavior|CorrelationId=83ebbbec-d49b-4c90-b788-8e16ab9b5d51|Smarloan Request:GetCustomersQuery finished in 4ms 
2026-08-28 23:44:18.4856|Info|Microsoft.AspNetCore.Mvc.Infrastructure.ObjectResultExecutor|CorrelationId=83ebbbec-d49b-4c90-b788-8e16ab9b5d51|Executing ObjectResult, writing value of type 'SmartLoan.Application.Common.PagedResponse`1[[SmartLoan.Application.Customers.CustomerDetailsDto, SmartLoan.Application, Version=1.0.0.0, Culture=neutral, PublicKeyToken=null]]'. 
2026-08-28 23:44:18.4856|Info|Microsoft.AspNetCore.Mvc.Infrastructure.ControllerActionInvoker|CorrelationId=83ebbbec-d49b-4c90-b788-8e16ab9b5d51|Executed action SmartLoan.Api.Controllers.CustomersController.GetAll (SmartLoan.Api) in 5.8899ms 
2026-08-28 23:44:18.4856|Info|Microsoft.AspNetCore.Routing.EndpointMiddleware|CorrelationId=83ebbbec-d49b-4c90-b788-8e16ab9b5d51|Executed endpoint 'SmartLoan.Api.Controllers.CustomersController.GetAll (SmartLoan.Api)' 
2026-08-28 23:44:18.4977|Info|Microsoft.AspNetCore.Hosting.Diagnostics|CorrelationId=|Request finished HTTP/1.1 GET http://localhost:5176/api/v1/Customers - 200 - application/json;+charset=utf-8 12.0405ms 
2026-08-28 23:44:50.5616|Info|Microsoft.Hosting.Lifetime|CorrelationId=|Application is shutting down... 
2026-08-28 23:45:04.9854|Warn|Microsoft.EntityFrameworkCore.Model.Validation|CorrelationId=|Entity 'LoanApplication' has a global query filter defined and is the required end of a relationship with the entity 'Payment'. This may lead to unexpected results when the required entity is filtered out. Either configure the navigation as optional, or define matching query filters for both entities in the navigation. See https://go.microsoft.com/fwlink/?linkid=2131316 for more information. 
2026-08-28 23:45:05.4984|Info|Microsoft.EntityFrameworkCore.Database.Command|CorrelationId=|Executed DbCommand (20ms) [Parameters=[], CommandType='Text', CommandTimeout='30']
SELECT "MigrationId", "ProductVersion"
FROM "__EFMigrationsHistory"
ORDER BY "MigrationId"; 
2026-08-28 23:45:05.6810|Info|Microsoft.EntityFrameworkCore.Database.Command|CorrelationId=|Executed DbCommand (9ms) [Parameters=[], CommandType='Text', CommandTimeout='30']
SELECT 1 
2026-08-28 23:45:05.7500|Info|Microsoft.EntityFrameworkCore.Database.Command|CorrelationId=|Executed DbCommand (4ms) [Parameters=[], CommandType='Text', CommandTimeout='30']
CREATE TABLE IF NOT EXISTS "__EFMigrationsHistory" (
    "MigrationId" character varying(150) NOT NULL,
    "ProductVersion" character varying(32) NOT NULL,
    CONSTRAINT "PK___EFMigrationsHistory" PRIMARY KEY ("MigrationId")
); 
2026-08-28 23:45:05.7500|Info|Microsoft.EntityFrameworkCore.Database.Command|CorrelationId=|Executed DbCommand (0ms) [Parameters=[], CommandType='Text', CommandTimeout='30']
LOCK TABLE "__EFMigrationsHistory" IN ACCESS EXCLUSIVE MODE 
2026-08-28 23:45:05.7694|Info|Microsoft.EntityFrameworkCore.Database.Command|CorrelationId=|Executed DbCommand (2ms) [Parameters=[], CommandType='Text', CommandTimeout='30']
SELECT "MigrationId", "ProductVersion"
FROM "__EFMigrationsHistory"
ORDER BY "MigrationId"; 
2026-08-28 23:45:05.7694|Info|Microsoft.EntityFrameworkCore.Migrations|CorrelationId=|No migrations were applied. The database is already up to date. 
2026-08-28 23:45:06.0250|Info|Microsoft.EntityFrameworkCore.Database.Command|CorrelationId=|Executed DbCommand (3ms) [Parameters=[], CommandType='Text', CommandTimeout='30']
SELECT EXISTS (
    SELECT 1
    FROM "Users" AS u
    WHERE u."Email" = 'admin@loan.com') 
2026-08-28 23:45:06.1757|Info|Microsoft.AspNetCore.DataProtection.KeyManagement.XmlKeyManager|CorrelationId=|User profile is available. Using 'C:\Users\isaac\AppData\Local\ASP.NET\DataProtection-Keys' as key repository and Windows DPAPI to encrypt keys at rest. 
2026-08-28 23:45:06.1757|Info|SmartLoan.Infrastructure.BackgroundJobs.ReportWorker|CorrelationId=|Report Worker is starting... 
2026-08-28 23:45:06.2425|Info|Microsoft.Hosting.Lifetime|CorrelationId=|Now listening on: http://localhost:5176 
2026-08-28 23:45:06.2425|Info|Microsoft.Hosting.Lifetime|CorrelationId=|Application started. Press Ctrl+C to shut down. 
2026-08-28 23:45:06.2425|Info|Microsoft.Hosting.Lifetime|CorrelationId=|Hosting environment: Development 
2026-08-28 23:45:06.2425|Info|Microsoft.Hosting.Lifetime|CorrelationId=|Content root path: D:\isaac\educational purpose only\.net\kyas pro\SmartLoanTracker\smartloan.api 
2026-08-28 23:45:24.4549|Info|Microsoft.AspNetCore.Hosting.Diagnostics|CorrelationId=|Request starting HTTP/1.1 POST http://localhost:5176/api/v1/Customers - application/json 39 
2026-08-28 23:45:24.6463|Info|Microsoft.AspNetCore.Authentication.JwtBearer.JwtBearerHandler|CorrelationId=38264faa-b22d-459e-a9ba-39186e38dd87|Failed to validate the token. Microsoft.IdentityModel.Tokens.SecurityTokenExpiredException: IDX10223: Lifetime validation failed. The token is expired. ValidTo (UTC): '8/28/2026 8:43:28 PM', Current time (UTC): '8/28/2026 8:45:24 PM'.
   at Microsoft.IdentityModel.Tokens.ValidatorUtilities.ValidateLifetime(Nullable`1 notBefore, Nullable`1 expires, SecurityToken securityToken, TokenValidationParameters validationParameters)
   at Microsoft.IdentityModel.Tokens.Validators.ValidateLifetime(Nullable`1 notBefore, Nullable`1 expires, SecurityToken securityToken, TokenValidationParameters validationParameters)
   at Microsoft.IdentityModel.JsonWebTokens.JsonWebTokenHandler.ValidateTokenPayloadAsync(JsonWebToken jsonWebToken, TokenValidationParameters validationParameters, BaseConfiguration configuration)
   at Microsoft.IdentityModel.JsonWebTokens.JsonWebTokenHandler.ValidateJWSAsync(JsonWebToken jsonWebToken, TokenValidationParameters validationParameters, BaseConfiguration configuration)
2026-08-28 23:45:24.6642|Info|Microsoft.AspNetCore.Authentication.JwtBearer.JwtBearerHandler|CorrelationId=38264faa-b22d-459e-a9ba-39186e38dd87|Bearer was not authenticated. Failure message: IDX10223: Lifetime validation failed. The token is expired. ValidTo (UTC): '8/28/2026 8:43:28 PM', Current time (UTC): '8/28/2026 8:45:24 PM'. 
2026-08-28 23:45:24.6642|Info|Microsoft.AspNetCore.Cors.Infrastructure.CorsService|CorrelationId=38264faa-b22d-459e-a9ba-39186e38dd87|CORS policy execution successful. 
2026-08-28 23:45:24.6690|Warn|Microsoft.AspNetCore.HttpsPolicy.HttpsRedirectionMiddleware|CorrelationId=38264faa-b22d-459e-a9ba-39186e38dd87|Failed to determine the https port for redirect. 
2026-08-28 23:45:24.6690|Info|Microsoft.AspNetCore.Routing.EndpointMiddleware|CorrelationId=38264faa-b22d-459e-a9ba-39186e38dd87|Executing endpoint 'SmartLoan.Api.Controllers.CustomersController.Create (SmartLoan.Api)' 
2026-08-28 23:45:24.6966|Info|Microsoft.AspNetCore.Mvc.Infrastructure.ControllerActionInvoker|CorrelationId=38264faa-b22d-459e-a9ba-39186e38dd87|Route matched with {action = "Create", controller = "Customers"}. Executing controller action with signature System.Threading.Tasks.Task`1[Microsoft.AspNetCore.Mvc.IActionResult] Create(SmartLoan.Application.Customers.Commands.CreateCustomer.CreateCustomerCommand) on controller SmartLoan.Api.Controllers.CustomersController (SmartLoan.Api). 
2026-08-28 23:45:24.7053|Warn|LuckyPennySoftware.MediatR.License|CorrelationId=38264faa-b22d-459e-a9ba-39186e38dd87|You do not have a valid license key for the Lucky Penny software MediatR. This is allowed for development and testing scenarios. If you are running in production you are required to have a licensed version. Please visit https://luckypennysoftware.com to obtain a valid license. 
2026-08-28 23:45:24.7918|Info|SmartLoan.Application.Common.Behaviors.LoggingBehavior|CorrelationId=38264faa-b22d-459e-a9ba-39186e38dd87|smartloan Request:CreateCustomerCommand starting... 
2026-08-28 23:45:25.0655|Info|Microsoft.EntityFrameworkCore.Database.Command|CorrelationId=38264faa-b22d-459e-a9ba-39186e38dd87|Executed DbCommand (16ms) [Parameters=[@p0='?', @p1='?', @p2='?' (DbType = Boolean), @p3='?'], CommandType='Text', CommandTimeout='30']
INSERT INTO "Customers" ("Address", "FullName", "IsDeleted", "Phone")
VALUES (@p0, @p1, @p2, @p3)
RETURNING "Id"; 
2026-08-28 23:45:25.1086|Info|SmartLoan.Application.Common.Behaviors.LoggingBehavior|CorrelationId=38264faa-b22d-459e-a9ba-39186e38dd87|Smarloan Request:CreateCustomerCommand finished in 316ms 
2026-08-28 23:45:25.1086|Info|Microsoft.AspNetCore.Mvc.Infrastructure.ObjectResultExecutor|CorrelationId=38264faa-b22d-459e-a9ba-39186e38dd87|Executing CreatedAtActionResult, writing value of type 'System.Int32'. 
2026-08-28 23:45:25.1705|Info|Microsoft.AspNetCore.Mvc.Infrastructure.ControllerActionInvoker|CorrelationId=38264faa-b22d-459e-a9ba-39186e38dd87|Executed action SmartLoan.Api.Controllers.CustomersController.Create (SmartLoan.Api) in 464.6036ms 
2026-08-28 23:45:25.1705|Info|Microsoft.AspNetCore.Routing.EndpointMiddleware|CorrelationId=38264faa-b22d-459e-a9ba-39186e38dd87|Executed endpoint 'SmartLoan.Api.Controllers.CustomersController.Create (SmartLoan.Api)' 
2026-08-28 23:45:25.1705|Info|Microsoft.AspNetCore.Hosting.Diagnostics|CorrelationId=|Request finished HTTP/1.1 POST http://localhost:5176/api/v1/Customers - 201 - application/json;+charset=utf-8 728.6190ms 
2026-08-28 23:45:35.7235|Info|Microsoft.AspNetCore.Hosting.Diagnostics|CorrelationId=|Request starting HTTP/1.1 GET http://localhost:5176/api/v1/Customers - - - 
2026-08-28 23:45:35.7343|Info|Microsoft.AspNetCore.Authentication.JwtBearer.JwtBearerHandler|CorrelationId=016bb868-eea3-43a9-90b1-3969594df4aa|Failed to validate the token. Microsoft.IdentityModel.Tokens.SecurityTokenExpiredException: IDX10223: Lifetime validation failed. The token is expired. ValidTo (UTC): '8/28/2026 8:43:28 PM', Current time (UTC): '8/28/2026 8:45:35 PM'.
   at Microsoft.IdentityModel.Tokens.ValidatorUtilities.ValidateLifetime(Nullable`1 notBefore, Nullable`1 expires, SecurityToken securityToken, TokenValidationParameters validationParameters)
   at Microsoft.IdentityModel.Tokens.Validators.ValidateLifetime(Nullable`1 notBefore, Nullable`1 expires, SecurityToken securityToken, TokenValidationParameters validationParameters)
   at Microsoft.IdentityModel.JsonWebTokens.JsonWebTokenHandler.ValidateTokenPayloadAsync(JsonWebToken jsonWebToken, TokenValidationParameters validationParameters, BaseConfiguration configuration)
   at Microsoft.IdentityModel.JsonWebTokens.JsonWebTokenHandler.ValidateJWSAsync(JsonWebToken jsonWebToken, TokenValidationParameters validationParameters, BaseConfiguration configuration)
2026-08-28 23:45:35.7343|Info|Microsoft.AspNetCore.Authentication.JwtBearer.JwtBearerHandler|CorrelationId=016bb868-eea3-43a9-90b1-3969594df4aa|Bearer was not authenticated. Failure message: IDX10223: Lifetime validation failed. The token is expired. ValidTo (UTC): '8/28/2026 8:43:28 PM', Current time (UTC): '8/28/2026 8:45:35 PM'. 
2026-08-28 23:45:35.7343|Info|Microsoft.AspNetCore.Routing.EndpointMiddleware|CorrelationId=016bb868-eea3-43a9-90b1-3969594df4aa|Executing endpoint 'SmartLoan.Api.Controllers.CustomersController.GetAll (SmartLoan.Api)' 
2026-08-28 23:45:35.7636|Info|Microsoft.AspNetCore.Mvc.Infrastructure.ControllerActionInvoker|CorrelationId=016bb868-eea3-43a9-90b1-3969594df4aa|Route matched with {action = "GetAll", controller = "Customers"}. Executing controller action with signature System.Threading.Tasks.Task`1[Microsoft.AspNetCore.Mvc.ActionResult`1[SmartLoan.Application.Common.PagedResponse`1[SmartLoan.Application.Customers.CustomerDetailsDto]]] GetAll(SmartLoan.Application.Common.PagedRequest) on controller SmartLoan.Api.Controllers.CustomersController (SmartLoan.Api). 
2026-08-28 23:45:35.7636|Info|SmartLoan.Application.Common.Behaviors.LoggingBehavior|CorrelationId=016bb868-eea3-43a9-90b1-3969594df4aa|smartloan Request:GetCustomersQuery starting... 
2026-08-28 23:45:35.9377|Info|Microsoft.EntityFrameworkCore.Database.Command|CorrelationId=016bb868-eea3-43a9-90b1-3969594df4aa|Executed DbCommand (2ms) [Parameters=[], CommandType='Text', CommandTimeout='30']
SELECT count(*)::int
FROM "Customers" AS c
WHERE NOT (c."IsDeleted") 
2026-08-28 23:45:36.0574|Info|Microsoft.EntityFrameworkCore.Database.Command|CorrelationId=016bb868-eea3-43a9-90b1-3969594df4aa|Executed DbCommand (1ms) [Parameters=[@p1='?' (DbType = Int32), @p='?' (DbType = Int32)], CommandType='Text', CommandTimeout='30']
SELECT c."Id", c."FullName", c."Phone", c."Address"
FROM "Customers" AS c
WHERE NOT (c."IsDeleted")
ORDER BY c."FullName"
LIMIT @p1 OFFSET @p 
2026-08-28 23:45:36.0621|Info|SmartLoan.Application.Common.Behaviors.LoggingBehavior|CorrelationId=016bb868-eea3-43a9-90b1-3969594df4aa|Smarloan Request:GetCustomersQuery finished in 286ms 
2026-08-28 23:45:36.0621|Info|Microsoft.AspNetCore.Mvc.Infrastructure.ObjectResultExecutor|CorrelationId=016bb868-eea3-43a9-90b1-3969594df4aa|Executing ObjectResult, writing value of type 'SmartLoan.Application.Common.PagedResponse`1[[SmartLoan.Application.Customers.CustomerDetailsDto, SmartLoan.Application, Version=1.0.0.0, Culture=neutral, PublicKeyToken=null]]'. 
2026-08-28 23:45:36.0875|Info|Microsoft.AspNetCore.Mvc.Infrastructure.ControllerActionInvoker|CorrelationId=016bb868-eea3-43a9-90b1-3969594df4aa|Executed action SmartLoan.Api.Controllers.CustomersController.GetAll (SmartLoan.Api) in 323.1746ms 
2026-08-28 23:45:36.0875|Info|Microsoft.AspNetCore.Routing.EndpointMiddleware|CorrelationId=016bb868-eea3-43a9-90b1-3969594df4aa|Executed endpoint 'SmartLoan.Api.Controllers.CustomersController.GetAll (SmartLoan.Api)' 
2026-08-28 23:45:36.0875|Info|Microsoft.AspNetCore.Hosting.Diagnostics|CorrelationId=|Request finished HTTP/1.1 GET http://localhost:5176/api/v1/Customers - 200 - application/json;+charset=utf-8 365.0742ms 
2026-08-28 23:45:39.0966|Info|Microsoft.AspNetCore.Hosting.Diagnostics|CorrelationId=|Request starting HTTP/1.1 GET http://localhost:5176/scalar/ - - - 
2026-08-28 23:45:39.0966|Info|Microsoft.AspNetCore.Routing.EndpointMiddleware|CorrelationId=ce19d7a8-9932-4c50-bf04-d002efa9a804|Executing endpoint 'HTTP: GET /scalar/{documentName?}' 
2026-08-28 23:45:39.2653|Info|Microsoft.AspNetCore.Http.Result.ContentResult|CorrelationId=ce19d7a8-9932-4c50-bf04-d002efa9a804|Write content with HTTP Response ContentType of text/html 
2026-08-28 23:45:39.2653|Info|Microsoft.AspNetCore.Routing.EndpointMiddleware|CorrelationId=ce19d7a8-9932-4c50-bf04-d002efa9a804|Executed endpoint 'HTTP: GET /scalar/{documentName?}' 
2026-08-28 23:45:39.2653|Info|Microsoft.AspNetCore.Hosting.Diagnostics|CorrelationId=|Request finished HTTP/1.1 GET http://localhost:5176/scalar/ - 200 637 text/html 169.4464ms 
2026-08-28 23:45:39.3009|Info|Microsoft.AspNetCore.Hosting.Diagnostics|CorrelationId=|Request starting HTTP/1.1 GET http://localhost:5176/scalar/scalar.js - - - 
2026-08-28 23:45:39.3009|Info|Microsoft.AspNetCore.Routing.EndpointMiddleware|CorrelationId=6123ba83-3439-4103-ade4-45fd432a50ff|Executing endpoint 'HTTP: GET /scalar/scalar.js' 
2026-08-28 23:45:39.3009|Info|Microsoft.AspNetCore.Hosting.Diagnostics|CorrelationId=|Request starting HTTP/1.1 GET http://localhost:5176/scalar/scalar.aspnetcore.js - - - 
2026-08-28 23:45:39.3009|Info|Microsoft.AspNetCore.Cors.Infrastructure.CorsService|CorrelationId=08735fc7-03e7-4d10-b9ff-b6d0f4b1c311|CORS policy execution successful. 
2026-08-28 23:45:39.3009|Info|Microsoft.AspNetCore.Routing.EndpointMiddleware|CorrelationId=08735fc7-03e7-4d10-b9ff-b6d0f4b1c311|Executing endpoint 'HTTP: GET /scalar/scalar.aspnetcore.js' 
2026-08-28 23:45:39.3009|Info|Microsoft.AspNetCore.Http.Result.FileStreamResult|CorrelationId=08735fc7-03e7-4d10-b9ff-b6d0f4b1c311|Sending file with download name ''. 
2026-08-28 23:45:39.3282|Info|Microsoft.AspNetCore.Routing.EndpointMiddleware|CorrelationId=08735fc7-03e7-4d10-b9ff-b6d0f4b1c311|Executed endpoint 'HTTP: GET /scalar/scalar.aspnetcore.js' 
2026-08-28 23:45:39.3282|Info|Microsoft.AspNetCore.Hosting.Diagnostics|CorrelationId=|Request finished HTTP/1.1 GET http://localhost:5176/scalar/scalar.aspnetcore.js - 304 - - 26.9818ms 
2026-08-28 23:45:39.3282|Info|Microsoft.AspNetCore.Http.Result.FileStreamResult|CorrelationId=6123ba83-3439-4103-ade4-45fd432a50ff|Sending file with download name ''. 
2026-08-28 23:45:39.3282|Info|Microsoft.AspNetCore.Routing.EndpointMiddleware|CorrelationId=6123ba83-3439-4103-ade4-45fd432a50ff|Executed endpoint 'HTTP: GET /scalar/scalar.js' 
2026-08-28 23:45:39.3282|Info|Microsoft.AspNetCore.Hosting.Diagnostics|CorrelationId=|Request finished HTTP/1.1 GET http://localhost:5176/scalar/scalar.js - 304 - - 31.4939ms 
2026-08-28 23:45:39.4940|Info|Microsoft.AspNetCore.Hosting.Diagnostics|CorrelationId=|Request starting HTTP/1.1 GET http://localhost:5176/openapi/v1.json - - - 
2026-08-28 23:45:39.4940|Info|Microsoft.AspNetCore.Routing.EndpointMiddleware|CorrelationId=d805a2a9-2583-423b-85a8-373e8634e1ba|Executing endpoint 'HTTP: GET /openapi/{documentName}.json' 
2026-08-28 23:45:39.6245|Info|Microsoft.AspNetCore.Hosting.Diagnostics|CorrelationId=|Request starting HTTP/1.1 GET http://localhost:5176/scalar/favicon.svg - - - 
2026-08-28 23:45:39.6245|Info|Microsoft.AspNetCore.Routing.EndpointMiddleware|CorrelationId=09466f2c-d503-4417-a56f-b78646e6b321|Executing endpoint 'HTTP: GET /scalar/favicon.svg' 
2026-08-28 23:45:39.6245|Info|Microsoft.AspNetCore.Http.Result.FileStreamResult|CorrelationId=09466f2c-d503-4417-a56f-b78646e6b321|Sending file with download name ''. 
2026-08-28 23:45:39.6245|Info|Microsoft.AspNetCore.Routing.EndpointMiddleware|CorrelationId=09466f2c-d503-4417-a56f-b78646e6b321|Executed endpoint 'HTTP: GET /scalar/favicon.svg' 
2026-08-28 23:45:39.6245|Info|Microsoft.AspNetCore.Hosting.Diagnostics|CorrelationId=|Request finished HTTP/1.1 GET http://localhost:5176/scalar/favicon.svg - 304 - - 2.9790ms 
2026-08-28 23:45:39.7948|Info|Microsoft.AspNetCore.Routing.EndpointMiddleware|CorrelationId=d805a2a9-2583-423b-85a8-373e8634e1ba|Executed endpoint 'HTTP: GET /openapi/{documentName}.json' 
2026-08-28 23:45:39.7948|Info|Microsoft.AspNetCore.Hosting.Diagnostics|CorrelationId=|Request finished HTTP/1.1 GET http://localhost:5176/openapi/v1.json - 200 - application/json;charset=utf-8 301.0306ms 
2026-08-28 23:45:45.0456|Info|Microsoft.AspNetCore.Hosting.Diagnostics|CorrelationId=|Request starting HTTP/1.1 GET http://localhost:5176/api/v1/Customers - - - 
2026-08-28 23:45:45.0456|Info|Microsoft.AspNetCore.Routing.EndpointMiddleware|CorrelationId=4267198c-b7d8-43c2-a5f9-7d0bffbf5abd|Executing endpoint 'SmartLoan.Api.Controllers.CustomersController.GetAll (SmartLoan.Api)' 
2026-08-28 23:45:45.0456|Info|Microsoft.AspNetCore.Mvc.Infrastructure.ControllerActionInvoker|CorrelationId=4267198c-b7d8-43c2-a5f9-7d0bffbf5abd|Route matched with {action = "GetAll", controller = "Customers"}. Executing controller action with signature System.Threading.Tasks.Task`1[Microsoft.AspNetCore.Mvc.ActionResult`1[SmartLoan.Application.Common.PagedResponse`1[SmartLoan.Application.Customers.CustomerDetailsDto]]] GetAll(SmartLoan.Application.Common.PagedRequest) on controller SmartLoan.Api.Controllers.CustomersController (SmartLoan.Api). 
2026-08-28 23:45:45.0600|Info|SmartLoan.Application.Common.Behaviors.LoggingBehavior|CorrelationId=4267198c-b7d8-43c2-a5f9-7d0bffbf5abd|smartloan Request:GetCustomersQuery starting... 
2026-08-28 23:45:45.0600|Info|Microsoft.EntityFrameworkCore.Database.Command|CorrelationId=4267198c-b7d8-43c2-a5f9-7d0bffbf5abd|Executed DbCommand (1ms) [Parameters=[], CommandType='Text', CommandTimeout='30']
SELECT count(*)::int
FROM "Customers" AS c
WHERE NOT (c."IsDeleted") 
2026-08-28 23:45:45.0768|Info|Microsoft.EntityFrameworkCore.Database.Command|CorrelationId=4267198c-b7d8-43c2-a5f9-7d0bffbf5abd|Executed DbCommand (1ms) [Parameters=[@p1='?' (DbType = Int32), @p='?' (DbType = Int32)], CommandType='Text', CommandTimeout='30']
SELECT c."Id", c."FullName", c."Phone", c."Address"
FROM "Customers" AS c
WHERE NOT (c."IsDeleted")
ORDER BY c."FullName"
LIMIT @p1 OFFSET @p 
2026-08-28 23:45:45.0768|Info|SmartLoan.Application.Common.Behaviors.LoggingBehavior|CorrelationId=4267198c-b7d8-43c2-a5f9-7d0bffbf5abd|Smarloan Request:GetCustomersQuery finished in 17ms 
2026-08-28 23:45:45.0768|Info|Microsoft.AspNetCore.Mvc.Infrastructure.ObjectResultExecutor|CorrelationId=4267198c-b7d8-43c2-a5f9-7d0bffbf5abd|Executing ObjectResult, writing value of type 'SmartLoan.Application.Common.PagedResponse`1[[SmartLoan.Application.Customers.CustomerDetailsDto, SmartLoan.Application, Version=1.0.0.0, Culture=neutral, PublicKeyToken=null]]'. 
2026-08-28 23:45:45.0768|Info|Microsoft.AspNetCore.Mvc.Infrastructure.ControllerActionInvoker|CorrelationId=4267198c-b7d8-43c2-a5f9-7d0bffbf5abd|Executed action SmartLoan.Api.Controllers.CustomersController.GetAll (SmartLoan.Api) in 30.8977ms 
2026-08-28 23:45:45.0768|Info|Microsoft.AspNetCore.Routing.EndpointMiddleware|CorrelationId=4267198c-b7d8-43c2-a5f9-7d0bffbf5abd|Executed endpoint 'SmartLoan.Api.Controllers.CustomersController.GetAll (SmartLoan.Api)' 
2026-08-28 23:45:45.0768|Info|Microsoft.AspNetCore.Hosting.Diagnostics|CorrelationId=|Request finished HTTP/1.1 GET http://localhost:5176/api/v1/Customers - 200 - application/json;+charset=utf-8 34.4592ms 
2026-08-28 23:45:46.6237|Info|Microsoft.AspNetCore.Hosting.Diagnostics|CorrelationId=|Request starting HTTP/1.1 GET http://localhost:5176/api/v1/Customers - - - 
2026-08-28 23:45:46.6237|Info|Microsoft.AspNetCore.Routing.EndpointMiddleware|CorrelationId=ee7f998a-2e5f-4687-a564-95a073a28d68|Executing endpoint 'SmartLoan.Api.Controllers.CustomersController.GetAll (SmartLoan.Api)' 
2026-08-28 23:45:46.6237|Info|Microsoft.AspNetCore.Mvc.Infrastructure.ControllerActionInvoker|CorrelationId=ee7f998a-2e5f-4687-a564-95a073a28d68|Route matched with {action = "GetAll", controller = "Customers"}. Executing controller action with signature System.Threading.Tasks.Task`1[Microsoft.AspNetCore.Mvc.ActionResult`1[SmartLoan.Application.Common.PagedResponse`1[SmartLoan.Application.Customers.CustomerDetailsDto]]] GetAll(SmartLoan.Application.Common.PagedRequest) on controller SmartLoan.Api.Controllers.CustomersController (SmartLoan.Api). 
2026-08-28 23:45:46.6237|Info|SmartLoan.Application.Common.Behaviors.LoggingBehavior|CorrelationId=ee7f998a-2e5f-4687-a564-95a073a28d68|smartloan Request:GetCustomersQuery starting... 
2026-08-28 23:45:46.6237|Info|Microsoft.EntityFrameworkCore.Database.Command|CorrelationId=ee7f998a-2e5f-4687-a564-95a073a28d68|Executed DbCommand (1ms) [Parameters=[], CommandType='Text', CommandTimeout='30']
SELECT count(*)::int
FROM "Customers" AS c
WHERE NOT (c."IsDeleted") 
2026-08-28 23:45:46.6237|Info|Microsoft.EntityFrameworkCore.Database.Command|CorrelationId=ee7f998a-2e5f-4687-a564-95a073a28d68|Executed DbCommand (1ms) [Parameters=[@p1='?' (DbType = Int32), @p='?' (DbType = Int32)], CommandType='Text', CommandTimeout='30']
SELECT c."Id", c."FullName", c."Phone", c."Address"
FROM "Customers" AS c
WHERE NOT (c."IsDeleted")
ORDER BY c."FullName"
LIMIT @p1 OFFSET @p 
2026-08-28 23:45:46.6237|Info|SmartLoan.Application.Common.Behaviors.LoggingBehavior|CorrelationId=ee7f998a-2e5f-4687-a564-95a073a28d68|Smarloan Request:GetCustomersQuery finished in 7ms 
2026-08-28 23:45:46.6237|Info|Microsoft.AspNetCore.Mvc.Infrastructure.ObjectResultExecutor|CorrelationId=ee7f998a-2e5f-4687-a564-95a073a28d68|Executing ObjectResult, writing value of type 'SmartLoan.Application.Common.PagedResponse`1[[SmartLoan.Application.Customers.CustomerDetailsDto, SmartLoan.Application, Version=1.0.0.0, Culture=neutral, PublicKeyToken=null]]'. 
2026-08-28 23:45:46.6237|Info|Microsoft.AspNetCore.Mvc.Infrastructure.ControllerActionInvoker|CorrelationId=ee7f998a-2e5f-4687-a564-95a073a28d68|Executed action SmartLoan.Api.Controllers.CustomersController.GetAll (SmartLoan.Api) in 10.422ms 
2026-08-28 23:45:46.6384|Info|Microsoft.AspNetCore.Routing.EndpointMiddleware|CorrelationId=ee7f998a-2e5f-4687-a564-95a073a28d68|Executed endpoint 'SmartLoan.Api.Controllers.CustomersController.GetAll (SmartLoan.Api)' 
2026-08-28 23:45:46.6384|Info|Microsoft.AspNetCore.Hosting.Diagnostics|CorrelationId=|Request finished HTTP/1.1 GET http://localhost:5176/api/v1/Customers - 200 - application/json;+charset=utf-8 14.9517ms 
2026-08-28 23:48:25.8228|Info|Microsoft.Hosting.Lifetime|CorrelationId=|Application is shutting down... 
2026-08-28 23:48:34.6503|Warn|Microsoft.EntityFrameworkCore.Model.Validation|CorrelationId=|Entity 'LoanApplication' has a global query filter defined and is the required end of a relationship with the entity 'Payment'. This may lead to unexpected results when the required entity is filtered out. Either configure the navigation as optional, or define matching query filters for both entities in the navigation. See https://go.microsoft.com/fwlink/?linkid=2131316 for more information. 
2026-08-28 23:48:35.3617|Info|Microsoft.EntityFrameworkCore.Database.Command|CorrelationId=|Executed DbCommand (39ms) [Parameters=[], CommandType='Text', CommandTimeout='30']
SELECT "MigrationId", "ProductVersion"
FROM "__EFMigrationsHistory"
ORDER BY "MigrationId"; 
2026-08-28 23:48:35.7929|Info|Microsoft.EntityFrameworkCore.Database.Command|CorrelationId=|Executed DbCommand (15ms) [Parameters=[], CommandType='Text', CommandTimeout='30']
SELECT 1 
2026-08-28 23:48:35.9041|Info|Microsoft.EntityFrameworkCore.Database.Command|CorrelationId=|Executed DbCommand (8ms) [Parameters=[], CommandType='Text', CommandTimeout='30']
CREATE TABLE IF NOT EXISTS "__EFMigrationsHistory" (
    "MigrationId" character varying(150) NOT NULL,
    "ProductVersion" character varying(32) NOT NULL,
    CONSTRAINT "PK___EFMigrationsHistory" PRIMARY KEY ("MigrationId")
); 
2026-08-28 23:48:35.9531|Info|Microsoft.EntityFrameworkCore.Database.Command|CorrelationId=|Executed DbCommand (6ms) [Parameters=[], CommandType='Text', CommandTimeout='30']
LOCK TABLE "__EFMigrationsHistory" IN ACCESS EXCLUSIVE MODE 
2026-08-28 23:48:35.9531|Info|Microsoft.EntityFrameworkCore.Database.Command|CorrelationId=|Executed DbCommand (1ms) [Parameters=[], CommandType='Text', CommandTimeout='30']
SELECT "MigrationId", "ProductVersion"
FROM "__EFMigrationsHistory"
ORDER BY "MigrationId"; 
2026-08-28 23:48:36.0082|Info|Microsoft.EntityFrameworkCore.Migrations|CorrelationId=|No migrations were applied. The database is already up to date. 
2026-08-28 23:48:36.4904|Info|Microsoft.EntityFrameworkCore.Database.Command|CorrelationId=|Executed DbCommand (3ms) [Parameters=[], CommandType='Text', CommandTimeout='30']
SELECT EXISTS (
    SELECT 1
    FROM "Users" AS u
    WHERE u."Email" = 'admin@loan.com') 
2026-08-28 23:48:36.7193|Info|Microsoft.AspNetCore.DataProtection.KeyManagement.XmlKeyManager|CorrelationId=|User profile is available. Using 'C:\Users\isaac\AppData\Local\ASP.NET\DataProtection-Keys' as key repository and Windows DPAPI to encrypt keys at rest. 
2026-08-28 23:48:36.7193|Info|SmartLoan.Infrastructure.BackgroundJobs.ReportWorker|CorrelationId=|Report Worker is starting... 
2026-08-28 23:48:36.8359|Info|Microsoft.Hosting.Lifetime|CorrelationId=|Now listening on: http://localhost:5176 
2026-08-28 23:48:36.8359|Info|Microsoft.Hosting.Lifetime|CorrelationId=|Application started. Press Ctrl+C to shut down. 
2026-08-28 23:48:36.8359|Info|Microsoft.Hosting.Lifetime|CorrelationId=|Hosting environment: Development 
2026-08-28 23:48:36.8359|Info|Microsoft.Hosting.Lifetime|CorrelationId=|Content root path: D:\isaac\educational purpose only\.net\kyas pro\SmartLoanTracker\smartloan.api 
2026-08-28 23:48:39.7962|Info|Microsoft.AspNetCore.Hosting.Diagnostics|CorrelationId=|Request starting HTTP/1.1 GET http://localhost:5176/scalar/ - - - 
2026-08-28 23:48:39.9448|Warn|Microsoft.AspNetCore.HttpsPolicy.HttpsRedirectionMiddleware|CorrelationId=81a85c90-6ab0-47a5-8401-6d3ccb6aef9b|Failed to determine the https port for redirect. 
2026-08-28 23:48:39.9448|Info|Microsoft.AspNetCore.Routing.EndpointMiddleware|CorrelationId=81a85c90-6ab0-47a5-8401-6d3ccb6aef9b|Executing endpoint 'HTTP: GET /scalar/{documentName?}' 
2026-08-28 23:48:40.2268|Info|Microsoft.AspNetCore.Http.Result.ContentResult|CorrelationId=81a85c90-6ab0-47a5-8401-6d3ccb6aef9b|Write content with HTTP Response ContentType of text/html 
2026-08-28 23:48:40.2319|Info|Microsoft.AspNetCore.Routing.EndpointMiddleware|CorrelationId=81a85c90-6ab0-47a5-8401-6d3ccb6aef9b|Executed endpoint 'HTTP: GET /scalar/{documentName?}' 
2026-08-28 23:48:40.2319|Info|Microsoft.AspNetCore.Hosting.Diagnostics|CorrelationId=|Request finished HTTP/1.1 GET http://localhost:5176/scalar/ - 200 637 text/html 443.2952ms 
2026-08-28 23:48:40.2724|Info|Microsoft.AspNetCore.Hosting.Diagnostics|CorrelationId=|Request starting HTTP/1.1 GET http://localhost:5176/scalar/scalar.aspnetcore.js - - - 
2026-08-28 23:48:40.2724|Info|Microsoft.AspNetCore.Hosting.Diagnostics|CorrelationId=|Request starting HTTP/1.1 GET http://localhost:5176/scalar/scalar.js - - - 
2026-08-28 23:48:40.2724|Info|Microsoft.AspNetCore.Routing.EndpointMiddleware|CorrelationId=482334ba-7463-4ed4-8926-d97037a74947|Executing endpoint 'HTTP: GET /scalar/scalar.js' 
2026-08-28 23:48:40.2724|Info|Microsoft.AspNetCore.Cors.Infrastructure.CorsService|CorrelationId=6447a4c0-edf6-4473-9689-9c8cf6e48718|CORS policy execution successful. 
2026-08-28 23:48:40.2724|Info|Microsoft.AspNetCore.Routing.EndpointMiddleware|CorrelationId=6447a4c0-edf6-4473-9689-9c8cf6e48718|Executing endpoint 'HTTP: GET /scalar/scalar.aspnetcore.js' 
2026-08-28 23:48:40.2803|Info|Microsoft.AspNetCore.Http.Result.FileStreamResult|CorrelationId=6447a4c0-edf6-4473-9689-9c8cf6e48718|Sending file with download name ''. 
2026-08-28 23:48:40.2803|Info|Microsoft.AspNetCore.Routing.EndpointMiddleware|CorrelationId=6447a4c0-edf6-4473-9689-9c8cf6e48718|Executed endpoint 'HTTP: GET /scalar/scalar.aspnetcore.js' 
2026-08-28 23:48:40.2803|Info|Microsoft.AspNetCore.Hosting.Diagnostics|CorrelationId=|Request finished HTTP/1.1 GET http://localhost:5176/scalar/scalar.aspnetcore.js - 304 - - 12.5975ms 
2026-08-28 23:48:40.2803|Info|Microsoft.AspNetCore.Http.Result.FileStreamResult|CorrelationId=482334ba-7463-4ed4-8926-d97037a74947|Sending file with download name ''. 
2026-08-28 23:48:40.2803|Info|Microsoft.AspNetCore.Routing.EndpointMiddleware|CorrelationId=482334ba-7463-4ed4-8926-d97037a74947|Executed endpoint 'HTTP: GET /scalar/scalar.js' 
2026-08-28 23:48:40.2803|Info|Microsoft.AspNetCore.Hosting.Diagnostics|CorrelationId=|Request finished HTTP/1.1 GET http://localhost:5176/scalar/scalar.js - 304 - - 15.8109ms 
2026-08-28 23:48:40.3475|Info|Microsoft.AspNetCore.Hosting.Diagnostics|CorrelationId=|Request starting HTTP/1.1 GET http://localhost:5176/openapi/v1.json - - - 
2026-08-28 23:48:40.3475|Info|Microsoft.AspNetCore.Routing.EndpointMiddleware|CorrelationId=15585a53-1cc6-4dab-b209-d14de1bb9e53|Executing endpoint 'HTTP: GET /openapi/{documentName}.json' 
2026-08-28 23:48:40.4445|Info|Microsoft.AspNetCore.Hosting.Diagnostics|CorrelationId=|Request starting HTTP/1.1 GET http://localhost:5176/scalar/favicon.svg - - - 
2026-08-28 23:48:40.4445|Info|Microsoft.AspNetCore.Routing.EndpointMiddleware|CorrelationId=69432366-6e53-4564-9e3d-c5be691ddf7c|Executing endpoint 'HTTP: GET /scalar/favicon.svg' 
2026-08-28 23:48:40.4445|Info|Microsoft.AspNetCore.Http.Result.FileStreamResult|CorrelationId=69432366-6e53-4564-9e3d-c5be691ddf7c|Sending file with download name ''. 
2026-08-28 23:48:40.4445|Info|Microsoft.AspNetCore.Routing.EndpointMiddleware|CorrelationId=69432366-6e53-4564-9e3d-c5be691ddf7c|Executed endpoint 'HTTP: GET /scalar/favicon.svg' 
2026-08-28 23:48:40.4445|Info|Microsoft.AspNetCore.Hosting.Diagnostics|CorrelationId=|Request finished HTTP/1.1 GET http://localhost:5176/scalar/favicon.svg - 304 - - 2.0406ms 
2026-08-28 23:48:40.7228|Info|Microsoft.AspNetCore.Routing.EndpointMiddleware|CorrelationId=15585a53-1cc6-4dab-b209-d14de1bb9e53|Executed endpoint 'HTTP: GET /openapi/{documentName}.json' 
2026-08-28 23:48:40.7228|Info|Microsoft.AspNetCore.Hosting.Diagnostics|CorrelationId=|Request finished HTTP/1.1 GET http://localhost:5176/openapi/v1.json - 200 - application/json;charset=utf-8 380.1168ms 
2026-08-28 23:48:45.6036|Info|Microsoft.AspNetCore.Hosting.Diagnostics|CorrelationId=|Request starting HTTP/1.1 GET http://localhost:5176/api/v1/Customers - - - 
2026-08-28 23:48:45.6261|Info|Microsoft.AspNetCore.Routing.EndpointMiddleware|CorrelationId=0aa0df0c-3ae6-4cc9-b65b-7e902eebac60|Executing endpoint 'SmartLoan.Api.Controllers.CustomersController.GetAll (SmartLoan.Api)' 
2026-08-28 23:48:45.6658|Info|Microsoft.AspNetCore.Mvc.Infrastructure.ControllerActionInvoker|CorrelationId=0aa0df0c-3ae6-4cc9-b65b-7e902eebac60|Route matched with {action = "GetAll", controller = "Customers"}. Executing controller action with signature System.Threading.Tasks.Task`1[Microsoft.AspNetCore.Mvc.ActionResult`1[SmartLoan.Application.Common.PagedResponse`1[SmartLoan.Application.Customers.CustomerDetailsDto]]] GetAll(SmartLoan.Application.Common.PagedRequest) on controller SmartLoan.Api.Controllers.CustomersController (SmartLoan.Api). 
2026-08-28 23:48:45.6771|Warn|LuckyPennySoftware.MediatR.License|CorrelationId=0aa0df0c-3ae6-4cc9-b65b-7e902eebac60|You do not have a valid license key for the Lucky Penny software MediatR. This is allowed for development and testing scenarios. If you are running in production you are required to have a licensed version. Please visit https://luckypennysoftware.com to obtain a valid license. 
2026-08-28 23:48:45.7012|Info|SmartLoan.Application.Common.Behaviors.LoggingBehavior|CorrelationId=0aa0df0c-3ae6-4cc9-b65b-7e902eebac60|smartloan Request:GetCustomersQuery starting... 
2026-08-28 23:48:45.8019|Info|Microsoft.EntityFrameworkCore.Database.Command|CorrelationId=0aa0df0c-3ae6-4cc9-b65b-7e902eebac60|Executed DbCommand (4ms) [Parameters=[], CommandType='Text', CommandTimeout='30']
SELECT count(*)::int
FROM "Customers" AS c
WHERE NOT (c."IsDeleted") 
2026-08-28 23:48:45.9237|Info|Microsoft.EntityFrameworkCore.Database.Command|CorrelationId=0aa0df0c-3ae6-4cc9-b65b-7e902eebac60|Executed DbCommand (12ms) [Parameters=[@p1='?' (DbType = Int32), @p='?' (DbType = Int32)], CommandType='Text', CommandTimeout='30']
SELECT c."Id", c."FullName", c."Phone", c."Address"
FROM "Customers" AS c
WHERE NOT (c."IsDeleted")
ORDER BY c."FullName"
LIMIT @p1 OFFSET @p 
2026-08-28 23:48:45.9237|Info|SmartLoan.Application.Common.Behaviors.LoggingBehavior|CorrelationId=0aa0df0c-3ae6-4cc9-b65b-7e902eebac60|Smarloan Request:GetCustomersQuery finished in 226ms 
2026-08-28 23:48:45.9358|Info|Microsoft.AspNetCore.Mvc.Infrastructure.ObjectResultExecutor|CorrelationId=0aa0df0c-3ae6-4cc9-b65b-7e902eebac60|Executing ObjectResult, writing value of type 'SmartLoan.Application.Common.PagedResponse`1[[SmartLoan.Application.Customers.CustomerDetailsDto, SmartLoan.Application, Version=1.0.0.0, Culture=neutral, PublicKeyToken=null]]'. 
2026-08-28 23:48:45.9608|Info|Microsoft.AspNetCore.Mvc.Infrastructure.ControllerActionInvoker|CorrelationId=0aa0df0c-3ae6-4cc9-b65b-7e902eebac60|Executed action SmartLoan.Api.Controllers.CustomersController.GetAll (SmartLoan.Api) in 285.7446ms 
2026-08-28 23:48:45.9608|Info|Microsoft.AspNetCore.Routing.EndpointMiddleware|CorrelationId=0aa0df0c-3ae6-4cc9-b65b-7e902eebac60|Executed endpoint 'SmartLoan.Api.Controllers.CustomersController.GetAll (SmartLoan.Api)' 
2026-08-28 23:48:45.9688|Info|Microsoft.AspNetCore.Hosting.Diagnostics|CorrelationId=|Request finished HTTP/1.1 GET http://localhost:5176/api/v1/Customers - 200 - application/json;+charset=utf-8 365.4482ms 
2026-08-28 23:48:47.4712|Info|Microsoft.AspNetCore.Hosting.Diagnostics|CorrelationId=|Request starting HTTP/1.1 GET http://localhost:5176/api/v1/Customers - - - 
2026-08-28 23:48:47.4712|Info|Microsoft.AspNetCore.Routing.EndpointMiddleware|CorrelationId=ac1ddd82-fb68-4484-880a-846c70091918|Executing endpoint 'SmartLoan.Api.Controllers.CustomersController.GetAll (SmartLoan.Api)' 
2026-08-28 23:48:47.4712|Info|Microsoft.AspNetCore.Mvc.Infrastructure.ControllerActionInvoker|CorrelationId=ac1ddd82-fb68-4484-880a-846c70091918|Route matched with {action = "GetAll", controller = "Customers"}. Executing controller action with signature System.Threading.Tasks.Task`1[Microsoft.AspNetCore.Mvc.ActionResult`1[SmartLoan.Application.Common.PagedResponse`1[SmartLoan.Application.Customers.CustomerDetailsDto]]] GetAll(SmartLoan.Application.Common.PagedRequest) on controller SmartLoan.Api.Controllers.CustomersController (SmartLoan.Api). 
2026-08-28 23:48:47.4876|Info|SmartLoan.Application.Common.Behaviors.LoggingBehavior|CorrelationId=ac1ddd82-fb68-4484-880a-846c70091918|smartloan Request:GetCustomersQuery starting... 
2026-08-28 23:48:47.5934|Info|Microsoft.EntityFrameworkCore.Database.Command|CorrelationId=ac1ddd82-fb68-4484-880a-846c70091918|Executed DbCommand (1ms) [Parameters=[], CommandType='Text', CommandTimeout='30']
SELECT count(*)::int
FROM "Customers" AS c
WHERE NOT (c."IsDeleted") 
2026-08-28 23:48:47.5934|Info|Microsoft.EntityFrameworkCore.Database.Command|CorrelationId=ac1ddd82-fb68-4484-880a-846c70091918|Executed DbCommand (1ms) [Parameters=[@p1='?' (DbType = Int32), @p='?' (DbType = Int32)], CommandType='Text', CommandTimeout='30']
SELECT c."Id", c."FullName", c."Phone", c."Address"
FROM "Customers" AS c
WHERE NOT (c."IsDeleted")
ORDER BY c."FullName"
LIMIT @p1 OFFSET @p 
2026-08-28 23:48:47.5934|Info|SmartLoan.Application.Common.Behaviors.LoggingBehavior|CorrelationId=ac1ddd82-fb68-4484-880a-846c70091918|Smarloan Request:GetCustomersQuery finished in 114ms 
2026-08-28 23:48:47.5934|Info|Microsoft.AspNetCore.Mvc.Infrastructure.ObjectResultExecutor|CorrelationId=ac1ddd82-fb68-4484-880a-846c70091918|Executing ObjectResult, writing value of type 'SmartLoan.Application.Common.PagedResponse`1[[SmartLoan.Application.Customers.CustomerDetailsDto, SmartLoan.Application, Version=1.0.0.0, Culture=neutral, PublicKeyToken=null]]'. 
2026-08-28 23:48:47.5934|Info|Microsoft.AspNetCore.Mvc.Infrastructure.ControllerActionInvoker|CorrelationId=ac1ddd82-fb68-4484-880a-846c70091918|Executed action SmartLoan.Api.Controllers.CustomersController.GetAll (SmartLoan.Api) in 122.5987ms 
2026-08-28 23:48:47.5934|Info|Microsoft.AspNetCore.Routing.EndpointMiddleware|CorrelationId=ac1ddd82-fb68-4484-880a-846c70091918|Executed endpoint 'SmartLoan.Api.Controllers.CustomersController.GetAll (SmartLoan.Api)' 
2026-08-28 23:48:47.5934|Info|Microsoft.AspNetCore.Hosting.Diagnostics|CorrelationId=|Request finished HTTP/1.1 GET http://localhost:5176/api/v1/Customers - 200 - application/json;+charset=utf-8 132.9971ms 
2026-08-28 23:48:48.5463|Info|Microsoft.AspNetCore.Hosting.Diagnostics|CorrelationId=|Request starting HTTP/1.1 GET http://localhost:5176/api/v1/Customers - - - 
2026-08-28 23:48:48.5463|Info|Microsoft.AspNetCore.Routing.EndpointMiddleware|CorrelationId=b335241b-7745-488e-b698-146af556dfda|Executing endpoint 'SmartLoan.Api.Controllers.CustomersController.GetAll (SmartLoan.Api)' 
2026-08-28 23:48:48.5463|Info|Microsoft.AspNetCore.Mvc.Infrastructure.ControllerActionInvoker|CorrelationId=b335241b-7745-488e-b698-146af556dfda|Route matched with {action = "GetAll", controller = "Customers"}. Executing controller action with signature System.Threading.Tasks.Task`1[Microsoft.AspNetCore.Mvc.ActionResult`1[SmartLoan.Application.Common.PagedResponse`1[SmartLoan.Application.Customers.CustomerDetailsDto]]] GetAll(SmartLoan.Application.Common.PagedRequest) on controller SmartLoan.Api.Controllers.CustomersController (SmartLoan.Api). 
2026-08-28 23:48:48.5463|Info|SmartLoan.Application.Common.Behaviors.LoggingBehavior|CorrelationId=b335241b-7745-488e-b698-146af556dfda|smartloan Request:GetCustomersQuery starting... 
2026-08-28 23:48:48.5666|Info|Microsoft.EntityFrameworkCore.Database.Command|CorrelationId=b335241b-7745-488e-b698-146af556dfda|Executed DbCommand (1ms) [Parameters=[], CommandType='Text', CommandTimeout='30']
SELECT count(*)::int
FROM "Customers" AS c
WHERE NOT (c."IsDeleted") 
2026-08-28 23:48:48.5666|Info|Microsoft.EntityFrameworkCore.Database.Command|CorrelationId=b335241b-7745-488e-b698-146af556dfda|Executed DbCommand (1ms) [Parameters=[@p1='?' (DbType = Int32), @p='?' (DbType = Int32)], CommandType='Text', CommandTimeout='30']
SELECT c."Id", c."FullName", c."Phone", c."Address"
FROM "Customers" AS c
WHERE NOT (c."IsDeleted")
ORDER BY c."FullName"
LIMIT @p1 OFFSET @p 
2026-08-28 23:48:48.5666|Info|SmartLoan.Application.Common.Behaviors.LoggingBehavior|CorrelationId=b335241b-7745-488e-b698-146af556dfda|Smarloan Request:GetCustomersQuery finished in 9ms 
2026-08-28 23:48:48.5666|Info|Microsoft.AspNetCore.Mvc.Infrastructure.ObjectResultExecutor|CorrelationId=b335241b-7745-488e-b698-146af556dfda|Executing ObjectResult, writing value of type 'SmartLoan.Application.Common.PagedResponse`1[[SmartLoan.Application.Customers.CustomerDetailsDto, SmartLoan.Application, Version=1.0.0.0, Culture=neutral, PublicKeyToken=null]]'. 
2026-08-28 23:48:48.5666|Info|Microsoft.AspNetCore.Mvc.Infrastructure.ControllerActionInvoker|CorrelationId=b335241b-7745-488e-b698-146af556dfda|Executed action SmartLoan.Api.Controllers.CustomersController.GetAll (SmartLoan.Api) in 21.7246ms 
2026-08-28 23:48:48.5666|Info|Microsoft.AspNetCore.Routing.EndpointMiddleware|CorrelationId=b335241b-7745-488e-b698-146af556dfda|Executed endpoint 'SmartLoan.Api.Controllers.CustomersController.GetAll (SmartLoan.Api)' 
2026-08-28 23:48:48.5666|Info|Microsoft.AspNetCore.Hosting.Diagnostics|CorrelationId=|Request finished HTTP/1.1 GET http://localhost:5176/api/v1/Customers - 200 - application/json;+charset=utf-8 24.5548ms 
2026-08-28 23:49:01.0235|Info|Microsoft.AspNetCore.Hosting.Diagnostics|CorrelationId=|Request starting HTTP/1.1 GET http://localhost:5176/api/v1/customers?pageNumber=1&pageSize=10&search= - - - 
2026-08-28 23:49:01.0235|Info|Microsoft.AspNetCore.Routing.EndpointMiddleware|CorrelationId=c3f0fb13-15f4-4b2f-9574-02979244b9ce|Executing endpoint 'SmartLoan.Api.Controllers.CustomersController.GetAll (SmartLoan.Api)' 
2026-08-28 23:49:01.0235|Info|Microsoft.AspNetCore.Mvc.Infrastructure.ControllerActionInvoker|CorrelationId=c3f0fb13-15f4-4b2f-9574-02979244b9ce|Route matched with {action = "GetAll", controller = "Customers"}. Executing controller action with signature System.Threading.Tasks.Task`1[Microsoft.AspNetCore.Mvc.ActionResult`1[SmartLoan.Application.Common.PagedResponse`1[SmartLoan.Application.Customers.CustomerDetailsDto]]] GetAll(SmartLoan.Application.Common.PagedRequest) on controller SmartLoan.Api.Controllers.CustomersController (SmartLoan.Api). 
2026-08-28 23:49:01.0312|Info|SmartLoan.Application.Common.Behaviors.LoggingBehavior|CorrelationId=c3f0fb13-15f4-4b2f-9574-02979244b9ce|smartloan Request:GetCustomersQuery starting... 
2026-08-28 23:49:01.0312|Info|Microsoft.EntityFrameworkCore.Database.Command|CorrelationId=c3f0fb13-15f4-4b2f-9574-02979244b9ce|Executed DbCommand (1ms) [Parameters=[], CommandType='Text', CommandTimeout='30']
SELECT count(*)::int
FROM "Customers" AS c
WHERE NOT (c."IsDeleted") 
2026-08-28 23:49:01.0312|Info|Microsoft.EntityFrameworkCore.Database.Command|CorrelationId=c3f0fb13-15f4-4b2f-9574-02979244b9ce|Executed DbCommand (1ms) [Parameters=[@p1='?' (DbType = Int32), @p='?' (DbType = Int32)], CommandType='Text', CommandTimeout='30']
SELECT c."Id", c."FullName", c."Phone", c."Address"
FROM "Customers" AS c
WHERE NOT (c."IsDeleted")
ORDER BY c."FullName"
LIMIT @p1 OFFSET @p 
2026-08-28 23:49:01.0312|Info|SmartLoan.Application.Common.Behaviors.LoggingBehavior|CorrelationId=c3f0fb13-15f4-4b2f-9574-02979244b9ce|Smarloan Request:GetCustomersQuery finished in 6ms 
2026-08-28 23:49:01.0312|Info|Microsoft.AspNetCore.Mvc.Infrastructure.ObjectResultExecutor|CorrelationId=c3f0fb13-15f4-4b2f-9574-02979244b9ce|Executing ObjectResult, writing value of type 'SmartLoan.Application.Common.PagedResponse`1[[SmartLoan.Application.Customers.CustomerDetailsDto, SmartLoan.Application, Version=1.0.0.0, Culture=neutral, PublicKeyToken=null]]'. 
2026-08-28 23:49:01.0312|Info|Microsoft.AspNetCore.Mvc.Infrastructure.ControllerActionInvoker|CorrelationId=c3f0fb13-15f4-4b2f-9574-02979244b9ce|Executed action SmartLoan.Api.Controllers.CustomersController.GetAll (SmartLoan.Api) in 13.1607ms 
2026-08-28 23:49:01.0312|Info|Microsoft.AspNetCore.Routing.EndpointMiddleware|CorrelationId=c3f0fb13-15f4-4b2f-9574-02979244b9ce|Executed endpoint 'SmartLoan.Api.Controllers.CustomersController.GetAll (SmartLoan.Api)' 
2026-08-28 23:49:01.0312|Info|Microsoft.AspNetCore.Hosting.Diagnostics|CorrelationId=|Request finished HTTP/1.1 GET http://localhost:5176/api/v1/customers?pageNumber=1&pageSize=10&search= - 200 - application/json;+charset=utf-8 15.4783ms 
2026-08-28 23:56:46.6956|Info|Microsoft.AspNetCore.Hosting.Diagnostics|CorrelationId=|Request starting HTTP/1.1 POST http://localhost:5176/api/v1/Auth/login - application/json 59 
2026-08-28 23:56:46.7102|Info|Microsoft.AspNetCore.Cors.Infrastructure.CorsService|CorrelationId=68a24dc3-ecf5-48e9-9d85-aa1a0240af60|CORS policy execution successful. 
2026-08-28 23:56:46.7102|Info|Microsoft.AspNetCore.Routing.EndpointMiddleware|CorrelationId=68a24dc3-ecf5-48e9-9d85-aa1a0240af60|Executing endpoint 'SmartLoan.Api.Controllers.AuthController.Login (SmartLoan.Api)' 
2026-08-28 23:56:46.7271|Info|Microsoft.AspNetCore.Mvc.Infrastructure.ControllerActionInvoker|CorrelationId=68a24dc3-ecf5-48e9-9d85-aa1a0240af60|Route matched with {action = "Login", controller = "Auth"}. Executing controller action with signature System.Threading.Tasks.Task`1[Microsoft.AspNetCore.Mvc.ActionResult`1[SmartLoan.Application.Users.LoginResponse]] Login(SmartLoan.Application.Users.LoginCommand) on controller SmartLoan.Api.Controllers.AuthController (SmartLoan.Api). 
2026-08-28 23:56:46.7430|Info|SmartLoan.Application.Common.Behaviors.LoggingBehavior|CorrelationId=68a24dc3-ecf5-48e9-9d85-aa1a0240af60|smartloan Request:LoginCommand starting... 
2026-08-28 23:56:46.8410|Info|Microsoft.EntityFrameworkCore.Database.Command|CorrelationId=68a24dc3-ecf5-48e9-9d85-aa1a0240af60|Executed DbCommand (3ms) [Parameters=[@request_Email='?'], CommandType='Text', CommandTimeout='30']
SELECT u."Id", u."Email", u."FullName", u."PasswordHash", u."RefreshToken", u."RefreshTokenExpiryTime", u."Role"
FROM "Users" AS u
WHERE u."Email" = @request_Email
LIMIT 1 
2026-08-28 23:56:47.4480|Info|Microsoft.EntityFrameworkCore.Database.Command|CorrelationId=68a24dc3-ecf5-48e9-9d85-aa1a0240af60|Executed DbCommand (14ms) [Parameters=[@p2='?' (DbType = Int32), @p0='?', @p1='?' (DbType = DateTime)], CommandType='Text', CommandTimeout='30']
UPDATE "Users" SET "RefreshToken" = @p0, "RefreshTokenExpiryTime" = @p1
WHERE "Id" = @p2; 
2026-08-28 23:56:47.4572|Info|SmartLoan.Application.Common.Behaviors.LoggingBehavior|CorrelationId=68a24dc3-ecf5-48e9-9d85-aa1a0240af60|Smarloan Request:LoginCommand finished in 714ms 
2026-08-28 23:56:47.4572|Info|Microsoft.AspNetCore.Mvc.Infrastructure.ObjectResultExecutor|CorrelationId=68a24dc3-ecf5-48e9-9d85-aa1a0240af60|Executing OkObjectResult, writing value of type 'SmartLoan.Application.Users.LoginResponse'. 
2026-08-28 23:56:47.4572|Info|Microsoft.AspNetCore.Mvc.Infrastructure.ControllerActionInvoker|CorrelationId=68a24dc3-ecf5-48e9-9d85-aa1a0240af60|Executed action SmartLoan.Api.Controllers.AuthController.Login (SmartLoan.Api) in 732.0683ms 
2026-08-28 23:56:47.4572|Info|Microsoft.AspNetCore.Routing.EndpointMiddleware|CorrelationId=68a24dc3-ecf5-48e9-9d85-aa1a0240af60|Executed endpoint 'SmartLoan.Api.Controllers.AuthController.Login (SmartLoan.Api)' 
2026-08-28 23:56:47.4572|Info|Microsoft.AspNetCore.Hosting.Diagnostics|CorrelationId=|Request finished HTTP/1.1 POST http://localhost:5176/api/v1/Auth/login - 200 - application/json;+charset=utf-8 764.9707ms 
